WIDTH=6;
DEPTH=76800;

ADDRESS_RADIX=UNS;
DATA_RADIX=HEX;

CONTENT BEGIN
0 : 10;
1 : 10;
2 : 10;
3 : 10;
4 : 10;
5 : 10;
6 : 10;
7 : 10;
8 : 10;
9 : 10;
10 : 14;
11 : 14;
12 : 14;
13 : 14;
14 : 14;
15 : 14;
16 : 14;
17 : 14;
18 : 14;
19 : 14;
20 : 10;
21 : 10;
22 : 10;
23 : 10;
24 : 10;
25 : 10;
26 : 10;
27 : 10;
28 : 10;
29 : 10;
30 : 14;
31 : 14;
32 : 14;
33 : 14;
34 : 14;
35 : 14;
36 : 14;
37 : 14;
38 : 14;
39 : 14;
40 : 10;
41 : 10;
42 : 10;
43 : 10;
44 : 10;
45 : 10;
46 : 10;
47 : 10;
48 : 10;
49 : 10;
50 : 14;
51 : 14;
52 : 14;
53 : 14;
54 : 14;
55 : 14;
56 : 14;
57 : 14;
58 : 14;
59 : 14;
60 : 10;
61 : 10;
62 : 10;
63 : 10;
64 : 10;
65 : 10;
66 : 10;
67 : 10;
68 : 10;
69 : 10;
70 : 14;
71 : 14;
72 : 14;
73 : 14;
74 : 14;
75 : 14;
76 : 14;
77 : 14;
78 : 14;
79 : 14;
80 : 14;
81 : 10;
82 : 10;
83 : 10;
84 : 10;
85 : 10;
86 : 10;
87 : 10;
88 : 10;
89 : 10;
90 : 10;
91 : 14;
92 : 14;
93 : 14;
94 : 14;
95 : 14;
96 : 14;
97 : 14;
98 : 14;
99 : 14;
100 : 14;
101 : 10;
102 : 10;
103 : 10;
104 : 10;
105 : 10;
106 : 10;
107 : 10;
108 : 10;
109 : 10;
110 : 10;
111 : 14;
112 : 14;
113 : 14;
114 : 14;
115 : 14;
116 : 14;
117 : 14;
118 : 14;
119 : 14;
120 : 14;
121 : 10;
122 : 10;
123 : 10;
124 : 10;
125 : 10;
126 : 10;
127 : 10;
128 : 10;
129 : 10;
130 : 10;
131 : 14;
132 : 14;
133 : 14;
134 : 14;
135 : 14;
136 : 14;
137 : 14;
138 : 14;
139 : 14;
140 : 14;
141 : 10;
142 : 10;
143 : 10;
144 : 10;
145 : 10;
146 : 10;
147 : 10;
148 : 10;
149 : 10;
150 : 10;
151 : 14;
152 : 14;
153 : 14;
154 : 14;
155 : 14;
156 : 14;
157 : 14;
158 : 14;
159 : 14;
160 : 14;
161 : 10;
162 : 10;
163 : 10;
164 : 10;
165 : 10;
166 : 10;
167 : 10;
168 : 10;
169 : 10;
170 : 10;
171 : 14;
172 : 14;
173 : 14;
174 : 14;
175 : 14;
176 : 14;
177 : 14;
178 : 14;
179 : 14;
180 : 14;
181 : 10;
182 : 10;
183 : 10;
184 : 10;
185 : 10;
186 : 10;
187 : 10;
188 : 10;
189 : 10;
190 : 10;
191 : 10;
192 : 14;
193 : 14;
194 : 14;
195 : 14;
196 : 14;
197 : 14;
198 : 14;
199 : 14;
200 : 14;
201 : 14;
202 : 10;
203 : 10;
204 : 10;
205 : 10;
206 : 10;
207 : 10;
208 : 10;
209 : 10;
210 : 10;
211 : 10;
212 : 14;
213 : 14;
214 : 14;
215 : 14;
216 : 14;
217 : 14;
218 : 14;
219 : 14;
220 : 14;
221 : 14;
222 : 10;
223 : 10;
224 : 10;
225 : 10;
226 : 10;
227 : 10;
228 : 10;
229 : 10;
230 : 10;
231 : 10;
232 : 14;
233 : 14;
234 : 14;
235 : 14;
236 : 14;
237 : 14;
238 : 14;
239 : 14;
240 : 14;
241 : 14;
242 : 10;
243 : 10;
244 : 10;
245 : 10;
246 : 10;
247 : 10;
248 : 10;
249 : 10;
250 : 10;
251 : 10;
252 : 14;
253 : 14;
254 : 14;
255 : 14;
256 : 14;
257 : 14;
258 : 14;
259 : 14;
260 : 14;
261 : 14;
262 : 10;
263 : 10;
264 : 10;
265 : 10;
266 : 10;
267 : 10;
268 : 10;
269 : 10;
270 : 10;
271 : 10;
272 : 14;
273 : 14;
274 : 14;
275 : 14;
276 : 14;
277 : 14;
278 : 14;
279 : 14;
280 : 14;
281 : 14;
282 : 10;
283 : 10;
284 : 10;
285 : 10;
286 : 10;
287 : 10;
288 : 10;
289 : 10;
290 : 10;
291 : 10;
292 : 14;
293 : 14;
294 : 14;
295 : 14;
296 : 14;
297 : 14;
298 : 14;
299 : 14;
300 : 14;
301 : 14;
302 : 14;
303 : 10;
304 : 10;
305 : 10;
306 : 10;
307 : 10;
308 : 10;
309 : 10;
310 : 10;
311 : 10;
312 : 10;
313 : 14;
314 : 14;
315 : 14;
316 : 14;
317 : 14;
318 : 14;
319 : 14;
320 : 10;
321 : 10;
322 : 10;
323 : 10;
324 : 10;
325 : 10;
326 : 10;
327 : 10;
328 : 10;
329 : 10;
330 : 14;
331 : 14;
332 : 14;
333 : 14;
334 : 14;
335 : 14;
336 : 14;
337 : 14;
338 : 14;
339 : 14;
340 : 10;
341 : 10;
342 : 10;
343 : 10;
344 : 10;
345 : 10;
346 : 10;
347 : 10;
348 : 10;
349 : 10;
350 : 14;
351 : 14;
352 : 14;
353 : 14;
354 : 14;
355 : 14;
356 : 14;
357 : 14;
358 : 14;
359 : 14;
360 : 10;
361 : 10;
362 : 10;
363 : 10;
364 : 10;
365 : 10;
366 : 10;
367 : 10;
368 : 10;
369 : 10;
370 : 14;
371 : 14;
372 : 14;
373 : 14;
374 : 14;
375 : 14;
376 : 14;
377 : 14;
378 : 14;
379 : 14;
380 : 10;
381 : 10;
382 : 10;
383 : 10;
384 : 10;
385 : 10;
386 : 10;
387 : 10;
388 : 10;
389 : 10;
390 : 14;
391 : 14;
392 : 14;
393 : 14;
394 : 14;
395 : 14;
396 : 14;
397 : 14;
398 : 14;
399 : 14;
400 : 14;
401 : 10;
402 : 10;
403 : 10;
404 : 10;
405 : 10;
406 : 10;
407 : 10;
408 : 10;
409 : 10;
410 : 10;
411 : 14;
412 : 14;
413 : 14;
414 : 14;
415 : 14;
416 : 14;
417 : 14;
418 : 14;
419 : 14;
420 : 14;
421 : 10;
422 : 10;
423 : 10;
424 : 10;
425 : 10;
426 : 10;
427 : 10;
428 : 10;
429 : 10;
430 : 10;
431 : 14;
432 : 14;
433 : 14;
434 : 14;
435 : 14;
436 : 14;
437 : 14;
438 : 14;
439 : 14;
440 : 14;
441 : 10;
442 : 10;
443 : 10;
444 : 10;
445 : 10;
446 : 10;
447 : 10;
448 : 10;
449 : 10;
450 : 10;
451 : 14;
452 : 14;
453 : 14;
454 : 14;
455 : 14;
456 : 14;
457 : 14;
458 : 14;
459 : 14;
460 : 14;
461 : 10;
462 : 10;
463 : 10;
464 : 10;
465 : 10;
466 : 10;
467 : 10;
468 : 10;
469 : 10;
470 : 10;
471 : 14;
472 : 14;
473 : 14;
474 : 14;
475 : 14;
476 : 14;
477 : 14;
478 : 14;
479 : 14;
480 : 14;
481 : 10;
482 : 10;
483 : 10;
484 : 10;
485 : 10;
486 : 10;
487 : 10;
488 : 10;
489 : 10;
490 : 10;
491 : 14;
492 : 14;
493 : 14;
494 : 14;
495 : 14;
496 : 14;
497 : 14;
498 : 14;
499 : 14;
500 : 14;
501 : 10;
502 : 10;
503 : 10;
504 : 10;
505 : 10;
506 : 10;
507 : 10;
508 : 10;
509 : 10;
510 : 10;
511 : 10;
512 : 14;
513 : 14;
514 : 14;
515 : 14;
516 : 14;
517 : 14;
518 : 14;
519 : 14;
520 : 14;
521 : 14;
522 : 10;
523 : 10;
524 : 10;
525 : 10;
526 : 10;
527 : 10;
528 : 10;
529 : 10;
530 : 10;
531 : 10;
532 : 14;
533 : 14;
534 : 14;
535 : 14;
536 : 14;
537 : 14;
538 : 14;
539 : 14;
540 : 14;
541 : 14;
542 : 10;
543 : 10;
544 : 10;
545 : 10;
546 : 10;
547 : 10;
548 : 10;
549 : 10;
550 : 10;
551 : 10;
552 : 14;
553 : 14;
554 : 14;
555 : 14;
556 : 14;
557 : 14;
558 : 14;
559 : 14;
560 : 14;
561 : 14;
562 : 10;
563 : 10;
564 : 10;
565 : 10;
566 : 10;
567 : 10;
568 : 10;
569 : 10;
570 : 10;
571 : 10;
572 : 14;
573 : 14;
574 : 14;
575 : 14;
576 : 14;
577 : 14;
578 : 14;
579 : 14;
580 : 14;
581 : 14;
582 : 10;
583 : 10;
584 : 10;
585 : 10;
586 : 10;
587 : 10;
588 : 10;
589 : 10;
590 : 10;
591 : 10;
592 : 14;
593 : 14;
594 : 14;
595 : 14;
596 : 14;
597 : 14;
598 : 14;
599 : 14;
600 : 14;
601 : 14;
602 : 10;
603 : 10;
604 : 10;
605 : 10;
606 : 10;
607 : 10;
608 : 10;
609 : 10;
610 : 10;
611 : 10;
612 : 14;
613 : 14;
614 : 14;
615 : 14;
616 : 14;
617 : 14;
618 : 14;
619 : 14;
620 : 14;
621 : 14;
622 : 14;
623 : 10;
624 : 10;
625 : 10;
626 : 10;
627 : 10;
628 : 10;
629 : 10;
630 : 10;
631 : 10;
632 : 10;
633 : 14;
634 : 14;
635 : 14;
636 : 14;
637 : 14;
638 : 14;
639 : 14;
640 : 10;
641 : 10;
642 : 10;
643 : 10;
644 : 10;
645 : 10;
646 : 10;
647 : 10;
648 : 10;
649 : 10;
650 : 14;
651 : 14;
652 : 14;
653 : 14;
654 : 14;
655 : 14;
656 : 14;
657 : 14;
658 : 14;
659 : 14;
660 : 10;
661 : 10;
662 : 10;
663 : 10;
664 : 10;
665 : 10;
666 : 10;
667 : 10;
668 : 10;
669 : 10;
670 : 14;
671 : 14;
672 : 14;
673 : 14;
674 : 14;
675 : 14;
676 : 14;
677 : 14;
678 : 14;
679 : 14;
680 : 10;
681 : 10;
682 : 10;
683 : 10;
684 : 10;
685 : 10;
686 : 10;
687 : 10;
688 : 10;
689 : 10;
690 : 14;
691 : 14;
692 : 14;
693 : 14;
694 : 14;
695 : 14;
696 : 14;
697 : 14;
698 : 14;
699 : 14;
700 : 10;
701 : 10;
702 : 10;
703 : 10;
704 : 10;
705 : 10;
706 : 10;
707 : 10;
708 : 10;
709 : 10;
710 : 14;
711 : 14;
712 : 14;
713 : 14;
714 : 14;
715 : 14;
716 : 14;
717 : 14;
718 : 14;
719 : 14;
720 : 14;
721 : 10;
722 : 10;
723 : 10;
724 : 10;
725 : 10;
726 : 10;
727 : 10;
728 : 10;
729 : 10;
730 : 10;
731 : 14;
732 : 14;
733 : 14;
734 : 14;
735 : 14;
736 : 14;
737 : 14;
738 : 14;
739 : 14;
740 : 14;
741 : 10;
742 : 10;
743 : 10;
744 : 10;
745 : 10;
746 : 10;
747 : 10;
748 : 10;
749 : 10;
750 : 10;
751 : 14;
752 : 14;
753 : 14;
754 : 14;
755 : 14;
756 : 14;
757 : 14;
758 : 14;
759 : 14;
760 : 14;
761 : 10;
762 : 10;
763 : 10;
764 : 10;
765 : 10;
766 : 10;
767 : 10;
768 : 10;
769 : 10;
770 : 10;
771 : 14;
772 : 14;
773 : 14;
774 : 14;
775 : 14;
776 : 14;
777 : 14;
778 : 14;
779 : 14;
780 : 14;
781 : 10;
782 : 10;
783 : 10;
784 : 10;
785 : 10;
786 : 10;
787 : 10;
788 : 10;
789 : 10;
790 : 10;
791 : 14;
792 : 14;
793 : 14;
794 : 14;
795 : 14;
796 : 14;
797 : 14;
798 : 14;
799 : 14;
800 : 14;
801 : 10;
802 : 10;
803 : 10;
804 : 10;
805 : 10;
806 : 10;
807 : 10;
808 : 10;
809 : 10;
810 : 10;
811 : 14;
812 : 14;
813 : 14;
814 : 14;
815 : 14;
816 : 14;
817 : 14;
818 : 14;
819 : 14;
820 : 14;
821 : 10;
822 : 10;
823 : 10;
824 : 10;
825 : 10;
826 : 10;
827 : 10;
828 : 10;
829 : 10;
830 : 10;
831 : 10;
832 : 14;
833 : 14;
834 : 14;
835 : 14;
836 : 14;
837 : 14;
838 : 14;
839 : 14;
840 : 14;
841 : 14;
842 : 10;
843 : 10;
844 : 10;
845 : 10;
846 : 10;
847 : 10;
848 : 10;
849 : 10;
850 : 10;
851 : 10;
852 : 14;
853 : 14;
854 : 14;
855 : 14;
856 : 14;
857 : 14;
858 : 14;
859 : 14;
860 : 14;
861 : 14;
862 : 10;
863 : 10;
864 : 10;
865 : 10;
866 : 10;
867 : 10;
868 : 10;
869 : 10;
870 : 10;
871 : 10;
872 : 14;
873 : 14;
874 : 14;
875 : 14;
876 : 14;
877 : 14;
878 : 14;
879 : 14;
880 : 14;
881 : 14;
882 : 10;
883 : 10;
884 : 10;
885 : 10;
886 : 10;
887 : 10;
888 : 10;
889 : 10;
890 : 10;
891 : 10;
892 : 14;
893 : 14;
894 : 14;
895 : 14;
896 : 14;
897 : 14;
898 : 14;
899 : 14;
900 : 14;
901 : 14;
902 : 10;
903 : 10;
904 : 10;
905 : 10;
906 : 10;
907 : 10;
908 : 10;
909 : 10;
910 : 10;
911 : 10;
912 : 14;
913 : 14;
914 : 14;
915 : 14;
916 : 14;
917 : 14;
918 : 14;
919 : 14;
920 : 14;
921 : 14;
922 : 10;
923 : 10;
924 : 10;
925 : 10;
926 : 10;
927 : 10;
928 : 10;
929 : 10;
930 : 10;
931 : 10;
932 : 14;
933 : 14;
934 : 14;
935 : 14;
936 : 14;
937 : 14;
938 : 14;
939 : 14;
940 : 14;
941 : 14;
942 : 14;
943 : 10;
944 : 10;
945 : 10;
946 : 10;
947 : 10;
948 : 10;
949 : 10;
950 : 10;
951 : 10;
952 : 10;
953 : 14;
954 : 14;
955 : 14;
956 : 14;
957 : 14;
958 : 14;
959 : 14;
960 : 10;
961 : 10;
962 : 10;
963 : 10;
964 : 10;
965 : 10;
966 : 10;
967 : 10;
968 : 10;
969 : 10;
970 : 14;
971 : 14;
972 : 14;
973 : 14;
974 : 14;
975 : 14;
976 : 14;
977 : 14;
978 : 14;
979 : 14;
980 : 10;
981 : 10;
982 : 10;
983 : 10;
984 : 10;
985 : 10;
986 : 10;
987 : 10;
988 : 10;
989 : 10;
990 : 14;
991 : 14;
992 : 14;
993 : 14;
994 : 14;
995 : 14;
996 : 14;
997 : 14;
998 : 14;
999 : 14;
1000 : 10;
1001 : 10;
1002 : 10;
1003 : 10;
1004 : 10;
1005 : 10;
1006 : 10;
1007 : 10;
1008 : 10;
1009 : 10;
1010 : 14;
1011 : 14;
1012 : 14;
1013 : 14;
1014 : 14;
1015 : 14;
1016 : 14;
1017 : 14;
1018 : 14;
1019 : 14;
1020 : 10;
1021 : 10;
1022 : 10;
1023 : 10;
1024 : 10;
1025 : 10;
1026 : 10;
1027 : 10;
1028 : 10;
1029 : 10;
1030 : 14;
1031 : 14;
1032 : 14;
1033 : 14;
1034 : 14;
1035 : 14;
1036 : 14;
1037 : 14;
1038 : 14;
1039 : 14;
1040 : 14;
1041 : 10;
1042 : 10;
1043 : 10;
1044 : 10;
1045 : 10;
1046 : 10;
1047 : 10;
1048 : 10;
1049 : 10;
1050 : 10;
1051 : 14;
1052 : 14;
1053 : 14;
1054 : 14;
1055 : 14;
1056 : 14;
1057 : 14;
1058 : 14;
1059 : 14;
1060 : 14;
1061 : 10;
1062 : 10;
1063 : 10;
1064 : 10;
1065 : 10;
1066 : 10;
1067 : 10;
1068 : 10;
1069 : 10;
1070 : 10;
1071 : 14;
1072 : 14;
1073 : 14;
1074 : 14;
1075 : 14;
1076 : 14;
1077 : 14;
1078 : 14;
1079 : 14;
1080 : 14;
1081 : 10;
1082 : 10;
1083 : 10;
1084 : 10;
1085 : 10;
1086 : 10;
1087 : 10;
1088 : 10;
1089 : 10;
1090 : 10;
1091 : 14;
1092 : 14;
1093 : 14;
1094 : 14;
1095 : 14;
1096 : 14;
1097 : 14;
1098 : 14;
1099 : 14;
1100 : 14;
1101 : 10;
1102 : 10;
1103 : 10;
1104 : 10;
1105 : 10;
1106 : 10;
1107 : 10;
1108 : 10;
1109 : 10;
1110 : 10;
1111 : 14;
1112 : 14;
1113 : 14;
1114 : 14;
1115 : 14;
1116 : 14;
1117 : 14;
1118 : 14;
1119 : 14;
1120 : 14;
1121 : 10;
1122 : 10;
1123 : 10;
1124 : 10;
1125 : 10;
1126 : 10;
1127 : 10;
1128 : 10;
1129 : 10;
1130 : 10;
1131 : 14;
1132 : 14;
1133 : 14;
1134 : 14;
1135 : 14;
1136 : 14;
1137 : 14;
1138 : 14;
1139 : 14;
1140 : 14;
1141 : 10;
1142 : 10;
1143 : 10;
1144 : 10;
1145 : 10;
1146 : 10;
1147 : 10;
1148 : 10;
1149 : 10;
1150 : 10;
1151 : 10;
1152 : 14;
1153 : 14;
1154 : 14;
1155 : 14;
1156 : 14;
1157 : 14;
1158 : 14;
1159 : 14;
1160 : 14;
1161 : 14;
1162 : 10;
1163 : 10;
1164 : 10;
1165 : 10;
1166 : 10;
1167 : 10;
1168 : 10;
1169 : 10;
1170 : 10;
1171 : 10;
1172 : 14;
1173 : 14;
1174 : 14;
1175 : 14;
1176 : 14;
1177 : 14;
1178 : 14;
1179 : 14;
1180 : 14;
1181 : 14;
1182 : 10;
1183 : 10;
1184 : 10;
1185 : 10;
1186 : 10;
1187 : 10;
1188 : 10;
1189 : 10;
1190 : 10;
1191 : 10;
1192 : 14;
1193 : 14;
1194 : 14;
1195 : 14;
1196 : 14;
1197 : 14;
1198 : 14;
1199 : 14;
1200 : 14;
1201 : 14;
1202 : 10;
1203 : 10;
1204 : 10;
1205 : 10;
1206 : 10;
1207 : 10;
1208 : 10;
1209 : 10;
1210 : 10;
1211 : 10;
1212 : 14;
1213 : 14;
1214 : 14;
1215 : 14;
1216 : 14;
1217 : 14;
1218 : 14;
1219 : 14;
1220 : 14;
1221 : 14;
1222 : 10;
1223 : 10;
1224 : 10;
1225 : 10;
1226 : 10;
1227 : 10;
1228 : 10;
1229 : 10;
1230 : 10;
1231 : 10;
1232 : 14;
1233 : 14;
1234 : 14;
1235 : 14;
1236 : 14;
1237 : 14;
1238 : 14;
1239 : 14;
1240 : 14;
1241 : 14;
1242 : 10;
1243 : 10;
1244 : 10;
1245 : 10;
1246 : 10;
1247 : 10;
1248 : 10;
1249 : 10;
1250 : 10;
1251 : 10;
1252 : 14;
1253 : 14;
1254 : 14;
1255 : 14;
1256 : 14;
1257 : 14;
1258 : 14;
1259 : 14;
1260 : 14;
1261 : 14;
1262 : 14;
1263 : 10;
1264 : 10;
1265 : 10;
1266 : 10;
1267 : 10;
1268 : 10;
1269 : 10;
1270 : 10;
1271 : 10;
1272 : 10;
1273 : 14;
1274 : 14;
1275 : 14;
1276 : 14;
1277 : 14;
1278 : 14;
1279 : 14;
1280 : 10;
1281 : 10;
1282 : 10;
1283 : 10;
1284 : 10;
1285 : 10;
1286 : 10;
1287 : 10;
1288 : 10;
1289 : 10;
1290 : 14;
1291 : 14;
1292 : 14;
1293 : 14;
1294 : 14;
1295 : 14;
1296 : 14;
1297 : 14;
1298 : 14;
1299 : 14;
1300 : 10;
1301 : 10;
1302 : 10;
1303 : 10;
1304 : 10;
1305 : 10;
1306 : 10;
1307 : 10;
1308 : 10;
1309 : 10;
1310 : 14;
1311 : 14;
1312 : 14;
1313 : 14;
1314 : 14;
1315 : 14;
1316 : 14;
1317 : 14;
1318 : 14;
1319 : 14;
1320 : 10;
1321 : 10;
1322 : 10;
1323 : 10;
1324 : 10;
1325 : 10;
1326 : 10;
1327 : 10;
1328 : 10;
1329 : 10;
1330 : 14;
1331 : 14;
1332 : 14;
1333 : 14;
1334 : 14;
1335 : 14;
1336 : 14;
1337 : 14;
1338 : 14;
1339 : 14;
1340 : 10;
1341 : 10;
1342 : 10;
1343 : 10;
1344 : 10;
1345 : 10;
1346 : 10;
1347 : 10;
1348 : 10;
1349 : 10;
1350 : 14;
1351 : 14;
1352 : 14;
1353 : 14;
1354 : 14;
1355 : 14;
1356 : 14;
1357 : 14;
1358 : 14;
1359 : 14;
1360 : 14;
1361 : 10;
1362 : 10;
1363 : 10;
1364 : 10;
1365 : 10;
1366 : 10;
1367 : 10;
1368 : 10;
1369 : 10;
1370 : 10;
1371 : 14;
1372 : 14;
1373 : 14;
1374 : 14;
1375 : 14;
1376 : 14;
1377 : 14;
1378 : 14;
1379 : 14;
1380 : 14;
1381 : 10;
1382 : 10;
1383 : 10;
1384 : 10;
1385 : 10;
1386 : 10;
1387 : 10;
1388 : 10;
1389 : 10;
1390 : 10;
1391 : 14;
1392 : 14;
1393 : 14;
1394 : 14;
1395 : 14;
1396 : 14;
1397 : 14;
1398 : 14;
1399 : 14;
1400 : 14;
1401 : 10;
1402 : 10;
1403 : 10;
1404 : 10;
1405 : 10;
1406 : 10;
1407 : 10;
1408 : 10;
1409 : 10;
1410 : 10;
1411 : 14;
1412 : 14;
1413 : 14;
1414 : 14;
1415 : 14;
1416 : 14;
1417 : 14;
1418 : 14;
1419 : 14;
1420 : 14;
1421 : 10;
1422 : 10;
1423 : 10;
1424 : 10;
1425 : 10;
1426 : 10;
1427 : 10;
1428 : 10;
1429 : 10;
1430 : 10;
1431 : 14;
1432 : 14;
1433 : 14;
1434 : 14;
1435 : 14;
1436 : 14;
1437 : 14;
1438 : 14;
1439 : 14;
1440 : 14;
1441 : 10;
1442 : 10;
1443 : 10;
1444 : 10;
1445 : 10;
1446 : 10;
1447 : 10;
1448 : 10;
1449 : 10;
1450 : 10;
1451 : 14;
1452 : 14;
1453 : 14;
1454 : 14;
1455 : 14;
1456 : 14;
1457 : 14;
1458 : 14;
1459 : 14;
1460 : 14;
1461 : 10;
1462 : 10;
1463 : 10;
1464 : 10;
1465 : 10;
1466 : 10;
1467 : 10;
1468 : 10;
1469 : 10;
1470 : 10;
1471 : 10;
1472 : 14;
1473 : 14;
1474 : 14;
1475 : 14;
1476 : 14;
1477 : 14;
1478 : 14;
1479 : 14;
1480 : 14;
1481 : 14;
1482 : 10;
1483 : 10;
1484 : 10;
1485 : 10;
1486 : 10;
1487 : 10;
1488 : 10;
1489 : 10;
1490 : 10;
1491 : 10;
1492 : 14;
1493 : 14;
1494 : 14;
1495 : 14;
1496 : 14;
1497 : 14;
1498 : 14;
1499 : 14;
1500 : 14;
1501 : 14;
1502 : 10;
1503 : 10;
1504 : 10;
1505 : 10;
1506 : 10;
1507 : 10;
1508 : 10;
1509 : 10;
1510 : 10;
1511 : 10;
1512 : 14;
1513 : 14;
1514 : 14;
1515 : 14;
1516 : 14;
1517 : 14;
1518 : 14;
1519 : 14;
1520 : 14;
1521 : 14;
1522 : 10;
1523 : 10;
1524 : 10;
1525 : 10;
1526 : 10;
1527 : 10;
1528 : 10;
1529 : 10;
1530 : 10;
1531 : 10;
1532 : 14;
1533 : 14;
1534 : 14;
1535 : 14;
1536 : 14;
1537 : 14;
1538 : 14;
1539 : 14;
1540 : 14;
1541 : 14;
1542 : 10;
1543 : 10;
1544 : 10;
1545 : 10;
1546 : 10;
1547 : 10;
1548 : 10;
1549 : 10;
1550 : 10;
1551 : 10;
1552 : 14;
1553 : 14;
1554 : 14;
1555 : 14;
1556 : 14;
1557 : 14;
1558 : 14;
1559 : 14;
1560 : 14;
1561 : 14;
1562 : 10;
1563 : 10;
1564 : 10;
1565 : 10;
1566 : 10;
1567 : 10;
1568 : 10;
1569 : 10;
1570 : 10;
1571 : 10;
1572 : 14;
1573 : 14;
1574 : 14;
1575 : 14;
1576 : 14;
1577 : 14;
1578 : 14;
1579 : 14;
1580 : 14;
1581 : 14;
1582 : 14;
1583 : 10;
1584 : 10;
1585 : 10;
1586 : 10;
1587 : 10;
1588 : 10;
1589 : 10;
1590 : 10;
1591 : 10;
1592 : 10;
1593 : 14;
1594 : 14;
1595 : 14;
1596 : 14;
1597 : 14;
1598 : 14;
1599 : 14;
1600 : 10;
1601 : 10;
1602 : 10;
1603 : 10;
1604 : 10;
1605 : 10;
1606 : 10;
1607 : 10;
1608 : 10;
1609 : 10;
1610 : 14;
1611 : 14;
1612 : 14;
1613 : 14;
1614 : 14;
1615 : 14;
1616 : 14;
1617 : 14;
1618 : 14;
1619 : 14;
1620 : 10;
1621 : 10;
1622 : 10;
1623 : 10;
1624 : 10;
1625 : 10;
1626 : 10;
1627 : 10;
1628 : 10;
1629 : 10;
1630 : 14;
1631 : 14;
1632 : 14;
1633 : 14;
1634 : 14;
1635 : 14;
1636 : 14;
1637 : 14;
1638 : 14;
1639 : 14;
1640 : 10;
1641 : 10;
1642 : 10;
1643 : 10;
1644 : 10;
1645 : 10;
1646 : 10;
1647 : 10;
1648 : 10;
1649 : 10;
1650 : 14;
1651 : 14;
1652 : 14;
1653 : 14;
1654 : 14;
1655 : 14;
1656 : 14;
1657 : 14;
1658 : 14;
1659 : 14;
1660 : 10;
1661 : 10;
1662 : 10;
1663 : 10;
1664 : 10;
1665 : 10;
1666 : 10;
1667 : 10;
1668 : 10;
1669 : 10;
1670 : 14;
1671 : 14;
1672 : 14;
1673 : 14;
1674 : 14;
1675 : 14;
1676 : 14;
1677 : 14;
1678 : 14;
1679 : 14;
1680 : 14;
1681 : 10;
1682 : 10;
1683 : 10;
1684 : 10;
1685 : 10;
1686 : 10;
1687 : 10;
1688 : 10;
1689 : 10;
1690 : 10;
1691 : 14;
1692 : 14;
1693 : 14;
1694 : 14;
1695 : 14;
1696 : 14;
1697 : 14;
1698 : 14;
1699 : 14;
1700 : 14;
1701 : 10;
1702 : 10;
1703 : 10;
1704 : 10;
1705 : 10;
1706 : 10;
1707 : 10;
1708 : 10;
1709 : 10;
1710 : 10;
1711 : 14;
1712 : 14;
1713 : 14;
1714 : 14;
1715 : 14;
1716 : 14;
1717 : 14;
1718 : 14;
1719 : 14;
1720 : 14;
1721 : 10;
1722 : 10;
1723 : 10;
1724 : 10;
1725 : 10;
1726 : 10;
1727 : 10;
1728 : 10;
1729 : 10;
1730 : 10;
1731 : 14;
1732 : 14;
1733 : 14;
1734 : 14;
1735 : 14;
1736 : 14;
1737 : 14;
1738 : 14;
1739 : 14;
1740 : 14;
1741 : 10;
1742 : 10;
1743 : 10;
1744 : 10;
1745 : 10;
1746 : 10;
1747 : 10;
1748 : 10;
1749 : 10;
1750 : 10;
1751 : 14;
1752 : 14;
1753 : 14;
1754 : 14;
1755 : 14;
1756 : 14;
1757 : 14;
1758 : 14;
1759 : 14;
1760 : 14;
1761 : 10;
1762 : 10;
1763 : 10;
1764 : 10;
1765 : 10;
1766 : 10;
1767 : 10;
1768 : 10;
1769 : 10;
1770 : 10;
1771 : 14;
1772 : 14;
1773 : 14;
1774 : 14;
1775 : 14;
1776 : 14;
1777 : 14;
1778 : 14;
1779 : 14;
1780 : 14;
1781 : 10;
1782 : 10;
1783 : 10;
1784 : 10;
1785 : 10;
1786 : 10;
1787 : 10;
1788 : 10;
1789 : 10;
1790 : 10;
1791 : 10;
1792 : 14;
1793 : 14;
1794 : 14;
1795 : 14;
1796 : 14;
1797 : 14;
1798 : 14;
1799 : 14;
1800 : 14;
1801 : 14;
1802 : 10;
1803 : 10;
1804 : 10;
1805 : 10;
1806 : 10;
1807 : 10;
1808 : 10;
1809 : 10;
1810 : 10;
1811 : 10;
1812 : 14;
1813 : 14;
1814 : 14;
1815 : 14;
1816 : 14;
1817 : 14;
1818 : 14;
1819 : 14;
1820 : 14;
1821 : 14;
1822 : 10;
1823 : 10;
1824 : 10;
1825 : 10;
1826 : 10;
1827 : 10;
1828 : 10;
1829 : 10;
1830 : 10;
1831 : 10;
1832 : 14;
1833 : 14;
1834 : 14;
1835 : 14;
1836 : 14;
1837 : 14;
1838 : 14;
1839 : 14;
1840 : 14;
1841 : 14;
1842 : 10;
1843 : 10;
1844 : 10;
1845 : 10;
1846 : 10;
1847 : 10;
1848 : 10;
1849 : 10;
1850 : 10;
1851 : 10;
1852 : 14;
1853 : 14;
1854 : 14;
1855 : 14;
1856 : 14;
1857 : 14;
1858 : 14;
1859 : 14;
1860 : 14;
1861 : 14;
1862 : 10;
1863 : 10;
1864 : 10;
1865 : 10;
1866 : 10;
1867 : 10;
1868 : 10;
1869 : 10;
1870 : 10;
1871 : 10;
1872 : 14;
1873 : 14;
1874 : 14;
1875 : 14;
1876 : 14;
1877 : 14;
1878 : 14;
1879 : 14;
1880 : 14;
1881 : 14;
1882 : 10;
1883 : 10;
1884 : 10;
1885 : 10;
1886 : 10;
1887 : 10;
1888 : 10;
1889 : 10;
1890 : 10;
1891 : 10;
1892 : 14;
1893 : 14;
1894 : 14;
1895 : 14;
1896 : 14;
1897 : 14;
1898 : 14;
1899 : 14;
1900 : 14;
1901 : 14;
1902 : 14;
1903 : 10;
1904 : 10;
1905 : 10;
1906 : 10;
1907 : 10;
1908 : 10;
1909 : 10;
1910 : 10;
1911 : 10;
1912 : 10;
1913 : 14;
1914 : 14;
1915 : 14;
1916 : 14;
1917 : 14;
1918 : 14;
1919 : 14;
1920 : 10;
1921 : 10;
1922 : 10;
1923 : 10;
1924 : 10;
1925 : 10;
1926 : 10;
1927 : 10;
1928 : 10;
1929 : 10;
1930 : 14;
1931 : 14;
1932 : 14;
1933 : 14;
1934 : 14;
1935 : 14;
1936 : 14;
1937 : 14;
1938 : 14;
1939 : 14;
1940 : 10;
1941 : 10;
1942 : 10;
1943 : 10;
1944 : 10;
1945 : 10;
1946 : 10;
1947 : 10;
1948 : 10;
1949 : 10;
1950 : 14;
1951 : 14;
1952 : 14;
1953 : 14;
1954 : 14;
1955 : 14;
1956 : 14;
1957 : 14;
1958 : 14;
1959 : 14;
1960 : 10;
1961 : 10;
1962 : 10;
1963 : 10;
1964 : 10;
1965 : 10;
1966 : 10;
1967 : 10;
1968 : 10;
1969 : 10;
1970 : 14;
1971 : 14;
1972 : 14;
1973 : 14;
1974 : 14;
1975 : 14;
1976 : 14;
1977 : 14;
1978 : 14;
1979 : 14;
1980 : 10;
1981 : 10;
1982 : 10;
1983 : 10;
1984 : 10;
1985 : 10;
1986 : 10;
1987 : 10;
1988 : 10;
1989 : 10;
1990 : 14;
1991 : 14;
1992 : 14;
1993 : 14;
1994 : 14;
1995 : 14;
1996 : 14;
1997 : 14;
1998 : 14;
1999 : 14;
2000 : 14;
2001 : 10;
2002 : 10;
2003 : 10;
2004 : 10;
2005 : 10;
2006 : 10;
2007 : 10;
2008 : 10;
2009 : 10;
2010 : 10;
2011 : 14;
2012 : 14;
2013 : 14;
2014 : 14;
2015 : 14;
2016 : 14;
2017 : 14;
2018 : 14;
2019 : 14;
2020 : 14;
2021 : 10;
2022 : 10;
2023 : 10;
2024 : 10;
2025 : 10;
2026 : 10;
2027 : 10;
2028 : 10;
2029 : 10;
2030 : 10;
2031 : 14;
2032 : 14;
2033 : 14;
2034 : 14;
2035 : 14;
2036 : 14;
2037 : 14;
2038 : 14;
2039 : 14;
2040 : 14;
2041 : 10;
2042 : 10;
2043 : 10;
2044 : 10;
2045 : 10;
2046 : 10;
2047 : 10;
2048 : 10;
2049 : 10;
2050 : 10;
2051 : 14;
2052 : 14;
2053 : 14;
2054 : 14;
2055 : 14;
2056 : 14;
2057 : 14;
2058 : 14;
2059 : 14;
2060 : 14;
2061 : 10;
2062 : 10;
2063 : 10;
2064 : 10;
2065 : 10;
2066 : 10;
2067 : 10;
2068 : 10;
2069 : 10;
2070 : 10;
2071 : 14;
2072 : 14;
2073 : 14;
2074 : 14;
2075 : 14;
2076 : 14;
2077 : 14;
2078 : 14;
2079 : 14;
2080 : 14;
2081 : 10;
2082 : 10;
2083 : 10;
2084 : 10;
2085 : 10;
2086 : 10;
2087 : 10;
2088 : 10;
2089 : 10;
2090 : 10;
2091 : 14;
2092 : 14;
2093 : 14;
2094 : 14;
2095 : 14;
2096 : 14;
2097 : 14;
2098 : 14;
2099 : 14;
2100 : 14;
2101 : 10;
2102 : 10;
2103 : 10;
2104 : 10;
2105 : 10;
2106 : 10;
2107 : 10;
2108 : 10;
2109 : 10;
2110 : 10;
2111 : 10;
2112 : 14;
2113 : 14;
2114 : 14;
2115 : 14;
2116 : 14;
2117 : 14;
2118 : 14;
2119 : 14;
2120 : 14;
2121 : 14;
2122 : 10;
2123 : 10;
2124 : 10;
2125 : 10;
2126 : 10;
2127 : 10;
2128 : 10;
2129 : 10;
2130 : 10;
2131 : 10;
2132 : 14;
2133 : 14;
2134 : 14;
2135 : 14;
2136 : 14;
2137 : 14;
2138 : 14;
2139 : 14;
2140 : 14;
2141 : 14;
2142 : 10;
2143 : 10;
2144 : 10;
2145 : 10;
2146 : 10;
2147 : 10;
2148 : 10;
2149 : 10;
2150 : 10;
2151 : 10;
2152 : 14;
2153 : 14;
2154 : 14;
2155 : 14;
2156 : 14;
2157 : 14;
2158 : 14;
2159 : 14;
2160 : 14;
2161 : 14;
2162 : 10;
2163 : 10;
2164 : 10;
2165 : 10;
2166 : 10;
2167 : 10;
2168 : 10;
2169 : 10;
2170 : 10;
2171 : 10;
2172 : 14;
2173 : 14;
2174 : 14;
2175 : 14;
2176 : 14;
2177 : 14;
2178 : 14;
2179 : 14;
2180 : 14;
2181 : 14;
2182 : 10;
2183 : 10;
2184 : 10;
2185 : 10;
2186 : 10;
2187 : 10;
2188 : 10;
2189 : 10;
2190 : 10;
2191 : 10;
2192 : 14;
2193 : 14;
2194 : 14;
2195 : 14;
2196 : 14;
2197 : 14;
2198 : 14;
2199 : 14;
2200 : 14;
2201 : 14;
2202 : 10;
2203 : 10;
2204 : 10;
2205 : 10;
2206 : 10;
2207 : 10;
2208 : 10;
2209 : 10;
2210 : 10;
2211 : 10;
2212 : 14;
2213 : 14;
2214 : 14;
2215 : 14;
2216 : 14;
2217 : 14;
2218 : 14;
2219 : 14;
2220 : 14;
2221 : 14;
2222 : 14;
2223 : 10;
2224 : 10;
2225 : 10;
2226 : 10;
2227 : 10;
2228 : 10;
2229 : 10;
2230 : 10;
2231 : 10;
2232 : 10;
2233 : 14;
2234 : 14;
2235 : 14;
2236 : 14;
2237 : 14;
2238 : 14;
2239 : 14;
2240 : 10;
2241 : 10;
2242 : 10;
2243 : 10;
2244 : 10;
2245 : 10;
2246 : 10;
2247 : 10;
2248 : 10;
2249 : 10;
2250 : 14;
2251 : 14;
2252 : 14;
2253 : 14;
2254 : 14;
2255 : 14;
2256 : 14;
2257 : 14;
2258 : 14;
2259 : 14;
2260 : 10;
2261 : 10;
2262 : 10;
2263 : 10;
2264 : 10;
2265 : 10;
2266 : 10;
2267 : 10;
2268 : 10;
2269 : 10;
2270 : 14;
2271 : 14;
2272 : 14;
2273 : 14;
2274 : 14;
2275 : 14;
2276 : 14;
2277 : 14;
2278 : 14;
2279 : 14;
2280 : 10;
2281 : 10;
2282 : 10;
2283 : 10;
2284 : 10;
2285 : 10;
2286 : 10;
2287 : 10;
2288 : 10;
2289 : 10;
2290 : 14;
2291 : 14;
2292 : 14;
2293 : 14;
2294 : 14;
2295 : 14;
2296 : 14;
2297 : 14;
2298 : 14;
2299 : 14;
2300 : 10;
2301 : 10;
2302 : 10;
2303 : 10;
2304 : 10;
2305 : 10;
2306 : 10;
2307 : 10;
2308 : 10;
2309 : 10;
2310 : 14;
2311 : 14;
2312 : 14;
2313 : 14;
2314 : 14;
2315 : 14;
2316 : 14;
2317 : 14;
2318 : 14;
2319 : 14;
2320 : 14;
2321 : 10;
2322 : 10;
2323 : 10;
2324 : 10;
2325 : 10;
2326 : 10;
2327 : 10;
2328 : 10;
2329 : 10;
2330 : 10;
2331 : 14;
2332 : 14;
2333 : 14;
2334 : 14;
2335 : 14;
2336 : 14;
2337 : 14;
2338 : 14;
2339 : 14;
2340 : 14;
2341 : 10;
2342 : 10;
2343 : 10;
2344 : 10;
2345 : 10;
2346 : 10;
2347 : 10;
2348 : 10;
2349 : 10;
2350 : 10;
2351 : 14;
2352 : 14;
2353 : 14;
2354 : 14;
2355 : 14;
2356 : 14;
2357 : 14;
2358 : 14;
2359 : 14;
2360 : 14;
2361 : 10;
2362 : 10;
2363 : 10;
2364 : 10;
2365 : 10;
2366 : 10;
2367 : 10;
2368 : 10;
2369 : 10;
2370 : 10;
2371 : 14;
2372 : 14;
2373 : 14;
2374 : 14;
2375 : 14;
2376 : 14;
2377 : 14;
2378 : 14;
2379 : 14;
2380 : 14;
2381 : 10;
2382 : 10;
2383 : 10;
2384 : 10;
2385 : 10;
2386 : 10;
2387 : 10;
2388 : 10;
2389 : 10;
2390 : 10;
2391 : 14;
2392 : 14;
2393 : 14;
2394 : 14;
2395 : 14;
2396 : 14;
2397 : 14;
2398 : 14;
2399 : 14;
2400 : 14;
2401 : 10;
2402 : 10;
2403 : 10;
2404 : 10;
2405 : 10;
2406 : 10;
2407 : 10;
2408 : 10;
2409 : 10;
2410 : 10;
2411 : 14;
2412 : 14;
2413 : 14;
2414 : 14;
2415 : 14;
2416 : 14;
2417 : 14;
2418 : 14;
2419 : 14;
2420 : 14;
2421 : 10;
2422 : 10;
2423 : 10;
2424 : 10;
2425 : 10;
2426 : 10;
2427 : 10;
2428 : 10;
2429 : 10;
2430 : 10;
2431 : 10;
2432 : 14;
2433 : 14;
2434 : 14;
2435 : 14;
2436 : 14;
2437 : 14;
2438 : 14;
2439 : 14;
2440 : 14;
2441 : 14;
2442 : 10;
2443 : 10;
2444 : 10;
2445 : 10;
2446 : 10;
2447 : 10;
2448 : 10;
2449 : 10;
2450 : 10;
2451 : 10;
2452 : 14;
2453 : 14;
2454 : 14;
2455 : 14;
2456 : 14;
2457 : 14;
2458 : 14;
2459 : 14;
2460 : 14;
2461 : 14;
2462 : 10;
2463 : 10;
2464 : 10;
2465 : 10;
2466 : 10;
2467 : 10;
2468 : 10;
2469 : 10;
2470 : 10;
2471 : 10;
2472 : 14;
2473 : 14;
2474 : 14;
2475 : 14;
2476 : 14;
2477 : 14;
2478 : 14;
2479 : 14;
2480 : 14;
2481 : 14;
2482 : 10;
2483 : 10;
2484 : 10;
2485 : 10;
2486 : 10;
2487 : 10;
2488 : 10;
2489 : 10;
2490 : 10;
2491 : 10;
2492 : 14;
2493 : 14;
2494 : 14;
2495 : 14;
2496 : 14;
2497 : 14;
2498 : 14;
2499 : 14;
2500 : 14;
2501 : 14;
2502 : 10;
2503 : 10;
2504 : 10;
2505 : 10;
2506 : 10;
2507 : 10;
2508 : 10;
2509 : 10;
2510 : 10;
2511 : 10;
2512 : 14;
2513 : 14;
2514 : 14;
2515 : 14;
2516 : 14;
2517 : 14;
2518 : 14;
2519 : 14;
2520 : 14;
2521 : 14;
2522 : 10;
2523 : 10;
2524 : 10;
2525 : 10;
2526 : 10;
2527 : 10;
2528 : 10;
2529 : 10;
2530 : 10;
2531 : 10;
2532 : 14;
2533 : 14;
2534 : 14;
2535 : 14;
2536 : 14;
2537 : 14;
2538 : 14;
2539 : 14;
2540 : 14;
2541 : 14;
2542 : 14;
2543 : 10;
2544 : 10;
2545 : 10;
2546 : 10;
2547 : 10;
2548 : 10;
2549 : 10;
2550 : 10;
2551 : 10;
2552 : 10;
2553 : 14;
2554 : 14;
2555 : 14;
2556 : 14;
2557 : 14;
2558 : 14;
2559 : 14;
2560 : 10;
2561 : 10;
2562 : 10;
2563 : 10;
2564 : 10;
2565 : 10;
2566 : 10;
2567 : 10;
2568 : 10;
2569 : 10;
2570 : 14;
2571 : 14;
2572 : 14;
2573 : 14;
2574 : 14;
2575 : 14;
2576 : 14;
2577 : 14;
2578 : 14;
2579 : 14;
2580 : 10;
2581 : 10;
2582 : 10;
2583 : 10;
2584 : 10;
2585 : 10;
2586 : 10;
2587 : 10;
2588 : 10;
2589 : 10;
2590 : 14;
2591 : 14;
2592 : 14;
2593 : 14;
2594 : 14;
2595 : 14;
2596 : 14;
2597 : 14;
2598 : 14;
2599 : 14;
2600 : 10;
2601 : 10;
2602 : 10;
2603 : 10;
2604 : 10;
2605 : 10;
2606 : 10;
2607 : 10;
2608 : 10;
2609 : 10;
2610 : 14;
2611 : 14;
2612 : 14;
2613 : 14;
2614 : 14;
2615 : 14;
2616 : 14;
2617 : 14;
2618 : 14;
2619 : 14;
2620 : 10;
2621 : 10;
2622 : 10;
2623 : 10;
2624 : 10;
2625 : 10;
2626 : 10;
2627 : 10;
2628 : 10;
2629 : 10;
2630 : 14;
2631 : 14;
2632 : 14;
2633 : 14;
2634 : 14;
2635 : 14;
2636 : 14;
2637 : 14;
2638 : 14;
2639 : 14;
2640 : 14;
2641 : 10;
2642 : 10;
2643 : 10;
2644 : 10;
2645 : 10;
2646 : 10;
2647 : 10;
2648 : 10;
2649 : 10;
2650 : 10;
2651 : 14;
2652 : 14;
2653 : 14;
2654 : 14;
2655 : 14;
2656 : 14;
2657 : 14;
2658 : 14;
2659 : 14;
2660 : 14;
2661 : 10;
2662 : 10;
2663 : 10;
2664 : 10;
2665 : 10;
2666 : 10;
2667 : 10;
2668 : 10;
2669 : 10;
2670 : 10;
2671 : 14;
2672 : 14;
2673 : 14;
2674 : 14;
2675 : 14;
2676 : 14;
2677 : 14;
2678 : 14;
2679 : 14;
2680 : 14;
2681 : 10;
2682 : 10;
2683 : 10;
2684 : 10;
2685 : 10;
2686 : 10;
2687 : 10;
2688 : 10;
2689 : 10;
2690 : 10;
2691 : 14;
2692 : 14;
2693 : 14;
2694 : 14;
2695 : 14;
2696 : 14;
2697 : 14;
2698 : 14;
2699 : 14;
2700 : 14;
2701 : 10;
2702 : 10;
2703 : 10;
2704 : 10;
2705 : 10;
2706 : 10;
2707 : 10;
2708 : 10;
2709 : 10;
2710 : 10;
2711 : 14;
2712 : 14;
2713 : 14;
2714 : 14;
2715 : 14;
2716 : 14;
2717 : 14;
2718 : 14;
2719 : 14;
2720 : 14;
2721 : 10;
2722 : 10;
2723 : 10;
2724 : 10;
2725 : 10;
2726 : 10;
2727 : 10;
2728 : 10;
2729 : 10;
2730 : 10;
2731 : 14;
2732 : 14;
2733 : 14;
2734 : 14;
2735 : 14;
2736 : 14;
2737 : 14;
2738 : 14;
2739 : 14;
2740 : 14;
2741 : 10;
2742 : 10;
2743 : 10;
2744 : 10;
2745 : 10;
2746 : 10;
2747 : 10;
2748 : 10;
2749 : 10;
2750 : 10;
2751 : 10;
2752 : 14;
2753 : 14;
2754 : 14;
2755 : 14;
2756 : 14;
2757 : 14;
2758 : 14;
2759 : 14;
2760 : 14;
2761 : 14;
2762 : 10;
2763 : 10;
2764 : 10;
2765 : 10;
2766 : 10;
2767 : 10;
2768 : 10;
2769 : 10;
2770 : 10;
2771 : 10;
2772 : 14;
2773 : 14;
2774 : 14;
2775 : 14;
2776 : 14;
2777 : 14;
2778 : 14;
2779 : 14;
2780 : 14;
2781 : 14;
2782 : 10;
2783 : 10;
2784 : 10;
2785 : 10;
2786 : 10;
2787 : 10;
2788 : 10;
2789 : 10;
2790 : 10;
2791 : 10;
2792 : 14;
2793 : 14;
2794 : 14;
2795 : 14;
2796 : 14;
2797 : 14;
2798 : 14;
2799 : 14;
2800 : 14;
2801 : 14;
2802 : 10;
2803 : 10;
2804 : 10;
2805 : 10;
2806 : 10;
2807 : 10;
2808 : 10;
2809 : 10;
2810 : 10;
2811 : 10;
2812 : 14;
2813 : 14;
2814 : 14;
2815 : 14;
2816 : 14;
2817 : 14;
2818 : 14;
2819 : 14;
2820 : 14;
2821 : 14;
2822 : 10;
2823 : 10;
2824 : 10;
2825 : 10;
2826 : 10;
2827 : 10;
2828 : 10;
2829 : 10;
2830 : 10;
2831 : 10;
2832 : 14;
2833 : 14;
2834 : 14;
2835 : 14;
2836 : 14;
2837 : 14;
2838 : 14;
2839 : 14;
2840 : 14;
2841 : 14;
2842 : 10;
2843 : 10;
2844 : 10;
2845 : 10;
2846 : 10;
2847 : 10;
2848 : 10;
2849 : 10;
2850 : 10;
2851 : 10;
2852 : 14;
2853 : 14;
2854 : 14;
2855 : 14;
2856 : 14;
2857 : 14;
2858 : 14;
2859 : 14;
2860 : 14;
2861 : 14;
2862 : 14;
2863 : 10;
2864 : 10;
2865 : 10;
2866 : 10;
2867 : 10;
2868 : 10;
2869 : 10;
2870 : 10;
2871 : 10;
2872 : 10;
2873 : 14;
2874 : 14;
2875 : 14;
2876 : 14;
2877 : 14;
2878 : 14;
2879 : 14;
2880 : 10;
2881 : 10;
2882 : 10;
2883 : 10;
2884 : 10;
2885 : 10;
2886 : 10;
2887 : 10;
2888 : 10;
2889 : 10;
2890 : 14;
2891 : 14;
2892 : 14;
2893 : 14;
2894 : 14;
2895 : 14;
2896 : 14;
2897 : 14;
2898 : 14;
2899 : 14;
2900 : 10;
2901 : 10;
2902 : 10;
2903 : 10;
2904 : 10;
2905 : 10;
2906 : 10;
2907 : 10;
2908 : 10;
2909 : 10;
2910 : 14;
2911 : 14;
2912 : 14;
2913 : 14;
2914 : 14;
2915 : 14;
2916 : 14;
2917 : 14;
2918 : 14;
2919 : 14;
2920 : 10;
2921 : 10;
2922 : 10;
2923 : 10;
2924 : 10;
2925 : 10;
2926 : 10;
2927 : 10;
2928 : 10;
2929 : 10;
2930 : 14;
2931 : 14;
2932 : 14;
2933 : 14;
2934 : 14;
2935 : 14;
2936 : 14;
2937 : 14;
2938 : 14;
2939 : 14;
2940 : 10;
2941 : 10;
2942 : 10;
2943 : 10;
2944 : 10;
2945 : 10;
2946 : 10;
2947 : 10;
2948 : 10;
2949 : 10;
2950 : 14;
2951 : 14;
2952 : 14;
2953 : 14;
2954 : 14;
2955 : 14;
2956 : 14;
2957 : 14;
2958 : 14;
2959 : 14;
2960 : 14;
2961 : 10;
2962 : 10;
2963 : 10;
2964 : 10;
2965 : 10;
2966 : 10;
2967 : 10;
2968 : 10;
2969 : 10;
2970 : 10;
2971 : 14;
2972 : 14;
2973 : 14;
2974 : 14;
2975 : 14;
2976 : 14;
2977 : 14;
2978 : 14;
2979 : 14;
2980 : 14;
2981 : 10;
2982 : 10;
2983 : 10;
2984 : 10;
2985 : 10;
2986 : 10;
2987 : 10;
2988 : 10;
2989 : 10;
2990 : 10;
2991 : 14;
2992 : 14;
2993 : 14;
2994 : 14;
2995 : 14;
2996 : 14;
2997 : 14;
2998 : 14;
2999 : 14;
3000 : 14;
3001 : 10;
3002 : 10;
3003 : 10;
3004 : 10;
3005 : 10;
3006 : 10;
3007 : 10;
3008 : 10;
3009 : 10;
3010 : 10;
3011 : 14;
3012 : 14;
3013 : 14;
3014 : 14;
3015 : 14;
3016 : 14;
3017 : 14;
3018 : 14;
3019 : 14;
3020 : 14;
3021 : 10;
3022 : 10;
3023 : 10;
3024 : 10;
3025 : 10;
3026 : 10;
3027 : 10;
3028 : 10;
3029 : 10;
3030 : 10;
3031 : 14;
3032 : 14;
3033 : 14;
3034 : 14;
3035 : 14;
3036 : 14;
3037 : 14;
3038 : 14;
3039 : 14;
3040 : 14;
3041 : 10;
3042 : 10;
3043 : 10;
3044 : 10;
3045 : 10;
3046 : 10;
3047 : 10;
3048 : 10;
3049 : 10;
3050 : 10;
3051 : 14;
3052 : 14;
3053 : 14;
3054 : 14;
3055 : 14;
3056 : 14;
3057 : 14;
3058 : 14;
3059 : 14;
3060 : 14;
3061 : 10;
3062 : 10;
3063 : 10;
3064 : 10;
3065 : 10;
3066 : 10;
3067 : 10;
3068 : 10;
3069 : 10;
3070 : 10;
3071 : 10;
3072 : 14;
3073 : 14;
3074 : 14;
3075 : 14;
3076 : 14;
3077 : 14;
3078 : 14;
3079 : 14;
3080 : 14;
3081 : 14;
3082 : 10;
3083 : 10;
3084 : 10;
3085 : 10;
3086 : 10;
3087 : 10;
3088 : 10;
3089 : 10;
3090 : 10;
3091 : 10;
3092 : 14;
3093 : 14;
3094 : 14;
3095 : 14;
3096 : 14;
3097 : 14;
3098 : 14;
3099 : 14;
3100 : 14;
3101 : 14;
3102 : 10;
3103 : 10;
3104 : 10;
3105 : 10;
3106 : 10;
3107 : 10;
3108 : 10;
3109 : 10;
3110 : 10;
3111 : 10;
3112 : 14;
3113 : 14;
3114 : 14;
3115 : 14;
3116 : 14;
3117 : 14;
3118 : 14;
3119 : 14;
3120 : 14;
3121 : 14;
3122 : 10;
3123 : 10;
3124 : 10;
3125 : 10;
3126 : 10;
3127 : 10;
3128 : 10;
3129 : 10;
3130 : 10;
3131 : 10;
3132 : 14;
3133 : 14;
3134 : 14;
3135 : 14;
3136 : 14;
3137 : 14;
3138 : 14;
3139 : 14;
3140 : 14;
3141 : 14;
3142 : 10;
3143 : 10;
3144 : 10;
3145 : 10;
3146 : 10;
3147 : 10;
3148 : 10;
3149 : 10;
3150 : 10;
3151 : 10;
3152 : 14;
3153 : 14;
3154 : 14;
3155 : 14;
3156 : 14;
3157 : 14;
3158 : 14;
3159 : 14;
3160 : 14;
3161 : 14;
3162 : 10;
3163 : 10;
3164 : 10;
3165 : 10;
3166 : 10;
3167 : 10;
3168 : 10;
3169 : 10;
3170 : 10;
3171 : 10;
3172 : 14;
3173 : 14;
3174 : 14;
3175 : 14;
3176 : 14;
3177 : 14;
3178 : 14;
3179 : 14;
3180 : 14;
3181 : 14;
3182 : 14;
3183 : 10;
3184 : 10;
3185 : 10;
3186 : 10;
3187 : 10;
3188 : 10;
3189 : 10;
3190 : 10;
3191 : 10;
3192 : 10;
3193 : 14;
3194 : 14;
3195 : 14;
3196 : 14;
3197 : 14;
3198 : 14;
3199 : 14;
3200 : 14;
3201 : 14;
3202 : 14;
3203 : 14;
3204 : 14;
3205 : 14;
3206 : 14;
3207 : 14;
3208 : 14;
3209 : 14;
3210 : 1D;
3211 : 1D;
3212 : 1D;
3213 : 1D;
3214 : 1D;
3215 : 1D;
3216 : 1D;
3217 : 1D;
3218 : 1D;
3219 : 1D;
3220 : 3D;
3221 : 3D;
3222 : 3D;
3223 : 3D;
3224 : 3D;
3225 : 3D;
3226 : 3D;
3227 : 3D;
3228 : 3D;
3229 : 3D;
3230 : 1D;
3231 : 1D;
3232 : 1D;
3233 : 1D;
3234 : 1D;
3235 : 1D;
3236 : 1D;
3237 : 1D;
3238 : 1D;
3239 : 1D;
3240 : 3D;
3241 : 3D;
3242 : 3D;
3243 : 3D;
3244 : 3D;
3245 : 3D;
3246 : 3D;
3247 : 3D;
3248 : 3D;
3249 : 3D;
3250 : 1D;
3251 : 1D;
3252 : 1D;
3253 : 1D;
3254 : 1D;
3255 : 1D;
3256 : 1D;
3257 : 1D;
3258 : 1D;
3259 : 1D;
3260 : 3D;
3261 : 3D;
3262 : 3D;
3263 : 3D;
3264 : 3D;
3265 : 3D;
3266 : 3D;
3267 : 3D;
3268 : 3D;
3269 : 3D;
3270 : 1D;
3271 : 1D;
3272 : 1D;
3273 : 1D;
3274 : 1D;
3275 : 1D;
3276 : 1D;
3277 : 1D;
3278 : 1D;
3279 : 1D;
3280 : 1D;
3281 : 3D;
3282 : 3D;
3283 : 3D;
3284 : 3D;
3285 : 3D;
3286 : 3D;
3287 : 3D;
3288 : 3D;
3289 : 3D;
3290 : 3D;
3291 : 1D;
3292 : 1D;
3293 : 1D;
3294 : 1D;
3295 : 1D;
3296 : 1D;
3297 : 1D;
3298 : 1D;
3299 : 1D;
3300 : 1D;
3301 : 3D;
3302 : 3D;
3303 : 3D;
3304 : 3D;
3305 : 3D;
3306 : 3D;
3307 : 3D;
3308 : 3D;
3309 : 3D;
3310 : 3D;
3311 : 1D;
3312 : 1D;
3313 : 1D;
3314 : 1D;
3315 : 1D;
3316 : 1D;
3317 : 1D;
3318 : 1D;
3319 : 1D;
3320 : 1D;
3321 : 3D;
3322 : 3D;
3323 : 3D;
3324 : 3D;
3325 : 3D;
3326 : 3D;
3327 : 3D;
3328 : 3D;
3329 : 3D;
3330 : 3D;
3331 : 1D;
3332 : 1D;
3333 : 1D;
3334 : 1D;
3335 : 1D;
3336 : 1D;
3337 : 1D;
3338 : 1D;
3339 : 1D;
3340 : 1D;
3341 : 3D;
3342 : 3D;
3343 : 3D;
3344 : 3D;
3345 : 3D;
3346 : 3D;
3347 : 3D;
3348 : 3D;
3349 : 3D;
3350 : 3D;
3351 : 1D;
3352 : 1D;
3353 : 1D;
3354 : 1D;
3355 : 1D;
3356 : 1D;
3357 : 1D;
3358 : 1D;
3359 : 1D;
3360 : 1D;
3361 : 3D;
3362 : 3D;
3363 : 3D;
3364 : 3D;
3365 : 3D;
3366 : 3D;
3367 : 3D;
3368 : 3D;
3369 : 3D;
3370 : 3D;
3371 : 1D;
3372 : 1D;
3373 : 1D;
3374 : 1D;
3375 : 1D;
3376 : 1D;
3377 : 1D;
3378 : 1D;
3379 : 1D;
3380 : 1D;
3381 : 3D;
3382 : 3D;
3383 : 3D;
3384 : 3D;
3385 : 3D;
3386 : 3D;
3387 : 3D;
3388 : 3D;
3389 : 3D;
3390 : 3D;
3391 : 3D;
3392 : 1D;
3393 : 1D;
3394 : 1D;
3395 : 1D;
3396 : 1D;
3397 : 1D;
3398 : 1D;
3399 : 1D;
3400 : 1D;
3401 : 1D;
3402 : 3D;
3403 : 3D;
3404 : 3D;
3405 : 3D;
3406 : 3D;
3407 : 3D;
3408 : 3D;
3409 : 3D;
3410 : 3D;
3411 : 3D;
3412 : 1D;
3413 : 1D;
3414 : 1D;
3415 : 1D;
3416 : 1D;
3417 : 1D;
3418 : 1D;
3419 : 1D;
3420 : 1D;
3421 : 1D;
3422 : 3D;
3423 : 3D;
3424 : 3D;
3425 : 3D;
3426 : 3D;
3427 : 3D;
3428 : 3D;
3429 : 3D;
3430 : 3D;
3431 : 3D;
3432 : 1D;
3433 : 1D;
3434 : 1D;
3435 : 1D;
3436 : 1D;
3437 : 1D;
3438 : 1D;
3439 : 1D;
3440 : 1D;
3441 : 1D;
3442 : 3D;
3443 : 3D;
3444 : 3D;
3445 : 3D;
3446 : 3D;
3447 : 3D;
3448 : 3D;
3449 : 3D;
3450 : 3D;
3451 : 3D;
3452 : 1D;
3453 : 1D;
3454 : 1D;
3455 : 1D;
3456 : 1D;
3457 : 1D;
3458 : 1D;
3459 : 1D;
3460 : 1D;
3461 : 1D;
3462 : 3D;
3463 : 3D;
3464 : 3D;
3465 : 3D;
3466 : 3D;
3467 : 3D;
3468 : 3D;
3469 : 3D;
3470 : 3D;
3471 : 3D;
3472 : 1D;
3473 : 1D;
3474 : 1D;
3475 : 1D;
3476 : 1D;
3477 : 1D;
3478 : 1D;
3479 : 1D;
3480 : 1D;
3481 : 1D;
3482 : 3D;
3483 : 3D;
3484 : 3D;
3485 : 3D;
3486 : 3D;
3487 : 3D;
3488 : 3D;
3489 : 3D;
3490 : 3D;
3491 : 3D;
3492 : 1D;
3493 : 1D;
3494 : 1D;
3495 : 1D;
3496 : 1D;
3497 : 1D;
3498 : 1D;
3499 : 1D;
3500 : 1D;
3501 : 1D;
3502 : 1D;
3503 : 3D;
3504 : 3D;
3505 : 3D;
3506 : 3D;
3507 : 3D;
3508 : 3D;
3509 : 3D;
3510 : 3D;
3511 : 3D;
3512 : 3D;
3513 : 10;
3514 : 10;
3515 : 10;
3516 : 10;
3517 : 10;
3518 : 10;
3519 : 10;
3520 : 14;
3521 : 14;
3522 : 14;
3523 : 14;
3524 : 14;
3525 : 14;
3526 : 14;
3527 : 14;
3528 : 14;
3529 : 14;
3530 : 1D;
3531 : 1D;
3532 : 1D;
3533 : 1D;
3534 : 1D;
3535 : 1D;
3536 : 1D;
3537 : 1D;
3538 : 1D;
3539 : 1D;
3540 : 3D;
3541 : 3D;
3542 : 3D;
3543 : 3D;
3544 : 3D;
3545 : 3D;
3546 : 3D;
3547 : 3D;
3548 : 3D;
3549 : 3D;
3550 : 1D;
3551 : 1D;
3552 : 1D;
3553 : 1D;
3554 : 1D;
3555 : 1D;
3556 : 1D;
3557 : 1D;
3558 : 1D;
3559 : 1D;
3560 : 3D;
3561 : 3D;
3562 : 3D;
3563 : 3D;
3564 : 3D;
3565 : 3D;
3566 : 3D;
3567 : 3D;
3568 : 3D;
3569 : 3D;
3570 : 1D;
3571 : 1D;
3572 : 1D;
3573 : 1D;
3574 : 1D;
3575 : 1D;
3576 : 1D;
3577 : 1D;
3578 : 1D;
3579 : 1D;
3580 : 3D;
3581 : 3D;
3582 : 3D;
3583 : 3D;
3584 : 3D;
3585 : 3D;
3586 : 3D;
3587 : 3D;
3588 : 3D;
3589 : 3D;
3590 : 1D;
3591 : 1D;
3592 : 1D;
3593 : 1D;
3594 : 1D;
3595 : 1D;
3596 : 1D;
3597 : 1D;
3598 : 1D;
3599 : 1D;
3600 : 1D;
3601 : 3D;
3602 : 3D;
3603 : 3D;
3604 : 3D;
3605 : 3D;
3606 : 3D;
3607 : 3D;
3608 : 3D;
3609 : 3D;
3610 : 3D;
3611 : 1D;
3612 : 1D;
3613 : 1D;
3614 : 1D;
3615 : 1D;
3616 : 1D;
3617 : 1D;
3618 : 1D;
3619 : 1D;
3620 : 1D;
3621 : 3D;
3622 : 3D;
3623 : 3D;
3624 : 3D;
3625 : 3D;
3626 : 3D;
3627 : 3D;
3628 : 3D;
3629 : 3D;
3630 : 3D;
3631 : 1D;
3632 : 1D;
3633 : 1D;
3634 : 1D;
3635 : 1D;
3636 : 1D;
3637 : 1D;
3638 : 1D;
3639 : 1D;
3640 : 1D;
3641 : 3D;
3642 : 3D;
3643 : 3D;
3644 : 3D;
3645 : 3D;
3646 : 3D;
3647 : 3D;
3648 : 3D;
3649 : 3D;
3650 : 3D;
3651 : 1D;
3652 : 1D;
3653 : 1D;
3654 : 1D;
3655 : 1D;
3656 : 1D;
3657 : 1D;
3658 : 1D;
3659 : 1D;
3660 : 1D;
3661 : 3D;
3662 : 3D;
3663 : 3D;
3664 : 3D;
3665 : 3D;
3666 : 3D;
3667 : 3D;
3668 : 3D;
3669 : 3D;
3670 : 3D;
3671 : 1D;
3672 : 1D;
3673 : 1D;
3674 : 1D;
3675 : 1D;
3676 : 1D;
3677 : 1D;
3678 : 1D;
3679 : 1D;
3680 : 1D;
3681 : 3D;
3682 : 3D;
3683 : 3D;
3684 : 3D;
3685 : 3D;
3686 : 3D;
3687 : 3D;
3688 : 3D;
3689 : 3D;
3690 : 3D;
3691 : 1D;
3692 : 1D;
3693 : 1D;
3694 : 1D;
3695 : 1D;
3696 : 1D;
3697 : 1D;
3698 : 1D;
3699 : 1D;
3700 : 1D;
3701 : 3D;
3702 : 3D;
3703 : 3D;
3704 : 3D;
3705 : 3D;
3706 : 3D;
3707 : 3D;
3708 : 3D;
3709 : 3D;
3710 : 3D;
3711 : 3D;
3712 : 1D;
3713 : 1D;
3714 : 1D;
3715 : 1D;
3716 : 1D;
3717 : 1D;
3718 : 1D;
3719 : 1D;
3720 : 1D;
3721 : 1D;
3722 : 3D;
3723 : 3D;
3724 : 3D;
3725 : 3D;
3726 : 3D;
3727 : 3D;
3728 : 3D;
3729 : 3D;
3730 : 3D;
3731 : 3D;
3732 : 1D;
3733 : 1D;
3734 : 1D;
3735 : 1D;
3736 : 1D;
3737 : 1D;
3738 : 1D;
3739 : 1D;
3740 : 1D;
3741 : 1D;
3742 : 3D;
3743 : 3D;
3744 : 3D;
3745 : 3D;
3746 : 3D;
3747 : 3D;
3748 : 3D;
3749 : 3D;
3750 : 3D;
3751 : 3D;
3752 : 1D;
3753 : 1D;
3754 : 1D;
3755 : 1D;
3756 : 1D;
3757 : 1D;
3758 : 1D;
3759 : 1D;
3760 : 1D;
3761 : 1D;
3762 : 3D;
3763 : 3D;
3764 : 3D;
3765 : 3D;
3766 : 3D;
3767 : 3D;
3768 : 3D;
3769 : 3D;
3770 : 3D;
3771 : 3D;
3772 : 1D;
3773 : 1D;
3774 : 1D;
3775 : 1D;
3776 : 1D;
3777 : 1D;
3778 : 1D;
3779 : 1D;
3780 : 1D;
3781 : 1D;
3782 : 3D;
3783 : 3D;
3784 : 3D;
3785 : 3D;
3786 : 3D;
3787 : 3D;
3788 : 3D;
3789 : 3D;
3790 : 3D;
3791 : 3D;
3792 : 1D;
3793 : 1D;
3794 : 1D;
3795 : 1D;
3796 : 1D;
3797 : 1D;
3798 : 1D;
3799 : 1D;
3800 : 1D;
3801 : 1D;
3802 : 3D;
3803 : 3D;
3804 : 3D;
3805 : 3D;
3806 : 3D;
3807 : 3D;
3808 : 3D;
3809 : 3D;
3810 : 3D;
3811 : 3D;
3812 : 1D;
3813 : 1D;
3814 : 1D;
3815 : 1D;
3816 : 1D;
3817 : 1D;
3818 : 1D;
3819 : 1D;
3820 : 1D;
3821 : 1D;
3822 : 1D;
3823 : 3D;
3824 : 3D;
3825 : 3D;
3826 : 3D;
3827 : 3D;
3828 : 3D;
3829 : 3D;
3830 : 3D;
3831 : 3D;
3832 : 3D;
3833 : 10;
3834 : 10;
3835 : 10;
3836 : 10;
3837 : 10;
3838 : 10;
3839 : 10;
3840 : 14;
3841 : 14;
3842 : 14;
3843 : 14;
3844 : 14;
3845 : 14;
3846 : 14;
3847 : 14;
3848 : 14;
3849 : 14;
3850 : 1D;
3851 : 1D;
3852 : 1D;
3853 : 1D;
3854 : 1D;
3855 : 1D;
3856 : 1D;
3857 : 1D;
3858 : 1D;
3859 : 1D;
3860 : 3D;
3861 : 3D;
3862 : 3D;
3863 : 3D;
3864 : 3D;
3865 : 3D;
3866 : 3D;
3867 : 3D;
3868 : 3D;
3869 : 3D;
3870 : 1D;
3871 : 1D;
3872 : 1D;
3873 : 1D;
3874 : 1D;
3875 : 1D;
3876 : 1D;
3877 : 1D;
3878 : 1D;
3879 : 1D;
3880 : 3D;
3881 : 3D;
3882 : 3D;
3883 : 3D;
3884 : 3D;
3885 : 3D;
3886 : 3D;
3887 : 3D;
3888 : 3D;
3889 : 3D;
3890 : 1D;
3891 : 1D;
3892 : 1D;
3893 : 1D;
3894 : 1D;
3895 : 1D;
3896 : 1D;
3897 : 1D;
3898 : 1D;
3899 : 1D;
3900 : 3D;
3901 : 3D;
3902 : 3D;
3903 : 3D;
3904 : 3D;
3905 : 3D;
3906 : 3D;
3907 : 3D;
3908 : 3D;
3909 : 3D;
3910 : 1D;
3911 : 1D;
3912 : 1D;
3913 : 1D;
3914 : 1D;
3915 : 1D;
3916 : 1D;
3917 : 1D;
3918 : 1D;
3919 : 1D;
3920 : 1D;
3921 : 3D;
3922 : 3D;
3923 : 3D;
3924 : 3D;
3925 : 3D;
3926 : 3D;
3927 : 3D;
3928 : 3D;
3929 : 3D;
3930 : 3D;
3931 : 1D;
3932 : 1D;
3933 : 1D;
3934 : 1D;
3935 : 1D;
3936 : 1D;
3937 : 1D;
3938 : 1D;
3939 : 1D;
3940 : 1D;
3941 : 3D;
3942 : 3D;
3943 : 3D;
3944 : 3D;
3945 : 3D;
3946 : 3D;
3947 : 3D;
3948 : 3D;
3949 : 3D;
3950 : 3D;
3951 : 1D;
3952 : 1D;
3953 : 1D;
3954 : 1D;
3955 : 1D;
3956 : 1D;
3957 : 1D;
3958 : 1D;
3959 : 1D;
3960 : 1D;
3961 : 3D;
3962 : 3D;
3963 : 3D;
3964 : 3D;
3965 : 3D;
3966 : 3D;
3967 : 3D;
3968 : 3D;
3969 : 3D;
3970 : 3D;
3971 : 1D;
3972 : 1D;
3973 : 1D;
3974 : 1D;
3975 : 1D;
3976 : 1D;
3977 : 1D;
3978 : 1D;
3979 : 1D;
3980 : 1D;
3981 : 3D;
3982 : 3D;
3983 : 3D;
3984 : 3D;
3985 : 3D;
3986 : 3D;
3987 : 3D;
3988 : 3D;
3989 : 3D;
3990 : 3D;
3991 : 1D;
3992 : 1D;
3993 : 1D;
3994 : 1D;
3995 : 1D;
3996 : 1D;
3997 : 1D;
3998 : 1D;
3999 : 1D;
4000 : 1D;
4001 : 3D;
4002 : 3D;
4003 : 3D;
4004 : 3D;
4005 : 3D;
4006 : 3D;
4007 : 3D;
4008 : 3D;
4009 : 3D;
4010 : 3D;
4011 : 1D;
4012 : 1D;
4013 : 1D;
4014 : 1D;
4015 : 1D;
4016 : 1D;
4017 : 1D;
4018 : 1D;
4019 : 1D;
4020 : 1D;
4021 : 3D;
4022 : 3D;
4023 : 3D;
4024 : 3D;
4025 : 3D;
4026 : 3D;
4027 : 3D;
4028 : 3D;
4029 : 3D;
4030 : 3D;
4031 : 3D;
4032 : 1D;
4033 : 1D;
4034 : 1D;
4035 : 1D;
4036 : 1D;
4037 : 1D;
4038 : 1D;
4039 : 1D;
4040 : 1D;
4041 : 1D;
4042 : 3D;
4043 : 3D;
4044 : 3D;
4045 : 3D;
4046 : 3D;
4047 : 3D;
4048 : 3D;
4049 : 3D;
4050 : 3D;
4051 : 3D;
4052 : 1D;
4053 : 1D;
4054 : 1D;
4055 : 1D;
4056 : 1D;
4057 : 1D;
4058 : 1D;
4059 : 1D;
4060 : 1D;
4061 : 1D;
4062 : 3D;
4063 : 3D;
4064 : 3D;
4065 : 3D;
4066 : 3D;
4067 : 3D;
4068 : 3D;
4069 : 3D;
4070 : 3D;
4071 : 3D;
4072 : 1D;
4073 : 1D;
4074 : 1D;
4075 : 1D;
4076 : 1D;
4077 : 1D;
4078 : 1D;
4079 : 1D;
4080 : 1D;
4081 : 1D;
4082 : 3D;
4083 : 3D;
4084 : 3D;
4085 : 3D;
4086 : 3D;
4087 : 3D;
4088 : 3D;
4089 : 3D;
4090 : 3D;
4091 : 3D;
4092 : 1D;
4093 : 1D;
4094 : 1D;
4095 : 1D;
4096 : 1D;
4097 : 1D;
4098 : 1D;
4099 : 1D;
4100 : 1D;
4101 : 1D;
4102 : 3D;
4103 : 3D;
4104 : 3D;
4105 : 3D;
4106 : 3D;
4107 : 3D;
4108 : 3D;
4109 : 3D;
4110 : 3D;
4111 : 3D;
4112 : 1D;
4113 : 1D;
4114 : 1D;
4115 : 1D;
4116 : 1D;
4117 : 1D;
4118 : 1D;
4119 : 1D;
4120 : 1D;
4121 : 1D;
4122 : 3D;
4123 : 3D;
4124 : 3D;
4125 : 3D;
4126 : 3D;
4127 : 3D;
4128 : 3D;
4129 : 3D;
4130 : 3D;
4131 : 3D;
4132 : 1D;
4133 : 1D;
4134 : 1D;
4135 : 1D;
4136 : 1D;
4137 : 1D;
4138 : 1D;
4139 : 1D;
4140 : 1D;
4141 : 1D;
4142 : 1D;
4143 : 3D;
4144 : 3D;
4145 : 3D;
4146 : 3D;
4147 : 3D;
4148 : 3D;
4149 : 3D;
4150 : 3D;
4151 : 3D;
4152 : 3D;
4153 : 10;
4154 : 10;
4155 : 10;
4156 : 10;
4157 : 10;
4158 : 10;
4159 : 10;
4160 : 14;
4161 : 14;
4162 : 14;
4163 : 14;
4164 : 14;
4165 : 14;
4166 : 14;
4167 : 14;
4168 : 14;
4169 : 14;
4170 : 1D;
4171 : 1D;
4172 : 1D;
4173 : 1D;
4174 : 1D;
4175 : 1D;
4176 : 1D;
4177 : 1D;
4178 : 1D;
4179 : 1D;
4180 : 3D;
4181 : 3D;
4182 : 3D;
4183 : 3D;
4184 : 3D;
4185 : 3D;
4186 : 3D;
4187 : 3D;
4188 : 3D;
4189 : 3D;
4190 : 1D;
4191 : 1D;
4192 : 1D;
4193 : 1D;
4194 : 1D;
4195 : 1D;
4196 : 1D;
4197 : 1D;
4198 : 1D;
4199 : 1D;
4200 : 3D;
4201 : 3D;
4202 : 3D;
4203 : 3D;
4204 : 3D;
4205 : 3D;
4206 : 3D;
4207 : 3D;
4208 : 3D;
4209 : 3D;
4210 : 1D;
4211 : 1D;
4212 : 1D;
4213 : 1D;
4214 : 1D;
4215 : 1D;
4216 : 1D;
4217 : 1D;
4218 : 1D;
4219 : 1D;
4220 : 3D;
4221 : 3D;
4222 : 3D;
4223 : 3D;
4224 : 3D;
4225 : 3D;
4226 : 3D;
4227 : 3D;
4228 : 3D;
4229 : 3D;
4230 : 1D;
4231 : 1D;
4232 : 1D;
4233 : 1D;
4234 : 1D;
4235 : 1D;
4236 : 1D;
4237 : 1D;
4238 : 1D;
4239 : 1D;
4240 : 1D;
4241 : 3D;
4242 : 3D;
4243 : 3D;
4244 : 3D;
4245 : 3D;
4246 : 3D;
4247 : 3D;
4248 : 3D;
4249 : 3D;
4250 : 3D;
4251 : 1D;
4252 : 1D;
4253 : 1D;
4254 : 1D;
4255 : 1D;
4256 : 1D;
4257 : 1D;
4258 : 1D;
4259 : 1D;
4260 : 1D;
4261 : 3D;
4262 : 3D;
4263 : 3D;
4264 : 3D;
4265 : 3D;
4266 : 3D;
4267 : 3D;
4268 : 3D;
4269 : 3D;
4270 : 3D;
4271 : 1D;
4272 : 1D;
4273 : 1D;
4274 : 1D;
4275 : 1D;
4276 : 1D;
4277 : 1D;
4278 : 1D;
4279 : 1D;
4280 : 1D;
4281 : 3D;
4282 : 3D;
4283 : 3D;
4284 : 3D;
4285 : 3D;
4286 : 3D;
4287 : 3D;
4288 : 3D;
4289 : 3D;
4290 : 3D;
4291 : 1D;
4292 : 1D;
4293 : 1D;
4294 : 1D;
4295 : 1D;
4296 : 1D;
4297 : 1D;
4298 : 1D;
4299 : 1D;
4300 : 1D;
4301 : 3D;
4302 : 3D;
4303 : 3D;
4304 : 3D;
4305 : 3D;
4306 : 3D;
4307 : 3D;
4308 : 3D;
4309 : 3D;
4310 : 3D;
4311 : 1D;
4312 : 1D;
4313 : 1D;
4314 : 1D;
4315 : 1D;
4316 : 1D;
4317 : 1D;
4318 : 1D;
4319 : 1D;
4320 : 1D;
4321 : 3D;
4322 : 3D;
4323 : 3D;
4324 : 3D;
4325 : 3D;
4326 : 3D;
4327 : 3D;
4328 : 3D;
4329 : 3D;
4330 : 3D;
4331 : 1D;
4332 : 1D;
4333 : 1D;
4334 : 1D;
4335 : 1D;
4336 : 1D;
4337 : 1D;
4338 : 1D;
4339 : 1D;
4340 : 1D;
4341 : 3D;
4342 : 3D;
4343 : 3D;
4344 : 3D;
4345 : 3D;
4346 : 3D;
4347 : 3D;
4348 : 3D;
4349 : 3D;
4350 : 3D;
4351 : 3D;
4352 : 1D;
4353 : 1D;
4354 : 1D;
4355 : 1D;
4356 : 1D;
4357 : 1D;
4358 : 1D;
4359 : 1D;
4360 : 1D;
4361 : 1D;
4362 : 3D;
4363 : 3D;
4364 : 3D;
4365 : 3D;
4366 : 3D;
4367 : 3D;
4368 : 3D;
4369 : 3D;
4370 : 3D;
4371 : 3D;
4372 : 1D;
4373 : 1D;
4374 : 1D;
4375 : 1D;
4376 : 1D;
4377 : 1D;
4378 : 1D;
4379 : 1D;
4380 : 1D;
4381 : 1D;
4382 : 3D;
4383 : 3D;
4384 : 3D;
4385 : 3D;
4386 : 3D;
4387 : 3D;
4388 : 3D;
4389 : 3D;
4390 : 3D;
4391 : 3D;
4392 : 1D;
4393 : 1D;
4394 : 1D;
4395 : 1D;
4396 : 1D;
4397 : 1D;
4398 : 1D;
4399 : 1D;
4400 : 1D;
4401 : 1D;
4402 : 3D;
4403 : 3D;
4404 : 3D;
4405 : 3D;
4406 : 3D;
4407 : 3D;
4408 : 3D;
4409 : 3D;
4410 : 3D;
4411 : 3D;
4412 : 1D;
4413 : 1D;
4414 : 1D;
4415 : 1D;
4416 : 1D;
4417 : 1D;
4418 : 1D;
4419 : 1D;
4420 : 1D;
4421 : 1D;
4422 : 3D;
4423 : 3D;
4424 : 3D;
4425 : 3D;
4426 : 3D;
4427 : 3D;
4428 : 3D;
4429 : 3D;
4430 : 3D;
4431 : 3D;
4432 : 1D;
4433 : 1D;
4434 : 1D;
4435 : 1D;
4436 : 1D;
4437 : 1D;
4438 : 1D;
4439 : 1D;
4440 : 1D;
4441 : 1D;
4442 : 3D;
4443 : 3D;
4444 : 3D;
4445 : 3D;
4446 : 3D;
4447 : 3D;
4448 : 3D;
4449 : 3D;
4450 : 3D;
4451 : 3D;
4452 : 1D;
4453 : 1D;
4454 : 1D;
4455 : 1D;
4456 : 1D;
4457 : 1D;
4458 : 1D;
4459 : 1D;
4460 : 1D;
4461 : 1D;
4462 : 1D;
4463 : 3D;
4464 : 3D;
4465 : 3D;
4466 : 3D;
4467 : 3D;
4468 : 3D;
4469 : 3D;
4470 : 3D;
4471 : 3D;
4472 : 3D;
4473 : 10;
4474 : 10;
4475 : 10;
4476 : 10;
4477 : 10;
4478 : 10;
4479 : 10;
4480 : 14;
4481 : 14;
4482 : 14;
4483 : 14;
4484 : 14;
4485 : 14;
4486 : 14;
4487 : 14;
4488 : 14;
4489 : 14;
4490 : 1D;
4491 : 1D;
4492 : 1D;
4493 : 1D;
4494 : 1D;
4495 : 1D;
4496 : 1D;
4497 : 1D;
4498 : 1D;
4499 : 1D;
4500 : 3D;
4501 : 3D;
4502 : 3D;
4503 : 3D;
4504 : 3D;
4505 : 3D;
4506 : 3D;
4507 : 3D;
4508 : 3D;
4509 : 3D;
4510 : 1D;
4511 : 1D;
4512 : 1D;
4513 : 1D;
4514 : 1D;
4515 : 1D;
4516 : 1D;
4517 : 1D;
4518 : 1D;
4519 : 1D;
4520 : 3D;
4521 : 3D;
4522 : 3D;
4523 : 3D;
4524 : 3D;
4525 : 3D;
4526 : 3D;
4527 : 3D;
4528 : 3D;
4529 : 3D;
4530 : 1D;
4531 : 1D;
4532 : 1D;
4533 : 1D;
4534 : 1D;
4535 : 1D;
4536 : 1D;
4537 : 1D;
4538 : 1D;
4539 : 1D;
4540 : 3D;
4541 : 3D;
4542 : 3D;
4543 : 3D;
4544 : 3D;
4545 : 3D;
4546 : 3D;
4547 : 3D;
4548 : 3D;
4549 : 3D;
4550 : 1D;
4551 : 1D;
4552 : 1D;
4553 : 1D;
4554 : 1D;
4555 : 1D;
4556 : 1D;
4557 : 1D;
4558 : 1D;
4559 : 1D;
4560 : 1D;
4561 : 3D;
4562 : 3D;
4563 : 3D;
4564 : 3D;
4565 : 3D;
4566 : 3D;
4567 : 3D;
4568 : 3D;
4569 : 3D;
4570 : 3D;
4571 : 1D;
4572 : 1D;
4573 : 1D;
4574 : 1D;
4575 : 1D;
4576 : 1D;
4577 : 1D;
4578 : 1D;
4579 : 1D;
4580 : 1D;
4581 : 3D;
4582 : 3D;
4583 : 3D;
4584 : 3D;
4585 : 3D;
4586 : 3D;
4587 : 3D;
4588 : 3D;
4589 : 3D;
4590 : 3D;
4591 : 1D;
4592 : 1D;
4593 : 1D;
4594 : 1D;
4595 : 1D;
4596 : 1D;
4597 : 1D;
4598 : 1D;
4599 : 1D;
4600 : 1D;
4601 : 3D;
4602 : 3D;
4603 : 3D;
4604 : 3D;
4605 : 3D;
4606 : 3D;
4607 : 3D;
4608 : 3D;
4609 : 3D;
4610 : 3D;
4611 : 1D;
4612 : 1D;
4613 : 1D;
4614 : 1D;
4615 : 1D;
4616 : 1D;
4617 : 1D;
4618 : 1D;
4619 : 1D;
4620 : 1D;
4621 : 3D;
4622 : 3D;
4623 : 3D;
4624 : 3D;
4625 : 3D;
4626 : 3D;
4627 : 3D;
4628 : 3D;
4629 : 3D;
4630 : 3D;
4631 : 1D;
4632 : 1D;
4633 : 1D;
4634 : 1D;
4635 : 1D;
4636 : 1D;
4637 : 1D;
4638 : 1D;
4639 : 1D;
4640 : 1D;
4641 : 3D;
4642 : 3D;
4643 : 3D;
4644 : 3D;
4645 : 3D;
4646 : 3D;
4647 : 3D;
4648 : 3D;
4649 : 3D;
4650 : 3D;
4651 : 1D;
4652 : 1D;
4653 : 1D;
4654 : 1D;
4655 : 1D;
4656 : 1D;
4657 : 1D;
4658 : 1D;
4659 : 1D;
4660 : 1D;
4661 : 3D;
4662 : 3D;
4663 : 3D;
4664 : 3D;
4665 : 3D;
4666 : 3D;
4667 : 3D;
4668 : 3D;
4669 : 3D;
4670 : 3D;
4671 : 3D;
4672 : 1D;
4673 : 1D;
4674 : 1D;
4675 : 1D;
4676 : 1D;
4677 : 1D;
4678 : 1D;
4679 : 1D;
4680 : 1D;
4681 : 1D;
4682 : 3D;
4683 : 3D;
4684 : 3D;
4685 : 3D;
4686 : 3D;
4687 : 3D;
4688 : 3D;
4689 : 3D;
4690 : 3D;
4691 : 3D;
4692 : 1D;
4693 : 1D;
4694 : 1D;
4695 : 1D;
4696 : 1D;
4697 : 1D;
4698 : 1D;
4699 : 1D;
4700 : 1D;
4701 : 1D;
4702 : 3D;
4703 : 3D;
4704 : 3D;
4705 : 3D;
4706 : 3D;
4707 : 3D;
4708 : 3D;
4709 : 3D;
4710 : 3D;
4711 : 3D;
4712 : 1D;
4713 : 1D;
4714 : 1D;
4715 : 1D;
4716 : 1D;
4717 : 1D;
4718 : 1D;
4719 : 1D;
4720 : 1D;
4721 : 1D;
4722 : 3D;
4723 : 3D;
4724 : 3D;
4725 : 3D;
4726 : 3D;
4727 : 3D;
4728 : 3D;
4729 : 3D;
4730 : 3D;
4731 : 3D;
4732 : 1D;
4733 : 1D;
4734 : 1D;
4735 : 1D;
4736 : 1D;
4737 : 1D;
4738 : 1D;
4739 : 1D;
4740 : 1D;
4741 : 1D;
4742 : 3D;
4743 : 3D;
4744 : 3D;
4745 : 3D;
4746 : 3D;
4747 : 3D;
4748 : 3D;
4749 : 3D;
4750 : 3D;
4751 : 3D;
4752 : 1D;
4753 : 1D;
4754 : 1D;
4755 : 1D;
4756 : 1D;
4757 : 1D;
4758 : 1D;
4759 : 1D;
4760 : 1D;
4761 : 1D;
4762 : 3D;
4763 : 3D;
4764 : 3D;
4765 : 3D;
4766 : 3D;
4767 : 3D;
4768 : 3D;
4769 : 3D;
4770 : 3D;
4771 : 3D;
4772 : 1D;
4773 : 1D;
4774 : 1D;
4775 : 1D;
4776 : 1D;
4777 : 1D;
4778 : 1D;
4779 : 1D;
4780 : 1D;
4781 : 1D;
4782 : 1D;
4783 : 3D;
4784 : 3D;
4785 : 3D;
4786 : 3D;
4787 : 3D;
4788 : 3D;
4789 : 3D;
4790 : 3D;
4791 : 3D;
4792 : 3D;
4793 : 10;
4794 : 10;
4795 : 10;
4796 : 10;
4797 : 10;
4798 : 10;
4799 : 10;
4800 : 14;
4801 : 14;
4802 : 14;
4803 : 14;
4804 : 14;
4805 : 14;
4806 : 14;
4807 : 14;
4808 : 14;
4809 : 14;
4810 : 1D;
4811 : 1D;
4812 : 1D;
4813 : 1D;
4814 : 1D;
4815 : 1D;
4816 : 1D;
4817 : 1D;
4818 : 1D;
4819 : 1D;
4820 : 3D;
4821 : 3D;
4822 : 3D;
4823 : 3D;
4824 : 3D;
4825 : 3D;
4826 : 3D;
4827 : 3D;
4828 : 3D;
4829 : 3D;
4830 : 1D;
4831 : 1D;
4832 : 1D;
4833 : 1D;
4834 : 1D;
4835 : 1D;
4836 : 1D;
4837 : 1D;
4838 : 1D;
4839 : 1D;
4840 : 3D;
4841 : 3D;
4842 : 3D;
4843 : 3D;
4844 : 3D;
4845 : 3D;
4846 : 3D;
4847 : 3D;
4848 : 3D;
4849 : 3D;
4850 : 1D;
4851 : 1D;
4852 : 1D;
4853 : 1D;
4854 : 1D;
4855 : 1D;
4856 : 1D;
4857 : 1D;
4858 : 1D;
4859 : 1D;
4860 : 3D;
4861 : 3D;
4862 : 3D;
4863 : 3D;
4864 : 3D;
4865 : 3D;
4866 : 3D;
4867 : 3D;
4868 : 3D;
4869 : 3D;
4870 : 1D;
4871 : 1D;
4872 : 1D;
4873 : 1D;
4874 : 1D;
4875 : 1D;
4876 : 1D;
4877 : 1D;
4878 : 1D;
4879 : 1D;
4880 : 1D;
4881 : 3D;
4882 : 3D;
4883 : 3D;
4884 : 3D;
4885 : 3D;
4886 : 3D;
4887 : 3D;
4888 : 3D;
4889 : 3D;
4890 : 3D;
4891 : 1D;
4892 : 1D;
4893 : 1D;
4894 : 1D;
4895 : 1D;
4896 : 1D;
4897 : 1D;
4898 : 1D;
4899 : 1D;
4900 : 1D;
4901 : 3D;
4902 : 3D;
4903 : 3D;
4904 : 3D;
4905 : 3D;
4906 : 3D;
4907 : 3D;
4908 : 3D;
4909 : 3D;
4910 : 3D;
4911 : 1D;
4912 : 1D;
4913 : 1D;
4914 : 1D;
4915 : 1D;
4916 : 1D;
4917 : 1D;
4918 : 1D;
4919 : 1D;
4920 : 1D;
4921 : 3D;
4922 : 3D;
4923 : 3D;
4924 : 3D;
4925 : 3D;
4926 : 3D;
4927 : 3D;
4928 : 3D;
4929 : 3D;
4930 : 3D;
4931 : 1D;
4932 : 1D;
4933 : 1D;
4934 : 1D;
4935 : 1D;
4936 : 1D;
4937 : 1D;
4938 : 1D;
4939 : 1D;
4940 : 1D;
4941 : 3D;
4942 : 3D;
4943 : 3D;
4944 : 3D;
4945 : 3D;
4946 : 3D;
4947 : 3D;
4948 : 3D;
4949 : 3D;
4950 : 3D;
4951 : 1D;
4952 : 1D;
4953 : 1D;
4954 : 1D;
4955 : 1D;
4956 : 1D;
4957 : 1D;
4958 : 1D;
4959 : 1D;
4960 : 1D;
4961 : 3D;
4962 : 3D;
4963 : 3D;
4964 : 3D;
4965 : 3D;
4966 : 3D;
4967 : 3D;
4968 : 3D;
4969 : 3D;
4970 : 3D;
4971 : 1D;
4972 : 1D;
4973 : 1D;
4974 : 1D;
4975 : 1D;
4976 : 1D;
4977 : 1D;
4978 : 1D;
4979 : 1D;
4980 : 1D;
4981 : 3D;
4982 : 3D;
4983 : 3D;
4984 : 3D;
4985 : 3D;
4986 : 3D;
4987 : 3D;
4988 : 3D;
4989 : 3D;
4990 : 3D;
4991 : 3D;
4992 : 1D;
4993 : 1D;
4994 : 1D;
4995 : 1D;
4996 : 1D;
4997 : 1D;
4998 : 1D;
4999 : 1D;
5000 : 1D;
5001 : 1D;
5002 : 3D;
5003 : 3D;
5004 : 3D;
5005 : 3D;
5006 : 3D;
5007 : 3D;
5008 : 3D;
5009 : 3D;
5010 : 3D;
5011 : 3D;
5012 : 1D;
5013 : 1D;
5014 : 1D;
5015 : 1D;
5016 : 1D;
5017 : 1D;
5018 : 1D;
5019 : 1D;
5020 : 1D;
5021 : 1D;
5022 : 3D;
5023 : 3D;
5024 : 3D;
5025 : 3D;
5026 : 3D;
5027 : 3D;
5028 : 3D;
5029 : 3D;
5030 : 3D;
5031 : 3D;
5032 : 1D;
5033 : 1D;
5034 : 1D;
5035 : 1D;
5036 : 1D;
5037 : 1D;
5038 : 1D;
5039 : 1D;
5040 : 1D;
5041 : 1D;
5042 : 3D;
5043 : 3D;
5044 : 3D;
5045 : 3D;
5046 : 3D;
5047 : 3D;
5048 : 3D;
5049 : 3D;
5050 : 3D;
5051 : 3D;
5052 : 1D;
5053 : 1D;
5054 : 1D;
5055 : 1D;
5056 : 1D;
5057 : 1D;
5058 : 1D;
5059 : 1D;
5060 : 1D;
5061 : 1D;
5062 : 3D;
5063 : 3D;
5064 : 3D;
5065 : 3D;
5066 : 3D;
5067 : 3D;
5068 : 3D;
5069 : 3D;
5070 : 3D;
5071 : 3D;
5072 : 1D;
5073 : 1D;
5074 : 1D;
5075 : 1D;
5076 : 1D;
5077 : 1D;
5078 : 1D;
5079 : 1D;
5080 : 1D;
5081 : 1D;
5082 : 3D;
5083 : 3D;
5084 : 3D;
5085 : 3D;
5086 : 3D;
5087 : 3D;
5088 : 3D;
5089 : 3D;
5090 : 3D;
5091 : 3D;
5092 : 1D;
5093 : 1D;
5094 : 1D;
5095 : 1D;
5096 : 1D;
5097 : 1D;
5098 : 1D;
5099 : 1D;
5100 : 1D;
5101 : 1D;
5102 : 1D;
5103 : 3D;
5104 : 3D;
5105 : 3D;
5106 : 3D;
5107 : 3D;
5108 : 3D;
5109 : 3D;
5110 : 3D;
5111 : 3D;
5112 : 3D;
5113 : 10;
5114 : 10;
5115 : 10;
5116 : 10;
5117 : 10;
5118 : 10;
5119 : 10;
5120 : 14;
5121 : 14;
5122 : 14;
5123 : 14;
5124 : 14;
5125 : 14;
5126 : 14;
5127 : 14;
5128 : 14;
5129 : 14;
5130 : 1D;
5131 : 1D;
5132 : 1D;
5133 : 1D;
5134 : 1D;
5135 : 1D;
5136 : 1D;
5137 : 1D;
5138 : 1D;
5139 : 1D;
5140 : 3D;
5141 : 3D;
5142 : 3D;
5143 : 3D;
5144 : 3D;
5145 : 3D;
5146 : 3D;
5147 : 3D;
5148 : 3D;
5149 : 3D;
5150 : 1D;
5151 : 1D;
5152 : 1D;
5153 : 1D;
5154 : 1D;
5155 : 1D;
5156 : 1D;
5157 : 1D;
5158 : 1D;
5159 : 1D;
5160 : 3D;
5161 : 3D;
5162 : 3D;
5163 : 3D;
5164 : 3D;
5165 : 3D;
5166 : 3D;
5167 : 3D;
5168 : 3D;
5169 : 3D;
5170 : 1D;
5171 : 1D;
5172 : 1D;
5173 : 1D;
5174 : 1D;
5175 : 1D;
5176 : 1D;
5177 : 1D;
5178 : 1D;
5179 : 1D;
5180 : 3D;
5181 : 3D;
5182 : 3D;
5183 : 3D;
5184 : 3D;
5185 : 3D;
5186 : 3D;
5187 : 3D;
5188 : 3D;
5189 : 3D;
5190 : 1D;
5191 : 1D;
5192 : 1D;
5193 : 1D;
5194 : 1D;
5195 : 1D;
5196 : 1D;
5197 : 1D;
5198 : 1D;
5199 : 1D;
5200 : 1D;
5201 : 3D;
5202 : 3D;
5203 : 3D;
5204 : 3D;
5205 : 3D;
5206 : 3D;
5207 : 3D;
5208 : 3D;
5209 : 3D;
5210 : 3D;
5211 : 1D;
5212 : 1D;
5213 : 1D;
5214 : 1D;
5215 : 1D;
5216 : 1D;
5217 : 1D;
5218 : 1D;
5219 : 1D;
5220 : 1D;
5221 : 3D;
5222 : 3D;
5223 : 3D;
5224 : 3D;
5225 : 3D;
5226 : 3D;
5227 : 3D;
5228 : 3D;
5229 : 3D;
5230 : 3D;
5231 : 1D;
5232 : 1D;
5233 : 1D;
5234 : 1D;
5235 : 1D;
5236 : 1D;
5237 : 1D;
5238 : 1D;
5239 : 1D;
5240 : 1D;
5241 : 3D;
5242 : 3D;
5243 : 3D;
5244 : 3D;
5245 : 3D;
5246 : 3D;
5247 : 3D;
5248 : 3D;
5249 : 3D;
5250 : 3D;
5251 : 1D;
5252 : 1D;
5253 : 1D;
5254 : 1D;
5255 : 1D;
5256 : 1D;
5257 : 1D;
5258 : 1D;
5259 : 1D;
5260 : 1D;
5261 : 3D;
5262 : 3D;
5263 : 3D;
5264 : 3D;
5265 : 3D;
5266 : 3D;
5267 : 3D;
5268 : 3D;
5269 : 3D;
5270 : 3D;
5271 : 1D;
5272 : 1D;
5273 : 1D;
5274 : 1D;
5275 : 1D;
5276 : 1D;
5277 : 1D;
5278 : 1D;
5279 : 1D;
5280 : 1D;
5281 : 3D;
5282 : 3D;
5283 : 3D;
5284 : 3D;
5285 : 3D;
5286 : 3D;
5287 : 3D;
5288 : 3D;
5289 : 3D;
5290 : 3D;
5291 : 1D;
5292 : 1D;
5293 : 1D;
5294 : 1D;
5295 : 1D;
5296 : 1D;
5297 : 1D;
5298 : 1D;
5299 : 1D;
5300 : 1D;
5301 : 3D;
5302 : 3D;
5303 : 3D;
5304 : 3D;
5305 : 3D;
5306 : 3D;
5307 : 3D;
5308 : 3D;
5309 : 3D;
5310 : 3D;
5311 : 3D;
5312 : 1D;
5313 : 1D;
5314 : 1D;
5315 : 1D;
5316 : 1D;
5317 : 1D;
5318 : 1D;
5319 : 1D;
5320 : 1D;
5321 : 1D;
5322 : 3D;
5323 : 3D;
5324 : 3D;
5325 : 3D;
5326 : 3D;
5327 : 3D;
5328 : 3D;
5329 : 3D;
5330 : 3D;
5331 : 3D;
5332 : 1D;
5333 : 1D;
5334 : 1D;
5335 : 1D;
5336 : 1D;
5337 : 1D;
5338 : 1D;
5339 : 1D;
5340 : 1D;
5341 : 1D;
5342 : 3D;
5343 : 3D;
5344 : 3D;
5345 : 3D;
5346 : 3D;
5347 : 3D;
5348 : 3D;
5349 : 3D;
5350 : 3D;
5351 : 3D;
5352 : 1D;
5353 : 1D;
5354 : 1D;
5355 : 1D;
5356 : 1D;
5357 : 1D;
5358 : 1D;
5359 : 1D;
5360 : 1D;
5361 : 1D;
5362 : 3D;
5363 : 3D;
5364 : 3D;
5365 : 3D;
5366 : 3D;
5367 : 3D;
5368 : 3D;
5369 : 3D;
5370 : 3D;
5371 : 3D;
5372 : 1D;
5373 : 1D;
5374 : 1D;
5375 : 1D;
5376 : 1D;
5377 : 1D;
5378 : 1D;
5379 : 1D;
5380 : 1D;
5381 : 1D;
5382 : 3D;
5383 : 3D;
5384 : 3D;
5385 : 3D;
5386 : 3D;
5387 : 3D;
5388 : 3D;
5389 : 3D;
5390 : 3D;
5391 : 3D;
5392 : 1D;
5393 : 1D;
5394 : 1D;
5395 : 1D;
5396 : 1D;
5397 : 1D;
5398 : 1D;
5399 : 1D;
5400 : 1D;
5401 : 1D;
5402 : 3D;
5403 : 3D;
5404 : 3D;
5405 : 3D;
5406 : 3D;
5407 : 3D;
5408 : 3D;
5409 : 3D;
5410 : 3D;
5411 : 3D;
5412 : 1D;
5413 : 1D;
5414 : 1D;
5415 : 1D;
5416 : 1D;
5417 : 1D;
5418 : 1D;
5419 : 1D;
5420 : 1D;
5421 : 1D;
5422 : 1D;
5423 : 3D;
5424 : 3D;
5425 : 3D;
5426 : 3D;
5427 : 3D;
5428 : 3D;
5429 : 3D;
5430 : 3D;
5431 : 3D;
5432 : 3D;
5433 : 10;
5434 : 10;
5435 : 10;
5436 : 10;
5437 : 10;
5438 : 10;
5439 : 10;
5440 : 14;
5441 : 14;
5442 : 14;
5443 : 14;
5444 : 14;
5445 : 14;
5446 : 14;
5447 : 14;
5448 : 14;
5449 : 14;
5450 : 1D;
5451 : 1D;
5452 : 1D;
5453 : 1D;
5454 : 1D;
5455 : 1D;
5456 : 1D;
5457 : 1D;
5458 : 1D;
5459 : 1D;
5460 : 3D;
5461 : 3D;
5462 : 3D;
5463 : 3D;
5464 : 3D;
5465 : 3D;
5466 : 3D;
5467 : 3D;
5468 : 3D;
5469 : 3D;
5470 : 1D;
5471 : 1D;
5472 : 1D;
5473 : 1D;
5474 : 1D;
5475 : 1D;
5476 : 1D;
5477 : 1D;
5478 : 1D;
5479 : 1D;
5480 : 3D;
5481 : 3D;
5482 : 3D;
5483 : 3D;
5484 : 3D;
5485 : 3D;
5486 : 3D;
5487 : 3D;
5488 : 3D;
5489 : 3D;
5490 : 1D;
5491 : 1D;
5492 : 1D;
5493 : 1D;
5494 : 1D;
5495 : 1D;
5496 : 1D;
5497 : 1D;
5498 : 1D;
5499 : 1D;
5500 : 3D;
5501 : 3D;
5502 : 3D;
5503 : 3D;
5504 : 3D;
5505 : 3D;
5506 : 3D;
5507 : 3D;
5508 : 3D;
5509 : 3D;
5510 : 1D;
5511 : 1D;
5512 : 1D;
5513 : 1D;
5514 : 1D;
5515 : 1D;
5516 : 1D;
5517 : 1D;
5518 : 1D;
5519 : 1D;
5520 : 1D;
5521 : 3D;
5522 : 3D;
5523 : 3D;
5524 : 3D;
5525 : 3D;
5526 : 3D;
5527 : 3D;
5528 : 3D;
5529 : 3D;
5530 : 3D;
5531 : 1D;
5532 : 1D;
5533 : 1D;
5534 : 1D;
5535 : 1D;
5536 : 1D;
5537 : 1D;
5538 : 1D;
5539 : 1D;
5540 : 1D;
5541 : 3D;
5542 : 3D;
5543 : 3D;
5544 : 3D;
5545 : 3D;
5546 : 3D;
5547 : 3D;
5548 : 3D;
5549 : 3D;
5550 : 3D;
5551 : 1D;
5552 : 1D;
5553 : 1D;
5554 : 1D;
5555 : 1D;
5556 : 1D;
5557 : 1D;
5558 : 1D;
5559 : 1D;
5560 : 1D;
5561 : 3D;
5562 : 3D;
5563 : 3D;
5564 : 3D;
5565 : 3D;
5566 : 3D;
5567 : 3D;
5568 : 3D;
5569 : 3D;
5570 : 3D;
5571 : 1D;
5572 : 1D;
5573 : 1D;
5574 : 1D;
5575 : 1D;
5576 : 1D;
5577 : 1D;
5578 : 1D;
5579 : 1D;
5580 : 1D;
5581 : 3D;
5582 : 3D;
5583 : 3D;
5584 : 3D;
5585 : 3D;
5586 : 3D;
5587 : 3D;
5588 : 3D;
5589 : 3D;
5590 : 3D;
5591 : 1D;
5592 : 1D;
5593 : 1D;
5594 : 1D;
5595 : 1D;
5596 : 1D;
5597 : 1D;
5598 : 1D;
5599 : 1D;
5600 : 1D;
5601 : 3D;
5602 : 3D;
5603 : 3D;
5604 : 3D;
5605 : 3D;
5606 : 3D;
5607 : 3D;
5608 : 3D;
5609 : 3D;
5610 : 3D;
5611 : 1D;
5612 : 1D;
5613 : 1D;
5614 : 1D;
5615 : 1D;
5616 : 1D;
5617 : 1D;
5618 : 1D;
5619 : 1D;
5620 : 1D;
5621 : 3D;
5622 : 3D;
5623 : 3D;
5624 : 3D;
5625 : 3D;
5626 : 3D;
5627 : 3D;
5628 : 3D;
5629 : 3D;
5630 : 3D;
5631 : 3D;
5632 : 1D;
5633 : 1D;
5634 : 1D;
5635 : 1D;
5636 : 1D;
5637 : 1D;
5638 : 1D;
5639 : 1D;
5640 : 1D;
5641 : 1D;
5642 : 3D;
5643 : 3D;
5644 : 3D;
5645 : 3D;
5646 : 3D;
5647 : 3D;
5648 : 3D;
5649 : 3D;
5650 : 3D;
5651 : 3D;
5652 : 1D;
5653 : 1D;
5654 : 1D;
5655 : 1D;
5656 : 1D;
5657 : 1D;
5658 : 1D;
5659 : 1D;
5660 : 1D;
5661 : 1D;
5662 : 3D;
5663 : 3D;
5664 : 3D;
5665 : 3D;
5666 : 3D;
5667 : 3D;
5668 : 3D;
5669 : 3D;
5670 : 3D;
5671 : 3D;
5672 : 1D;
5673 : 1D;
5674 : 1D;
5675 : 1D;
5676 : 1D;
5677 : 1D;
5678 : 1D;
5679 : 1D;
5680 : 1D;
5681 : 1D;
5682 : 3D;
5683 : 3D;
5684 : 3D;
5685 : 3D;
5686 : 3D;
5687 : 3D;
5688 : 3D;
5689 : 3D;
5690 : 3D;
5691 : 3D;
5692 : 1D;
5693 : 1D;
5694 : 1D;
5695 : 1D;
5696 : 1D;
5697 : 1D;
5698 : 1D;
5699 : 1D;
5700 : 1D;
5701 : 1D;
5702 : 3D;
5703 : 3D;
5704 : 3D;
5705 : 3D;
5706 : 3D;
5707 : 3D;
5708 : 3D;
5709 : 3D;
5710 : 3D;
5711 : 3D;
5712 : 1D;
5713 : 1D;
5714 : 1D;
5715 : 1D;
5716 : 1D;
5717 : 1D;
5718 : 1D;
5719 : 1D;
5720 : 1D;
5721 : 1D;
5722 : 3D;
5723 : 3D;
5724 : 3D;
5725 : 3D;
5726 : 3D;
5727 : 3D;
5728 : 3D;
5729 : 3D;
5730 : 3D;
5731 : 3D;
5732 : 1D;
5733 : 1D;
5734 : 1D;
5735 : 1D;
5736 : 1D;
5737 : 1D;
5738 : 1D;
5739 : 1D;
5740 : 1D;
5741 : 1D;
5742 : 1D;
5743 : 3D;
5744 : 3D;
5745 : 3D;
5746 : 3D;
5747 : 3D;
5748 : 3D;
5749 : 3D;
5750 : 3D;
5751 : 3D;
5752 : 3D;
5753 : 10;
5754 : 10;
5755 : 10;
5756 : 10;
5757 : 10;
5758 : 10;
5759 : 10;
5760 : 14;
5761 : 14;
5762 : 14;
5763 : 14;
5764 : 14;
5765 : 14;
5766 : 14;
5767 : 14;
5768 : 14;
5769 : 14;
5770 : 1D;
5771 : 1D;
5772 : 1D;
5773 : 1D;
5774 : 1D;
5775 : 1D;
5776 : 1D;
5777 : 1D;
5778 : 1D;
5779 : 1D;
5780 : 3D;
5781 : 3D;
5782 : 3D;
5783 : 3D;
5784 : 3D;
5785 : 3D;
5786 : 3D;
5787 : 3D;
5788 : 3D;
5789 : 3D;
5790 : 1D;
5791 : 1D;
5792 : 1D;
5793 : 1D;
5794 : 1D;
5795 : 1D;
5796 : 1D;
5797 : 1D;
5798 : 1D;
5799 : 1D;
5800 : 3D;
5801 : 3D;
5802 : 3D;
5803 : 3D;
5804 : 3D;
5805 : 3D;
5806 : 3D;
5807 : 3D;
5808 : 3D;
5809 : 3D;
5810 : 1D;
5811 : 1D;
5812 : 1D;
5813 : 1D;
5814 : 1D;
5815 : 1D;
5816 : 1D;
5817 : 1D;
5818 : 1D;
5819 : 1D;
5820 : 3D;
5821 : 3D;
5822 : 3D;
5823 : 3D;
5824 : 3D;
5825 : 3D;
5826 : 3D;
5827 : 3D;
5828 : 3D;
5829 : 3D;
5830 : 1D;
5831 : 1D;
5832 : 1D;
5833 : 1D;
5834 : 1D;
5835 : 1D;
5836 : 1D;
5837 : 1D;
5838 : 1D;
5839 : 1D;
5840 : 1D;
5841 : 3D;
5842 : 3D;
5843 : 3D;
5844 : 3D;
5845 : 3D;
5846 : 3D;
5847 : 3D;
5848 : 3D;
5849 : 3D;
5850 : 3D;
5851 : 1D;
5852 : 1D;
5853 : 1D;
5854 : 1D;
5855 : 1D;
5856 : 1D;
5857 : 1D;
5858 : 1D;
5859 : 1D;
5860 : 1D;
5861 : 3D;
5862 : 3D;
5863 : 3D;
5864 : 3D;
5865 : 3D;
5866 : 3D;
5867 : 3D;
5868 : 3D;
5869 : 3D;
5870 : 3D;
5871 : 1D;
5872 : 1D;
5873 : 1D;
5874 : 1D;
5875 : 1D;
5876 : 1D;
5877 : 1D;
5878 : 1D;
5879 : 1D;
5880 : 1D;
5881 : 3D;
5882 : 3D;
5883 : 3D;
5884 : 3D;
5885 : 3D;
5886 : 3D;
5887 : 3D;
5888 : 3D;
5889 : 3D;
5890 : 3D;
5891 : 1D;
5892 : 1D;
5893 : 1D;
5894 : 1D;
5895 : 1D;
5896 : 1D;
5897 : 1D;
5898 : 1D;
5899 : 1D;
5900 : 1D;
5901 : 3D;
5902 : 3D;
5903 : 3D;
5904 : 3D;
5905 : 3D;
5906 : 3D;
5907 : 3D;
5908 : 3D;
5909 : 3D;
5910 : 3D;
5911 : 1D;
5912 : 1D;
5913 : 1D;
5914 : 1D;
5915 : 1D;
5916 : 1D;
5917 : 1D;
5918 : 1D;
5919 : 1D;
5920 : 1D;
5921 : 3D;
5922 : 3D;
5923 : 3D;
5924 : 3D;
5925 : 3D;
5926 : 3D;
5927 : 3D;
5928 : 3D;
5929 : 3D;
5930 : 3D;
5931 : 1D;
5932 : 1D;
5933 : 1D;
5934 : 1D;
5935 : 1D;
5936 : 1D;
5937 : 1D;
5938 : 1D;
5939 : 1D;
5940 : 1D;
5941 : 3D;
5942 : 3D;
5943 : 3D;
5944 : 3D;
5945 : 3D;
5946 : 3D;
5947 : 3D;
5948 : 3D;
5949 : 3D;
5950 : 3D;
5951 : 3D;
5952 : 1D;
5953 : 1D;
5954 : 1D;
5955 : 1D;
5956 : 1D;
5957 : 1D;
5958 : 1D;
5959 : 1D;
5960 : 1D;
5961 : 1D;
5962 : 3D;
5963 : 3D;
5964 : 3D;
5965 : 3D;
5966 : 3D;
5967 : 3D;
5968 : 3D;
5969 : 3D;
5970 : 3D;
5971 : 3D;
5972 : 1D;
5973 : 1D;
5974 : 1D;
5975 : 1D;
5976 : 1D;
5977 : 1D;
5978 : 1D;
5979 : 1D;
5980 : 1D;
5981 : 1D;
5982 : 3D;
5983 : 3D;
5984 : 3D;
5985 : 3D;
5986 : 3D;
5987 : 3D;
5988 : 3D;
5989 : 3D;
5990 : 3D;
5991 : 3D;
5992 : 1D;
5993 : 1D;
5994 : 1D;
5995 : 1D;
5996 : 1D;
5997 : 1D;
5998 : 1D;
5999 : 1D;
6000 : 1D;
6001 : 1D;
6002 : 3D;
6003 : 3D;
6004 : 3D;
6005 : 3D;
6006 : 3D;
6007 : 3D;
6008 : 3D;
6009 : 3D;
6010 : 3D;
6011 : 3D;
6012 : 1D;
6013 : 1D;
6014 : 1D;
6015 : 1D;
6016 : 1D;
6017 : 1D;
6018 : 1D;
6019 : 1D;
6020 : 1D;
6021 : 1D;
6022 : 3D;
6023 : 3D;
6024 : 3D;
6025 : 3D;
6026 : 3D;
6027 : 3D;
6028 : 3D;
6029 : 3D;
6030 : 3D;
6031 : 3D;
6032 : 1D;
6033 : 1D;
6034 : 1D;
6035 : 1D;
6036 : 1D;
6037 : 1D;
6038 : 1D;
6039 : 1D;
6040 : 1D;
6041 : 1D;
6042 : 3D;
6043 : 3D;
6044 : 3D;
6045 : 3D;
6046 : 3D;
6047 : 3D;
6048 : 3D;
6049 : 3D;
6050 : 3D;
6051 : 3D;
6052 : 1D;
6053 : 1D;
6054 : 1D;
6055 : 1D;
6056 : 1D;
6057 : 1D;
6058 : 1D;
6059 : 1D;
6060 : 1D;
6061 : 1D;
6062 : 1D;
6063 : 3D;
6064 : 3D;
6065 : 3D;
6066 : 3D;
6067 : 3D;
6068 : 3D;
6069 : 3D;
6070 : 3D;
6071 : 3D;
6072 : 3D;
6073 : 10;
6074 : 10;
6075 : 10;
6076 : 10;
6077 : 10;
6078 : 10;
6079 : 10;
6080 : 14;
6081 : 14;
6082 : 14;
6083 : 14;
6084 : 14;
6085 : 14;
6086 : 14;
6087 : 14;
6088 : 14;
6089 : 14;
6090 : 1D;
6091 : 1D;
6092 : 1D;
6093 : 1D;
6094 : 1D;
6095 : 1D;
6096 : 1D;
6097 : 1D;
6098 : 1D;
6099 : 1D;
6100 : 3D;
6101 : 3D;
6102 : 3D;
6103 : 3D;
6104 : 3D;
6105 : 3D;
6106 : 3D;
6107 : 3D;
6108 : 3D;
6109 : 3D;
6110 : 1D;
6111 : 1D;
6112 : 1D;
6113 : 1D;
6114 : 1D;
6115 : 1D;
6116 : 1D;
6117 : 1D;
6118 : 1D;
6119 : 1D;
6120 : 3D;
6121 : 3D;
6122 : 3D;
6123 : 3D;
6124 : 3D;
6125 : 3D;
6126 : 3D;
6127 : 3D;
6128 : 3D;
6129 : 3D;
6130 : 1D;
6131 : 1D;
6132 : 1D;
6133 : 1D;
6134 : 1D;
6135 : 1D;
6136 : 1D;
6137 : 1D;
6138 : 1D;
6139 : 1D;
6140 : 3D;
6141 : 3D;
6142 : 3D;
6143 : 3D;
6144 : 3D;
6145 : 3D;
6146 : 3D;
6147 : 3D;
6148 : 3D;
6149 : 3D;
6150 : 1D;
6151 : 1D;
6152 : 1D;
6153 : 1D;
6154 : 1D;
6155 : 1D;
6156 : 1D;
6157 : 1D;
6158 : 1D;
6159 : 1D;
6160 : 1D;
6161 : 3D;
6162 : 3D;
6163 : 3D;
6164 : 3D;
6165 : 3D;
6166 : 3D;
6167 : 3D;
6168 : 3D;
6169 : 3D;
6170 : 3D;
6171 : 1D;
6172 : 1D;
6173 : 1D;
6174 : 1D;
6175 : 1D;
6176 : 1D;
6177 : 1D;
6178 : 1D;
6179 : 1D;
6180 : 1D;
6181 : 3D;
6182 : 3D;
6183 : 3D;
6184 : 3D;
6185 : 3D;
6186 : 3D;
6187 : 3D;
6188 : 3D;
6189 : 3D;
6190 : 3D;
6191 : 1D;
6192 : 1D;
6193 : 1D;
6194 : 1D;
6195 : 1D;
6196 : 1D;
6197 : 1D;
6198 : 1D;
6199 : 1D;
6200 : 1D;
6201 : 3D;
6202 : 3D;
6203 : 3D;
6204 : 3D;
6205 : 3D;
6206 : 3D;
6207 : 3D;
6208 : 3D;
6209 : 3D;
6210 : 3D;
6211 : 1D;
6212 : 1D;
6213 : 1D;
6214 : 1D;
6215 : 1D;
6216 : 1D;
6217 : 1D;
6218 : 1D;
6219 : 1D;
6220 : 1D;
6221 : 3D;
6222 : 3D;
6223 : 3D;
6224 : 3D;
6225 : 3D;
6226 : 3D;
6227 : 3D;
6228 : 3D;
6229 : 3D;
6230 : 3D;
6231 : 1D;
6232 : 1D;
6233 : 1D;
6234 : 1D;
6235 : 1D;
6236 : 1D;
6237 : 1D;
6238 : 1D;
6239 : 1D;
6240 : 1D;
6241 : 3D;
6242 : 3D;
6243 : 3D;
6244 : 3D;
6245 : 3D;
6246 : 3D;
6247 : 3D;
6248 : 3D;
6249 : 3D;
6250 : 3D;
6251 : 1D;
6252 : 1D;
6253 : 1D;
6254 : 1D;
6255 : 1D;
6256 : 1D;
6257 : 1D;
6258 : 1D;
6259 : 1D;
6260 : 1D;
6261 : 3D;
6262 : 3D;
6263 : 3D;
6264 : 3D;
6265 : 3D;
6266 : 3D;
6267 : 3D;
6268 : 3D;
6269 : 3D;
6270 : 3D;
6271 : 3D;
6272 : 1D;
6273 : 1D;
6274 : 1D;
6275 : 1D;
6276 : 1D;
6277 : 1D;
6278 : 1D;
6279 : 1D;
6280 : 1D;
6281 : 1D;
6282 : 3D;
6283 : 3D;
6284 : 3D;
6285 : 3D;
6286 : 3D;
6287 : 3D;
6288 : 3D;
6289 : 3D;
6290 : 3D;
6291 : 3D;
6292 : 1D;
6293 : 1D;
6294 : 1D;
6295 : 1D;
6296 : 1D;
6297 : 1D;
6298 : 1D;
6299 : 1D;
6300 : 1D;
6301 : 1D;
6302 : 3D;
6303 : 3D;
6304 : 3D;
6305 : 3D;
6306 : 3D;
6307 : 3D;
6308 : 3D;
6309 : 3D;
6310 : 3D;
6311 : 3D;
6312 : 1D;
6313 : 1D;
6314 : 1D;
6315 : 1D;
6316 : 1D;
6317 : 1D;
6318 : 1D;
6319 : 1D;
6320 : 1D;
6321 : 1D;
6322 : 3D;
6323 : 3D;
6324 : 3D;
6325 : 3D;
6326 : 3D;
6327 : 3D;
6328 : 3D;
6329 : 3D;
6330 : 3D;
6331 : 3D;
6332 : 1D;
6333 : 1D;
6334 : 1D;
6335 : 1D;
6336 : 1D;
6337 : 1D;
6338 : 1D;
6339 : 1D;
6340 : 1D;
6341 : 1D;
6342 : 3D;
6343 : 3D;
6344 : 3D;
6345 : 3D;
6346 : 3D;
6347 : 3D;
6348 : 3D;
6349 : 3D;
6350 : 3D;
6351 : 3D;
6352 : 1D;
6353 : 1D;
6354 : 1D;
6355 : 1D;
6356 : 1D;
6357 : 1D;
6358 : 1D;
6359 : 1D;
6360 : 1D;
6361 : 1D;
6362 : 3D;
6363 : 3D;
6364 : 3D;
6365 : 3D;
6366 : 3D;
6367 : 3D;
6368 : 3D;
6369 : 3D;
6370 : 3D;
6371 : 3D;
6372 : 1D;
6373 : 1D;
6374 : 1D;
6375 : 1D;
6376 : 1D;
6377 : 1D;
6378 : 1D;
6379 : 1D;
6380 : 1D;
6381 : 1D;
6382 : 1D;
6383 : 3D;
6384 : 3D;
6385 : 3D;
6386 : 3D;
6387 : 3D;
6388 : 3D;
6389 : 3D;
6390 : 3D;
6391 : 3D;
6392 : 3D;
6393 : 10;
6394 : 10;
6395 : 10;
6396 : 10;
6397 : 10;
6398 : 10;
6399 : 10;
6400 : 10;
6401 : 10;
6402 : 10;
6403 : 10;
6404 : 10;
6405 : 10;
6406 : 10;
6407 : 10;
6408 : 10;
6409 : 10;
6410 : 3D;
6411 : 3D;
6412 : 3D;
6413 : 3D;
6414 : 3D;
6415 : 3D;
6416 : 3D;
6417 : 3D;
6418 : 3D;
6419 : 3D;
6420 : 1D;
6421 : 1D;
6422 : 1D;
6423 : 1D;
6424 : 1D;
6425 : 1D;
6426 : 1D;
6427 : 1D;
6428 : 1D;
6429 : 1D;
6430 : 3D;
6431 : 3D;
6432 : 3D;
6433 : 3D;
6434 : 3D;
6435 : 3D;
6436 : 3D;
6437 : 3D;
6438 : 3D;
6439 : 3D;
6440 : 1D;
6441 : 1D;
6442 : 1D;
6443 : 1D;
6444 : 1D;
6445 : 1D;
6446 : 1D;
6447 : 1D;
6448 : 1D;
6449 : 1D;
6450 : 3D;
6451 : 3D;
6452 : 3D;
6453 : 3D;
6454 : 3D;
6455 : 3D;
6456 : 3D;
6457 : 3D;
6458 : 3D;
6459 : 3D;
6460 : 1D;
6461 : 1D;
6462 : 1D;
6463 : 1D;
6464 : 1D;
6465 : 1D;
6466 : 1D;
6467 : 1D;
6468 : 1D;
6469 : 1D;
6470 : 3D;
6471 : 3D;
6472 : 3D;
6473 : 3D;
6474 : 3D;
6475 : 3D;
6476 : 3D;
6477 : 3D;
6478 : 3D;
6479 : 3D;
6480 : 3D;
6481 : 1D;
6482 : 1D;
6483 : 1D;
6484 : 1D;
6485 : 1D;
6486 : 1D;
6487 : 1D;
6488 : 1D;
6489 : 1D;
6490 : 1D;
6491 : 3D;
6492 : 3D;
6493 : 3D;
6494 : 3D;
6495 : 3D;
6496 : 3D;
6497 : 3D;
6498 : 3D;
6499 : 3D;
6500 : 3D;
6501 : 1D;
6502 : 1D;
6503 : 1D;
6504 : 1D;
6505 : 1D;
6506 : 1D;
6507 : 1D;
6508 : 1D;
6509 : 1D;
6510 : 1D;
6511 : 3D;
6512 : 3D;
6513 : 3D;
6514 : 3D;
6515 : 3D;
6516 : 3D;
6517 : 3D;
6518 : 3D;
6519 : 3D;
6520 : 3D;
6521 : 1D;
6522 : 1D;
6523 : 1D;
6524 : 1D;
6525 : 1D;
6526 : 1D;
6527 : 1D;
6528 : 1D;
6529 : 1D;
6530 : 1D;
6531 : 3D;
6532 : 3D;
6533 : 3D;
6534 : 3D;
6535 : 3D;
6536 : 3D;
6537 : 3D;
6538 : 3D;
6539 : 3D;
6540 : 3D;
6541 : 1D;
6542 : 1D;
6543 : 1D;
6544 : 1D;
6545 : 1D;
6546 : 1D;
6547 : 1D;
6548 : 1D;
6549 : 1D;
6550 : 1D;
6551 : 3D;
6552 : 3D;
6553 : 3D;
6554 : 3D;
6555 : 3D;
6556 : 3D;
6557 : 3D;
6558 : 3D;
6559 : 3D;
6560 : 3D;
6561 : 1D;
6562 : 1D;
6563 : 1D;
6564 : 1D;
6565 : 1D;
6566 : 1D;
6567 : 1D;
6568 : 1D;
6569 : 1D;
6570 : 1D;
6571 : 3D;
6572 : 3D;
6573 : 3D;
6574 : 3D;
6575 : 3D;
6576 : 3D;
6577 : 3D;
6578 : 3D;
6579 : 3D;
6580 : 3D;
6581 : 1D;
6582 : 1D;
6583 : 1D;
6584 : 1D;
6585 : 1D;
6586 : 1D;
6587 : 1D;
6588 : 1D;
6589 : 1D;
6590 : 1D;
6591 : 1D;
6592 : 3D;
6593 : 3D;
6594 : 3D;
6595 : 3D;
6596 : 3D;
6597 : 3D;
6598 : 3D;
6599 : 3D;
6600 : 3D;
6601 : 3D;
6602 : 1D;
6603 : 1D;
6604 : 1D;
6605 : 1D;
6606 : 1D;
6607 : 1D;
6608 : 1D;
6609 : 1D;
6610 : 1D;
6611 : 1D;
6612 : 3D;
6613 : 3D;
6614 : 3D;
6615 : 3D;
6616 : 3D;
6617 : 3D;
6618 : 3D;
6619 : 3D;
6620 : 3D;
6621 : 3D;
6622 : 1D;
6623 : 1D;
6624 : 1D;
6625 : 1D;
6626 : 1D;
6627 : 1D;
6628 : 1D;
6629 : 1D;
6630 : 1D;
6631 : 1D;
6632 : 3D;
6633 : 3D;
6634 : 3D;
6635 : 3D;
6636 : 3D;
6637 : 3D;
6638 : 3D;
6639 : 3D;
6640 : 3D;
6641 : 3D;
6642 : 1D;
6643 : 1D;
6644 : 1D;
6645 : 1D;
6646 : 1D;
6647 : 1D;
6648 : 1D;
6649 : 1D;
6650 : 1D;
6651 : 1D;
6652 : 3D;
6653 : 3D;
6654 : 3D;
6655 : 3D;
6656 : 3D;
6657 : 3D;
6658 : 3D;
6659 : 3D;
6660 : 3D;
6661 : 3D;
6662 : 1D;
6663 : 1D;
6664 : 1D;
6665 : 1D;
6666 : 1D;
6667 : 1D;
6668 : 1D;
6669 : 1D;
6670 : 1D;
6671 : 1D;
6672 : 3D;
6673 : 3D;
6674 : 3D;
6675 : 3D;
6676 : 3D;
6677 : 3D;
6678 : 3D;
6679 : 3D;
6680 : 3D;
6681 : 3D;
6682 : 1D;
6683 : 1D;
6684 : 1D;
6685 : 1D;
6686 : 1D;
6687 : 1D;
6688 : 1D;
6689 : 1D;
6690 : 1D;
6691 : 1D;
6692 : 3D;
6693 : 3D;
6694 : 3D;
6695 : 3D;
6696 : 3D;
6697 : 3D;
6698 : 3D;
6699 : 3D;
6700 : 3D;
6701 : 3D;
6702 : 3D;
6703 : 1D;
6704 : 1D;
6705 : 1D;
6706 : 1D;
6707 : 1D;
6708 : 1D;
6709 : 1D;
6710 : 1D;
6711 : 1D;
6712 : 1D;
6713 : 14;
6714 : 14;
6715 : 14;
6716 : 14;
6717 : 14;
6718 : 14;
6719 : 14;
6720 : 10;
6721 : 10;
6722 : 10;
6723 : 10;
6724 : 10;
6725 : 10;
6726 : 10;
6727 : 10;
6728 : 10;
6729 : 10;
6730 : 3D;
6731 : 3D;
6732 : 3D;
6733 : 3D;
6734 : 3D;
6735 : 3D;
6736 : 3D;
6737 : 3D;
6738 : 3D;
6739 : 3D;
6740 : 1D;
6741 : 1D;
6742 : 1D;
6743 : 1D;
6744 : 1D;
6745 : 1D;
6746 : 1D;
6747 : 1D;
6748 : 1D;
6749 : 1D;
6750 : 3D;
6751 : 3D;
6752 : 3D;
6753 : 3D;
6754 : 3D;
6755 : 3D;
6756 : 3D;
6757 : 3D;
6758 : 3D;
6759 : 3D;
6760 : 1D;
6761 : 1D;
6762 : 1D;
6763 : 1D;
6764 : 1D;
6765 : 1D;
6766 : 1D;
6767 : 1D;
6768 : 1D;
6769 : 1D;
6770 : 3D;
6771 : 3D;
6772 : 3D;
6773 : 3D;
6774 : 3D;
6775 : 3D;
6776 : 3D;
6777 : 3D;
6778 : 3D;
6779 : 3D;
6780 : 1D;
6781 : 1D;
6782 : 1D;
6783 : 1D;
6784 : 1D;
6785 : 1D;
6786 : 1D;
6787 : 1D;
6788 : 1D;
6789 : 1D;
6790 : 3D;
6791 : 3D;
6792 : 3D;
6793 : 3D;
6794 : 3D;
6795 : 3D;
6796 : 3D;
6797 : 3D;
6798 : 3D;
6799 : 3D;
6800 : 3D;
6801 : 1D;
6802 : 1D;
6803 : 1D;
6804 : 1D;
6805 : 1D;
6806 : 1D;
6807 : 1D;
6808 : 1D;
6809 : 1D;
6810 : 1D;
6811 : 3D;
6812 : 3D;
6813 : 3D;
6814 : 3D;
6815 : 3D;
6816 : 3D;
6817 : 3D;
6818 : 3D;
6819 : 3D;
6820 : 3D;
6821 : 1D;
6822 : 1D;
6823 : 1D;
6824 : 1D;
6825 : 1D;
6826 : 1D;
6827 : 1D;
6828 : 1D;
6829 : 1D;
6830 : 1D;
6831 : 3D;
6832 : 3D;
6833 : 3D;
6834 : 3D;
6835 : 3D;
6836 : 3D;
6837 : 3D;
6838 : 3D;
6839 : 3D;
6840 : 3D;
6841 : 1D;
6842 : 1D;
6843 : 1D;
6844 : 1D;
6845 : 1D;
6846 : 1D;
6847 : 1D;
6848 : 1D;
6849 : 1D;
6850 : 1D;
6851 : 3D;
6852 : 3D;
6853 : 3D;
6854 : 3D;
6855 : 3D;
6856 : 3D;
6857 : 3D;
6858 : 3D;
6859 : 3D;
6860 : 3D;
6861 : 1D;
6862 : 1D;
6863 : 1D;
6864 : 1D;
6865 : 1D;
6866 : 1D;
6867 : 1D;
6868 : 1D;
6869 : 1D;
6870 : 1D;
6871 : 3D;
6872 : 3D;
6873 : 3D;
6874 : 3D;
6875 : 3D;
6876 : 3D;
6877 : 3D;
6878 : 3D;
6879 : 3D;
6880 : 3D;
6881 : 1D;
6882 : 1D;
6883 : 1D;
6884 : 1D;
6885 : 1D;
6886 : 1D;
6887 : 1D;
6888 : 1D;
6889 : 1D;
6890 : 1D;
6891 : 3D;
6892 : 3D;
6893 : 3D;
6894 : 3D;
6895 : 3D;
6896 : 3D;
6897 : 3D;
6898 : 3D;
6899 : 3D;
6900 : 3D;
6901 : 1D;
6902 : 1D;
6903 : 1D;
6904 : 1D;
6905 : 1D;
6906 : 1D;
6907 : 1D;
6908 : 1D;
6909 : 1D;
6910 : 1D;
6911 : 1D;
6912 : 3D;
6913 : 3D;
6914 : 3D;
6915 : 3D;
6916 : 3D;
6917 : 3D;
6918 : 3D;
6919 : 3D;
6920 : 3D;
6921 : 3D;
6922 : 1D;
6923 : 1D;
6924 : 1D;
6925 : 1D;
6926 : 1D;
6927 : 1D;
6928 : 1D;
6929 : 1D;
6930 : 1D;
6931 : 1D;
6932 : 3D;
6933 : 3D;
6934 : 3D;
6935 : 3D;
6936 : 3D;
6937 : 3D;
6938 : 3D;
6939 : 3D;
6940 : 3D;
6941 : 3D;
6942 : 1D;
6943 : 1D;
6944 : 1D;
6945 : 1D;
6946 : 1D;
6947 : 1D;
6948 : 1D;
6949 : 1D;
6950 : 1D;
6951 : 1D;
6952 : 3D;
6953 : 3D;
6954 : 3D;
6955 : 3D;
6956 : 3D;
6957 : 3D;
6958 : 3D;
6959 : 3D;
6960 : 3D;
6961 : 3D;
6962 : 1D;
6963 : 1D;
6964 : 1D;
6965 : 1D;
6966 : 1D;
6967 : 1D;
6968 : 1D;
6969 : 1D;
6970 : 1D;
6971 : 1D;
6972 : 3D;
6973 : 3D;
6974 : 3D;
6975 : 3D;
6976 : 3D;
6977 : 3D;
6978 : 3D;
6979 : 3D;
6980 : 3D;
6981 : 3D;
6982 : 1D;
6983 : 1D;
6984 : 1D;
6985 : 1D;
6986 : 1D;
6987 : 1D;
6988 : 1D;
6989 : 1D;
6990 : 1D;
6991 : 1D;
6992 : 3D;
6993 : 3D;
6994 : 3D;
6995 : 3D;
6996 : 3D;
6997 : 3D;
6998 : 3D;
6999 : 3D;
7000 : 3D;
7001 : 3D;
7002 : 1D;
7003 : 1D;
7004 : 1D;
7005 : 1D;
7006 : 1D;
7007 : 1D;
7008 : 1D;
7009 : 1D;
7010 : 1D;
7011 : 1D;
7012 : 3D;
7013 : 3D;
7014 : 3D;
7015 : 3D;
7016 : 3D;
7017 : 3D;
7018 : 3D;
7019 : 3D;
7020 : 3D;
7021 : 3D;
7022 : 3D;
7023 : 1D;
7024 : 1D;
7025 : 1D;
7026 : 1D;
7027 : 1D;
7028 : 1D;
7029 : 1D;
7030 : 1D;
7031 : 1D;
7032 : 1D;
7033 : 14;
7034 : 14;
7035 : 14;
7036 : 14;
7037 : 14;
7038 : 14;
7039 : 14;
7040 : 10;
7041 : 10;
7042 : 10;
7043 : 10;
7044 : 10;
7045 : 10;
7046 : 10;
7047 : 10;
7048 : 10;
7049 : 10;
7050 : 3D;
7051 : 3D;
7052 : 3D;
7053 : 3D;
7054 : 3D;
7055 : 3D;
7056 : 3D;
7057 : 3D;
7058 : 3D;
7059 : 3D;
7060 : 1D;
7061 : 1D;
7062 : 1D;
7063 : 1D;
7064 : 1D;
7065 : 1D;
7066 : 1D;
7067 : 1D;
7068 : 1D;
7069 : 1D;
7070 : 3D;
7071 : 3D;
7072 : 3D;
7073 : 3D;
7074 : 3D;
7075 : 3D;
7076 : 3D;
7077 : 3D;
7078 : 3D;
7079 : 3D;
7080 : 1D;
7081 : 1D;
7082 : 1D;
7083 : 1D;
7084 : 1D;
7085 : 1D;
7086 : 1D;
7087 : 1D;
7088 : 1D;
7089 : 1D;
7090 : 3D;
7091 : 3D;
7092 : 3D;
7093 : 3D;
7094 : 3D;
7095 : 3D;
7096 : 3D;
7097 : 3D;
7098 : 3D;
7099 : 3D;
7100 : 1D;
7101 : 1D;
7102 : 1D;
7103 : 1D;
7104 : 1D;
7105 : 1D;
7106 : 1D;
7107 : 1D;
7108 : 1D;
7109 : 1D;
7110 : 3D;
7111 : 3D;
7112 : 3D;
7113 : 3D;
7114 : 3D;
7115 : 3D;
7116 : 3D;
7117 : 3D;
7118 : 3D;
7119 : 3D;
7120 : 3D;
7121 : 1D;
7122 : 1D;
7123 : 1D;
7124 : 1D;
7125 : 1D;
7126 : 1D;
7127 : 1D;
7128 : 1D;
7129 : 1D;
7130 : 1D;
7131 : 3D;
7132 : 3D;
7133 : 3D;
7134 : 3D;
7135 : 3D;
7136 : 3D;
7137 : 3D;
7138 : 3D;
7139 : 3D;
7140 : 3D;
7141 : 1D;
7142 : 1D;
7143 : 1D;
7144 : 1D;
7145 : 1D;
7146 : 1D;
7147 : 1D;
7148 : 1D;
7149 : 1D;
7150 : 1D;
7151 : 3D;
7152 : 3D;
7153 : 3D;
7154 : 3D;
7155 : 3D;
7156 : 3D;
7157 : 3D;
7158 : 3D;
7159 : 3D;
7160 : 3D;
7161 : 1D;
7162 : 1D;
7163 : 1D;
7164 : 1D;
7165 : 1D;
7166 : 1D;
7167 : 1D;
7168 : 1D;
7169 : 1D;
7170 : 1D;
7171 : 3D;
7172 : 3D;
7173 : 3D;
7174 : 3D;
7175 : 3D;
7176 : 3D;
7177 : 3D;
7178 : 3D;
7179 : 3D;
7180 : 3D;
7181 : 1D;
7182 : 1D;
7183 : 1D;
7184 : 1D;
7185 : 1D;
7186 : 1D;
7187 : 1D;
7188 : 1D;
7189 : 1D;
7190 : 1D;
7191 : 3D;
7192 : 3D;
7193 : 3D;
7194 : 3D;
7195 : 3D;
7196 : 3D;
7197 : 3D;
7198 : 3D;
7199 : 3D;
7200 : 3D;
7201 : 1D;
7202 : 1D;
7203 : 1D;
7204 : 1D;
7205 : 1D;
7206 : 1D;
7207 : 1D;
7208 : 1D;
7209 : 1D;
7210 : 1D;
7211 : 3D;
7212 : 3D;
7213 : 3D;
7214 : 3D;
7215 : 3D;
7216 : 3D;
7217 : 3D;
7218 : 3D;
7219 : 3D;
7220 : 3D;
7221 : 1D;
7222 : 1D;
7223 : 1D;
7224 : 1D;
7225 : 1D;
7226 : 1D;
7227 : 1D;
7228 : 1D;
7229 : 1D;
7230 : 1D;
7231 : 1D;
7232 : 3D;
7233 : 3D;
7234 : 3D;
7235 : 3D;
7236 : 3D;
7237 : 3D;
7238 : 3D;
7239 : 3D;
7240 : 3D;
7241 : 3D;
7242 : 1D;
7243 : 1D;
7244 : 1D;
7245 : 1D;
7246 : 1D;
7247 : 1D;
7248 : 1D;
7249 : 1D;
7250 : 1D;
7251 : 1D;
7252 : 3D;
7253 : 3D;
7254 : 3D;
7255 : 3D;
7256 : 3D;
7257 : 3D;
7258 : 3D;
7259 : 3D;
7260 : 3D;
7261 : 3D;
7262 : 1D;
7263 : 1D;
7264 : 1D;
7265 : 1D;
7266 : 1D;
7267 : 1D;
7268 : 1D;
7269 : 1D;
7270 : 1D;
7271 : 1D;
7272 : 3D;
7273 : 3D;
7274 : 3D;
7275 : 3D;
7276 : 3D;
7277 : 3D;
7278 : 3D;
7279 : 3D;
7280 : 3D;
7281 : 3D;
7282 : 1D;
7283 : 1D;
7284 : 1D;
7285 : 1D;
7286 : 1D;
7287 : 1D;
7288 : 1D;
7289 : 1D;
7290 : 1D;
7291 : 1D;
7292 : 3D;
7293 : 3D;
7294 : 3D;
7295 : 3D;
7296 : 3D;
7297 : 3D;
7298 : 3D;
7299 : 3D;
7300 : 3D;
7301 : 3D;
7302 : 1D;
7303 : 1D;
7304 : 1D;
7305 : 1D;
7306 : 1D;
7307 : 1D;
7308 : 1D;
7309 : 1D;
7310 : 1D;
7311 : 1D;
7312 : 3D;
7313 : 3D;
7314 : 3D;
7315 : 3D;
7316 : 3D;
7317 : 3D;
7318 : 3D;
7319 : 3D;
7320 : 3D;
7321 : 3D;
7322 : 1D;
7323 : 1D;
7324 : 1D;
7325 : 1D;
7326 : 1D;
7327 : 1D;
7328 : 1D;
7329 : 1D;
7330 : 1D;
7331 : 1D;
7332 : 3D;
7333 : 3D;
7334 : 3D;
7335 : 3D;
7336 : 3D;
7337 : 3D;
7338 : 3D;
7339 : 3D;
7340 : 3D;
7341 : 3D;
7342 : 3D;
7343 : 1D;
7344 : 1D;
7345 : 1D;
7346 : 1D;
7347 : 1D;
7348 : 1D;
7349 : 1D;
7350 : 1D;
7351 : 1D;
7352 : 1D;
7353 : 14;
7354 : 14;
7355 : 14;
7356 : 14;
7357 : 14;
7358 : 14;
7359 : 14;
7360 : 10;
7361 : 10;
7362 : 10;
7363 : 10;
7364 : 10;
7365 : 10;
7366 : 10;
7367 : 10;
7368 : 10;
7369 : 10;
7370 : 3D;
7371 : 3D;
7372 : 3D;
7373 : 3D;
7374 : 3D;
7375 : 3D;
7376 : 3D;
7377 : 3D;
7378 : 3D;
7379 : 3D;
7380 : 1D;
7381 : 1D;
7382 : 1D;
7383 : 1D;
7384 : 1D;
7385 : 1D;
7386 : 1D;
7387 : 1D;
7388 : 1D;
7389 : 1D;
7390 : 3D;
7391 : 3D;
7392 : 3D;
7393 : 3D;
7394 : 3D;
7395 : 3D;
7396 : 3D;
7397 : 3D;
7398 : 3D;
7399 : 3D;
7400 : 1D;
7401 : 1D;
7402 : 1D;
7403 : 1D;
7404 : 1D;
7405 : 1D;
7406 : 1D;
7407 : 1D;
7408 : 1D;
7409 : 1D;
7410 : 3D;
7411 : 3D;
7412 : 3D;
7413 : 3D;
7414 : 3D;
7415 : 3D;
7416 : 3D;
7417 : 3D;
7418 : 3D;
7419 : 3D;
7420 : 1D;
7421 : 1D;
7422 : 1D;
7423 : 1D;
7424 : 1D;
7425 : 1D;
7426 : 1D;
7427 : 1D;
7428 : 1D;
7429 : 1D;
7430 : 3D;
7431 : 3D;
7432 : 3D;
7433 : 3D;
7434 : 3D;
7435 : 3D;
7436 : 3D;
7437 : 3D;
7438 : 3D;
7439 : 3D;
7440 : 3D;
7441 : 1D;
7442 : 1D;
7443 : 1D;
7444 : 1D;
7445 : 1D;
7446 : 1D;
7447 : 1D;
7448 : 1D;
7449 : 1D;
7450 : 1D;
7451 : 3D;
7452 : 3D;
7453 : 3D;
7454 : 3D;
7455 : 3D;
7456 : 3D;
7457 : 3D;
7458 : 3D;
7459 : 3D;
7460 : 3D;
7461 : 1D;
7462 : 1D;
7463 : 1D;
7464 : 1D;
7465 : 1D;
7466 : 1D;
7467 : 1D;
7468 : 1D;
7469 : 1D;
7470 : 1D;
7471 : 3D;
7472 : 3D;
7473 : 3D;
7474 : 3D;
7475 : 3D;
7476 : 3D;
7477 : 3D;
7478 : 3D;
7479 : 3D;
7480 : 3D;
7481 : 1D;
7482 : 1D;
7483 : 1D;
7484 : 1D;
7485 : 1D;
7486 : 1D;
7487 : 1D;
7488 : 1D;
7489 : 1D;
7490 : 1D;
7491 : 3D;
7492 : 3D;
7493 : 3D;
7494 : 3D;
7495 : 3D;
7496 : 3D;
7497 : 3D;
7498 : 3D;
7499 : 3D;
7500 : 3D;
7501 : 1D;
7502 : 1D;
7503 : 1D;
7504 : 1D;
7505 : 1D;
7506 : 1D;
7507 : 1D;
7508 : 1D;
7509 : 1D;
7510 : 1D;
7511 : 3D;
7512 : 3D;
7513 : 3D;
7514 : 3D;
7515 : 3D;
7516 : 3D;
7517 : 3D;
7518 : 3D;
7519 : 3D;
7520 : 3D;
7521 : 1D;
7522 : 1D;
7523 : 1D;
7524 : 1D;
7525 : 1D;
7526 : 1D;
7527 : 1D;
7528 : 1D;
7529 : 1D;
7530 : 1D;
7531 : 3D;
7532 : 3D;
7533 : 3D;
7534 : 3D;
7535 : 3D;
7536 : 3D;
7537 : 3D;
7538 : 3D;
7539 : 3D;
7540 : 3D;
7541 : 1D;
7542 : 1D;
7543 : 1D;
7544 : 1D;
7545 : 1D;
7546 : 1D;
7547 : 1D;
7548 : 1D;
7549 : 1D;
7550 : 1D;
7551 : 1D;
7552 : 3D;
7553 : 3D;
7554 : 3D;
7555 : 3D;
7556 : 3D;
7557 : 3D;
7558 : 3D;
7559 : 3D;
7560 : 3D;
7561 : 3D;
7562 : 1D;
7563 : 1D;
7564 : 1D;
7565 : 1D;
7566 : 1D;
7567 : 1D;
7568 : 1D;
7569 : 1D;
7570 : 1D;
7571 : 1D;
7572 : 3D;
7573 : 3D;
7574 : 3D;
7575 : 3D;
7576 : 3D;
7577 : 3D;
7578 : 3D;
7579 : 3D;
7580 : 3D;
7581 : 3D;
7582 : 1D;
7583 : 1D;
7584 : 1D;
7585 : 1D;
7586 : 1D;
7587 : 1D;
7588 : 1D;
7589 : 1D;
7590 : 1D;
7591 : 1D;
7592 : 3D;
7593 : 3D;
7594 : 3D;
7595 : 3D;
7596 : 3D;
7597 : 3D;
7598 : 3D;
7599 : 3D;
7600 : 3D;
7601 : 3D;
7602 : 1D;
7603 : 1D;
7604 : 1D;
7605 : 1D;
7606 : 1D;
7607 : 1D;
7608 : 1D;
7609 : 1D;
7610 : 1D;
7611 : 1D;
7612 : 3D;
7613 : 3D;
7614 : 3D;
7615 : 3D;
7616 : 3D;
7617 : 3D;
7618 : 3D;
7619 : 3D;
7620 : 3D;
7621 : 3D;
7622 : 1D;
7623 : 1D;
7624 : 1D;
7625 : 1D;
7626 : 1D;
7627 : 1D;
7628 : 1D;
7629 : 1D;
7630 : 1D;
7631 : 1D;
7632 : 3D;
7633 : 3D;
7634 : 3D;
7635 : 3D;
7636 : 3D;
7637 : 3D;
7638 : 3D;
7639 : 3D;
7640 : 3D;
7641 : 3D;
7642 : 1D;
7643 : 1D;
7644 : 1D;
7645 : 1D;
7646 : 1D;
7647 : 1D;
7648 : 1D;
7649 : 1D;
7650 : 1D;
7651 : 1D;
7652 : 3D;
7653 : 3D;
7654 : 3D;
7655 : 3D;
7656 : 3D;
7657 : 3D;
7658 : 3D;
7659 : 3D;
7660 : 3D;
7661 : 3D;
7662 : 3D;
7663 : 1D;
7664 : 1D;
7665 : 1D;
7666 : 1D;
7667 : 1D;
7668 : 1D;
7669 : 1D;
7670 : 1D;
7671 : 1D;
7672 : 1D;
7673 : 14;
7674 : 14;
7675 : 14;
7676 : 14;
7677 : 14;
7678 : 14;
7679 : 14;
7680 : 10;
7681 : 10;
7682 : 10;
7683 : 10;
7684 : 10;
7685 : 10;
7686 : 10;
7687 : 10;
7688 : 10;
7689 : 10;
7690 : 3D;
7691 : 3D;
7692 : 3D;
7693 : 3D;
7694 : 3D;
7695 : 3D;
7696 : 3D;
7697 : 3D;
7698 : 3D;
7699 : 3D;
7700 : 1D;
7701 : 1D;
7702 : 1D;
7703 : 1D;
7704 : 1D;
7705 : 1D;
7706 : 1D;
7707 : 1D;
7708 : 1D;
7709 : 1D;
7710 : 3D;
7711 : 3D;
7712 : 3D;
7713 : 3D;
7714 : 3D;
7715 : 3D;
7716 : 3D;
7717 : 3D;
7718 : 3D;
7719 : 3D;
7720 : 1D;
7721 : 1D;
7722 : 1D;
7723 : 1D;
7724 : 1D;
7725 : 1D;
7726 : 1D;
7727 : 1D;
7728 : 1D;
7729 : 1D;
7730 : 3D;
7731 : 3D;
7732 : 3D;
7733 : 3D;
7734 : 3D;
7735 : 3D;
7736 : 3D;
7737 : 3D;
7738 : 3D;
7739 : 3D;
7740 : 1D;
7741 : 1D;
7742 : 1D;
7743 : 1D;
7744 : 1D;
7745 : 1D;
7746 : 1D;
7747 : 1D;
7748 : 1D;
7749 : 1D;
7750 : 3D;
7751 : 3D;
7752 : 3D;
7753 : 3D;
7754 : 3D;
7755 : 3D;
7756 : 3D;
7757 : 3D;
7758 : 3D;
7759 : 3D;
7760 : 3D;
7761 : 1D;
7762 : 1D;
7763 : 1D;
7764 : 1D;
7765 : 1D;
7766 : 1D;
7767 : 1D;
7768 : 1D;
7769 : 1D;
7770 : 1D;
7771 : 3D;
7772 : 3D;
7773 : 3D;
7774 : 3D;
7775 : 3D;
7776 : 3D;
7777 : 3D;
7778 : 3D;
7779 : 3D;
7780 : 3D;
7781 : 1D;
7782 : 1D;
7783 : 1D;
7784 : 1D;
7785 : 1D;
7786 : 1D;
7787 : 1D;
7788 : 1D;
7789 : 1D;
7790 : 1D;
7791 : 3D;
7792 : 3D;
7793 : 3D;
7794 : 3D;
7795 : 3D;
7796 : 3D;
7797 : 3D;
7798 : 3D;
7799 : 3D;
7800 : 3D;
7801 : 1D;
7802 : 1D;
7803 : 1D;
7804 : 1D;
7805 : 1D;
7806 : 1D;
7807 : 1D;
7808 : 1D;
7809 : 1D;
7810 : 1D;
7811 : 3D;
7812 : 3D;
7813 : 3D;
7814 : 3D;
7815 : 3D;
7816 : 3D;
7817 : 3D;
7818 : 3D;
7819 : 3D;
7820 : 3D;
7821 : 1D;
7822 : 1D;
7823 : 1D;
7824 : 1D;
7825 : 1D;
7826 : 1D;
7827 : 1D;
7828 : 1D;
7829 : 1D;
7830 : 1D;
7831 : 3D;
7832 : 3D;
7833 : 3D;
7834 : 3D;
7835 : 3D;
7836 : 3D;
7837 : 3D;
7838 : 3D;
7839 : 3D;
7840 : 3D;
7841 : 1D;
7842 : 1D;
7843 : 1D;
7844 : 1D;
7845 : 1D;
7846 : 1D;
7847 : 1D;
7848 : 1D;
7849 : 1D;
7850 : 1D;
7851 : 3D;
7852 : 3D;
7853 : 3D;
7854 : 3D;
7855 : 3D;
7856 : 3D;
7857 : 3D;
7858 : 3D;
7859 : 3D;
7860 : 3D;
7861 : 1D;
7862 : 1D;
7863 : 1D;
7864 : 1D;
7865 : 1D;
7866 : 1D;
7867 : 1D;
7868 : 1D;
7869 : 1D;
7870 : 1D;
7871 : 1D;
7872 : 3D;
7873 : 3D;
7874 : 3D;
7875 : 3D;
7876 : 3D;
7877 : 3D;
7878 : 3D;
7879 : 3D;
7880 : 3D;
7881 : 3D;
7882 : 1D;
7883 : 1D;
7884 : 1D;
7885 : 1D;
7886 : 1D;
7887 : 1D;
7888 : 1D;
7889 : 1D;
7890 : 1D;
7891 : 1D;
7892 : 3D;
7893 : 3D;
7894 : 3D;
7895 : 3D;
7896 : 3D;
7897 : 3D;
7898 : 3D;
7899 : 3D;
7900 : 3D;
7901 : 3D;
7902 : 1D;
7903 : 1D;
7904 : 1D;
7905 : 1D;
7906 : 1D;
7907 : 1D;
7908 : 1D;
7909 : 1D;
7910 : 1D;
7911 : 1D;
7912 : 3D;
7913 : 3D;
7914 : 3D;
7915 : 3D;
7916 : 3D;
7917 : 3D;
7918 : 3D;
7919 : 3D;
7920 : 3D;
7921 : 3D;
7922 : 1D;
7923 : 1D;
7924 : 1D;
7925 : 1D;
7926 : 1D;
7927 : 1D;
7928 : 1D;
7929 : 1D;
7930 : 1D;
7931 : 1D;
7932 : 3D;
7933 : 3D;
7934 : 3D;
7935 : 3D;
7936 : 3D;
7937 : 3D;
7938 : 3D;
7939 : 3D;
7940 : 3D;
7941 : 3D;
7942 : 1D;
7943 : 1D;
7944 : 1D;
7945 : 1D;
7946 : 1D;
7947 : 1D;
7948 : 1D;
7949 : 1D;
7950 : 1D;
7951 : 1D;
7952 : 3D;
7953 : 3D;
7954 : 3D;
7955 : 3D;
7956 : 3D;
7957 : 3D;
7958 : 3D;
7959 : 3D;
7960 : 3D;
7961 : 3D;
7962 : 1D;
7963 : 1D;
7964 : 1D;
7965 : 1D;
7966 : 1D;
7967 : 1D;
7968 : 1D;
7969 : 1D;
7970 : 1D;
7971 : 1D;
7972 : 3D;
7973 : 3D;
7974 : 3D;
7975 : 3D;
7976 : 3D;
7977 : 3D;
7978 : 3D;
7979 : 3D;
7980 : 3D;
7981 : 3D;
7982 : 3D;
7983 : 1D;
7984 : 1D;
7985 : 1D;
7986 : 1D;
7987 : 1D;
7988 : 1D;
7989 : 1D;
7990 : 1D;
7991 : 1D;
7992 : 1D;
7993 : 14;
7994 : 14;
7995 : 14;
7996 : 14;
7997 : 14;
7998 : 14;
7999 : 14;
8000 : 10;
8001 : 10;
8002 : 10;
8003 : 10;
8004 : 10;
8005 : 10;
8006 : 10;
8007 : 10;
8008 : 10;
8009 : 10;
8010 : 3D;
8011 : 3D;
8012 : 3D;
8013 : 3D;
8014 : 3D;
8015 : 3D;
8016 : 3D;
8017 : 3D;
8018 : 3D;
8019 : 3D;
8020 : 1D;
8021 : 1D;
8022 : 1D;
8023 : 1D;
8024 : 1D;
8025 : 1D;
8026 : 1D;
8027 : 1D;
8028 : 1D;
8029 : 1D;
8030 : 3D;
8031 : 3D;
8032 : 3D;
8033 : 3D;
8034 : 3D;
8035 : 3D;
8036 : 3D;
8037 : 3D;
8038 : 3D;
8039 : 3D;
8040 : 1D;
8041 : 1D;
8042 : 1D;
8043 : 1D;
8044 : 1D;
8045 : 1D;
8046 : 1D;
8047 : 1D;
8048 : 1D;
8049 : 1D;
8050 : 3D;
8051 : 3D;
8052 : 3D;
8053 : 3D;
8054 : 3D;
8055 : 3D;
8056 : 3D;
8057 : 3D;
8058 : 3D;
8059 : 3D;
8060 : 1D;
8061 : 1D;
8062 : 1D;
8063 : 1D;
8064 : 1D;
8065 : 1D;
8066 : 1D;
8067 : 1D;
8068 : 1D;
8069 : 1D;
8070 : 3D;
8071 : 3D;
8072 : 3D;
8073 : 3D;
8074 : 3D;
8075 : 3D;
8076 : 3D;
8077 : 3D;
8078 : 3D;
8079 : 3D;
8080 : 3D;
8081 : 1D;
8082 : 1D;
8083 : 1D;
8084 : 1D;
8085 : 1D;
8086 : 1D;
8087 : 1D;
8088 : 1D;
8089 : 1D;
8090 : 1D;
8091 : 3D;
8092 : 3D;
8093 : 3D;
8094 : 3D;
8095 : 3D;
8096 : 3D;
8097 : 3D;
8098 : 3D;
8099 : 3D;
8100 : 3D;
8101 : 1D;
8102 : 1D;
8103 : 1D;
8104 : 1D;
8105 : 1D;
8106 : 1D;
8107 : 1D;
8108 : 1D;
8109 : 1D;
8110 : 1D;
8111 : 3D;
8112 : 3D;
8113 : 3D;
8114 : 3D;
8115 : 3D;
8116 : 3D;
8117 : 3D;
8118 : 3D;
8119 : 3D;
8120 : 3D;
8121 : 1D;
8122 : 1D;
8123 : 1D;
8124 : 1D;
8125 : 1D;
8126 : 1D;
8127 : 1D;
8128 : 1D;
8129 : 1D;
8130 : 1D;
8131 : 3D;
8132 : 3D;
8133 : 3D;
8134 : 3D;
8135 : 3D;
8136 : 3D;
8137 : 3D;
8138 : 3D;
8139 : 3D;
8140 : 3D;
8141 : 1D;
8142 : 1D;
8143 : 1D;
8144 : 1D;
8145 : 1D;
8146 : 1D;
8147 : 1D;
8148 : 1D;
8149 : 1D;
8150 : 1D;
8151 : 3D;
8152 : 3D;
8153 : 3D;
8154 : 3D;
8155 : 3D;
8156 : 3D;
8157 : 3D;
8158 : 3D;
8159 : 3D;
8160 : 3D;
8161 : 1D;
8162 : 1D;
8163 : 1D;
8164 : 1D;
8165 : 1D;
8166 : 1D;
8167 : 1D;
8168 : 1D;
8169 : 1D;
8170 : 1D;
8171 : 3D;
8172 : 3D;
8173 : 3D;
8174 : 3D;
8175 : 3D;
8176 : 3D;
8177 : 3D;
8178 : 3D;
8179 : 3D;
8180 : 3D;
8181 : 1D;
8182 : 1D;
8183 : 1D;
8184 : 1D;
8185 : 1D;
8186 : 1D;
8187 : 1D;
8188 : 1D;
8189 : 1D;
8190 : 1D;
8191 : 1D;
8192 : 3D;
8193 : 3D;
8194 : 3D;
8195 : 3D;
8196 : 3D;
8197 : 3D;
8198 : 3D;
8199 : 3D;
8200 : 3D;
8201 : 3D;
8202 : 1D;
8203 : 1D;
8204 : 1D;
8205 : 1D;
8206 : 1D;
8207 : 1D;
8208 : 1D;
8209 : 1D;
8210 : 1D;
8211 : 1D;
8212 : 3D;
8213 : 3D;
8214 : 3D;
8215 : 3D;
8216 : 3D;
8217 : 3D;
8218 : 3D;
8219 : 3D;
8220 : 3D;
8221 : 3D;
8222 : 1D;
8223 : 1D;
8224 : 1D;
8225 : 1D;
8226 : 1D;
8227 : 1D;
8228 : 1D;
8229 : 1D;
8230 : 1D;
8231 : 1D;
8232 : 3D;
8233 : 3D;
8234 : 3D;
8235 : 3D;
8236 : 3D;
8237 : 3D;
8238 : 3D;
8239 : 3D;
8240 : 3D;
8241 : 3D;
8242 : 1D;
8243 : 1D;
8244 : 1D;
8245 : 1D;
8246 : 1D;
8247 : 1D;
8248 : 1D;
8249 : 1D;
8250 : 1D;
8251 : 1D;
8252 : 3D;
8253 : 3D;
8254 : 3D;
8255 : 3D;
8256 : 3D;
8257 : 3D;
8258 : 3D;
8259 : 3D;
8260 : 3D;
8261 : 3D;
8262 : 1D;
8263 : 1D;
8264 : 1D;
8265 : 1D;
8266 : 1D;
8267 : 1D;
8268 : 1D;
8269 : 1D;
8270 : 1D;
8271 : 1D;
8272 : 3D;
8273 : 3D;
8274 : 3D;
8275 : 3D;
8276 : 3D;
8277 : 3D;
8278 : 3D;
8279 : 3D;
8280 : 3D;
8281 : 3D;
8282 : 1D;
8283 : 1D;
8284 : 1D;
8285 : 1D;
8286 : 1D;
8287 : 1D;
8288 : 1D;
8289 : 1D;
8290 : 1D;
8291 : 1D;
8292 : 3D;
8293 : 3D;
8294 : 3D;
8295 : 3D;
8296 : 3D;
8297 : 3D;
8298 : 3D;
8299 : 3D;
8300 : 3D;
8301 : 3D;
8302 : 3D;
8303 : 1D;
8304 : 1D;
8305 : 1D;
8306 : 1D;
8307 : 1D;
8308 : 1D;
8309 : 1D;
8310 : 1D;
8311 : 1D;
8312 : 1D;
8313 : 14;
8314 : 14;
8315 : 14;
8316 : 14;
8317 : 14;
8318 : 14;
8319 : 14;
8320 : 10;
8321 : 10;
8322 : 10;
8323 : 10;
8324 : 10;
8325 : 10;
8326 : 10;
8327 : 10;
8328 : 10;
8329 : 10;
8330 : 3D;
8331 : 3D;
8332 : 3D;
8333 : 3D;
8334 : 3D;
8335 : 3D;
8336 : 3D;
8337 : 3D;
8338 : 3D;
8339 : 3D;
8340 : 1D;
8341 : 1D;
8342 : 1D;
8343 : 1D;
8344 : 1D;
8345 : 1D;
8346 : 1D;
8347 : 1D;
8348 : 1D;
8349 : 1D;
8350 : 3D;
8351 : 3D;
8352 : 3D;
8353 : 3D;
8354 : 3D;
8355 : 3D;
8356 : 3D;
8357 : 3D;
8358 : 3D;
8359 : 3D;
8360 : 1D;
8361 : 1D;
8362 : 1D;
8363 : 1D;
8364 : 1D;
8365 : 1D;
8366 : 1D;
8367 : 1D;
8368 : 1D;
8369 : 1D;
8370 : 3D;
8371 : 3D;
8372 : 3D;
8373 : 3D;
8374 : 3D;
8375 : 3D;
8376 : 3D;
8377 : 3D;
8378 : 3D;
8379 : 3D;
8380 : 1D;
8381 : 1D;
8382 : 1D;
8383 : 1D;
8384 : 1D;
8385 : 1D;
8386 : 1D;
8387 : 1D;
8388 : 1D;
8389 : 1D;
8390 : 3D;
8391 : 3D;
8392 : 3D;
8393 : 3D;
8394 : 3D;
8395 : 3D;
8396 : 3D;
8397 : 3D;
8398 : 3D;
8399 : 3D;
8400 : 3D;
8401 : 1D;
8402 : 1D;
8403 : 1D;
8404 : 1D;
8405 : 1D;
8406 : 1D;
8407 : 1D;
8408 : 1D;
8409 : 1D;
8410 : 1D;
8411 : 3D;
8412 : 3D;
8413 : 3D;
8414 : 3D;
8415 : 3D;
8416 : 3D;
8417 : 3D;
8418 : 3D;
8419 : 3D;
8420 : 3D;
8421 : 1D;
8422 : 1D;
8423 : 1D;
8424 : 1D;
8425 : 1D;
8426 : 1D;
8427 : 1D;
8428 : 1D;
8429 : 1D;
8430 : 1D;
8431 : 3D;
8432 : 3D;
8433 : 3D;
8434 : 3D;
8435 : 3D;
8436 : 3D;
8437 : 3D;
8438 : 3D;
8439 : 3D;
8440 : 3D;
8441 : 1D;
8442 : 1D;
8443 : 1D;
8444 : 1D;
8445 : 1D;
8446 : 1D;
8447 : 1D;
8448 : 1D;
8449 : 1D;
8450 : 1D;
8451 : 3D;
8452 : 3D;
8453 : 3D;
8454 : 3D;
8455 : 3D;
8456 : 3D;
8457 : 3D;
8458 : 3D;
8459 : 3D;
8460 : 3D;
8461 : 1D;
8462 : 1D;
8463 : 1D;
8464 : 1D;
8465 : 1D;
8466 : 1D;
8467 : 1D;
8468 : 1D;
8469 : 1D;
8470 : 1D;
8471 : 3D;
8472 : 3D;
8473 : 3D;
8474 : 3D;
8475 : 3D;
8476 : 3D;
8477 : 3D;
8478 : 3D;
8479 : 3D;
8480 : 3D;
8481 : 1D;
8482 : 1D;
8483 : 1D;
8484 : 1D;
8485 : 1D;
8486 : 1D;
8487 : 1D;
8488 : 1D;
8489 : 1D;
8490 : 1D;
8491 : 3D;
8492 : 3D;
8493 : 3D;
8494 : 3D;
8495 : 3D;
8496 : 3D;
8497 : 3D;
8498 : 3D;
8499 : 3D;
8500 : 3D;
8501 : 1D;
8502 : 1D;
8503 : 1D;
8504 : 1D;
8505 : 1D;
8506 : 1D;
8507 : 1D;
8508 : 1D;
8509 : 1D;
8510 : 1D;
8511 : 1D;
8512 : 3D;
8513 : 3D;
8514 : 3D;
8515 : 3D;
8516 : 3D;
8517 : 3D;
8518 : 3D;
8519 : 3D;
8520 : 3D;
8521 : 3D;
8522 : 1D;
8523 : 1D;
8524 : 1D;
8525 : 1D;
8526 : 1D;
8527 : 1D;
8528 : 1D;
8529 : 1D;
8530 : 1D;
8531 : 1D;
8532 : 3D;
8533 : 3D;
8534 : 3D;
8535 : 3D;
8536 : 3D;
8537 : 3D;
8538 : 3D;
8539 : 3D;
8540 : 3D;
8541 : 3D;
8542 : 1D;
8543 : 1D;
8544 : 1D;
8545 : 1D;
8546 : 1D;
8547 : 1D;
8548 : 1D;
8549 : 1D;
8550 : 1D;
8551 : 1D;
8552 : 3D;
8553 : 3D;
8554 : 3D;
8555 : 3D;
8556 : 3D;
8557 : 3D;
8558 : 3D;
8559 : 3D;
8560 : 3D;
8561 : 3D;
8562 : 1D;
8563 : 1D;
8564 : 1D;
8565 : 1D;
8566 : 1D;
8567 : 1D;
8568 : 1D;
8569 : 1D;
8570 : 1D;
8571 : 1D;
8572 : 3D;
8573 : 3D;
8574 : 3D;
8575 : 3D;
8576 : 3D;
8577 : 3D;
8578 : 3D;
8579 : 3D;
8580 : 3D;
8581 : 3D;
8582 : 1D;
8583 : 1D;
8584 : 1D;
8585 : 1D;
8586 : 1D;
8587 : 1D;
8588 : 1D;
8589 : 1D;
8590 : 1D;
8591 : 1D;
8592 : 3D;
8593 : 3D;
8594 : 3D;
8595 : 3D;
8596 : 3D;
8597 : 3D;
8598 : 3D;
8599 : 3D;
8600 : 3D;
8601 : 3D;
8602 : 1D;
8603 : 1D;
8604 : 1D;
8605 : 1D;
8606 : 1D;
8607 : 1D;
8608 : 1D;
8609 : 1D;
8610 : 1D;
8611 : 1D;
8612 : 3D;
8613 : 3D;
8614 : 3D;
8615 : 3D;
8616 : 3D;
8617 : 3D;
8618 : 3D;
8619 : 3D;
8620 : 3D;
8621 : 3D;
8622 : 3D;
8623 : 1D;
8624 : 1D;
8625 : 1D;
8626 : 1D;
8627 : 1D;
8628 : 1D;
8629 : 1D;
8630 : 1D;
8631 : 1D;
8632 : 1D;
8633 : 14;
8634 : 14;
8635 : 14;
8636 : 14;
8637 : 14;
8638 : 14;
8639 : 14;
8640 : 10;
8641 : 10;
8642 : 10;
8643 : 10;
8644 : 10;
8645 : 10;
8646 : 10;
8647 : 10;
8648 : 10;
8649 : 10;
8650 : 3D;
8651 : 3D;
8652 : 3D;
8653 : 3D;
8654 : 3D;
8655 : 3D;
8656 : 3D;
8657 : 3D;
8658 : 3D;
8659 : 3D;
8660 : 1D;
8661 : 1D;
8662 : 1D;
8663 : 1D;
8664 : 1D;
8665 : 1D;
8666 : 1D;
8667 : 1D;
8668 : 1D;
8669 : 1D;
8670 : 3D;
8671 : 3D;
8672 : 3D;
8673 : 3D;
8674 : 3D;
8675 : 3D;
8676 : 3D;
8677 : 3D;
8678 : 3D;
8679 : 3D;
8680 : 1D;
8681 : 1D;
8682 : 1D;
8683 : 1D;
8684 : 1D;
8685 : 1D;
8686 : 1D;
8687 : 1D;
8688 : 1D;
8689 : 1D;
8690 : 3D;
8691 : 3D;
8692 : 3D;
8693 : 3D;
8694 : 3D;
8695 : 3D;
8696 : 3D;
8697 : 3D;
8698 : 3D;
8699 : 3D;
8700 : 1D;
8701 : 1D;
8702 : 1D;
8703 : 1D;
8704 : 1D;
8705 : 1D;
8706 : 1D;
8707 : 1D;
8708 : 1D;
8709 : 1D;
8710 : 3D;
8711 : 3D;
8712 : 3D;
8713 : 3D;
8714 : 3D;
8715 : 3D;
8716 : 3D;
8717 : 3D;
8718 : 3D;
8719 : 3D;
8720 : 3D;
8721 : 1D;
8722 : 1D;
8723 : 1D;
8724 : 1D;
8725 : 1D;
8726 : 1D;
8727 : 1D;
8728 : 1D;
8729 : 1D;
8730 : 1D;
8731 : 3D;
8732 : 3D;
8733 : 3D;
8734 : 3D;
8735 : 3D;
8736 : 3D;
8737 : 3D;
8738 : 3D;
8739 : 3D;
8740 : 3D;
8741 : 1D;
8742 : 1D;
8743 : 1D;
8744 : 1D;
8745 : 1D;
8746 : 1D;
8747 : 1D;
8748 : 1D;
8749 : 1D;
8750 : 1D;
8751 : 3D;
8752 : 3D;
8753 : 3D;
8754 : 3D;
8755 : 3D;
8756 : 3D;
8757 : 3D;
8758 : 3D;
8759 : 3D;
8760 : 3D;
8761 : 1D;
8762 : 1D;
8763 : 1D;
8764 : 1D;
8765 : 1D;
8766 : 1D;
8767 : 1D;
8768 : 1D;
8769 : 1D;
8770 : 1D;
8771 : 3D;
8772 : 3D;
8773 : 3D;
8774 : 3D;
8775 : 3D;
8776 : 3D;
8777 : 3D;
8778 : 3D;
8779 : 3D;
8780 : 3D;
8781 : 1D;
8782 : 1D;
8783 : 1D;
8784 : 1D;
8785 : 1D;
8786 : 1D;
8787 : 1D;
8788 : 1D;
8789 : 1D;
8790 : 1D;
8791 : 3D;
8792 : 3D;
8793 : 3D;
8794 : 3D;
8795 : 3D;
8796 : 3D;
8797 : 3D;
8798 : 3D;
8799 : 3D;
8800 : 3D;
8801 : 1D;
8802 : 1D;
8803 : 1D;
8804 : 1D;
8805 : 1D;
8806 : 1D;
8807 : 1D;
8808 : 1D;
8809 : 1D;
8810 : 1D;
8811 : 3D;
8812 : 3D;
8813 : 3D;
8814 : 3D;
8815 : 3D;
8816 : 3D;
8817 : 3D;
8818 : 3D;
8819 : 3D;
8820 : 3D;
8821 : 1D;
8822 : 1D;
8823 : 1D;
8824 : 1D;
8825 : 1D;
8826 : 1D;
8827 : 1D;
8828 : 1D;
8829 : 1D;
8830 : 1D;
8831 : 1D;
8832 : 3D;
8833 : 3D;
8834 : 3D;
8835 : 3D;
8836 : 3D;
8837 : 3D;
8838 : 3D;
8839 : 3D;
8840 : 3D;
8841 : 3D;
8842 : 1D;
8843 : 1D;
8844 : 1D;
8845 : 1D;
8846 : 1D;
8847 : 1D;
8848 : 1D;
8849 : 1D;
8850 : 1D;
8851 : 1D;
8852 : 3D;
8853 : 3D;
8854 : 3D;
8855 : 3D;
8856 : 3D;
8857 : 3D;
8858 : 3D;
8859 : 3D;
8860 : 3D;
8861 : 3D;
8862 : 1D;
8863 : 1D;
8864 : 1D;
8865 : 1D;
8866 : 1D;
8867 : 1D;
8868 : 1D;
8869 : 1D;
8870 : 1D;
8871 : 1D;
8872 : 3D;
8873 : 3D;
8874 : 3D;
8875 : 3D;
8876 : 3D;
8877 : 3D;
8878 : 3D;
8879 : 3D;
8880 : 3D;
8881 : 3D;
8882 : 1D;
8883 : 1D;
8884 : 1D;
8885 : 1D;
8886 : 1D;
8887 : 1D;
8888 : 1D;
8889 : 1D;
8890 : 1D;
8891 : 1D;
8892 : 3D;
8893 : 3D;
8894 : 3D;
8895 : 3D;
8896 : 3D;
8897 : 3D;
8898 : 3D;
8899 : 3D;
8900 : 3D;
8901 : 3D;
8902 : 1D;
8903 : 1D;
8904 : 1D;
8905 : 1D;
8906 : 1D;
8907 : 1D;
8908 : 1D;
8909 : 1D;
8910 : 1D;
8911 : 1D;
8912 : 3D;
8913 : 3D;
8914 : 3D;
8915 : 3D;
8916 : 3D;
8917 : 3D;
8918 : 3D;
8919 : 3D;
8920 : 3D;
8921 : 3D;
8922 : 1D;
8923 : 1D;
8924 : 1D;
8925 : 1D;
8926 : 1D;
8927 : 1D;
8928 : 1D;
8929 : 1D;
8930 : 1D;
8931 : 1D;
8932 : 3D;
8933 : 3D;
8934 : 3D;
8935 : 3D;
8936 : 3D;
8937 : 3D;
8938 : 3D;
8939 : 3D;
8940 : 3D;
8941 : 3D;
8942 : 3D;
8943 : 1D;
8944 : 1D;
8945 : 1D;
8946 : 1D;
8947 : 1D;
8948 : 1D;
8949 : 1D;
8950 : 1D;
8951 : 1D;
8952 : 1D;
8953 : 14;
8954 : 14;
8955 : 14;
8956 : 14;
8957 : 14;
8958 : 14;
8959 : 14;
8960 : 10;
8961 : 10;
8962 : 10;
8963 : 10;
8964 : 10;
8965 : 10;
8966 : 10;
8967 : 10;
8968 : 10;
8969 : 10;
8970 : 3D;
8971 : 3D;
8972 : 3D;
8973 : 3D;
8974 : 3D;
8975 : 3D;
8976 : 3D;
8977 : 3D;
8978 : 3D;
8979 : 3D;
8980 : 1D;
8981 : 1D;
8982 : 1D;
8983 : 1D;
8984 : 1D;
8985 : 1D;
8986 : 1D;
8987 : 1D;
8988 : 1D;
8989 : 1D;
8990 : 3D;
8991 : 3D;
8992 : 3D;
8993 : 3D;
8994 : 3D;
8995 : 3D;
8996 : 3D;
8997 : 3D;
8998 : 3D;
8999 : 3D;
9000 : 1D;
9001 : 1D;
9002 : 1D;
9003 : 1D;
9004 : 1D;
9005 : 1D;
9006 : 1D;
9007 : 1D;
9008 : 1D;
9009 : 1D;
9010 : 3D;
9011 : 3D;
9012 : 3D;
9013 : 3D;
9014 : 3D;
9015 : 3D;
9016 : 3D;
9017 : 3D;
9018 : 3D;
9019 : 3D;
9020 : 1D;
9021 : 1D;
9022 : 1D;
9023 : 1D;
9024 : 1D;
9025 : 1D;
9026 : 1D;
9027 : 1D;
9028 : 1D;
9029 : 1D;
9030 : 3D;
9031 : 3D;
9032 : 3D;
9033 : 3D;
9034 : 3D;
9035 : 3D;
9036 : 3D;
9037 : 3D;
9038 : 3D;
9039 : 3D;
9040 : 3D;
9041 : 1D;
9042 : 1D;
9043 : 1D;
9044 : 1D;
9045 : 1D;
9046 : 1D;
9047 : 1D;
9048 : 1D;
9049 : 1D;
9050 : 1D;
9051 : 3D;
9052 : 3D;
9053 : 3D;
9054 : 3D;
9055 : 3D;
9056 : 3D;
9057 : 3D;
9058 : 3D;
9059 : 3D;
9060 : 3D;
9061 : 1D;
9062 : 1D;
9063 : 1D;
9064 : 1D;
9065 : 1D;
9066 : 1D;
9067 : 1D;
9068 : 1D;
9069 : 1D;
9070 : 1D;
9071 : 3D;
9072 : 3D;
9073 : 3D;
9074 : 3D;
9075 : 3D;
9076 : 3D;
9077 : 3D;
9078 : 3D;
9079 : 3D;
9080 : 3D;
9081 : 1D;
9082 : 1D;
9083 : 1D;
9084 : 1D;
9085 : 1D;
9086 : 1D;
9087 : 1D;
9088 : 1D;
9089 : 1D;
9090 : 1D;
9091 : 3D;
9092 : 3D;
9093 : 3D;
9094 : 3D;
9095 : 3D;
9096 : 3D;
9097 : 3D;
9098 : 3D;
9099 : 3D;
9100 : 3D;
9101 : 1D;
9102 : 1D;
9103 : 1D;
9104 : 1D;
9105 : 1D;
9106 : 1D;
9107 : 1D;
9108 : 1D;
9109 : 1D;
9110 : 1D;
9111 : 3D;
9112 : 3D;
9113 : 3D;
9114 : 3D;
9115 : 3D;
9116 : 3D;
9117 : 3D;
9118 : 3D;
9119 : 3D;
9120 : 3D;
9121 : 1D;
9122 : 1D;
9123 : 1D;
9124 : 1D;
9125 : 1D;
9126 : 1D;
9127 : 1D;
9128 : 1D;
9129 : 1D;
9130 : 1D;
9131 : 3D;
9132 : 3D;
9133 : 3D;
9134 : 3D;
9135 : 3D;
9136 : 3D;
9137 : 3D;
9138 : 3D;
9139 : 3D;
9140 : 3D;
9141 : 1D;
9142 : 1D;
9143 : 1D;
9144 : 1D;
9145 : 1D;
9146 : 1D;
9147 : 1D;
9148 : 1D;
9149 : 1D;
9150 : 1D;
9151 : 1D;
9152 : 3D;
9153 : 3D;
9154 : 3D;
9155 : 3D;
9156 : 3D;
9157 : 3D;
9158 : 3D;
9159 : 3D;
9160 : 3D;
9161 : 3D;
9162 : 1D;
9163 : 1D;
9164 : 1D;
9165 : 1D;
9166 : 1D;
9167 : 1D;
9168 : 1D;
9169 : 1D;
9170 : 1D;
9171 : 1D;
9172 : 3D;
9173 : 3D;
9174 : 3D;
9175 : 3D;
9176 : 3D;
9177 : 3D;
9178 : 3D;
9179 : 3D;
9180 : 3D;
9181 : 3D;
9182 : 1D;
9183 : 1D;
9184 : 1D;
9185 : 1D;
9186 : 1D;
9187 : 1D;
9188 : 1D;
9189 : 1D;
9190 : 1D;
9191 : 1D;
9192 : 3D;
9193 : 3D;
9194 : 3D;
9195 : 3D;
9196 : 3D;
9197 : 3D;
9198 : 3D;
9199 : 3D;
9200 : 3D;
9201 : 3D;
9202 : 1D;
9203 : 1D;
9204 : 1D;
9205 : 1D;
9206 : 1D;
9207 : 1D;
9208 : 1D;
9209 : 1D;
9210 : 1D;
9211 : 1D;
9212 : 3D;
9213 : 3D;
9214 : 3D;
9215 : 3D;
9216 : 3D;
9217 : 3D;
9218 : 3D;
9219 : 3D;
9220 : 3D;
9221 : 3D;
9222 : 1D;
9223 : 1D;
9224 : 1D;
9225 : 1D;
9226 : 1D;
9227 : 1D;
9228 : 1D;
9229 : 1D;
9230 : 1D;
9231 : 1D;
9232 : 3D;
9233 : 3D;
9234 : 3D;
9235 : 3D;
9236 : 3D;
9237 : 3D;
9238 : 3D;
9239 : 3D;
9240 : 3D;
9241 : 3D;
9242 : 1D;
9243 : 1D;
9244 : 1D;
9245 : 1D;
9246 : 1D;
9247 : 1D;
9248 : 1D;
9249 : 1D;
9250 : 1D;
9251 : 1D;
9252 : 3D;
9253 : 3D;
9254 : 3D;
9255 : 3D;
9256 : 3D;
9257 : 3D;
9258 : 3D;
9259 : 3D;
9260 : 3D;
9261 : 3D;
9262 : 3D;
9263 : 1D;
9264 : 1D;
9265 : 1D;
9266 : 1D;
9267 : 1D;
9268 : 1D;
9269 : 1D;
9270 : 1D;
9271 : 1D;
9272 : 1D;
9273 : 14;
9274 : 14;
9275 : 14;
9276 : 14;
9277 : 14;
9278 : 14;
9279 : 14;
9280 : 10;
9281 : 10;
9282 : 10;
9283 : 10;
9284 : 10;
9285 : 10;
9286 : 10;
9287 : 10;
9288 : 10;
9289 : 10;
9290 : 3D;
9291 : 3D;
9292 : 3D;
9293 : 3D;
9294 : 3D;
9295 : 3D;
9296 : 3D;
9297 : 3D;
9298 : 3D;
9299 : 3D;
9300 : 1D;
9301 : 1D;
9302 : 1D;
9303 : 1D;
9304 : 1D;
9305 : 1D;
9306 : 1D;
9307 : 1D;
9308 : 1D;
9309 : 1D;
9310 : 3D;
9311 : 3D;
9312 : 3D;
9313 : 3D;
9314 : 3D;
9315 : 3D;
9316 : 3D;
9317 : 3D;
9318 : 3D;
9319 : 3D;
9320 : 1D;
9321 : 1D;
9322 : 1D;
9323 : 1D;
9324 : 1D;
9325 : 1D;
9326 : 1D;
9327 : 1D;
9328 : 1D;
9329 : 1D;
9330 : 3D;
9331 : 3D;
9332 : 3D;
9333 : 3D;
9334 : 3D;
9335 : 3D;
9336 : 3D;
9337 : 3D;
9338 : 3D;
9339 : 3D;
9340 : 1D;
9341 : 1D;
9342 : 1D;
9343 : 1D;
9344 : 1D;
9345 : 1D;
9346 : 1D;
9347 : 1D;
9348 : 1D;
9349 : 1D;
9350 : 3D;
9351 : 3D;
9352 : 3D;
9353 : 3D;
9354 : 3D;
9355 : 3D;
9356 : 3D;
9357 : 3D;
9358 : 3D;
9359 : 3D;
9360 : 3D;
9361 : 1D;
9362 : 1D;
9363 : 1D;
9364 : 1D;
9365 : 1D;
9366 : 1D;
9367 : 1D;
9368 : 1D;
9369 : 1D;
9370 : 1D;
9371 : 3D;
9372 : 3D;
9373 : 3D;
9374 : 3D;
9375 : 3D;
9376 : 3D;
9377 : 3D;
9378 : 3D;
9379 : 3D;
9380 : 3D;
9381 : 1D;
9382 : 1D;
9383 : 1D;
9384 : 1D;
9385 : 1D;
9386 : 1D;
9387 : 1D;
9388 : 1D;
9389 : 1D;
9390 : 1D;
9391 : 3D;
9392 : 3D;
9393 : 3D;
9394 : 3D;
9395 : 3D;
9396 : 3D;
9397 : 3D;
9398 : 3D;
9399 : 3D;
9400 : 3D;
9401 : 1D;
9402 : 1D;
9403 : 1D;
9404 : 1D;
9405 : 1D;
9406 : 1D;
9407 : 1D;
9408 : 1D;
9409 : 1D;
9410 : 1D;
9411 : 3D;
9412 : 3D;
9413 : 3D;
9414 : 3D;
9415 : 3D;
9416 : 3D;
9417 : 3D;
9418 : 3D;
9419 : 3D;
9420 : 3D;
9421 : 1D;
9422 : 1D;
9423 : 1D;
9424 : 1D;
9425 : 1D;
9426 : 1D;
9427 : 1D;
9428 : 1D;
9429 : 1D;
9430 : 1D;
9431 : 3D;
9432 : 3D;
9433 : 3D;
9434 : 3D;
9435 : 3D;
9436 : 3D;
9437 : 3D;
9438 : 3D;
9439 : 3D;
9440 : 3D;
9441 : 1D;
9442 : 1D;
9443 : 1D;
9444 : 1D;
9445 : 1D;
9446 : 1D;
9447 : 1D;
9448 : 1D;
9449 : 1D;
9450 : 1D;
9451 : 3D;
9452 : 3D;
9453 : 3D;
9454 : 3D;
9455 : 3D;
9456 : 3D;
9457 : 3D;
9458 : 3D;
9459 : 3D;
9460 : 3D;
9461 : 1D;
9462 : 1D;
9463 : 1D;
9464 : 1D;
9465 : 1D;
9466 : 1D;
9467 : 1D;
9468 : 1D;
9469 : 1D;
9470 : 1D;
9471 : 1D;
9472 : 3D;
9473 : 3D;
9474 : 3D;
9475 : 3D;
9476 : 3D;
9477 : 3D;
9478 : 3D;
9479 : 3D;
9480 : 3D;
9481 : 3D;
9482 : 1D;
9483 : 1D;
9484 : 1D;
9485 : 1D;
9486 : 1D;
9487 : 1D;
9488 : 1D;
9489 : 1D;
9490 : 1D;
9491 : 1D;
9492 : 3D;
9493 : 3D;
9494 : 3D;
9495 : 3D;
9496 : 3D;
9497 : 3D;
9498 : 3D;
9499 : 3D;
9500 : 3D;
9501 : 3D;
9502 : 1D;
9503 : 1D;
9504 : 1D;
9505 : 1D;
9506 : 1D;
9507 : 1D;
9508 : 1D;
9509 : 1D;
9510 : 1D;
9511 : 1D;
9512 : 3D;
9513 : 3D;
9514 : 3D;
9515 : 3D;
9516 : 3D;
9517 : 3D;
9518 : 3D;
9519 : 3D;
9520 : 3D;
9521 : 3D;
9522 : 1D;
9523 : 1D;
9524 : 1D;
9525 : 1D;
9526 : 1D;
9527 : 1D;
9528 : 1D;
9529 : 1D;
9530 : 1D;
9531 : 1D;
9532 : 3D;
9533 : 3D;
9534 : 3D;
9535 : 3D;
9536 : 3D;
9537 : 3D;
9538 : 3D;
9539 : 3D;
9540 : 3D;
9541 : 3D;
9542 : 1D;
9543 : 1D;
9544 : 1D;
9545 : 1D;
9546 : 1D;
9547 : 1D;
9548 : 1D;
9549 : 1D;
9550 : 1D;
9551 : 1D;
9552 : 3D;
9553 : 3D;
9554 : 3D;
9555 : 3D;
9556 : 3D;
9557 : 3D;
9558 : 3D;
9559 : 3D;
9560 : 3D;
9561 : 3D;
9562 : 1D;
9563 : 1D;
9564 : 1D;
9565 : 1D;
9566 : 1D;
9567 : 1D;
9568 : 1D;
9569 : 1D;
9570 : 1D;
9571 : 1D;
9572 : 3D;
9573 : 3D;
9574 : 3D;
9575 : 3D;
9576 : 3D;
9577 : 3D;
9578 : 3D;
9579 : 3D;
9580 : 3D;
9581 : 3D;
9582 : 3D;
9583 : 1D;
9584 : 1D;
9585 : 1D;
9586 : 1D;
9587 : 1D;
9588 : 1D;
9589 : 1D;
9590 : 1D;
9591 : 1D;
9592 : 1D;
9593 : 14;
9594 : 14;
9595 : 14;
9596 : 14;
9597 : 14;
9598 : 14;
9599 : 14;
9600 : 14;
9601 : 14;
9602 : 14;
9603 : 14;
9604 : 14;
9605 : 14;
9606 : 14;
9607 : 14;
9608 : 14;
9609 : 14;
9610 : 1D;
9611 : 1D;
9612 : 1D;
9613 : 1D;
9614 : 1D;
9615 : 1D;
9616 : 1D;
9617 : 1D;
9618 : 1D;
9619 : 1D;
9620 : 3D;
9621 : 3D;
9622 : 3D;
9623 : 3D;
9624 : 3D;
9625 : 3D;
9626 : 3D;
9627 : 3D;
9628 : 3D;
9629 : 3D;
9630 : 1D;
9631 : 1D;
9632 : 1D;
9633 : 1D;
9634 : 1D;
9635 : 1D;
9636 : 1D;
9637 : 1D;
9638 : 1D;
9639 : 1D;
9640 : 3D;
9641 : 3D;
9642 : 3D;
9643 : 3D;
9644 : 3D;
9645 : 3D;
9646 : 3D;
9647 : 3D;
9648 : 3D;
9649 : 3D;
9650 : 1D;
9651 : 1D;
9652 : 1D;
9653 : 1D;
9654 : 1D;
9655 : 1D;
9656 : 1D;
9657 : 1D;
9658 : 1D;
9659 : 1D;
9660 : 3D;
9661 : 3D;
9662 : 3D;
9663 : 3D;
9664 : 3D;
9665 : 3D;
9666 : 3D;
9667 : 3D;
9668 : 3D;
9669 : 3D;
9670 : 1D;
9671 : 1D;
9672 : 1D;
9673 : 1D;
9674 : 1D;
9675 : 1D;
9676 : 1D;
9677 : 1D;
9678 : 1D;
9679 : 1D;
9680 : 1D;
9681 : 3D;
9682 : 3D;
9683 : 3D;
9684 : 3D;
9685 : 3D;
9686 : 3D;
9687 : 3D;
9688 : 3D;
9689 : 3D;
9690 : 3D;
9691 : 1D;
9692 : 1D;
9693 : 1D;
9694 : 1D;
9695 : 1D;
9696 : 1D;
9697 : 1D;
9698 : 1D;
9699 : 1D;
9700 : 1D;
9701 : 3D;
9702 : 3D;
9703 : 3D;
9704 : 3D;
9705 : 3D;
9706 : 3D;
9707 : 3D;
9708 : 3D;
9709 : 3D;
9710 : 3D;
9711 : 1D;
9712 : 1D;
9713 : 1D;
9714 : 1D;
9715 : 1D;
9716 : 1D;
9717 : 1D;
9718 : 1D;
9719 : 1D;
9720 : 1D;
9721 : 3D;
9722 : 3D;
9723 : 3D;
9724 : 3D;
9725 : 3D;
9726 : 3D;
9727 : 3D;
9728 : 3D;
9729 : 3D;
9730 : 3D;
9731 : 1D;
9732 : 1D;
9733 : 1D;
9734 : 1D;
9735 : 1D;
9736 : 1D;
9737 : 1D;
9738 : 1D;
9739 : 1D;
9740 : 1D;
9741 : 3D;
9742 : 3D;
9743 : 3D;
9744 : 3D;
9745 : 3D;
9746 : 3D;
9747 : 3D;
9748 : 3D;
9749 : 3D;
9750 : 3D;
9751 : 1D;
9752 : 1D;
9753 : 1D;
9754 : 1D;
9755 : 1D;
9756 : 1D;
9757 : 1D;
9758 : 1D;
9759 : 1D;
9760 : 1D;
9761 : 3D;
9762 : 3D;
9763 : 3D;
9764 : 3D;
9765 : 3D;
9766 : 3D;
9767 : 3D;
9768 : 3D;
9769 : 3D;
9770 : 3D;
9771 : 1D;
9772 : 1D;
9773 : 1D;
9774 : 1D;
9775 : 1D;
9776 : 1D;
9777 : 1D;
9778 : 1D;
9779 : 1D;
9780 : 1D;
9781 : 3D;
9782 : 3D;
9783 : 3D;
9784 : 3D;
9785 : 3D;
9786 : 3D;
9787 : 3D;
9788 : 3D;
9789 : 3D;
9790 : 3D;
9791 : 3D;
9792 : 1D;
9793 : 1D;
9794 : 1D;
9795 : 1D;
9796 : 1D;
9797 : 1D;
9798 : 1D;
9799 : 1D;
9800 : 1D;
9801 : 1D;
9802 : 3D;
9803 : 3D;
9804 : 3D;
9805 : 3D;
9806 : 3D;
9807 : 3D;
9808 : 3D;
9809 : 3D;
9810 : 3D;
9811 : 3D;
9812 : 1D;
9813 : 1D;
9814 : 1D;
9815 : 1D;
9816 : 1D;
9817 : 1D;
9818 : 1D;
9819 : 1D;
9820 : 1D;
9821 : 1D;
9822 : 3D;
9823 : 3D;
9824 : 3D;
9825 : 3D;
9826 : 3D;
9827 : 3D;
9828 : 3D;
9829 : 3D;
9830 : 3D;
9831 : 3D;
9832 : 1D;
9833 : 1D;
9834 : 1D;
9835 : 1D;
9836 : 1D;
9837 : 1D;
9838 : 1D;
9839 : 1D;
9840 : 1D;
9841 : 1D;
9842 : 3D;
9843 : 3D;
9844 : 3D;
9845 : 3D;
9846 : 3D;
9847 : 3D;
9848 : 3D;
9849 : 3D;
9850 : 3D;
9851 : 3D;
9852 : 1D;
9853 : 1D;
9854 : 1D;
9855 : 1D;
9856 : 1D;
9857 : 1D;
9858 : 1D;
9859 : 1D;
9860 : 1D;
9861 : 1D;
9862 : 3D;
9863 : 3D;
9864 : 3D;
9865 : 3D;
9866 : 3D;
9867 : 3D;
9868 : 3D;
9869 : 3D;
9870 : 3D;
9871 : 3D;
9872 : 1D;
9873 : 1D;
9874 : 1D;
9875 : 1D;
9876 : 1D;
9877 : 1D;
9878 : 1D;
9879 : 1D;
9880 : 1D;
9881 : 1D;
9882 : 3D;
9883 : 3D;
9884 : 3D;
9885 : 3D;
9886 : 3D;
9887 : 3D;
9888 : 3D;
9889 : 3D;
9890 : 3D;
9891 : 3D;
9892 : 1D;
9893 : 1D;
9894 : 1D;
9895 : 1D;
9896 : 1D;
9897 : 1D;
9898 : 1D;
9899 : 1D;
9900 : 1D;
9901 : 1D;
9902 : 1D;
9903 : 3D;
9904 : 3D;
9905 : 3D;
9906 : 3D;
9907 : 3D;
9908 : 3D;
9909 : 3D;
9910 : 3D;
9911 : 3D;
9912 : 3D;
9913 : 10;
9914 : 10;
9915 : 10;
9916 : 10;
9917 : 10;
9918 : 10;
9919 : 10;
9920 : 14;
9921 : 14;
9922 : 14;
9923 : 14;
9924 : 14;
9925 : 14;
9926 : 14;
9927 : 14;
9928 : 14;
9929 : 14;
9930 : 1D;
9931 : 1D;
9932 : 1D;
9933 : 1D;
9934 : 1D;
9935 : 1D;
9936 : 1D;
9937 : 1D;
9938 : 1D;
9939 : 1D;
9940 : 3D;
9941 : 3D;
9942 : 3D;
9943 : 3D;
9944 : 3D;
9945 : 3D;
9946 : 3D;
9947 : 3D;
9948 : 3D;
9949 : 3D;
9950 : 1D;
9951 : 1D;
9952 : 1D;
9953 : 1D;
9954 : 1D;
9955 : 1D;
9956 : 1D;
9957 : 1D;
9958 : 1D;
9959 : 1D;
9960 : 3D;
9961 : 3D;
9962 : 3D;
9963 : 3D;
9964 : 3D;
9965 : 3D;
9966 : 3D;
9967 : 3D;
9968 : 3D;
9969 : 3D;
9970 : 1D;
9971 : 1D;
9972 : 1D;
9973 : 1D;
9974 : 1D;
9975 : 1D;
9976 : 1D;
9977 : 1D;
9978 : 1D;
9979 : 1D;
9980 : 3D;
9981 : 3D;
9982 : 3D;
9983 : 3D;
9984 : 3D;
9985 : 3D;
9986 : 3D;
9987 : 3D;
9988 : 3D;
9989 : 3D;
9990 : 1D;
9991 : 1D;
9992 : 1D;
9993 : 1D;
9994 : 1D;
9995 : 1D;
9996 : 1D;
9997 : 1D;
9998 : 1D;
9999 : 1D;
10000 : 1D;
10001 : 3D;
10002 : 3D;
10003 : 3D;
10004 : 3D;
10005 : 3D;
10006 : 3D;
10007 : 3D;
10008 : 3D;
10009 : 3D;
10010 : 3D;
10011 : 1D;
10012 : 1D;
10013 : 1D;
10014 : 1D;
10015 : 1D;
10016 : 1D;
10017 : 1D;
10018 : 1D;
10019 : 1D;
10020 : 1D;
10021 : 3D;
10022 : 3D;
10023 : 3D;
10024 : 3D;
10025 : 3D;
10026 : 3D;
10027 : 3D;
10028 : 3D;
10029 : 3D;
10030 : 3D;
10031 : 1D;
10032 : 1D;
10033 : 1D;
10034 : 1D;
10035 : 1D;
10036 : 1D;
10037 : 1D;
10038 : 1D;
10039 : 1D;
10040 : 1D;
10041 : 3D;
10042 : 3D;
10043 : 3D;
10044 : 3D;
10045 : 3D;
10046 : 3D;
10047 : 3D;
10048 : 3D;
10049 : 3D;
10050 : 3D;
10051 : 1D;
10052 : 1D;
10053 : 1D;
10054 : 1D;
10055 : 1D;
10056 : 1D;
10057 : 1D;
10058 : 1D;
10059 : 1D;
10060 : 1D;
10061 : 3D;
10062 : 3D;
10063 : 3D;
10064 : 3D;
10065 : 3D;
10066 : 3D;
10067 : 3D;
10068 : 3D;
10069 : 3D;
10070 : 3D;
10071 : 1D;
10072 : 1D;
10073 : 1D;
10074 : 1D;
10075 : 1D;
10076 : 1D;
10077 : 1D;
10078 : 1D;
10079 : 1D;
10080 : 1D;
10081 : 3D;
10082 : 3D;
10083 : 3D;
10084 : 3D;
10085 : 3D;
10086 : 3D;
10087 : 3D;
10088 : 3D;
10089 : 3D;
10090 : 3D;
10091 : 1D;
10092 : 1D;
10093 : 1D;
10094 : 1D;
10095 : 1D;
10096 : 1D;
10097 : 1D;
10098 : 1D;
10099 : 1D;
10100 : 1D;
10101 : 3D;
10102 : 3D;
10103 : 3D;
10104 : 3D;
10105 : 3D;
10106 : 3D;
10107 : 3D;
10108 : 3D;
10109 : 3D;
10110 : 3D;
10111 : 3D;
10112 : 1D;
10113 : 1D;
10114 : 1D;
10115 : 1D;
10116 : 1D;
10117 : 1D;
10118 : 1D;
10119 : 1D;
10120 : 1D;
10121 : 1D;
10122 : 3D;
10123 : 3D;
10124 : 3D;
10125 : 3D;
10126 : 3D;
10127 : 3D;
10128 : 3D;
10129 : 3D;
10130 : 3D;
10131 : 3D;
10132 : 1D;
10133 : 1D;
10134 : 1D;
10135 : 1D;
10136 : 1D;
10137 : 1D;
10138 : 1D;
10139 : 1D;
10140 : 1D;
10141 : 1D;
10142 : 3D;
10143 : 3D;
10144 : 3D;
10145 : 3D;
10146 : 3D;
10147 : 3D;
10148 : 3D;
10149 : 3D;
10150 : 3D;
10151 : 3D;
10152 : 1D;
10153 : 1D;
10154 : 1D;
10155 : 1D;
10156 : 1D;
10157 : 1D;
10158 : 1D;
10159 : 1D;
10160 : 1D;
10161 : 1D;
10162 : 3D;
10163 : 3D;
10164 : 3D;
10165 : 3D;
10166 : 3D;
10167 : 3D;
10168 : 3D;
10169 : 3D;
10170 : 3D;
10171 : 3D;
10172 : 1D;
10173 : 1D;
10174 : 1D;
10175 : 1D;
10176 : 1D;
10177 : 1D;
10178 : 1D;
10179 : 1D;
10180 : 1D;
10181 : 1D;
10182 : 3D;
10183 : 3D;
10184 : 3D;
10185 : 3D;
10186 : 3D;
10187 : 3D;
10188 : 3D;
10189 : 3D;
10190 : 3D;
10191 : 3D;
10192 : 1D;
10193 : 1D;
10194 : 1D;
10195 : 1D;
10196 : 1D;
10197 : 1D;
10198 : 1D;
10199 : 1D;
10200 : 1D;
10201 : 1D;
10202 : 3D;
10203 : 3D;
10204 : 3D;
10205 : 3D;
10206 : 3D;
10207 : 3D;
10208 : 3D;
10209 : 3D;
10210 : 3D;
10211 : 3D;
10212 : 1D;
10213 : 1D;
10214 : 1D;
10215 : 1D;
10216 : 1D;
10217 : 1D;
10218 : 1D;
10219 : 1D;
10220 : 1D;
10221 : 1D;
10222 : 1D;
10223 : 3D;
10224 : 3D;
10225 : 3D;
10226 : 3D;
10227 : 3D;
10228 : 3D;
10229 : 3D;
10230 : 3D;
10231 : 3D;
10232 : 3D;
10233 : 10;
10234 : 10;
10235 : 10;
10236 : 10;
10237 : 10;
10238 : 10;
10239 : 10;
10240 : 14;
10241 : 14;
10242 : 14;
10243 : 14;
10244 : 14;
10245 : 14;
10246 : 14;
10247 : 14;
10248 : 14;
10249 : 14;
10250 : 1D;
10251 : 1D;
10252 : 1D;
10253 : 1D;
10254 : 1D;
10255 : 1D;
10256 : 1D;
10257 : 1D;
10258 : 1D;
10259 : 1D;
10260 : 3D;
10261 : 3D;
10262 : 3D;
10263 : 3D;
10264 : 3D;
10265 : 3D;
10266 : 3D;
10267 : 3D;
10268 : 3D;
10269 : 3D;
10270 : 1D;
10271 : 1D;
10272 : 1D;
10273 : 1D;
10274 : 1D;
10275 : 1D;
10276 : 1D;
10277 : 1D;
10278 : 1D;
10279 : 1D;
10280 : 3D;
10281 : 3D;
10282 : 3D;
10283 : 3D;
10284 : 3D;
10285 : 3D;
10286 : 3D;
10287 : 3D;
10288 : 3D;
10289 : 3D;
10290 : 1D;
10291 : 1D;
10292 : 1D;
10293 : 1D;
10294 : 1D;
10295 : 1D;
10296 : 1D;
10297 : 1D;
10298 : 1D;
10299 : 1D;
10300 : 3D;
10301 : 3D;
10302 : 3D;
10303 : 3D;
10304 : 3D;
10305 : 3D;
10306 : 3D;
10307 : 3D;
10308 : 3D;
10309 : 3D;
10310 : 1D;
10311 : 1D;
10312 : 1D;
10313 : 1D;
10314 : 1D;
10315 : 1D;
10316 : 1D;
10317 : 1D;
10318 : 1D;
10319 : 1D;
10320 : 1D;
10321 : 3D;
10322 : 3D;
10323 : 3D;
10324 : 3D;
10325 : 3D;
10326 : 3D;
10327 : 3D;
10328 : 3D;
10329 : 3D;
10330 : 3D;
10331 : 1D;
10332 : 1D;
10333 : 1D;
10334 : 1D;
10335 : 1D;
10336 : 1D;
10337 : 1D;
10338 : 1D;
10339 : 1D;
10340 : 1D;
10341 : 3D;
10342 : 3D;
10343 : 3D;
10344 : 3D;
10345 : 3D;
10346 : 3D;
10347 : 3D;
10348 : 3D;
10349 : 3D;
10350 : 3D;
10351 : 1D;
10352 : 1D;
10353 : 1D;
10354 : 1D;
10355 : 1D;
10356 : 1D;
10357 : 1D;
10358 : 1D;
10359 : 1D;
10360 : 1D;
10361 : 3D;
10362 : 3D;
10363 : 3D;
10364 : 3D;
10365 : 3D;
10366 : 3D;
10367 : 3D;
10368 : 3D;
10369 : 3D;
10370 : 3D;
10371 : 1D;
10372 : 1D;
10373 : 1D;
10374 : 1D;
10375 : 1D;
10376 : 1D;
10377 : 1D;
10378 : 1D;
10379 : 1D;
10380 : 1D;
10381 : 3D;
10382 : 3D;
10383 : 3D;
10384 : 3D;
10385 : 3D;
10386 : 3D;
10387 : 3D;
10388 : 3D;
10389 : 3D;
10390 : 3D;
10391 : 1D;
10392 : 1D;
10393 : 1D;
10394 : 1D;
10395 : 1D;
10396 : 1D;
10397 : 1D;
10398 : 1D;
10399 : 1D;
10400 : 1D;
10401 : 3D;
10402 : 3D;
10403 : 3D;
10404 : 3D;
10405 : 3D;
10406 : 3D;
10407 : 3D;
10408 : 3D;
10409 : 3D;
10410 : 3D;
10411 : 1D;
10412 : 1D;
10413 : 1D;
10414 : 1D;
10415 : 1D;
10416 : 1D;
10417 : 1D;
10418 : 1D;
10419 : 1D;
10420 : 1D;
10421 : 3D;
10422 : 3D;
10423 : 3D;
10424 : 3D;
10425 : 3D;
10426 : 3D;
10427 : 3D;
10428 : 3D;
10429 : 3D;
10430 : 3D;
10431 : 3D;
10432 : 1D;
10433 : 1D;
10434 : 1D;
10435 : 1D;
10436 : 1D;
10437 : 1D;
10438 : 1D;
10439 : 1D;
10440 : 1D;
10441 : 1D;
10442 : 3D;
10443 : 3D;
10444 : 3D;
10445 : 3D;
10446 : 3D;
10447 : 3D;
10448 : 3D;
10449 : 3D;
10450 : 3D;
10451 : 3D;
10452 : 1D;
10453 : 1D;
10454 : 1D;
10455 : 1D;
10456 : 1D;
10457 : 1D;
10458 : 1D;
10459 : 1D;
10460 : 1D;
10461 : 1D;
10462 : 3D;
10463 : 3D;
10464 : 3D;
10465 : 3D;
10466 : 3D;
10467 : 3D;
10468 : 3D;
10469 : 3D;
10470 : 3D;
10471 : 3D;
10472 : 1D;
10473 : 1D;
10474 : 1D;
10475 : 1D;
10476 : 1D;
10477 : 1D;
10478 : 1D;
10479 : 1D;
10480 : 1D;
10481 : 1D;
10482 : 3D;
10483 : 3D;
10484 : 3D;
10485 : 3D;
10486 : 3D;
10487 : 3D;
10488 : 3D;
10489 : 3D;
10490 : 3D;
10491 : 3D;
10492 : 1D;
10493 : 1D;
10494 : 1D;
10495 : 1D;
10496 : 1D;
10497 : 1D;
10498 : 1D;
10499 : 1D;
10500 : 1D;
10501 : 1D;
10502 : 3D;
10503 : 3D;
10504 : 3D;
10505 : 3D;
10506 : 3D;
10507 : 3D;
10508 : 3D;
10509 : 3D;
10510 : 3D;
10511 : 3D;
10512 : 1D;
10513 : 1D;
10514 : 1D;
10515 : 1D;
10516 : 1D;
10517 : 1D;
10518 : 1D;
10519 : 1D;
10520 : 1D;
10521 : 1D;
10522 : 3D;
10523 : 3D;
10524 : 3D;
10525 : 3D;
10526 : 3D;
10527 : 3D;
10528 : 3D;
10529 : 3D;
10530 : 3D;
10531 : 3D;
10532 : 1D;
10533 : 1D;
10534 : 1D;
10535 : 1D;
10536 : 1D;
10537 : 1D;
10538 : 1D;
10539 : 1D;
10540 : 1D;
10541 : 1D;
10542 : 1D;
10543 : 3D;
10544 : 3D;
10545 : 3D;
10546 : 3D;
10547 : 3D;
10548 : 3D;
10549 : 3D;
10550 : 3D;
10551 : 3D;
10552 : 3D;
10553 : 10;
10554 : 10;
10555 : 10;
10556 : 10;
10557 : 10;
10558 : 10;
10559 : 10;
10560 : 14;
10561 : 14;
10562 : 14;
10563 : 14;
10564 : 14;
10565 : 14;
10566 : 14;
10567 : 14;
10568 : 14;
10569 : 14;
10570 : 1D;
10571 : 1D;
10572 : 1D;
10573 : 1D;
10574 : 1D;
10575 : 1D;
10576 : 1D;
10577 : 1D;
10578 : 1D;
10579 : 1D;
10580 : 3D;
10581 : 3D;
10582 : 3D;
10583 : 3D;
10584 : 3D;
10585 : 3D;
10586 : 3D;
10587 : 3D;
10588 : 3D;
10589 : 3D;
10590 : 1D;
10591 : 1D;
10592 : 1D;
10593 : 1D;
10594 : 1D;
10595 : 1D;
10596 : 1D;
10597 : 1D;
10598 : 1D;
10599 : 1D;
10600 : 3D;
10601 : 3D;
10602 : 3D;
10603 : 3D;
10604 : 3D;
10605 : 3D;
10606 : 3D;
10607 : 3D;
10608 : 3D;
10609 : 3D;
10610 : 1D;
10611 : 1D;
10612 : 1D;
10613 : 1D;
10614 : 1D;
10615 : 1D;
10616 : 1D;
10617 : 1D;
10618 : 1D;
10619 : 1D;
10620 : 3D;
10621 : 3D;
10622 : 3D;
10623 : 3D;
10624 : 3D;
10625 : 3D;
10626 : 3D;
10627 : 3D;
10628 : 3D;
10629 : 3D;
10630 : 1D;
10631 : 1D;
10632 : 1D;
10633 : 1D;
10634 : 1D;
10635 : 1D;
10636 : 1D;
10637 : 1D;
10638 : 1D;
10639 : 1D;
10640 : 1D;
10641 : 3D;
10642 : 3D;
10643 : 3D;
10644 : 3D;
10645 : 3D;
10646 : 3D;
10647 : 3D;
10648 : 3D;
10649 : 3D;
10650 : 3D;
10651 : 1D;
10652 : 1D;
10653 : 1D;
10654 : 1D;
10655 : 1D;
10656 : 1D;
10657 : 1D;
10658 : 1D;
10659 : 1D;
10660 : 1D;
10661 : 3D;
10662 : 3D;
10663 : 3D;
10664 : 3D;
10665 : 3D;
10666 : 3D;
10667 : 3D;
10668 : 3D;
10669 : 3D;
10670 : 3D;
10671 : 1D;
10672 : 1D;
10673 : 1D;
10674 : 1D;
10675 : 1D;
10676 : 1D;
10677 : 1D;
10678 : 1D;
10679 : 1D;
10680 : 1D;
10681 : 3D;
10682 : 3D;
10683 : 3D;
10684 : 3D;
10685 : 3D;
10686 : 3D;
10687 : 3D;
10688 : 3D;
10689 : 3D;
10690 : 3D;
10691 : 1D;
10692 : 1D;
10693 : 1D;
10694 : 1D;
10695 : 1D;
10696 : 1D;
10697 : 1D;
10698 : 1D;
10699 : 1D;
10700 : 1D;
10701 : 3D;
10702 : 3D;
10703 : 3D;
10704 : 3D;
10705 : 3D;
10706 : 3D;
10707 : 3D;
10708 : 3D;
10709 : 3D;
10710 : 3D;
10711 : 1D;
10712 : 1D;
10713 : 1D;
10714 : 1D;
10715 : 1D;
10716 : 1D;
10717 : 1D;
10718 : 1D;
10719 : 1D;
10720 : 1D;
10721 : 3D;
10722 : 3D;
10723 : 3D;
10724 : 3D;
10725 : 3D;
10726 : 3D;
10727 : 3D;
10728 : 3D;
10729 : 3D;
10730 : 3D;
10731 : 1D;
10732 : 1D;
10733 : 1D;
10734 : 1D;
10735 : 1D;
10736 : 1D;
10737 : 1D;
10738 : 1D;
10739 : 1D;
10740 : 1D;
10741 : 3D;
10742 : 3D;
10743 : 3D;
10744 : 3D;
10745 : 3D;
10746 : 3D;
10747 : 3D;
10748 : 3D;
10749 : 3D;
10750 : 3D;
10751 : 3D;
10752 : 1D;
10753 : 1D;
10754 : 1D;
10755 : 1D;
10756 : 1D;
10757 : 1D;
10758 : 1D;
10759 : 1D;
10760 : 1D;
10761 : 1D;
10762 : 3D;
10763 : 3D;
10764 : 3D;
10765 : 3D;
10766 : 3D;
10767 : 3D;
10768 : 3D;
10769 : 3D;
10770 : 3D;
10771 : 3D;
10772 : 1D;
10773 : 1D;
10774 : 1D;
10775 : 1D;
10776 : 1D;
10777 : 1D;
10778 : 1D;
10779 : 1D;
10780 : 1D;
10781 : 1D;
10782 : 3D;
10783 : 3D;
10784 : 3D;
10785 : 3D;
10786 : 3D;
10787 : 3D;
10788 : 3D;
10789 : 3D;
10790 : 3D;
10791 : 3D;
10792 : 1D;
10793 : 1D;
10794 : 1D;
10795 : 1D;
10796 : 1D;
10797 : 1D;
10798 : 1D;
10799 : 1D;
10800 : 1D;
10801 : 1D;
10802 : 3D;
10803 : 3D;
10804 : 3D;
10805 : 3D;
10806 : 3D;
10807 : 3D;
10808 : 3D;
10809 : 3D;
10810 : 3D;
10811 : 3D;
10812 : 1D;
10813 : 1D;
10814 : 1D;
10815 : 1D;
10816 : 1D;
10817 : 1D;
10818 : 1D;
10819 : 1D;
10820 : 1D;
10821 : 1D;
10822 : 3D;
10823 : 3D;
10824 : 3D;
10825 : 3D;
10826 : 3D;
10827 : 3D;
10828 : 3D;
10829 : 3D;
10830 : 3D;
10831 : 3D;
10832 : 1D;
10833 : 1D;
10834 : 1D;
10835 : 1D;
10836 : 1D;
10837 : 1D;
10838 : 1D;
10839 : 1D;
10840 : 1D;
10841 : 1D;
10842 : 3D;
10843 : 3D;
10844 : 3D;
10845 : 3D;
10846 : 3D;
10847 : 3D;
10848 : 3D;
10849 : 3D;
10850 : 3D;
10851 : 3D;
10852 : 1D;
10853 : 1D;
10854 : 1D;
10855 : 1D;
10856 : 1D;
10857 : 1D;
10858 : 1D;
10859 : 1D;
10860 : 1D;
10861 : 1D;
10862 : 1D;
10863 : 3D;
10864 : 3D;
10865 : 3D;
10866 : 3D;
10867 : 3D;
10868 : 3D;
10869 : 3D;
10870 : 3D;
10871 : 3D;
10872 : 3D;
10873 : 10;
10874 : 10;
10875 : 10;
10876 : 10;
10877 : 10;
10878 : 10;
10879 : 10;
10880 : 14;
10881 : 14;
10882 : 14;
10883 : 14;
10884 : 14;
10885 : 14;
10886 : 14;
10887 : 14;
10888 : 14;
10889 : 14;
10890 : 1D;
10891 : 1D;
10892 : 1D;
10893 : 1D;
10894 : 1D;
10895 : 1D;
10896 : 1D;
10897 : 1D;
10898 : 1D;
10899 : 1D;
10900 : 3D;
10901 : 3D;
10902 : 3D;
10903 : 3D;
10904 : 3D;
10905 : 3D;
10906 : 3D;
10907 : 3D;
10908 : 3D;
10909 : 3D;
10910 : 1D;
10911 : 1D;
10912 : 1D;
10913 : 1D;
10914 : 1D;
10915 : 1D;
10916 : 1D;
10917 : 1D;
10918 : 1D;
10919 : 1D;
10920 : 3D;
10921 : 3D;
10922 : 3D;
10923 : 3D;
10924 : 3D;
10925 : 3D;
10926 : 3D;
10927 : 3D;
10928 : 3D;
10929 : 3D;
10930 : 1D;
10931 : 1D;
10932 : 1D;
10933 : 1D;
10934 : 1D;
10935 : 1D;
10936 : 1D;
10937 : 1D;
10938 : 1D;
10939 : 1D;
10940 : 3D;
10941 : 3D;
10942 : 3D;
10943 : 3D;
10944 : 3D;
10945 : 3D;
10946 : 3D;
10947 : 3D;
10948 : 3D;
10949 : 3D;
10950 : 1D;
10951 : 1D;
10952 : 1D;
10953 : 1D;
10954 : 1D;
10955 : 1D;
10956 : 1D;
10957 : 1D;
10958 : 1D;
10959 : 1D;
10960 : 1D;
10961 : 3D;
10962 : 3D;
10963 : 3D;
10964 : 3D;
10965 : 3D;
10966 : 3D;
10967 : 3D;
10968 : 3D;
10969 : 3D;
10970 : 3D;
10971 : 1D;
10972 : 1D;
10973 : 1D;
10974 : 1D;
10975 : 1D;
10976 : 1D;
10977 : 1D;
10978 : 1D;
10979 : 1D;
10980 : 1D;
10981 : 3D;
10982 : 3D;
10983 : 3D;
10984 : 3D;
10985 : 3D;
10986 : 3D;
10987 : 3D;
10988 : 3D;
10989 : 3D;
10990 : 3D;
10991 : 1D;
10992 : 1D;
10993 : 1D;
10994 : 1D;
10995 : 1D;
10996 : 1D;
10997 : 1D;
10998 : 1D;
10999 : 1D;
11000 : 1D;
11001 : 3D;
11002 : 3D;
11003 : 3D;
11004 : 3D;
11005 : 3D;
11006 : 3D;
11007 : 3D;
11008 : 3D;
11009 : 3D;
11010 : 3D;
11011 : 1D;
11012 : 1D;
11013 : 1D;
11014 : 1D;
11015 : 1D;
11016 : 1D;
11017 : 1D;
11018 : 1D;
11019 : 1D;
11020 : 1D;
11021 : 3D;
11022 : 3D;
11023 : 3D;
11024 : 3D;
11025 : 3D;
11026 : 3D;
11027 : 3D;
11028 : 3D;
11029 : 3D;
11030 : 3D;
11031 : 1D;
11032 : 1D;
11033 : 1D;
11034 : 1D;
11035 : 1D;
11036 : 1D;
11037 : 1D;
11038 : 1D;
11039 : 1D;
11040 : 1D;
11041 : 3D;
11042 : 3D;
11043 : 3D;
11044 : 3D;
11045 : 3D;
11046 : 3D;
11047 : 3D;
11048 : 3D;
11049 : 3D;
11050 : 3D;
11051 : 1D;
11052 : 1D;
11053 : 1D;
11054 : 1D;
11055 : 1D;
11056 : 1D;
11057 : 1D;
11058 : 1D;
11059 : 1D;
11060 : 1D;
11061 : 3D;
11062 : 3D;
11063 : 3D;
11064 : 3D;
11065 : 3D;
11066 : 3D;
11067 : 3D;
11068 : 3D;
11069 : 3D;
11070 : 3D;
11071 : 3D;
11072 : 1D;
11073 : 1D;
11074 : 1D;
11075 : 1D;
11076 : 1D;
11077 : 1D;
11078 : 1D;
11079 : 1D;
11080 : 1D;
11081 : 1D;
11082 : 3D;
11083 : 3D;
11084 : 3D;
11085 : 3D;
11086 : 3D;
11087 : 3D;
11088 : 3D;
11089 : 3D;
11090 : 3D;
11091 : 3D;
11092 : 1D;
11093 : 1D;
11094 : 1D;
11095 : 1D;
11096 : 1D;
11097 : 1D;
11098 : 1D;
11099 : 1D;
11100 : 1D;
11101 : 1D;
11102 : 3D;
11103 : 3D;
11104 : 3D;
11105 : 3D;
11106 : 3D;
11107 : 3D;
11108 : 3D;
11109 : 3D;
11110 : 3D;
11111 : 3D;
11112 : 1D;
11113 : 1D;
11114 : 1D;
11115 : 1D;
11116 : 1D;
11117 : 1D;
11118 : 1D;
11119 : 1D;
11120 : 1D;
11121 : 1D;
11122 : 3D;
11123 : 3D;
11124 : 3D;
11125 : 3D;
11126 : 3D;
11127 : 3D;
11128 : 3D;
11129 : 3D;
11130 : 3D;
11131 : 3D;
11132 : 1D;
11133 : 1D;
11134 : 1D;
11135 : 1D;
11136 : 1D;
11137 : 1D;
11138 : 1D;
11139 : 1D;
11140 : 1D;
11141 : 1D;
11142 : 3D;
11143 : 3D;
11144 : 3D;
11145 : 3D;
11146 : 3D;
11147 : 3D;
11148 : 3D;
11149 : 3D;
11150 : 3D;
11151 : 3D;
11152 : 1D;
11153 : 1D;
11154 : 1D;
11155 : 1D;
11156 : 1D;
11157 : 1D;
11158 : 1D;
11159 : 1D;
11160 : 1D;
11161 : 1D;
11162 : 3D;
11163 : 3D;
11164 : 3D;
11165 : 3D;
11166 : 3D;
11167 : 3D;
11168 : 3D;
11169 : 3D;
11170 : 3D;
11171 : 3D;
11172 : 1D;
11173 : 1D;
11174 : 1D;
11175 : 1D;
11176 : 1D;
11177 : 1D;
11178 : 1D;
11179 : 1D;
11180 : 1D;
11181 : 1D;
11182 : 1D;
11183 : 3D;
11184 : 3D;
11185 : 3D;
11186 : 3D;
11187 : 3D;
11188 : 3D;
11189 : 3D;
11190 : 3D;
11191 : 3D;
11192 : 3D;
11193 : 10;
11194 : 10;
11195 : 10;
11196 : 10;
11197 : 10;
11198 : 10;
11199 : 10;
11200 : 14;
11201 : 14;
11202 : 14;
11203 : 14;
11204 : 14;
11205 : 14;
11206 : 14;
11207 : 14;
11208 : 14;
11209 : 14;
11210 : 1D;
11211 : 1D;
11212 : 1D;
11213 : 1D;
11214 : 1D;
11215 : 1D;
11216 : 1D;
11217 : 1D;
11218 : 1D;
11219 : 1D;
11220 : 3D;
11221 : 3D;
11222 : 3D;
11223 : 3D;
11224 : 3D;
11225 : 3D;
11226 : 3D;
11227 : 3D;
11228 : 3D;
11229 : 3D;
11230 : 1D;
11231 : 1D;
11232 : 1D;
11233 : 1D;
11234 : 1D;
11235 : 1D;
11236 : 1D;
11237 : 1D;
11238 : 1D;
11239 : 1D;
11240 : 3D;
11241 : 3D;
11242 : 3D;
11243 : 3D;
11244 : 3D;
11245 : 3D;
11246 : 3D;
11247 : 3D;
11248 : 3D;
11249 : 3D;
11250 : 1D;
11251 : 1D;
11252 : 1D;
11253 : 1D;
11254 : 1D;
11255 : 1D;
11256 : 1D;
11257 : 1D;
11258 : 1D;
11259 : 1D;
11260 : 3D;
11261 : 3D;
11262 : 3D;
11263 : 3D;
11264 : 3D;
11265 : 3D;
11266 : 3D;
11267 : 3D;
11268 : 3D;
11269 : 3D;
11270 : 1D;
11271 : 1D;
11272 : 1D;
11273 : 1D;
11274 : 1D;
11275 : 1D;
11276 : 1D;
11277 : 1D;
11278 : 1D;
11279 : 1D;
11280 : 1D;
11281 : 3D;
11282 : 3D;
11283 : 3D;
11284 : 3D;
11285 : 3D;
11286 : 3D;
11287 : 3D;
11288 : 3D;
11289 : 3D;
11290 : 3D;
11291 : 1D;
11292 : 1D;
11293 : 1D;
11294 : 1D;
11295 : 1D;
11296 : 1D;
11297 : 1D;
11298 : 1D;
11299 : 1D;
11300 : 1D;
11301 : 3D;
11302 : 3D;
11303 : 3D;
11304 : 3D;
11305 : 3D;
11306 : 3D;
11307 : 3D;
11308 : 3D;
11309 : 3D;
11310 : 3D;
11311 : 1D;
11312 : 1D;
11313 : 1D;
11314 : 1D;
11315 : 1D;
11316 : 1D;
11317 : 1D;
11318 : 1D;
11319 : 1D;
11320 : 1D;
11321 : 3D;
11322 : 3D;
11323 : 3D;
11324 : 3D;
11325 : 3D;
11326 : 3D;
11327 : 3D;
11328 : 3D;
11329 : 3D;
11330 : 3D;
11331 : 1D;
11332 : 1D;
11333 : 1D;
11334 : 1D;
11335 : 1D;
11336 : 1D;
11337 : 1D;
11338 : 1D;
11339 : 1D;
11340 : 1D;
11341 : 3D;
11342 : 3D;
11343 : 3D;
11344 : 3D;
11345 : 3D;
11346 : 3D;
11347 : 3D;
11348 : 3D;
11349 : 3D;
11350 : 3D;
11351 : 1D;
11352 : 1D;
11353 : 1D;
11354 : 1D;
11355 : 1D;
11356 : 1D;
11357 : 1D;
11358 : 1D;
11359 : 1D;
11360 : 1D;
11361 : 3D;
11362 : 3D;
11363 : 3D;
11364 : 3D;
11365 : 3D;
11366 : 3D;
11367 : 3D;
11368 : 3D;
11369 : 3D;
11370 : 3D;
11371 : 1D;
11372 : 1D;
11373 : 1D;
11374 : 1D;
11375 : 1D;
11376 : 1D;
11377 : 1D;
11378 : 1D;
11379 : 1D;
11380 : 1D;
11381 : 3D;
11382 : 3D;
11383 : 3D;
11384 : 3D;
11385 : 3D;
11386 : 3D;
11387 : 3D;
11388 : 3D;
11389 : 3D;
11390 : 3D;
11391 : 3D;
11392 : 1D;
11393 : 1D;
11394 : 1D;
11395 : 1D;
11396 : 1D;
11397 : 1D;
11398 : 1D;
11399 : 1D;
11400 : 1D;
11401 : 1D;
11402 : 3D;
11403 : 3D;
11404 : 3D;
11405 : 3D;
11406 : 3D;
11407 : 3D;
11408 : 3D;
11409 : 3D;
11410 : 3D;
11411 : 3D;
11412 : 1D;
11413 : 1D;
11414 : 1D;
11415 : 1D;
11416 : 1D;
11417 : 1D;
11418 : 1D;
11419 : 1D;
11420 : 1D;
11421 : 1D;
11422 : 3D;
11423 : 3D;
11424 : 3D;
11425 : 3D;
11426 : 3D;
11427 : 3D;
11428 : 3D;
11429 : 3D;
11430 : 3D;
11431 : 3D;
11432 : 1D;
11433 : 1D;
11434 : 1D;
11435 : 1D;
11436 : 1D;
11437 : 1D;
11438 : 1D;
11439 : 1D;
11440 : 1D;
11441 : 1D;
11442 : 3D;
11443 : 3D;
11444 : 3D;
11445 : 3D;
11446 : 3D;
11447 : 3D;
11448 : 3D;
11449 : 3D;
11450 : 3D;
11451 : 3D;
11452 : 1D;
11453 : 1D;
11454 : 1D;
11455 : 1D;
11456 : 1D;
11457 : 1D;
11458 : 1D;
11459 : 1D;
11460 : 1D;
11461 : 1D;
11462 : 3D;
11463 : 3D;
11464 : 3D;
11465 : 3D;
11466 : 3D;
11467 : 3D;
11468 : 3D;
11469 : 3D;
11470 : 3D;
11471 : 3D;
11472 : 1D;
11473 : 1D;
11474 : 1D;
11475 : 1D;
11476 : 1D;
11477 : 1D;
11478 : 1D;
11479 : 1D;
11480 : 1D;
11481 : 1D;
11482 : 3D;
11483 : 3D;
11484 : 3D;
11485 : 3D;
11486 : 3D;
11487 : 3D;
11488 : 3D;
11489 : 3D;
11490 : 3D;
11491 : 3D;
11492 : 1D;
11493 : 1D;
11494 : 1D;
11495 : 1D;
11496 : 1D;
11497 : 1D;
11498 : 1D;
11499 : 1D;
11500 : 1D;
11501 : 1D;
11502 : 1D;
11503 : 3D;
11504 : 3D;
11505 : 3D;
11506 : 3D;
11507 : 3D;
11508 : 3D;
11509 : 3D;
11510 : 3D;
11511 : 3D;
11512 : 3D;
11513 : 10;
11514 : 10;
11515 : 10;
11516 : 10;
11517 : 10;
11518 : 10;
11519 : 10;
11520 : 14;
11521 : 14;
11522 : 14;
11523 : 14;
11524 : 14;
11525 : 14;
11526 : 14;
11527 : 14;
11528 : 14;
11529 : 14;
11530 : 1D;
11531 : 1D;
11532 : 1D;
11533 : 1D;
11534 : 1D;
11535 : 1D;
11536 : 1D;
11537 : 1D;
11538 : 1D;
11539 : 1D;
11540 : 3D;
11541 : 3D;
11542 : 3D;
11543 : 3D;
11544 : 3D;
11545 : 3D;
11546 : 3D;
11547 : 3D;
11548 : 3D;
11549 : 3D;
11550 : 1D;
11551 : 1D;
11552 : 1D;
11553 : 1D;
11554 : 1D;
11555 : 1D;
11556 : 1D;
11557 : 1D;
11558 : 1D;
11559 : 1D;
11560 : 3D;
11561 : 3D;
11562 : 3D;
11563 : 3D;
11564 : 3D;
11565 : 3D;
11566 : 3D;
11567 : 3D;
11568 : 3D;
11569 : 3D;
11570 : 1D;
11571 : 1D;
11572 : 1D;
11573 : 1D;
11574 : 1D;
11575 : 1D;
11576 : 1D;
11577 : 1D;
11578 : 1D;
11579 : 1D;
11580 : 3D;
11581 : 3D;
11582 : 3D;
11583 : 3D;
11584 : 3D;
11585 : 3D;
11586 : 3D;
11587 : 3D;
11588 : 3D;
11589 : 3D;
11590 : 1D;
11591 : 1D;
11592 : 1D;
11593 : 1D;
11594 : 1D;
11595 : 1D;
11596 : 1D;
11597 : 1D;
11598 : 1D;
11599 : 1D;
11600 : 1D;
11601 : 3D;
11602 : 3D;
11603 : 3D;
11604 : 3D;
11605 : 3D;
11606 : 3D;
11607 : 3D;
11608 : 3D;
11609 : 3D;
11610 : 3D;
11611 : 1D;
11612 : 1D;
11613 : 1D;
11614 : 1D;
11615 : 1D;
11616 : 1D;
11617 : 1D;
11618 : 1D;
11619 : 1D;
11620 : 1D;
11621 : 3D;
11622 : 3D;
11623 : 3D;
11624 : 3D;
11625 : 3D;
11626 : 3D;
11627 : 3D;
11628 : 3D;
11629 : 3D;
11630 : 3D;
11631 : 1D;
11632 : 1D;
11633 : 1D;
11634 : 1D;
11635 : 1D;
11636 : 1D;
11637 : 1D;
11638 : 1D;
11639 : 1D;
11640 : 1D;
11641 : 3D;
11642 : 3D;
11643 : 3D;
11644 : 3D;
11645 : 3D;
11646 : 3D;
11647 : 3D;
11648 : 3D;
11649 : 3D;
11650 : 3D;
11651 : 1D;
11652 : 1D;
11653 : 1D;
11654 : 1D;
11655 : 1D;
11656 : 1D;
11657 : 1D;
11658 : 1D;
11659 : 1D;
11660 : 1D;
11661 : 3D;
11662 : 3D;
11663 : 3D;
11664 : 3D;
11665 : 3D;
11666 : 3D;
11667 : 3D;
11668 : 3D;
11669 : 3D;
11670 : 3D;
11671 : 1D;
11672 : 1D;
11673 : 1D;
11674 : 1D;
11675 : 1D;
11676 : 1D;
11677 : 1D;
11678 : 1D;
11679 : 1D;
11680 : 1D;
11681 : 3D;
11682 : 3D;
11683 : 3D;
11684 : 3D;
11685 : 3D;
11686 : 3D;
11687 : 3D;
11688 : 3D;
11689 : 3D;
11690 : 3D;
11691 : 1D;
11692 : 1D;
11693 : 1D;
11694 : 1D;
11695 : 1D;
11696 : 1D;
11697 : 1D;
11698 : 1D;
11699 : 1D;
11700 : 1D;
11701 : 3D;
11702 : 3D;
11703 : 3D;
11704 : 3D;
11705 : 3D;
11706 : 3D;
11707 : 3D;
11708 : 3D;
11709 : 3D;
11710 : 3D;
11711 : 3D;
11712 : 1D;
11713 : 1D;
11714 : 1D;
11715 : 1D;
11716 : 1D;
11717 : 1D;
11718 : 1D;
11719 : 1D;
11720 : 1D;
11721 : 1D;
11722 : 3D;
11723 : 3D;
11724 : 3D;
11725 : 3D;
11726 : 3D;
11727 : 3D;
11728 : 3D;
11729 : 3D;
11730 : 3D;
11731 : 3D;
11732 : 1D;
11733 : 1D;
11734 : 1D;
11735 : 1D;
11736 : 1D;
11737 : 1D;
11738 : 1D;
11739 : 1D;
11740 : 1D;
11741 : 1D;
11742 : 3D;
11743 : 3D;
11744 : 3D;
11745 : 3D;
11746 : 3D;
11747 : 3D;
11748 : 3D;
11749 : 3D;
11750 : 3D;
11751 : 3D;
11752 : 1D;
11753 : 1D;
11754 : 1D;
11755 : 1D;
11756 : 1D;
11757 : 1D;
11758 : 1D;
11759 : 1D;
11760 : 1D;
11761 : 1D;
11762 : 3D;
11763 : 3D;
11764 : 3D;
11765 : 3D;
11766 : 3D;
11767 : 3D;
11768 : 3D;
11769 : 3D;
11770 : 3D;
11771 : 3D;
11772 : 1D;
11773 : 1D;
11774 : 1D;
11775 : 1D;
11776 : 1D;
11777 : 1D;
11778 : 1D;
11779 : 1D;
11780 : 1D;
11781 : 1D;
11782 : 3D;
11783 : 3D;
11784 : 3D;
11785 : 3D;
11786 : 3D;
11787 : 3D;
11788 : 3D;
11789 : 3D;
11790 : 3D;
11791 : 3D;
11792 : 1D;
11793 : 1D;
11794 : 1D;
11795 : 1D;
11796 : 1D;
11797 : 1D;
11798 : 1D;
11799 : 1D;
11800 : 1D;
11801 : 1D;
11802 : 3D;
11803 : 3D;
11804 : 3D;
11805 : 3D;
11806 : 3D;
11807 : 3D;
11808 : 3D;
11809 : 3D;
11810 : 3D;
11811 : 3D;
11812 : 1D;
11813 : 1D;
11814 : 1D;
11815 : 1D;
11816 : 1D;
11817 : 1D;
11818 : 1D;
11819 : 1D;
11820 : 1D;
11821 : 1D;
11822 : 1D;
11823 : 3D;
11824 : 3D;
11825 : 3D;
11826 : 3D;
11827 : 3D;
11828 : 3D;
11829 : 3D;
11830 : 3D;
11831 : 3D;
11832 : 3D;
11833 : 10;
11834 : 10;
11835 : 10;
11836 : 10;
11837 : 10;
11838 : 10;
11839 : 10;
11840 : 14;
11841 : 14;
11842 : 14;
11843 : 14;
11844 : 14;
11845 : 14;
11846 : 14;
11847 : 14;
11848 : 14;
11849 : 14;
11850 : 1D;
11851 : 1D;
11852 : 1D;
11853 : 1D;
11854 : 1D;
11855 : 1D;
11856 : 1D;
11857 : 1D;
11858 : 1D;
11859 : 1D;
11860 : 3D;
11861 : 3D;
11862 : 3D;
11863 : 3D;
11864 : 3D;
11865 : 3D;
11866 : 3D;
11867 : 3D;
11868 : 3D;
11869 : 3D;
11870 : 1D;
11871 : 1D;
11872 : 1D;
11873 : 1D;
11874 : 1D;
11875 : 1D;
11876 : 1D;
11877 : 1D;
11878 : 1D;
11879 : 1D;
11880 : 3D;
11881 : 3D;
11882 : 3D;
11883 : 3D;
11884 : 3D;
11885 : 3D;
11886 : 3D;
11887 : 3D;
11888 : 3D;
11889 : 3D;
11890 : 1D;
11891 : 1D;
11892 : 1D;
11893 : 1D;
11894 : 1D;
11895 : 1D;
11896 : 1D;
11897 : 1D;
11898 : 1D;
11899 : 1D;
11900 : 3D;
11901 : 3D;
11902 : 3D;
11903 : 3D;
11904 : 3D;
11905 : 3D;
11906 : 3D;
11907 : 3D;
11908 : 3D;
11909 : 3D;
11910 : 1D;
11911 : 1D;
11912 : 1D;
11913 : 1D;
11914 : 1D;
11915 : 1D;
11916 : 1D;
11917 : 1D;
11918 : 1D;
11919 : 1D;
11920 : 1D;
11921 : 3D;
11922 : 3D;
11923 : 3D;
11924 : 3D;
11925 : 3D;
11926 : 3D;
11927 : 3D;
11928 : 3D;
11929 : 3D;
11930 : 3D;
11931 : 1D;
11932 : 1D;
11933 : 1D;
11934 : 1D;
11935 : 1D;
11936 : 1D;
11937 : 1D;
11938 : 1D;
11939 : 1D;
11940 : 1D;
11941 : 3D;
11942 : 3D;
11943 : 3D;
11944 : 3D;
11945 : 3D;
11946 : 3D;
11947 : 3D;
11948 : 3D;
11949 : 3D;
11950 : 3D;
11951 : 1D;
11952 : 1D;
11953 : 1D;
11954 : 1D;
11955 : 1D;
11956 : 1D;
11957 : 1D;
11958 : 1D;
11959 : 1D;
11960 : 1D;
11961 : 3D;
11962 : 3D;
11963 : 3D;
11964 : 3D;
11965 : 3D;
11966 : 3D;
11967 : 3D;
11968 : 3D;
11969 : 3D;
11970 : 3D;
11971 : 1D;
11972 : 1D;
11973 : 1D;
11974 : 1D;
11975 : 1D;
11976 : 1D;
11977 : 1D;
11978 : 1D;
11979 : 1D;
11980 : 1D;
11981 : 3D;
11982 : 3D;
11983 : 3D;
11984 : 3D;
11985 : 3D;
11986 : 3D;
11987 : 3D;
11988 : 3D;
11989 : 3D;
11990 : 3D;
11991 : 1D;
11992 : 1D;
11993 : 1D;
11994 : 1D;
11995 : 1D;
11996 : 1D;
11997 : 1D;
11998 : 1D;
11999 : 1D;
12000 : 1D;
12001 : 3D;
12002 : 3D;
12003 : 3D;
12004 : 3D;
12005 : 3D;
12006 : 3D;
12007 : 3D;
12008 : 3D;
12009 : 3D;
12010 : 3D;
12011 : 1D;
12012 : 1D;
12013 : 1D;
12014 : 1D;
12015 : 1D;
12016 : 1D;
12017 : 1D;
12018 : 1D;
12019 : 1D;
12020 : 1D;
12021 : 3D;
12022 : 3D;
12023 : 3D;
12024 : 3D;
12025 : 3D;
12026 : 3D;
12027 : 3D;
12028 : 3D;
12029 : 3D;
12030 : 3D;
12031 : 3D;
12032 : 1D;
12033 : 1D;
12034 : 1D;
12035 : 1D;
12036 : 1D;
12037 : 1D;
12038 : 1D;
12039 : 1D;
12040 : 1D;
12041 : 1D;
12042 : 3D;
12043 : 3D;
12044 : 3D;
12045 : 3D;
12046 : 3D;
12047 : 3D;
12048 : 3D;
12049 : 3D;
12050 : 3D;
12051 : 3D;
12052 : 1D;
12053 : 1D;
12054 : 1D;
12055 : 1D;
12056 : 1D;
12057 : 1D;
12058 : 1D;
12059 : 1D;
12060 : 1D;
12061 : 1D;
12062 : 3D;
12063 : 3D;
12064 : 3D;
12065 : 3D;
12066 : 3D;
12067 : 3D;
12068 : 3D;
12069 : 3D;
12070 : 3D;
12071 : 3D;
12072 : 1D;
12073 : 1D;
12074 : 1D;
12075 : 1D;
12076 : 1D;
12077 : 1D;
12078 : 1D;
12079 : 1D;
12080 : 1D;
12081 : 1D;
12082 : 3D;
12083 : 3D;
12084 : 3D;
12085 : 3D;
12086 : 3D;
12087 : 3D;
12088 : 3D;
12089 : 3D;
12090 : 3D;
12091 : 3D;
12092 : 1D;
12093 : 1D;
12094 : 1D;
12095 : 1D;
12096 : 1D;
12097 : 1D;
12098 : 1D;
12099 : 1D;
12100 : 1D;
12101 : 1D;
12102 : 3D;
12103 : 3D;
12104 : 3D;
12105 : 3D;
12106 : 3D;
12107 : 3D;
12108 : 3D;
12109 : 3D;
12110 : 3D;
12111 : 3D;
12112 : 1D;
12113 : 1D;
12114 : 1D;
12115 : 1D;
12116 : 1D;
12117 : 1D;
12118 : 1D;
12119 : 1D;
12120 : 1D;
12121 : 1D;
12122 : 3D;
12123 : 3D;
12124 : 3D;
12125 : 3D;
12126 : 3D;
12127 : 3D;
12128 : 3D;
12129 : 3D;
12130 : 3D;
12131 : 3D;
12132 : 1D;
12133 : 1D;
12134 : 1D;
12135 : 1D;
12136 : 1D;
12137 : 1D;
12138 : 1D;
12139 : 1D;
12140 : 1D;
12141 : 1D;
12142 : 1D;
12143 : 3D;
12144 : 3D;
12145 : 3D;
12146 : 3D;
12147 : 3D;
12148 : 3D;
12149 : 3D;
12150 : 3D;
12151 : 3D;
12152 : 3D;
12153 : 10;
12154 : 10;
12155 : 10;
12156 : 10;
12157 : 10;
12158 : 10;
12159 : 10;
12160 : 14;
12161 : 14;
12162 : 14;
12163 : 14;
12164 : 14;
12165 : 14;
12166 : 14;
12167 : 14;
12168 : 14;
12169 : 14;
12170 : 1D;
12171 : 1D;
12172 : 1D;
12173 : 1D;
12174 : 1D;
12175 : 1D;
12176 : 1D;
12177 : 1D;
12178 : 1D;
12179 : 1D;
12180 : 3D;
12181 : 3D;
12182 : 3D;
12183 : 3D;
12184 : 3D;
12185 : 3D;
12186 : 3D;
12187 : 3D;
12188 : 3D;
12189 : 3D;
12190 : 1D;
12191 : 1D;
12192 : 1D;
12193 : 1D;
12194 : 1D;
12195 : 1D;
12196 : 1D;
12197 : 1D;
12198 : 1D;
12199 : 1D;
12200 : 3D;
12201 : 3D;
12202 : 3D;
12203 : 3D;
12204 : 3D;
12205 : 3D;
12206 : 3D;
12207 : 3D;
12208 : 3D;
12209 : 3D;
12210 : 1D;
12211 : 1D;
12212 : 1D;
12213 : 1D;
12214 : 1D;
12215 : 1D;
12216 : 1D;
12217 : 1D;
12218 : 1D;
12219 : 1D;
12220 : 3D;
12221 : 3D;
12222 : 3D;
12223 : 3D;
12224 : 3D;
12225 : 3D;
12226 : 3D;
12227 : 3D;
12228 : 3D;
12229 : 3D;
12230 : 1D;
12231 : 1D;
12232 : 1D;
12233 : 1D;
12234 : 1D;
12235 : 1D;
12236 : 1D;
12237 : 1D;
12238 : 1D;
12239 : 1D;
12240 : 1D;
12241 : 3D;
12242 : 3D;
12243 : 3D;
12244 : 3D;
12245 : 3D;
12246 : 3D;
12247 : 3D;
12248 : 3D;
12249 : 3D;
12250 : 3D;
12251 : 1D;
12252 : 1D;
12253 : 1D;
12254 : 1D;
12255 : 1D;
12256 : 1D;
12257 : 1D;
12258 : 1D;
12259 : 1D;
12260 : 1D;
12261 : 3D;
12262 : 3D;
12263 : 3D;
12264 : 3D;
12265 : 3D;
12266 : 3D;
12267 : 3D;
12268 : 3D;
12269 : 3D;
12270 : 3D;
12271 : 1D;
12272 : 1D;
12273 : 1D;
12274 : 1D;
12275 : 1D;
12276 : 1D;
12277 : 1D;
12278 : 1D;
12279 : 1D;
12280 : 1D;
12281 : 3D;
12282 : 3D;
12283 : 3D;
12284 : 3D;
12285 : 3D;
12286 : 3D;
12287 : 3D;
12288 : 3D;
12289 : 3D;
12290 : 3D;
12291 : 1D;
12292 : 1D;
12293 : 1D;
12294 : 1D;
12295 : 1D;
12296 : 1D;
12297 : 1D;
12298 : 1D;
12299 : 1D;
12300 : 1D;
12301 : 3D;
12302 : 3D;
12303 : 3D;
12304 : 3D;
12305 : 3D;
12306 : 3D;
12307 : 3D;
12308 : 3D;
12309 : 3D;
12310 : 3D;
12311 : 1D;
12312 : 1D;
12313 : 1D;
12314 : 1D;
12315 : 1D;
12316 : 1D;
12317 : 1D;
12318 : 1D;
12319 : 1D;
12320 : 1D;
12321 : 3D;
12322 : 3D;
12323 : 3D;
12324 : 3D;
12325 : 3D;
12326 : 3D;
12327 : 3D;
12328 : 3D;
12329 : 3D;
12330 : 3D;
12331 : 1D;
12332 : 1D;
12333 : 1D;
12334 : 1D;
12335 : 1D;
12336 : 1D;
12337 : 1D;
12338 : 1D;
12339 : 1D;
12340 : 1D;
12341 : 3D;
12342 : 3D;
12343 : 3D;
12344 : 3D;
12345 : 3D;
12346 : 3D;
12347 : 3D;
12348 : 3D;
12349 : 3D;
12350 : 3D;
12351 : 3D;
12352 : 1D;
12353 : 1D;
12354 : 1D;
12355 : 1D;
12356 : 1D;
12357 : 1D;
12358 : 1D;
12359 : 1D;
12360 : 1D;
12361 : 1D;
12362 : 3D;
12363 : 3D;
12364 : 3D;
12365 : 3D;
12366 : 3D;
12367 : 3D;
12368 : 3D;
12369 : 3D;
12370 : 3D;
12371 : 3D;
12372 : 1D;
12373 : 1D;
12374 : 1D;
12375 : 1D;
12376 : 1D;
12377 : 1D;
12378 : 1D;
12379 : 1D;
12380 : 1D;
12381 : 1D;
12382 : 3D;
12383 : 3D;
12384 : 3D;
12385 : 3D;
12386 : 3D;
12387 : 3D;
12388 : 3D;
12389 : 3D;
12390 : 3D;
12391 : 3D;
12392 : 1D;
12393 : 1D;
12394 : 1D;
12395 : 1D;
12396 : 1D;
12397 : 1D;
12398 : 1D;
12399 : 1D;
12400 : 1D;
12401 : 1D;
12402 : 3D;
12403 : 3D;
12404 : 3D;
12405 : 3D;
12406 : 3D;
12407 : 3D;
12408 : 3D;
12409 : 3D;
12410 : 3D;
12411 : 3D;
12412 : 1D;
12413 : 1D;
12414 : 1D;
12415 : 1D;
12416 : 1D;
12417 : 1D;
12418 : 1D;
12419 : 1D;
12420 : 1D;
12421 : 1D;
12422 : 3D;
12423 : 3D;
12424 : 3D;
12425 : 3D;
12426 : 3D;
12427 : 3D;
12428 : 3D;
12429 : 3D;
12430 : 3D;
12431 : 3D;
12432 : 1D;
12433 : 1D;
12434 : 1D;
12435 : 1D;
12436 : 1D;
12437 : 1D;
12438 : 1D;
12439 : 1D;
12440 : 1D;
12441 : 1D;
12442 : 3D;
12443 : 3D;
12444 : 3D;
12445 : 3D;
12446 : 3D;
12447 : 3D;
12448 : 3D;
12449 : 3D;
12450 : 3D;
12451 : 3D;
12452 : 1D;
12453 : 1D;
12454 : 1D;
12455 : 1D;
12456 : 1D;
12457 : 1D;
12458 : 1D;
12459 : 1D;
12460 : 1D;
12461 : 1D;
12462 : 1D;
12463 : 3D;
12464 : 3D;
12465 : 3D;
12466 : 3D;
12467 : 3D;
12468 : 3D;
12469 : 3D;
12470 : 3D;
12471 : 3D;
12472 : 3D;
12473 : 10;
12474 : 10;
12475 : 10;
12476 : 10;
12477 : 10;
12478 : 10;
12479 : 10;
12480 : 14;
12481 : 14;
12482 : 14;
12483 : 14;
12484 : 14;
12485 : 14;
12486 : 14;
12487 : 14;
12488 : 14;
12489 : 14;
12490 : 1D;
12491 : 1D;
12492 : 1D;
12493 : 1D;
12494 : 1D;
12495 : 1D;
12496 : 1D;
12497 : 1D;
12498 : 1D;
12499 : 1D;
12500 : 3D;
12501 : 3D;
12502 : 3D;
12503 : 3D;
12504 : 3D;
12505 : 3D;
12506 : 3D;
12507 : 3D;
12508 : 3D;
12509 : 3D;
12510 : 1D;
12511 : 1D;
12512 : 1D;
12513 : 1D;
12514 : 1D;
12515 : 1D;
12516 : 1D;
12517 : 1D;
12518 : 1D;
12519 : 1D;
12520 : 3D;
12521 : 3D;
12522 : 3D;
12523 : 3D;
12524 : 3D;
12525 : 3D;
12526 : 3D;
12527 : 3D;
12528 : 3D;
12529 : 3D;
12530 : 1D;
12531 : 1D;
12532 : 1D;
12533 : 1D;
12534 : 1D;
12535 : 1D;
12536 : 1D;
12537 : 1D;
12538 : 1D;
12539 : 1D;
12540 : 3D;
12541 : 3D;
12542 : 3D;
12543 : 3D;
12544 : 3D;
12545 : 3D;
12546 : 3D;
12547 : 3D;
12548 : 3D;
12549 : 3D;
12550 : 1D;
12551 : 1D;
12552 : 1D;
12553 : 1D;
12554 : 1D;
12555 : 1D;
12556 : 1D;
12557 : 1D;
12558 : 1D;
12559 : 1D;
12560 : 1D;
12561 : 3D;
12562 : 3D;
12563 : 3D;
12564 : 3D;
12565 : 3D;
12566 : 3D;
12567 : 3D;
12568 : 3D;
12569 : 3D;
12570 : 3D;
12571 : 1D;
12572 : 1D;
12573 : 1D;
12574 : 1D;
12575 : 1D;
12576 : 1D;
12577 : 1D;
12578 : 1D;
12579 : 1D;
12580 : 1D;
12581 : 3D;
12582 : 3D;
12583 : 3D;
12584 : 3D;
12585 : 3D;
12586 : 3D;
12587 : 3D;
12588 : 3D;
12589 : 3D;
12590 : 3D;
12591 : 1D;
12592 : 1D;
12593 : 1D;
12594 : 1D;
12595 : 1D;
12596 : 1D;
12597 : 1D;
12598 : 1D;
12599 : 1D;
12600 : 1D;
12601 : 3D;
12602 : 3D;
12603 : 3D;
12604 : 3D;
12605 : 3D;
12606 : 3D;
12607 : 3D;
12608 : 3D;
12609 : 3D;
12610 : 3D;
12611 : 1D;
12612 : 1D;
12613 : 1D;
12614 : 1D;
12615 : 1D;
12616 : 1D;
12617 : 1D;
12618 : 1D;
12619 : 1D;
12620 : 1D;
12621 : 3D;
12622 : 3D;
12623 : 3D;
12624 : 3D;
12625 : 3D;
12626 : 3D;
12627 : 3D;
12628 : 3D;
12629 : 3D;
12630 : 3D;
12631 : 1D;
12632 : 1D;
12633 : 1D;
12634 : 1D;
12635 : 1D;
12636 : 1D;
12637 : 1D;
12638 : 1D;
12639 : 1D;
12640 : 1D;
12641 : 3D;
12642 : 3D;
12643 : 3D;
12644 : 3D;
12645 : 3D;
12646 : 3D;
12647 : 3D;
12648 : 3D;
12649 : 3D;
12650 : 3D;
12651 : 1D;
12652 : 1D;
12653 : 1D;
12654 : 1D;
12655 : 1D;
12656 : 1D;
12657 : 1D;
12658 : 1D;
12659 : 1D;
12660 : 1D;
12661 : 3D;
12662 : 3D;
12663 : 3D;
12664 : 3D;
12665 : 3D;
12666 : 3D;
12667 : 3D;
12668 : 3D;
12669 : 3D;
12670 : 3D;
12671 : 3D;
12672 : 1D;
12673 : 1D;
12674 : 1D;
12675 : 1D;
12676 : 1D;
12677 : 1D;
12678 : 1D;
12679 : 1D;
12680 : 1D;
12681 : 1D;
12682 : 3D;
12683 : 3D;
12684 : 3D;
12685 : 3D;
12686 : 3D;
12687 : 3D;
12688 : 3D;
12689 : 3D;
12690 : 3D;
12691 : 3D;
12692 : 1D;
12693 : 1D;
12694 : 1D;
12695 : 1D;
12696 : 1D;
12697 : 1D;
12698 : 1D;
12699 : 1D;
12700 : 1D;
12701 : 1D;
12702 : 3D;
12703 : 3D;
12704 : 3D;
12705 : 3D;
12706 : 3D;
12707 : 3D;
12708 : 3D;
12709 : 3D;
12710 : 3D;
12711 : 3D;
12712 : 1D;
12713 : 1D;
12714 : 1D;
12715 : 1D;
12716 : 1D;
12717 : 1D;
12718 : 1D;
12719 : 1D;
12720 : 1D;
12721 : 1D;
12722 : 3D;
12723 : 3D;
12724 : 3D;
12725 : 3D;
12726 : 3D;
12727 : 3D;
12728 : 3D;
12729 : 3D;
12730 : 3D;
12731 : 3D;
12732 : 1D;
12733 : 1D;
12734 : 1D;
12735 : 1D;
12736 : 1D;
12737 : 1D;
12738 : 1D;
12739 : 1D;
12740 : 1D;
12741 : 1D;
12742 : 3D;
12743 : 3D;
12744 : 3D;
12745 : 3D;
12746 : 3D;
12747 : 3D;
12748 : 3D;
12749 : 3D;
12750 : 3D;
12751 : 3D;
12752 : 1D;
12753 : 1D;
12754 : 1D;
12755 : 1D;
12756 : 1D;
12757 : 1D;
12758 : 1D;
12759 : 1D;
12760 : 1D;
12761 : 1D;
12762 : 3D;
12763 : 3D;
12764 : 3D;
12765 : 3D;
12766 : 3D;
12767 : 3D;
12768 : 3D;
12769 : 3D;
12770 : 3D;
12771 : 3D;
12772 : 1D;
12773 : 1D;
12774 : 1D;
12775 : 1D;
12776 : 1D;
12777 : 1D;
12778 : 1D;
12779 : 1D;
12780 : 1D;
12781 : 1D;
12782 : 1D;
12783 : 3D;
12784 : 3D;
12785 : 3D;
12786 : 3D;
12787 : 3D;
12788 : 3D;
12789 : 3D;
12790 : 3D;
12791 : 3D;
12792 : 3D;
12793 : 10;
12794 : 10;
12795 : 10;
12796 : 10;
12797 : 10;
12798 : 10;
12799 : 10;
12800 : 10;
12801 : 10;
12802 : 10;
12803 : 10;
12804 : 10;
12805 : 10;
12806 : 10;
12807 : 10;
12808 : 10;
12809 : 10;
12810 : 3D;
12811 : 3D;
12812 : 3D;
12813 : 3D;
12814 : 3D;
12815 : 3D;
12816 : 3D;
12817 : 3D;
12818 : 3D;
12819 : 3D;
12820 : 1D;
12821 : 1D;
12822 : 1D;
12823 : 1D;
12824 : 1D;
12825 : 1D;
12826 : 1D;
12827 : 1D;
12828 : 1D;
12829 : 1D;
12830 : 3D;
12831 : 3D;
12832 : 3D;
12833 : 3D;
12834 : 3D;
12835 : 3D;
12836 : 3D;
12837 : 3D;
12838 : 3D;
12839 : 3D;
12840 : 1D;
12841 : 1D;
12842 : 1D;
12843 : 1D;
12844 : 1D;
12845 : 1D;
12846 : 1D;
12847 : 1D;
12848 : 1D;
12849 : 1D;
12850 : 3D;
12851 : 3D;
12852 : 3D;
12853 : 3D;
12854 : 3D;
12855 : 3D;
12856 : 3D;
12857 : 3D;
12858 : 3D;
12859 : 3D;
12860 : 1D;
12861 : 1D;
12862 : 1D;
12863 : 1D;
12864 : 1D;
12865 : 1D;
12866 : 1D;
12867 : 1D;
12868 : 1D;
12869 : 1D;
12870 : 3D;
12871 : 3D;
12872 : 3D;
12873 : 3D;
12874 : 3D;
12875 : 3D;
12876 : 3D;
12877 : 3D;
12878 : 3D;
12879 : 3D;
12880 : 3D;
12881 : 1D;
12882 : 1D;
12883 : 1D;
12884 : 1D;
12885 : 1D;
12886 : 1D;
12887 : 1D;
12888 : 1D;
12889 : 1D;
12890 : 1D;
12891 : 3D;
12892 : 3D;
12893 : 3D;
12894 : 3D;
12895 : 3D;
12896 : 3D;
12897 : 3D;
12898 : 3D;
12899 : 3D;
12900 : 3D;
12901 : 1D;
12902 : 1D;
12903 : 1D;
12904 : 1D;
12905 : 1D;
12906 : 1D;
12907 : 1D;
12908 : 1D;
12909 : 1D;
12910 : 1D;
12911 : 3D;
12912 : 3D;
12913 : 3D;
12914 : 3D;
12915 : 3D;
12916 : 3D;
12917 : 3D;
12918 : 3D;
12919 : 3D;
12920 : 3D;
12921 : 1D;
12922 : 1D;
12923 : 1D;
12924 : 1D;
12925 : 1D;
12926 : 1D;
12927 : 1D;
12928 : 1D;
12929 : 1D;
12930 : 1D;
12931 : 3D;
12932 : 3D;
12933 : 3D;
12934 : 3D;
12935 : 3D;
12936 : 3D;
12937 : 3D;
12938 : 3D;
12939 : 3D;
12940 : 3D;
12941 : 1D;
12942 : 1D;
12943 : 1D;
12944 : 1D;
12945 : 1D;
12946 : 1D;
12947 : 1D;
12948 : 1D;
12949 : 1D;
12950 : 1D;
12951 : 3D;
12952 : 3D;
12953 : 3D;
12954 : 3D;
12955 : 3D;
12956 : 3D;
12957 : 3D;
12958 : 3D;
12959 : 3D;
12960 : 3D;
12961 : 1D;
12962 : 1D;
12963 : 1D;
12964 : 1D;
12965 : 1D;
12966 : 1D;
12967 : 1D;
12968 : 1D;
12969 : 1D;
12970 : 1D;
12971 : 3D;
12972 : 3D;
12973 : 3D;
12974 : 3D;
12975 : 3D;
12976 : 3D;
12977 : 3D;
12978 : 3D;
12979 : 3D;
12980 : 3D;
12981 : 1D;
12982 : 1D;
12983 : 1D;
12984 : 1D;
12985 : 1D;
12986 : 1D;
12987 : 1D;
12988 : 1D;
12989 : 1D;
12990 : 1D;
12991 : 1D;
12992 : 3D;
12993 : 3D;
12994 : 3D;
12995 : 3D;
12996 : 3D;
12997 : 3D;
12998 : 3D;
12999 : 3D;
13000 : 3D;
13001 : 3D;
13002 : 1D;
13003 : 1D;
13004 : 1D;
13005 : 1D;
13006 : 1D;
13007 : 1D;
13008 : 1D;
13009 : 1D;
13010 : 1D;
13011 : 1D;
13012 : 3D;
13013 : 3D;
13014 : 3D;
13015 : 3D;
13016 : 3D;
13017 : 3D;
13018 : 3D;
13019 : 3D;
13020 : 3D;
13021 : 3D;
13022 : 1D;
13023 : 1D;
13024 : 1D;
13025 : 1D;
13026 : 1D;
13027 : 1D;
13028 : 1D;
13029 : 1D;
13030 : 1D;
13031 : 1D;
13032 : 3D;
13033 : 3D;
13034 : 3D;
13035 : 3D;
13036 : 3D;
13037 : 3D;
13038 : 3D;
13039 : 3D;
13040 : 3D;
13041 : 3D;
13042 : 1D;
13043 : 1D;
13044 : 1D;
13045 : 1D;
13046 : 1D;
13047 : 1D;
13048 : 1D;
13049 : 1D;
13050 : 1D;
13051 : 1D;
13052 : 3D;
13053 : 3D;
13054 : 3D;
13055 : 3D;
13056 : 3D;
13057 : 3D;
13058 : 3D;
13059 : 3D;
13060 : 3D;
13061 : 3D;
13062 : 1D;
13063 : 1D;
13064 : 1D;
13065 : 1D;
13066 : 1D;
13067 : 1D;
13068 : 1D;
13069 : 1D;
13070 : 1D;
13071 : 1D;
13072 : 3D;
13073 : 3D;
13074 : 3D;
13075 : 3D;
13076 : 3D;
13077 : 3D;
13078 : 3D;
13079 : 3D;
13080 : 3D;
13081 : 3D;
13082 : 1D;
13083 : 1D;
13084 : 1D;
13085 : 1D;
13086 : 1D;
13087 : 1D;
13088 : 1D;
13089 : 1D;
13090 : 1D;
13091 : 1D;
13092 : 3D;
13093 : 3D;
13094 : 3D;
13095 : 3D;
13096 : 3D;
13097 : 3D;
13098 : 3D;
13099 : 3D;
13100 : 3D;
13101 : 3D;
13102 : 3D;
13103 : 1D;
13104 : 1D;
13105 : 1D;
13106 : 1D;
13107 : 1D;
13108 : 1D;
13109 : 1D;
13110 : 1D;
13111 : 1D;
13112 : 1D;
13113 : 14;
13114 : 14;
13115 : 14;
13116 : 14;
13117 : 14;
13118 : 14;
13119 : 14;
13120 : 10;
13121 : 10;
13122 : 10;
13123 : 10;
13124 : 10;
13125 : 10;
13126 : 10;
13127 : 10;
13128 : 10;
13129 : 10;
13130 : 3D;
13131 : 3D;
13132 : 3D;
13133 : 3D;
13134 : 3D;
13135 : 3D;
13136 : 3D;
13137 : 3D;
13138 : 3D;
13139 : 3D;
13140 : 1D;
13141 : 1D;
13142 : 1D;
13143 : 1D;
13144 : 1D;
13145 : 1D;
13146 : 1D;
13147 : 1D;
13148 : 1D;
13149 : 1D;
13150 : 3D;
13151 : 3D;
13152 : 3D;
13153 : 3D;
13154 : 3D;
13155 : 3D;
13156 : 3D;
13157 : 3D;
13158 : 3D;
13159 : 3D;
13160 : 1D;
13161 : 1D;
13162 : 1D;
13163 : 1D;
13164 : 1D;
13165 : 1D;
13166 : 1D;
13167 : 1D;
13168 : 1D;
13169 : 1D;
13170 : 3D;
13171 : 3D;
13172 : 3D;
13173 : 3D;
13174 : 3D;
13175 : 3D;
13176 : 3D;
13177 : 3D;
13178 : 3D;
13179 : 3D;
13180 : 1D;
13181 : 1D;
13182 : 1D;
13183 : 1D;
13184 : 1D;
13185 : 1D;
13186 : 1D;
13187 : 1D;
13188 : 1D;
13189 : 1D;
13190 : 3D;
13191 : 3D;
13192 : 3D;
13193 : 3D;
13194 : 3D;
13195 : 3D;
13196 : 3D;
13197 : 3D;
13198 : 3D;
13199 : 3D;
13200 : 3D;
13201 : 1D;
13202 : 1D;
13203 : 1D;
13204 : 1D;
13205 : 1D;
13206 : 1D;
13207 : 1D;
13208 : 1D;
13209 : 1D;
13210 : 1D;
13211 : 3D;
13212 : 3D;
13213 : 3D;
13214 : 3D;
13215 : 3D;
13216 : 3D;
13217 : 3D;
13218 : 3D;
13219 : 3D;
13220 : 3D;
13221 : 1D;
13222 : 1D;
13223 : 1D;
13224 : 1D;
13225 : 1D;
13226 : 1D;
13227 : 1D;
13228 : 1D;
13229 : 1D;
13230 : 1D;
13231 : 3D;
13232 : 3D;
13233 : 3D;
13234 : 3D;
13235 : 3D;
13236 : 3D;
13237 : 3D;
13238 : 3D;
13239 : 3D;
13240 : 3D;
13241 : 1D;
13242 : 1D;
13243 : 1D;
13244 : 1D;
13245 : 1D;
13246 : 1D;
13247 : 1D;
13248 : 1D;
13249 : 1D;
13250 : 1D;
13251 : 3D;
13252 : 3D;
13253 : 3D;
13254 : 3D;
13255 : 3D;
13256 : 3D;
13257 : 3D;
13258 : 3D;
13259 : 3D;
13260 : 3D;
13261 : 1D;
13262 : 1D;
13263 : 1D;
13264 : 1D;
13265 : 1D;
13266 : 1D;
13267 : 1D;
13268 : 1D;
13269 : 1D;
13270 : 1D;
13271 : 3D;
13272 : 3D;
13273 : 3D;
13274 : 3D;
13275 : 3D;
13276 : 3D;
13277 : 3D;
13278 : 3D;
13279 : 3D;
13280 : 3D;
13281 : 1D;
13282 : 1D;
13283 : 1D;
13284 : 1D;
13285 : 1D;
13286 : 1D;
13287 : 1D;
13288 : 1D;
13289 : 1D;
13290 : 1D;
13291 : 3D;
13292 : 3D;
13293 : 3D;
13294 : 3D;
13295 : 3D;
13296 : 3D;
13297 : 3D;
13298 : 3D;
13299 : 3D;
13300 : 3D;
13301 : 1D;
13302 : 1D;
13303 : 1D;
13304 : 1D;
13305 : 1D;
13306 : 1D;
13307 : 1D;
13308 : 1D;
13309 : 1D;
13310 : 1D;
13311 : 1D;
13312 : 3D;
13313 : 3D;
13314 : 3D;
13315 : 3D;
13316 : 3D;
13317 : 3D;
13318 : 3D;
13319 : 3D;
13320 : 3D;
13321 : 3D;
13322 : 1D;
13323 : 1D;
13324 : 1D;
13325 : 1D;
13326 : 1D;
13327 : 1D;
13328 : 1D;
13329 : 1D;
13330 : 1D;
13331 : 1D;
13332 : 3D;
13333 : 3D;
13334 : 3D;
13335 : 3D;
13336 : 3D;
13337 : 3D;
13338 : 3D;
13339 : 3D;
13340 : 3D;
13341 : 3D;
13342 : 1D;
13343 : 1D;
13344 : 1D;
13345 : 1D;
13346 : 1D;
13347 : 1D;
13348 : 1D;
13349 : 1D;
13350 : 1D;
13351 : 1D;
13352 : 3D;
13353 : 3D;
13354 : 3D;
13355 : 3D;
13356 : 3D;
13357 : 3D;
13358 : 3D;
13359 : 3D;
13360 : 3D;
13361 : 3D;
13362 : 1D;
13363 : 1D;
13364 : 1D;
13365 : 1D;
13366 : 1D;
13367 : 1D;
13368 : 1D;
13369 : 1D;
13370 : 1D;
13371 : 1D;
13372 : 3D;
13373 : 3D;
13374 : 3D;
13375 : 3D;
13376 : 3D;
13377 : 3D;
13378 : 3D;
13379 : 3D;
13380 : 3D;
13381 : 3D;
13382 : 1D;
13383 : 1D;
13384 : 1D;
13385 : 1D;
13386 : 1D;
13387 : 1D;
13388 : 1D;
13389 : 1D;
13390 : 1D;
13391 : 1D;
13392 : 3D;
13393 : 3D;
13394 : 3D;
13395 : 3D;
13396 : 3D;
13397 : 3D;
13398 : 3D;
13399 : 3D;
13400 : 3D;
13401 : 3D;
13402 : 1D;
13403 : 1D;
13404 : 1D;
13405 : 1D;
13406 : 1D;
13407 : 1D;
13408 : 1D;
13409 : 1D;
13410 : 1D;
13411 : 1D;
13412 : 3D;
13413 : 3D;
13414 : 3D;
13415 : 3D;
13416 : 3D;
13417 : 3D;
13418 : 3D;
13419 : 3D;
13420 : 3D;
13421 : 3D;
13422 : 3D;
13423 : 1D;
13424 : 1D;
13425 : 1D;
13426 : 1D;
13427 : 1D;
13428 : 1D;
13429 : 1D;
13430 : 1D;
13431 : 1D;
13432 : 1D;
13433 : 14;
13434 : 14;
13435 : 14;
13436 : 14;
13437 : 14;
13438 : 14;
13439 : 14;
13440 : 10;
13441 : 10;
13442 : 10;
13443 : 10;
13444 : 10;
13445 : 10;
13446 : 10;
13447 : 10;
13448 : 10;
13449 : 10;
13450 : 3D;
13451 : 3D;
13452 : 3D;
13453 : 3D;
13454 : 3D;
13455 : 3D;
13456 : 3D;
13457 : 3D;
13458 : 3D;
13459 : 3D;
13460 : 1D;
13461 : 1D;
13462 : 1D;
13463 : 1D;
13464 : 1D;
13465 : 1D;
13466 : 1D;
13467 : 1D;
13468 : 1D;
13469 : 1D;
13470 : 3D;
13471 : 3D;
13472 : 3D;
13473 : 3D;
13474 : 3D;
13475 : 3D;
13476 : 3D;
13477 : 3D;
13478 : 3D;
13479 : 3D;
13480 : 1D;
13481 : 1D;
13482 : 1D;
13483 : 1D;
13484 : 1D;
13485 : 1D;
13486 : 1D;
13487 : 1D;
13488 : 1D;
13489 : 1D;
13490 : 3D;
13491 : 3D;
13492 : 3D;
13493 : 3D;
13494 : 3D;
13495 : 3D;
13496 : 3D;
13497 : 3D;
13498 : 3D;
13499 : 3D;
13500 : 1D;
13501 : 1D;
13502 : 1D;
13503 : 1D;
13504 : 1D;
13505 : 1D;
13506 : 1D;
13507 : 1D;
13508 : 1D;
13509 : 1D;
13510 : 3D;
13511 : 3D;
13512 : 3D;
13513 : 3D;
13514 : 3D;
13515 : 3D;
13516 : 3D;
13517 : 3D;
13518 : 3D;
13519 : 3D;
13520 : 3D;
13521 : 1D;
13522 : 1D;
13523 : 1D;
13524 : 1D;
13525 : 1D;
13526 : 1D;
13527 : 1D;
13528 : 1D;
13529 : 1D;
13530 : 1D;
13531 : 3D;
13532 : 3D;
13533 : 3D;
13534 : 3D;
13535 : 3D;
13536 : 3D;
13537 : 3D;
13538 : 3D;
13539 : 3D;
13540 : 3D;
13541 : 1D;
13542 : 1D;
13543 : 1D;
13544 : 1D;
13545 : 1D;
13546 : 1D;
13547 : 1D;
13548 : 1D;
13549 : 1D;
13550 : 1D;
13551 : 3D;
13552 : 3D;
13553 : 3D;
13554 : 3D;
13555 : 3D;
13556 : 3D;
13557 : 3D;
13558 : 3D;
13559 : 3D;
13560 : 3D;
13561 : 1D;
13562 : 1D;
13563 : 1D;
13564 : 1D;
13565 : 1D;
13566 : 1D;
13567 : 1D;
13568 : 1D;
13569 : 1D;
13570 : 1D;
13571 : 3D;
13572 : 3D;
13573 : 3D;
13574 : 3D;
13575 : 3D;
13576 : 3D;
13577 : 3D;
13578 : 3D;
13579 : 3D;
13580 : 3D;
13581 : 1D;
13582 : 1D;
13583 : 1D;
13584 : 1D;
13585 : 1D;
13586 : 1D;
13587 : 1D;
13588 : 1D;
13589 : 1D;
13590 : 1D;
13591 : 3D;
13592 : 3D;
13593 : 3D;
13594 : 3D;
13595 : 3D;
13596 : 3D;
13597 : 3D;
13598 : 3D;
13599 : 3D;
13600 : 3D;
13601 : 1D;
13602 : 1D;
13603 : 1D;
13604 : 1D;
13605 : 1D;
13606 : 1D;
13607 : 1D;
13608 : 1D;
13609 : 1D;
13610 : 1D;
13611 : 3D;
13612 : 3D;
13613 : 3D;
13614 : 3D;
13615 : 3D;
13616 : 3D;
13617 : 3D;
13618 : 3D;
13619 : 3D;
13620 : 3D;
13621 : 1D;
13622 : 1D;
13623 : 1D;
13624 : 1D;
13625 : 1D;
13626 : 1D;
13627 : 1D;
13628 : 1D;
13629 : 1D;
13630 : 1D;
13631 : 1D;
13632 : 3D;
13633 : 3D;
13634 : 3D;
13635 : 3D;
13636 : 3D;
13637 : 3D;
13638 : 3D;
13639 : 3D;
13640 : 3D;
13641 : 3D;
13642 : 1D;
13643 : 1D;
13644 : 1D;
13645 : 1D;
13646 : 1D;
13647 : 1D;
13648 : 1D;
13649 : 1D;
13650 : 1D;
13651 : 1D;
13652 : 3D;
13653 : 3D;
13654 : 3D;
13655 : 3D;
13656 : 3D;
13657 : 3D;
13658 : 3D;
13659 : 3D;
13660 : 3D;
13661 : 3D;
13662 : 1D;
13663 : 1D;
13664 : 1D;
13665 : 1D;
13666 : 1D;
13667 : 1D;
13668 : 1D;
13669 : 1D;
13670 : 1D;
13671 : 1D;
13672 : 3D;
13673 : 3D;
13674 : 3D;
13675 : 3D;
13676 : 3D;
13677 : 3D;
13678 : 3D;
13679 : 3D;
13680 : 3D;
13681 : 3D;
13682 : 1D;
13683 : 1D;
13684 : 1D;
13685 : 1D;
13686 : 1D;
13687 : 1D;
13688 : 1D;
13689 : 1D;
13690 : 1D;
13691 : 1D;
13692 : 3D;
13693 : 3D;
13694 : 3D;
13695 : 3D;
13696 : 3D;
13697 : 3D;
13698 : 3D;
13699 : 3D;
13700 : 3D;
13701 : 3D;
13702 : 1D;
13703 : 1D;
13704 : 1D;
13705 : 1D;
13706 : 1D;
13707 : 1D;
13708 : 1D;
13709 : 1D;
13710 : 1D;
13711 : 1D;
13712 : 3D;
13713 : 3D;
13714 : 3D;
13715 : 3D;
13716 : 3D;
13717 : 3D;
13718 : 3D;
13719 : 3D;
13720 : 3D;
13721 : 3D;
13722 : 1D;
13723 : 1D;
13724 : 1D;
13725 : 1D;
13726 : 1D;
13727 : 1D;
13728 : 1D;
13729 : 1D;
13730 : 1D;
13731 : 1D;
13732 : 3D;
13733 : 3D;
13734 : 3D;
13735 : 3D;
13736 : 3D;
13737 : 3D;
13738 : 3D;
13739 : 3D;
13740 : 3D;
13741 : 3D;
13742 : 3D;
13743 : 1D;
13744 : 1D;
13745 : 1D;
13746 : 1D;
13747 : 1D;
13748 : 1D;
13749 : 1D;
13750 : 1D;
13751 : 1D;
13752 : 1D;
13753 : 14;
13754 : 14;
13755 : 14;
13756 : 14;
13757 : 14;
13758 : 14;
13759 : 14;
13760 : 10;
13761 : 10;
13762 : 10;
13763 : 10;
13764 : 10;
13765 : 10;
13766 : 10;
13767 : 10;
13768 : 10;
13769 : 10;
13770 : 3D;
13771 : 3D;
13772 : 3D;
13773 : 3D;
13774 : 3D;
13775 : 3D;
13776 : 3D;
13777 : 3D;
13778 : 3D;
13779 : 3D;
13780 : 1D;
13781 : 1D;
13782 : 1D;
13783 : 1D;
13784 : 1D;
13785 : 1D;
13786 : 1D;
13787 : 1D;
13788 : 1D;
13789 : 1D;
13790 : 3D;
13791 : 3D;
13792 : 3D;
13793 : 3D;
13794 : 3D;
13795 : 3D;
13796 : 3D;
13797 : 3D;
13798 : 3D;
13799 : 3D;
13800 : 1D;
13801 : 1D;
13802 : 1D;
13803 : 1D;
13804 : 1D;
13805 : 1D;
13806 : 1D;
13807 : 1D;
13808 : 1D;
13809 : 1D;
13810 : 3D;
13811 : 3D;
13812 : 3D;
13813 : 3D;
13814 : 3D;
13815 : 3D;
13816 : 3D;
13817 : 3D;
13818 : 3D;
13819 : 3D;
13820 : 1D;
13821 : 1D;
13822 : 1D;
13823 : 1D;
13824 : 1D;
13825 : 1D;
13826 : 1D;
13827 : 1D;
13828 : 1D;
13829 : 1D;
13830 : 3D;
13831 : 3D;
13832 : 3D;
13833 : 3D;
13834 : 3D;
13835 : 3D;
13836 : 3D;
13837 : 3D;
13838 : 3D;
13839 : 3D;
13840 : 3D;
13841 : 1D;
13842 : 1D;
13843 : 1D;
13844 : 1D;
13845 : 1D;
13846 : 1D;
13847 : 1D;
13848 : 1D;
13849 : 1D;
13850 : 1D;
13851 : 3D;
13852 : 3D;
13853 : 3D;
13854 : 3D;
13855 : 3D;
13856 : 3D;
13857 : 3D;
13858 : 3D;
13859 : 3D;
13860 : 3D;
13861 : 1D;
13862 : 1D;
13863 : 1D;
13864 : 1D;
13865 : 1D;
13866 : 1D;
13867 : 1D;
13868 : 1D;
13869 : 1D;
13870 : 1D;
13871 : 3D;
13872 : 3D;
13873 : 3D;
13874 : 3D;
13875 : 3D;
13876 : 3D;
13877 : 3D;
13878 : 3D;
13879 : 3D;
13880 : 3D;
13881 : 1D;
13882 : 1D;
13883 : 1D;
13884 : 1D;
13885 : 1D;
13886 : 1D;
13887 : 1D;
13888 : 1D;
13889 : 1D;
13890 : 1D;
13891 : 3D;
13892 : 3D;
13893 : 3D;
13894 : 3D;
13895 : 3D;
13896 : 3D;
13897 : 3D;
13898 : 3D;
13899 : 3D;
13900 : 3D;
13901 : 1D;
13902 : 1D;
13903 : 1D;
13904 : 1D;
13905 : 1D;
13906 : 1D;
13907 : 1D;
13908 : 1D;
13909 : 1D;
13910 : 1D;
13911 : 3D;
13912 : 3D;
13913 : 3D;
13914 : 3D;
13915 : 3D;
13916 : 3D;
13917 : 3D;
13918 : 3D;
13919 : 3D;
13920 : 3D;
13921 : 1D;
13922 : 1D;
13923 : 1D;
13924 : 1D;
13925 : 1D;
13926 : 1D;
13927 : 1D;
13928 : 1D;
13929 : 1D;
13930 : 1D;
13931 : 3D;
13932 : 3D;
13933 : 3D;
13934 : 3D;
13935 : 3D;
13936 : 3D;
13937 : 3D;
13938 : 3D;
13939 : 3D;
13940 : 3D;
13941 : 1D;
13942 : 1D;
13943 : 1D;
13944 : 1D;
13945 : 1D;
13946 : 1D;
13947 : 1D;
13948 : 1D;
13949 : 1D;
13950 : 1D;
13951 : 1D;
13952 : 3D;
13953 : 3D;
13954 : 3D;
13955 : 3D;
13956 : 3D;
13957 : 3D;
13958 : 3D;
13959 : 3D;
13960 : 3D;
13961 : 3D;
13962 : 1D;
13963 : 1D;
13964 : 1D;
13965 : 1D;
13966 : 1D;
13967 : 1D;
13968 : 1D;
13969 : 1D;
13970 : 1D;
13971 : 1D;
13972 : 3D;
13973 : 3D;
13974 : 3D;
13975 : 3D;
13976 : 3D;
13977 : 3D;
13978 : 3D;
13979 : 3D;
13980 : 3D;
13981 : 3D;
13982 : 1D;
13983 : 1D;
13984 : 1D;
13985 : 1D;
13986 : 1D;
13987 : 1D;
13988 : 1D;
13989 : 1D;
13990 : 1D;
13991 : 1D;
13992 : 3D;
13993 : 3D;
13994 : 3D;
13995 : 3D;
13996 : 3D;
13997 : 3D;
13998 : 3D;
13999 : 3D;
14000 : 3D;
14001 : 3D;
14002 : 1D;
14003 : 1D;
14004 : 1D;
14005 : 1D;
14006 : 1D;
14007 : 1D;
14008 : 1D;
14009 : 1D;
14010 : 1D;
14011 : 1D;
14012 : 3D;
14013 : 3D;
14014 : 3D;
14015 : 3D;
14016 : 3D;
14017 : 3D;
14018 : 3D;
14019 : 3D;
14020 : 3D;
14021 : 3D;
14022 : 1D;
14023 : 1D;
14024 : 1D;
14025 : 1D;
14026 : 1D;
14027 : 1D;
14028 : 1D;
14029 : 1D;
14030 : 1D;
14031 : 1D;
14032 : 3D;
14033 : 3D;
14034 : 3D;
14035 : 3D;
14036 : 3D;
14037 : 3D;
14038 : 3D;
14039 : 3D;
14040 : 3D;
14041 : 3D;
14042 : 1D;
14043 : 1D;
14044 : 1D;
14045 : 1D;
14046 : 1D;
14047 : 1D;
14048 : 1D;
14049 : 1D;
14050 : 1D;
14051 : 1D;
14052 : 3D;
14053 : 3D;
14054 : 3D;
14055 : 3D;
14056 : 3D;
14057 : 3D;
14058 : 3D;
14059 : 3D;
14060 : 3D;
14061 : 3D;
14062 : 3D;
14063 : 1D;
14064 : 1D;
14065 : 1D;
14066 : 1D;
14067 : 1D;
14068 : 1D;
14069 : 1D;
14070 : 1D;
14071 : 1D;
14072 : 1D;
14073 : 14;
14074 : 14;
14075 : 14;
14076 : 14;
14077 : 14;
14078 : 14;
14079 : 14;
14080 : 10;
14081 : 10;
14082 : 10;
14083 : 10;
14084 : 10;
14085 : 10;
14086 : 10;
14087 : 10;
14088 : 10;
14089 : 10;
14090 : 3D;
14091 : 3D;
14092 : 3D;
14093 : 3D;
14094 : 3D;
14095 : 3D;
14096 : 3D;
14097 : 3D;
14098 : 3D;
14099 : 3D;
14100 : 1D;
14101 : 1D;
14102 : 1D;
14103 : 1D;
14104 : 1D;
14105 : 1D;
14106 : 1D;
14107 : 1D;
14108 : 1D;
14109 : 1D;
14110 : 3D;
14111 : 3D;
14112 : 3D;
14113 : 3D;
14114 : 3D;
14115 : 3D;
14116 : 3D;
14117 : 3D;
14118 : 3D;
14119 : 3D;
14120 : 1D;
14121 : 1D;
14122 : 1D;
14123 : 1D;
14124 : 1D;
14125 : 1D;
14126 : 1D;
14127 : 1D;
14128 : 1D;
14129 : 1D;
14130 : 3D;
14131 : 3D;
14132 : 3D;
14133 : 3D;
14134 : 3D;
14135 : 3D;
14136 : 3D;
14137 : 3D;
14138 : 3D;
14139 : 3D;
14140 : 1D;
14141 : 1D;
14142 : 1D;
14143 : 1D;
14144 : 1D;
14145 : 1D;
14146 : 1D;
14147 : 1D;
14148 : 1D;
14149 : 1D;
14150 : 3D;
14151 : 3D;
14152 : 3D;
14153 : 3D;
14154 : 3D;
14155 : 3D;
14156 : 3D;
14157 : 3D;
14158 : 3D;
14159 : 3D;
14160 : 3D;
14161 : 1D;
14162 : 1D;
14163 : 1D;
14164 : 1D;
14165 : 1D;
14166 : 1D;
14167 : 1D;
14168 : 1D;
14169 : 1D;
14170 : 1D;
14171 : 3D;
14172 : 3D;
14173 : 3D;
14174 : 3D;
14175 : 3D;
14176 : 3D;
14177 : 3D;
14178 : 3D;
14179 : 3D;
14180 : 3D;
14181 : 1D;
14182 : 1D;
14183 : 1D;
14184 : 1D;
14185 : 1D;
14186 : 1D;
14187 : 1D;
14188 : 1D;
14189 : 1D;
14190 : 1D;
14191 : 3D;
14192 : 3D;
14193 : 3D;
14194 : 3D;
14195 : 3D;
14196 : 3D;
14197 : 3D;
14198 : 3D;
14199 : 3D;
14200 : 3D;
14201 : 1D;
14202 : 1D;
14203 : 1D;
14204 : 1D;
14205 : 1D;
14206 : 1D;
14207 : 1D;
14208 : 1D;
14209 : 1D;
14210 : 1D;
14211 : 3D;
14212 : 3D;
14213 : 3D;
14214 : 3D;
14215 : 3D;
14216 : 3D;
14217 : 3D;
14218 : 3D;
14219 : 3D;
14220 : 3D;
14221 : 1D;
14222 : 1D;
14223 : 1D;
14224 : 1D;
14225 : 1D;
14226 : 1D;
14227 : 1D;
14228 : 1D;
14229 : 1D;
14230 : 1D;
14231 : 3D;
14232 : 3D;
14233 : 3D;
14234 : 3D;
14235 : 3D;
14236 : 3D;
14237 : 3D;
14238 : 3D;
14239 : 3D;
14240 : 3D;
14241 : 1D;
14242 : 1D;
14243 : 1D;
14244 : 1D;
14245 : 1D;
14246 : 1D;
14247 : 1D;
14248 : 1D;
14249 : 1D;
14250 : 1D;
14251 : 3D;
14252 : 3D;
14253 : 3D;
14254 : 3D;
14255 : 3D;
14256 : 3D;
14257 : 3D;
14258 : 3D;
14259 : 3D;
14260 : 3D;
14261 : 1D;
14262 : 1D;
14263 : 1D;
14264 : 1D;
14265 : 1D;
14266 : 1D;
14267 : 1D;
14268 : 1D;
14269 : 1D;
14270 : 1D;
14271 : 1D;
14272 : 3D;
14273 : 3D;
14274 : 3D;
14275 : 3D;
14276 : 3D;
14277 : 3D;
14278 : 3D;
14279 : 3D;
14280 : 3D;
14281 : 3D;
14282 : 1D;
14283 : 1D;
14284 : 1D;
14285 : 1D;
14286 : 1D;
14287 : 1D;
14288 : 1D;
14289 : 1D;
14290 : 1D;
14291 : 1D;
14292 : 3D;
14293 : 3D;
14294 : 3D;
14295 : 3D;
14296 : 3D;
14297 : 3D;
14298 : 3D;
14299 : 3D;
14300 : 3D;
14301 : 3D;
14302 : 1D;
14303 : 1D;
14304 : 1D;
14305 : 1D;
14306 : 1D;
14307 : 1D;
14308 : 1D;
14309 : 1D;
14310 : 1D;
14311 : 1D;
14312 : 3D;
14313 : 3D;
14314 : 3D;
14315 : 3D;
14316 : 3D;
14317 : 3D;
14318 : 3D;
14319 : 3D;
14320 : 3D;
14321 : 3D;
14322 : 1D;
14323 : 1D;
14324 : 1D;
14325 : 1D;
14326 : 1D;
14327 : 1D;
14328 : 1D;
14329 : 1D;
14330 : 1D;
14331 : 1D;
14332 : 3D;
14333 : 3D;
14334 : 3D;
14335 : 3D;
14336 : 3D;
14337 : 3D;
14338 : 3D;
14339 : 3D;
14340 : 3D;
14341 : 3D;
14342 : 1D;
14343 : 1D;
14344 : 1D;
14345 : 1D;
14346 : 1D;
14347 : 1D;
14348 : 1D;
14349 : 1D;
14350 : 1D;
14351 : 1D;
14352 : 3D;
14353 : 3D;
14354 : 3D;
14355 : 3D;
14356 : 3D;
14357 : 3D;
14358 : 3D;
14359 : 3D;
14360 : 3D;
14361 : 3D;
14362 : 1D;
14363 : 1D;
14364 : 1D;
14365 : 1D;
14366 : 1D;
14367 : 1D;
14368 : 1D;
14369 : 1D;
14370 : 1D;
14371 : 1D;
14372 : 3D;
14373 : 3D;
14374 : 3D;
14375 : 3D;
14376 : 3D;
14377 : 3D;
14378 : 3D;
14379 : 3D;
14380 : 3D;
14381 : 3D;
14382 : 3D;
14383 : 1D;
14384 : 1D;
14385 : 1D;
14386 : 1D;
14387 : 1D;
14388 : 1D;
14389 : 1D;
14390 : 1D;
14391 : 1D;
14392 : 1D;
14393 : 14;
14394 : 14;
14395 : 14;
14396 : 14;
14397 : 14;
14398 : 14;
14399 : 14;
14400 : 10;
14401 : 10;
14402 : 10;
14403 : 10;
14404 : 10;
14405 : 10;
14406 : 10;
14407 : 10;
14408 : 10;
14409 : 10;
14410 : 3D;
14411 : 3D;
14412 : 3D;
14413 : 3D;
14414 : 3D;
14415 : 3D;
14416 : 3D;
14417 : 3D;
14418 : 3D;
14419 : 3D;
14420 : 1D;
14421 : 1D;
14422 : 1D;
14423 : 1D;
14424 : 1D;
14425 : 1D;
14426 : 1D;
14427 : 1D;
14428 : 1D;
14429 : 1D;
14430 : 3D;
14431 : 3D;
14432 : 3D;
14433 : 3D;
14434 : 3D;
14435 : 3D;
14436 : 3D;
14437 : 3D;
14438 : 3D;
14439 : 3D;
14440 : 1D;
14441 : 1D;
14442 : 1D;
14443 : 1D;
14444 : 1D;
14445 : 1D;
14446 : 1D;
14447 : 1D;
14448 : 1D;
14449 : 1D;
14450 : 3D;
14451 : 3D;
14452 : 3D;
14453 : 3D;
14454 : 3D;
14455 : 3D;
14456 : 3D;
14457 : 3D;
14458 : 3D;
14459 : 3D;
14460 : 1D;
14461 : 1D;
14462 : 1D;
14463 : 1D;
14464 : 1D;
14465 : 1D;
14466 : 1D;
14467 : 1D;
14468 : 1D;
14469 : 1D;
14470 : 3D;
14471 : 3D;
14472 : 3D;
14473 : 3D;
14474 : 3D;
14475 : 3D;
14476 : 3D;
14477 : 3D;
14478 : 3D;
14479 : 3D;
14480 : 3D;
14481 : 1D;
14482 : 1D;
14483 : 1D;
14484 : 1D;
14485 : 1D;
14486 : 1D;
14487 : 1D;
14488 : 1D;
14489 : 1D;
14490 : 1D;
14491 : 3D;
14492 : 3D;
14493 : 3D;
14494 : 3D;
14495 : 3D;
14496 : 3D;
14497 : 3D;
14498 : 3D;
14499 : 3D;
14500 : 3D;
14501 : 1D;
14502 : 1D;
14503 : 1D;
14504 : 1D;
14505 : 1D;
14506 : 1D;
14507 : 1D;
14508 : 1D;
14509 : 1D;
14510 : 1D;
14511 : 3D;
14512 : 3D;
14513 : 3D;
14514 : 3D;
14515 : 3D;
14516 : 3D;
14517 : 3D;
14518 : 3D;
14519 : 3D;
14520 : 3D;
14521 : 1D;
14522 : 1D;
14523 : 1D;
14524 : 1D;
14525 : 1D;
14526 : 1D;
14527 : 1D;
14528 : 1D;
14529 : 1D;
14530 : 1D;
14531 : 3D;
14532 : 3D;
14533 : 3D;
14534 : 3D;
14535 : 3D;
14536 : 3D;
14537 : 3D;
14538 : 3D;
14539 : 3D;
14540 : 3D;
14541 : 1D;
14542 : 1D;
14543 : 1D;
14544 : 1D;
14545 : 1D;
14546 : 1D;
14547 : 1D;
14548 : 1D;
14549 : 1D;
14550 : 1D;
14551 : 3D;
14552 : 3D;
14553 : 3D;
14554 : 3D;
14555 : 3D;
14556 : 3D;
14557 : 3D;
14558 : 3D;
14559 : 3D;
14560 : 3D;
14561 : 1D;
14562 : 1D;
14563 : 1D;
14564 : 1D;
14565 : 1D;
14566 : 1D;
14567 : 1D;
14568 : 1D;
14569 : 1D;
14570 : 1D;
14571 : 3D;
14572 : 3D;
14573 : 3D;
14574 : 3D;
14575 : 3D;
14576 : 3D;
14577 : 3D;
14578 : 3D;
14579 : 3D;
14580 : 3D;
14581 : 1D;
14582 : 1D;
14583 : 1D;
14584 : 1D;
14585 : 1D;
14586 : 1D;
14587 : 1D;
14588 : 1D;
14589 : 1D;
14590 : 1D;
14591 : 1D;
14592 : 3D;
14593 : 3D;
14594 : 3D;
14595 : 3D;
14596 : 3D;
14597 : 3D;
14598 : 3D;
14599 : 3D;
14600 : 3D;
14601 : 3D;
14602 : 1D;
14603 : 1D;
14604 : 1D;
14605 : 1D;
14606 : 1D;
14607 : 1D;
14608 : 1D;
14609 : 1D;
14610 : 1D;
14611 : 1D;
14612 : 3D;
14613 : 3D;
14614 : 3D;
14615 : 3D;
14616 : 3D;
14617 : 3D;
14618 : 3D;
14619 : 3D;
14620 : 3D;
14621 : 3D;
14622 : 1D;
14623 : 1D;
14624 : 1D;
14625 : 1D;
14626 : 1D;
14627 : 1D;
14628 : 1D;
14629 : 1D;
14630 : 1D;
14631 : 1D;
14632 : 3D;
14633 : 3D;
14634 : 3D;
14635 : 3D;
14636 : 3D;
14637 : 3D;
14638 : 3D;
14639 : 3D;
14640 : 3D;
14641 : 3D;
14642 : 1D;
14643 : 1D;
14644 : 1D;
14645 : 1D;
14646 : 1D;
14647 : 1D;
14648 : 1D;
14649 : 1D;
14650 : 1D;
14651 : 1D;
14652 : 3D;
14653 : 3D;
14654 : 3D;
14655 : 3D;
14656 : 3D;
14657 : 3D;
14658 : 3D;
14659 : 3D;
14660 : 3D;
14661 : 3D;
14662 : 1D;
14663 : 1D;
14664 : 1D;
14665 : 1D;
14666 : 1D;
14667 : 1D;
14668 : 1D;
14669 : 1D;
14670 : 1D;
14671 : 1D;
14672 : 3D;
14673 : 3D;
14674 : 3D;
14675 : 3D;
14676 : 3D;
14677 : 3D;
14678 : 3D;
14679 : 3D;
14680 : 3D;
14681 : 3D;
14682 : 1D;
14683 : 1D;
14684 : 1D;
14685 : 1D;
14686 : 1D;
14687 : 1D;
14688 : 1D;
14689 : 1D;
14690 : 1D;
14691 : 1D;
14692 : 3D;
14693 : 3D;
14694 : 3D;
14695 : 3D;
14696 : 3D;
14697 : 3D;
14698 : 3D;
14699 : 3D;
14700 : 3D;
14701 : 3D;
14702 : 3D;
14703 : 1D;
14704 : 1D;
14705 : 1D;
14706 : 1D;
14707 : 1D;
14708 : 1D;
14709 : 1D;
14710 : 1D;
14711 : 1D;
14712 : 1D;
14713 : 14;
14714 : 14;
14715 : 14;
14716 : 14;
14717 : 14;
14718 : 14;
14719 : 14;
14720 : 10;
14721 : 10;
14722 : 10;
14723 : 10;
14724 : 10;
14725 : 10;
14726 : 10;
14727 : 10;
14728 : 10;
14729 : 10;
14730 : 3D;
14731 : 3D;
14732 : 3D;
14733 : 3D;
14734 : 3D;
14735 : 3D;
14736 : 3D;
14737 : 3D;
14738 : 3D;
14739 : 3D;
14740 : 1D;
14741 : 1D;
14742 : 1D;
14743 : 1D;
14744 : 1D;
14745 : 1D;
14746 : 1D;
14747 : 1D;
14748 : 1D;
14749 : 1D;
14750 : 3D;
14751 : 3D;
14752 : 3D;
14753 : 3D;
14754 : 3D;
14755 : 3D;
14756 : 3D;
14757 : 3D;
14758 : 3D;
14759 : 3D;
14760 : 1D;
14761 : 1D;
14762 : 1D;
14763 : 1D;
14764 : 1D;
14765 : 1D;
14766 : 1D;
14767 : 1D;
14768 : 1D;
14769 : 1D;
14770 : 3D;
14771 : 3D;
14772 : 3D;
14773 : 3D;
14774 : 3D;
14775 : 3D;
14776 : 3D;
14777 : 3D;
14778 : 3D;
14779 : 3D;
14780 : 1D;
14781 : 1D;
14782 : 1D;
14783 : 1D;
14784 : 1D;
14785 : 1D;
14786 : 1D;
14787 : 1D;
14788 : 1D;
14789 : 1D;
14790 : 3D;
14791 : 3D;
14792 : 3D;
14793 : 3D;
14794 : 3D;
14795 : 3D;
14796 : 3D;
14797 : 3D;
14798 : 3D;
14799 : 3D;
14800 : 3D;
14801 : 1D;
14802 : 1D;
14803 : 1D;
14804 : 1D;
14805 : 1D;
14806 : 1D;
14807 : 1D;
14808 : 1D;
14809 : 1D;
14810 : 1D;
14811 : 3D;
14812 : 3D;
14813 : 3D;
14814 : 3D;
14815 : 3D;
14816 : 3D;
14817 : 3D;
14818 : 3D;
14819 : 3D;
14820 : 3D;
14821 : 1D;
14822 : 1D;
14823 : 1D;
14824 : 1D;
14825 : 1D;
14826 : 1D;
14827 : 1D;
14828 : 1D;
14829 : 1D;
14830 : 1D;
14831 : 3D;
14832 : 3D;
14833 : 3D;
14834 : 3D;
14835 : 3D;
14836 : 3D;
14837 : 3D;
14838 : 3D;
14839 : 3D;
14840 : 3D;
14841 : 1D;
14842 : 1D;
14843 : 1D;
14844 : 1D;
14845 : 1D;
14846 : 1D;
14847 : 1D;
14848 : 1D;
14849 : 1D;
14850 : 1D;
14851 : 3D;
14852 : 3D;
14853 : 3D;
14854 : 3D;
14855 : 3D;
14856 : 3D;
14857 : 3D;
14858 : 3D;
14859 : 3D;
14860 : 3D;
14861 : 1D;
14862 : 1D;
14863 : 1D;
14864 : 1D;
14865 : 1D;
14866 : 1D;
14867 : 1D;
14868 : 1D;
14869 : 1D;
14870 : 1D;
14871 : 3D;
14872 : 3D;
14873 : 3D;
14874 : 3D;
14875 : 3D;
14876 : 3D;
14877 : 3D;
14878 : 3D;
14879 : 3D;
14880 : 3D;
14881 : 1D;
14882 : 1D;
14883 : 1D;
14884 : 1D;
14885 : 1D;
14886 : 1D;
14887 : 1D;
14888 : 1D;
14889 : 1D;
14890 : 1D;
14891 : 3D;
14892 : 3D;
14893 : 3D;
14894 : 3D;
14895 : 3D;
14896 : 3D;
14897 : 3D;
14898 : 3D;
14899 : 3D;
14900 : 3D;
14901 : 1D;
14902 : 1D;
14903 : 1D;
14904 : 1D;
14905 : 1D;
14906 : 1D;
14907 : 1D;
14908 : 1D;
14909 : 1D;
14910 : 1D;
14911 : 1D;
14912 : 3D;
14913 : 3D;
14914 : 3D;
14915 : 3D;
14916 : 3D;
14917 : 3D;
14918 : 3D;
14919 : 3D;
14920 : 3D;
14921 : 3D;
14922 : 1D;
14923 : 1D;
14924 : 1D;
14925 : 1D;
14926 : 1D;
14927 : 1D;
14928 : 1D;
14929 : 1D;
14930 : 1D;
14931 : 1D;
14932 : 3D;
14933 : 3D;
14934 : 3D;
14935 : 3D;
14936 : 3D;
14937 : 3D;
14938 : 3D;
14939 : 3D;
14940 : 3D;
14941 : 3D;
14942 : 1D;
14943 : 1D;
14944 : 1D;
14945 : 1D;
14946 : 1D;
14947 : 1D;
14948 : 1D;
14949 : 1D;
14950 : 1D;
14951 : 1D;
14952 : 3D;
14953 : 3D;
14954 : 3D;
14955 : 3D;
14956 : 3D;
14957 : 3D;
14958 : 3D;
14959 : 3D;
14960 : 3D;
14961 : 3D;
14962 : 1D;
14963 : 1D;
14964 : 1D;
14965 : 1D;
14966 : 1D;
14967 : 1D;
14968 : 1D;
14969 : 1D;
14970 : 1D;
14971 : 1D;
14972 : 3D;
14973 : 3D;
14974 : 3D;
14975 : 3D;
14976 : 3D;
14977 : 3D;
14978 : 3D;
14979 : 3D;
14980 : 3D;
14981 : 3D;
14982 : 1D;
14983 : 1D;
14984 : 1D;
14985 : 1D;
14986 : 1D;
14987 : 1D;
14988 : 1D;
14989 : 1D;
14990 : 1D;
14991 : 1D;
14992 : 3D;
14993 : 3D;
14994 : 3D;
14995 : 3D;
14996 : 3D;
14997 : 3D;
14998 : 3D;
14999 : 3D;
15000 : 3D;
15001 : 3D;
15002 : 1D;
15003 : 1D;
15004 : 1D;
15005 : 1D;
15006 : 1D;
15007 : 1D;
15008 : 1D;
15009 : 1D;
15010 : 1D;
15011 : 1D;
15012 : 3D;
15013 : 3D;
15014 : 3D;
15015 : 3D;
15016 : 3D;
15017 : 3D;
15018 : 3D;
15019 : 3D;
15020 : 3D;
15021 : 3D;
15022 : 3D;
15023 : 1D;
15024 : 1D;
15025 : 1D;
15026 : 1D;
15027 : 1D;
15028 : 1D;
15029 : 1D;
15030 : 1D;
15031 : 1D;
15032 : 1D;
15033 : 14;
15034 : 14;
15035 : 14;
15036 : 14;
15037 : 14;
15038 : 14;
15039 : 14;
15040 : 10;
15041 : 10;
15042 : 10;
15043 : 10;
15044 : 10;
15045 : 10;
15046 : 10;
15047 : 10;
15048 : 10;
15049 : 10;
15050 : 3D;
15051 : 3D;
15052 : 3D;
15053 : 3D;
15054 : 3D;
15055 : 3D;
15056 : 3D;
15057 : 3D;
15058 : 3D;
15059 : 3D;
15060 : 1D;
15061 : 1D;
15062 : 1D;
15063 : 1D;
15064 : 1D;
15065 : 1D;
15066 : 1D;
15067 : 1D;
15068 : 1D;
15069 : 1D;
15070 : 3D;
15071 : 3D;
15072 : 3D;
15073 : 3D;
15074 : 3D;
15075 : 3D;
15076 : 3D;
15077 : 3D;
15078 : 3D;
15079 : 3D;
15080 : 1D;
15081 : 1D;
15082 : 1D;
15083 : 1D;
15084 : 1D;
15085 : 1D;
15086 : 1D;
15087 : 1D;
15088 : 1D;
15089 : 1D;
15090 : 3D;
15091 : 3D;
15092 : 3D;
15093 : 3D;
15094 : 3D;
15095 : 3D;
15096 : 3D;
15097 : 3D;
15098 : 3D;
15099 : 3D;
15100 : 1D;
15101 : 1D;
15102 : 1D;
15103 : 1D;
15104 : 1D;
15105 : 1D;
15106 : 1D;
15107 : 1D;
15108 : 1D;
15109 : 1D;
15110 : 3D;
15111 : 3D;
15112 : 3D;
15113 : 3D;
15114 : 3D;
15115 : 3D;
15116 : 3D;
15117 : 3D;
15118 : 3D;
15119 : 3D;
15120 : 3D;
15121 : 1D;
15122 : 1D;
15123 : 1D;
15124 : 1D;
15125 : 1D;
15126 : 1D;
15127 : 1D;
15128 : 1D;
15129 : 1D;
15130 : 1D;
15131 : 3D;
15132 : 3D;
15133 : 3D;
15134 : 3D;
15135 : 3D;
15136 : 3D;
15137 : 3D;
15138 : 3D;
15139 : 3D;
15140 : 3D;
15141 : 1D;
15142 : 1D;
15143 : 1D;
15144 : 1D;
15145 : 1D;
15146 : 1D;
15147 : 1D;
15148 : 1D;
15149 : 1D;
15150 : 1D;
15151 : 3D;
15152 : 3D;
15153 : 3D;
15154 : 3D;
15155 : 3D;
15156 : 3D;
15157 : 3D;
15158 : 3D;
15159 : 3D;
15160 : 3D;
15161 : 1D;
15162 : 1D;
15163 : 1D;
15164 : 1D;
15165 : 1D;
15166 : 1D;
15167 : 1D;
15168 : 1D;
15169 : 1D;
15170 : 1D;
15171 : 3D;
15172 : 3D;
15173 : 3D;
15174 : 3D;
15175 : 3D;
15176 : 3D;
15177 : 3D;
15178 : 3D;
15179 : 3D;
15180 : 3D;
15181 : 1D;
15182 : 1D;
15183 : 1D;
15184 : 1D;
15185 : 1D;
15186 : 1D;
15187 : 1D;
15188 : 1D;
15189 : 1D;
15190 : 1D;
15191 : 3D;
15192 : 3D;
15193 : 3D;
15194 : 3D;
15195 : 3D;
15196 : 3D;
15197 : 3D;
15198 : 3D;
15199 : 3D;
15200 : 3D;
15201 : 1D;
15202 : 1D;
15203 : 1D;
15204 : 1D;
15205 : 1D;
15206 : 1D;
15207 : 1D;
15208 : 1D;
15209 : 1D;
15210 : 1D;
15211 : 3D;
15212 : 3D;
15213 : 3D;
15214 : 3D;
15215 : 3D;
15216 : 3D;
15217 : 3D;
15218 : 3D;
15219 : 3D;
15220 : 3D;
15221 : 1D;
15222 : 1D;
15223 : 1D;
15224 : 1D;
15225 : 1D;
15226 : 1D;
15227 : 1D;
15228 : 1D;
15229 : 1D;
15230 : 1D;
15231 : 1D;
15232 : 3D;
15233 : 3D;
15234 : 3D;
15235 : 3D;
15236 : 3D;
15237 : 3D;
15238 : 3D;
15239 : 3D;
15240 : 3D;
15241 : 3D;
15242 : 1D;
15243 : 1D;
15244 : 1D;
15245 : 1D;
15246 : 1D;
15247 : 1D;
15248 : 1D;
15249 : 1D;
15250 : 1D;
15251 : 1D;
15252 : 3D;
15253 : 3D;
15254 : 3D;
15255 : 3D;
15256 : 3D;
15257 : 3D;
15258 : 3D;
15259 : 3D;
15260 : 3D;
15261 : 3D;
15262 : 1D;
15263 : 1D;
15264 : 1D;
15265 : 1D;
15266 : 1D;
15267 : 1D;
15268 : 1D;
15269 : 1D;
15270 : 1D;
15271 : 1D;
15272 : 3D;
15273 : 3D;
15274 : 3D;
15275 : 3D;
15276 : 3D;
15277 : 3D;
15278 : 3D;
15279 : 3D;
15280 : 3D;
15281 : 3D;
15282 : 1D;
15283 : 1D;
15284 : 1D;
15285 : 1D;
15286 : 1D;
15287 : 1D;
15288 : 1D;
15289 : 1D;
15290 : 1D;
15291 : 1D;
15292 : 3D;
15293 : 3D;
15294 : 3D;
15295 : 3D;
15296 : 3D;
15297 : 3D;
15298 : 3D;
15299 : 3D;
15300 : 3D;
15301 : 3D;
15302 : 1D;
15303 : 1D;
15304 : 1D;
15305 : 1D;
15306 : 1D;
15307 : 1D;
15308 : 1D;
15309 : 1D;
15310 : 1D;
15311 : 1D;
15312 : 3D;
15313 : 3D;
15314 : 3D;
15315 : 3D;
15316 : 3D;
15317 : 3D;
15318 : 3D;
15319 : 3D;
15320 : 3D;
15321 : 3D;
15322 : 1D;
15323 : 1D;
15324 : 1D;
15325 : 1D;
15326 : 1D;
15327 : 1D;
15328 : 1D;
15329 : 1D;
15330 : 1D;
15331 : 1D;
15332 : 3D;
15333 : 3D;
15334 : 3D;
15335 : 3D;
15336 : 3D;
15337 : 3D;
15338 : 3D;
15339 : 3D;
15340 : 3D;
15341 : 3D;
15342 : 3D;
15343 : 1D;
15344 : 1D;
15345 : 1D;
15346 : 1D;
15347 : 1D;
15348 : 1D;
15349 : 1D;
15350 : 1D;
15351 : 1D;
15352 : 1D;
15353 : 14;
15354 : 14;
15355 : 14;
15356 : 14;
15357 : 14;
15358 : 14;
15359 : 14;
15360 : 10;
15361 : 10;
15362 : 10;
15363 : 10;
15364 : 10;
15365 : 10;
15366 : 10;
15367 : 10;
15368 : 10;
15369 : 10;
15370 : 3D;
15371 : 3D;
15372 : 3D;
15373 : 3D;
15374 : 3D;
15375 : 3D;
15376 : 3D;
15377 : 3D;
15378 : 3D;
15379 : 3D;
15380 : 1D;
15381 : 1D;
15382 : 1D;
15383 : 1D;
15384 : 1D;
15385 : 1D;
15386 : 1D;
15387 : 1D;
15388 : 1D;
15389 : 1D;
15390 : 3D;
15391 : 3D;
15392 : 3D;
15393 : 3D;
15394 : 3D;
15395 : 3D;
15396 : 3D;
15397 : 3D;
15398 : 3D;
15399 : 3D;
15400 : 1D;
15401 : 1D;
15402 : 1D;
15403 : 1D;
15404 : 1D;
15405 : 1D;
15406 : 1D;
15407 : 1D;
15408 : 1D;
15409 : 1D;
15410 : 3D;
15411 : 3D;
15412 : 3D;
15413 : 3D;
15414 : 3D;
15415 : 3D;
15416 : 3D;
15417 : 3D;
15418 : 3D;
15419 : 3D;
15420 : 1D;
15421 : 1D;
15422 : 1D;
15423 : 1D;
15424 : 1D;
15425 : 1D;
15426 : 1D;
15427 : 1D;
15428 : 1D;
15429 : 1D;
15430 : 3D;
15431 : 3D;
15432 : 3D;
15433 : 3D;
15434 : 3D;
15435 : 3D;
15436 : 3D;
15437 : 3D;
15438 : 3D;
15439 : 3D;
15440 : 3D;
15441 : 1D;
15442 : 1D;
15443 : 1D;
15444 : 1D;
15445 : 1D;
15446 : 1D;
15447 : 1D;
15448 : 1D;
15449 : 1D;
15450 : 1D;
15451 : 3D;
15452 : 3D;
15453 : 3D;
15454 : 3D;
15455 : 3D;
15456 : 3D;
15457 : 3D;
15458 : 3D;
15459 : 3D;
15460 : 3D;
15461 : 1D;
15462 : 1D;
15463 : 1D;
15464 : 1D;
15465 : 1D;
15466 : 1D;
15467 : 1D;
15468 : 1D;
15469 : 1D;
15470 : 1D;
15471 : 3D;
15472 : 3D;
15473 : 3D;
15474 : 3D;
15475 : 3D;
15476 : 3D;
15477 : 3D;
15478 : 3D;
15479 : 3D;
15480 : 3D;
15481 : 1D;
15482 : 1D;
15483 : 1D;
15484 : 1D;
15485 : 1D;
15486 : 1D;
15487 : 1D;
15488 : 1D;
15489 : 1D;
15490 : 1D;
15491 : 3D;
15492 : 3D;
15493 : 3D;
15494 : 3D;
15495 : 3D;
15496 : 3D;
15497 : 3D;
15498 : 3D;
15499 : 3D;
15500 : 3D;
15501 : 1D;
15502 : 1D;
15503 : 1D;
15504 : 1D;
15505 : 1D;
15506 : 1D;
15507 : 1D;
15508 : 1D;
15509 : 1D;
15510 : 1D;
15511 : 3D;
15512 : 3D;
15513 : 3D;
15514 : 3D;
15515 : 3D;
15516 : 3D;
15517 : 3D;
15518 : 3D;
15519 : 3D;
15520 : 3D;
15521 : 1D;
15522 : 1D;
15523 : 1D;
15524 : 1D;
15525 : 1D;
15526 : 1D;
15527 : 1D;
15528 : 1D;
15529 : 1D;
15530 : 1D;
15531 : 3D;
15532 : 3D;
15533 : 3D;
15534 : 3D;
15535 : 3D;
15536 : 3D;
15537 : 3D;
15538 : 3D;
15539 : 3D;
15540 : 3D;
15541 : 1D;
15542 : 1D;
15543 : 1D;
15544 : 1D;
15545 : 1D;
15546 : 1D;
15547 : 1D;
15548 : 1D;
15549 : 1D;
15550 : 1D;
15551 : 1D;
15552 : 3D;
15553 : 3D;
15554 : 3D;
15555 : 3D;
15556 : 3D;
15557 : 3D;
15558 : 3D;
15559 : 3D;
15560 : 3D;
15561 : 3D;
15562 : 1D;
15563 : 1D;
15564 : 1D;
15565 : 1D;
15566 : 1D;
15567 : 1D;
15568 : 1D;
15569 : 1D;
15570 : 1D;
15571 : 1D;
15572 : 3D;
15573 : 3D;
15574 : 3D;
15575 : 3D;
15576 : 3D;
15577 : 3D;
15578 : 3D;
15579 : 3D;
15580 : 3D;
15581 : 3D;
15582 : 1D;
15583 : 1D;
15584 : 1D;
15585 : 1D;
15586 : 1D;
15587 : 1D;
15588 : 1D;
15589 : 1D;
15590 : 1D;
15591 : 1D;
15592 : 3D;
15593 : 3D;
15594 : 3D;
15595 : 3D;
15596 : 3D;
15597 : 3D;
15598 : 3D;
15599 : 3D;
15600 : 3D;
15601 : 3D;
15602 : 1D;
15603 : 1D;
15604 : 1D;
15605 : 1D;
15606 : 1D;
15607 : 1D;
15608 : 1D;
15609 : 1D;
15610 : 1D;
15611 : 1D;
15612 : 3D;
15613 : 3D;
15614 : 3D;
15615 : 3D;
15616 : 3D;
15617 : 3D;
15618 : 3D;
15619 : 3D;
15620 : 3D;
15621 : 3D;
15622 : 1D;
15623 : 1D;
15624 : 1D;
15625 : 1D;
15626 : 1D;
15627 : 1D;
15628 : 1D;
15629 : 1D;
15630 : 1D;
15631 : 1D;
15632 : 3D;
15633 : 3D;
15634 : 3D;
15635 : 3D;
15636 : 3D;
15637 : 3D;
15638 : 3D;
15639 : 3D;
15640 : 3D;
15641 : 3D;
15642 : 1D;
15643 : 1D;
15644 : 1D;
15645 : 1D;
15646 : 1D;
15647 : 1D;
15648 : 1D;
15649 : 1D;
15650 : 1D;
15651 : 1D;
15652 : 3D;
15653 : 3D;
15654 : 3D;
15655 : 3D;
15656 : 3D;
15657 : 3D;
15658 : 3D;
15659 : 3D;
15660 : 3D;
15661 : 3D;
15662 : 3D;
15663 : 1D;
15664 : 1D;
15665 : 1D;
15666 : 1D;
15667 : 1D;
15668 : 1D;
15669 : 1D;
15670 : 1D;
15671 : 1D;
15672 : 1D;
15673 : 14;
15674 : 14;
15675 : 14;
15676 : 14;
15677 : 14;
15678 : 14;
15679 : 14;
15680 : 10;
15681 : 10;
15682 : 10;
15683 : 10;
15684 : 10;
15685 : 10;
15686 : 10;
15687 : 10;
15688 : 10;
15689 : 10;
15690 : 3D;
15691 : 3D;
15692 : 3D;
15693 : 3D;
15694 : 3D;
15695 : 3D;
15696 : 3D;
15697 : 3D;
15698 : 3D;
15699 : 3D;
15700 : 1D;
15701 : 1D;
15702 : 1D;
15703 : 1D;
15704 : 1D;
15705 : 1D;
15706 : 1D;
15707 : 1D;
15708 : 1D;
15709 : 1D;
15710 : 3D;
15711 : 3D;
15712 : 3D;
15713 : 3D;
15714 : 3D;
15715 : 3D;
15716 : 3D;
15717 : 3D;
15718 : 3D;
15719 : 3D;
15720 : 1D;
15721 : 1D;
15722 : 1D;
15723 : 1D;
15724 : 1D;
15725 : 1D;
15726 : 1D;
15727 : 1D;
15728 : 1D;
15729 : 1D;
15730 : 3D;
15731 : 3D;
15732 : 3D;
15733 : 3D;
15734 : 3D;
15735 : 3D;
15736 : 3D;
15737 : 3D;
15738 : 3D;
15739 : 3D;
15740 : 1D;
15741 : 1D;
15742 : 1D;
15743 : 1D;
15744 : 1D;
15745 : 1D;
15746 : 1D;
15747 : 1D;
15748 : 1D;
15749 : 1D;
15750 : 3D;
15751 : 3D;
15752 : 3D;
15753 : 3D;
15754 : 3D;
15755 : 3D;
15756 : 3D;
15757 : 3D;
15758 : 3D;
15759 : 3D;
15760 : 3D;
15761 : 1D;
15762 : 1D;
15763 : 1D;
15764 : 1D;
15765 : 1D;
15766 : 1D;
15767 : 1D;
15768 : 1D;
15769 : 1D;
15770 : 1D;
15771 : 3D;
15772 : 3D;
15773 : 3D;
15774 : 3D;
15775 : 3D;
15776 : 3D;
15777 : 3D;
15778 : 3D;
15779 : 3D;
15780 : 3D;
15781 : 1D;
15782 : 1D;
15783 : 1D;
15784 : 1D;
15785 : 1D;
15786 : 1D;
15787 : 1D;
15788 : 1D;
15789 : 1D;
15790 : 1D;
15791 : 3D;
15792 : 3D;
15793 : 3D;
15794 : 3D;
15795 : 3D;
15796 : 3D;
15797 : 3D;
15798 : 3D;
15799 : 3D;
15800 : 3D;
15801 : 1D;
15802 : 1D;
15803 : 1D;
15804 : 1D;
15805 : 1D;
15806 : 1D;
15807 : 1D;
15808 : 1D;
15809 : 1D;
15810 : 1D;
15811 : 3D;
15812 : 3D;
15813 : 3D;
15814 : 3D;
15815 : 3D;
15816 : 3D;
15817 : 3D;
15818 : 3D;
15819 : 3D;
15820 : 3D;
15821 : 1D;
15822 : 1D;
15823 : 1D;
15824 : 1D;
15825 : 1D;
15826 : 1D;
15827 : 1D;
15828 : 1D;
15829 : 1D;
15830 : 1D;
15831 : 3D;
15832 : 3D;
15833 : 3D;
15834 : 3D;
15835 : 3D;
15836 : 3D;
15837 : 3D;
15838 : 3D;
15839 : 3D;
15840 : 3D;
15841 : 1D;
15842 : 1D;
15843 : 1D;
15844 : 1D;
15845 : 1D;
15846 : 1D;
15847 : 1D;
15848 : 1D;
15849 : 1D;
15850 : 1D;
15851 : 3D;
15852 : 3D;
15853 : 3D;
15854 : 3D;
15855 : 3D;
15856 : 3D;
15857 : 3D;
15858 : 3D;
15859 : 3D;
15860 : 3D;
15861 : 1D;
15862 : 1D;
15863 : 1D;
15864 : 1D;
15865 : 1D;
15866 : 1D;
15867 : 1D;
15868 : 1D;
15869 : 1D;
15870 : 1D;
15871 : 1D;
15872 : 3D;
15873 : 3D;
15874 : 3D;
15875 : 3D;
15876 : 3D;
15877 : 3D;
15878 : 3D;
15879 : 3D;
15880 : 3D;
15881 : 3D;
15882 : 1D;
15883 : 1D;
15884 : 1D;
15885 : 1D;
15886 : 1D;
15887 : 1D;
15888 : 1D;
15889 : 1D;
15890 : 1D;
15891 : 1D;
15892 : 3D;
15893 : 3D;
15894 : 3D;
15895 : 3D;
15896 : 3D;
15897 : 3D;
15898 : 3D;
15899 : 3D;
15900 : 3D;
15901 : 3D;
15902 : 1D;
15903 : 1D;
15904 : 1D;
15905 : 1D;
15906 : 1D;
15907 : 1D;
15908 : 1D;
15909 : 1D;
15910 : 1D;
15911 : 1D;
15912 : 3D;
15913 : 3D;
15914 : 3D;
15915 : 3D;
15916 : 3D;
15917 : 3D;
15918 : 3D;
15919 : 3D;
15920 : 3D;
15921 : 3D;
15922 : 1D;
15923 : 1D;
15924 : 1D;
15925 : 1D;
15926 : 1D;
15927 : 1D;
15928 : 1D;
15929 : 1D;
15930 : 1D;
15931 : 1D;
15932 : 3D;
15933 : 3D;
15934 : 3D;
15935 : 3D;
15936 : 3D;
15937 : 3D;
15938 : 3D;
15939 : 3D;
15940 : 3D;
15941 : 3D;
15942 : 1D;
15943 : 1D;
15944 : 1D;
15945 : 1D;
15946 : 1D;
15947 : 1D;
15948 : 1D;
15949 : 1D;
15950 : 1D;
15951 : 1D;
15952 : 3D;
15953 : 3D;
15954 : 3D;
15955 : 3D;
15956 : 3D;
15957 : 3D;
15958 : 3D;
15959 : 3D;
15960 : 3D;
15961 : 3D;
15962 : 1D;
15963 : 1D;
15964 : 1D;
15965 : 1D;
15966 : 1D;
15967 : 1D;
15968 : 1D;
15969 : 1D;
15970 : 1D;
15971 : 1D;
15972 : 3D;
15973 : 3D;
15974 : 3D;
15975 : 3D;
15976 : 3D;
15977 : 3D;
15978 : 3D;
15979 : 3D;
15980 : 3D;
15981 : 3D;
15982 : 3D;
15983 : 1D;
15984 : 1D;
15985 : 1D;
15986 : 1D;
15987 : 1D;
15988 : 1D;
15989 : 1D;
15990 : 1D;
15991 : 1D;
15992 : 1D;
15993 : 14;
15994 : 14;
15995 : 14;
15996 : 14;
15997 : 14;
15998 : 14;
15999 : 14;
16000 : 14;
16001 : 14;
16002 : 14;
16003 : 14;
16004 : 14;
16005 : 14;
16006 : 14;
16007 : 14;
16008 : 14;
16009 : 14;
16010 : 1D;
16011 : 1D;
16012 : 1D;
16013 : 1D;
16014 : 1D;
16015 : 1D;
16016 : 1D;
16017 : 1D;
16018 : 1D;
16019 : 1D;
16020 : 3D;
16021 : 3D;
16022 : 3D;
16023 : 3D;
16024 : 3D;
16025 : 3D;
16026 : 3D;
16027 : 3D;
16028 : 3D;
16029 : 3D;
16030 : 1D;
16031 : 1D;
16032 : 1D;
16033 : 1D;
16034 : 1D;
16035 : 1D;
16036 : 1D;
16037 : 1D;
16038 : 1D;
16039 : 1D;
16040 : 3D;
16041 : 3D;
16042 : 3D;
16043 : 3D;
16044 : 3D;
16045 : 3D;
16046 : 3D;
16047 : 3D;
16048 : 3D;
16049 : 3D;
16050 : 1D;
16051 : 1D;
16052 : 1D;
16053 : 1D;
16054 : 1D;
16055 : 1D;
16056 : 1D;
16057 : 1D;
16058 : 1D;
16059 : 1D;
16060 : 3D;
16061 : 3D;
16062 : 3D;
16063 : 3D;
16064 : 3D;
16065 : 3D;
16066 : 3D;
16067 : 3D;
16068 : 3D;
16069 : 3D;
16070 : 1D;
16071 : 1D;
16072 : 1D;
16073 : 1D;
16074 : 1D;
16075 : 1D;
16076 : 1D;
16077 : 1D;
16078 : 1D;
16079 : 1D;
16080 : 1D;
16081 : 3D;
16082 : 3D;
16083 : 3D;
16084 : 3D;
16085 : 3D;
16086 : 3D;
16087 : 3D;
16088 : 3D;
16089 : 3D;
16090 : 3D;
16091 : 1D;
16092 : 1D;
16093 : 1D;
16094 : 1D;
16095 : 1D;
16096 : 1D;
16097 : 1D;
16098 : 1D;
16099 : 1D;
16100 : 1D;
16101 : 3D;
16102 : 3D;
16103 : 3D;
16104 : 3D;
16105 : 3D;
16106 : 3D;
16107 : 3D;
16108 : 3D;
16109 : 3D;
16110 : 3D;
16111 : 1D;
16112 : 1D;
16113 : 1D;
16114 : 1D;
16115 : 1D;
16116 : 1D;
16117 : 1D;
16118 : 1D;
16119 : 1D;
16120 : 1D;
16121 : 3D;
16122 : 3D;
16123 : 3D;
16124 : 3D;
16125 : 3D;
16126 : 3D;
16127 : 3D;
16128 : 3D;
16129 : 3D;
16130 : 3D;
16131 : 1D;
16132 : 1D;
16133 : 1D;
16134 : 1D;
16135 : 1D;
16136 : 1D;
16137 : 1D;
16138 : 1D;
16139 : 1D;
16140 : 1D;
16141 : 3D;
16142 : 3D;
16143 : 3D;
16144 : 3D;
16145 : 3D;
16146 : 3D;
16147 : 3D;
16148 : 3D;
16149 : 3D;
16150 : 3D;
16151 : 1D;
16152 : 1D;
16153 : 1D;
16154 : 1D;
16155 : 1D;
16156 : 1D;
16157 : 1D;
16158 : 1D;
16159 : 1D;
16160 : 1D;
16161 : 3D;
16162 : 3D;
16163 : 3D;
16164 : 3D;
16165 : 3D;
16166 : 3D;
16167 : 3D;
16168 : 3D;
16169 : 3D;
16170 : 3D;
16171 : 1D;
16172 : 1D;
16173 : 1D;
16174 : 1D;
16175 : 1D;
16176 : 1D;
16177 : 1D;
16178 : 1D;
16179 : 1D;
16180 : 1D;
16181 : 3D;
16182 : 3D;
16183 : 3D;
16184 : 3D;
16185 : 3D;
16186 : 3D;
16187 : 3D;
16188 : 3D;
16189 : 3D;
16190 : 3D;
16191 : 3D;
16192 : 1D;
16193 : 1D;
16194 : 1D;
16195 : 1D;
16196 : 1D;
16197 : 1D;
16198 : 1D;
16199 : 1D;
16200 : 1D;
16201 : 1D;
16202 : 3D;
16203 : 3D;
16204 : 3D;
16205 : 3D;
16206 : 3D;
16207 : 3D;
16208 : 3D;
16209 : 3D;
16210 : 3D;
16211 : 3D;
16212 : 1D;
16213 : 1D;
16214 : 1D;
16215 : 1D;
16216 : 1D;
16217 : 1D;
16218 : 1D;
16219 : 1D;
16220 : 1D;
16221 : 1D;
16222 : 3D;
16223 : 3D;
16224 : 3D;
16225 : 3D;
16226 : 3D;
16227 : 3D;
16228 : 3D;
16229 : 3D;
16230 : 3D;
16231 : 3D;
16232 : 1D;
16233 : 1D;
16234 : 1D;
16235 : 1D;
16236 : 1D;
16237 : 1D;
16238 : 1D;
16239 : 1D;
16240 : 1D;
16241 : 1D;
16242 : 3D;
16243 : 3D;
16244 : 3D;
16245 : 3D;
16246 : 3D;
16247 : 3D;
16248 : 3D;
16249 : 3D;
16250 : 3D;
16251 : 3D;
16252 : 1D;
16253 : 1D;
16254 : 1D;
16255 : 1D;
16256 : 1D;
16257 : 1D;
16258 : 1D;
16259 : 1D;
16260 : 1D;
16261 : 1D;
16262 : 3D;
16263 : 3D;
16264 : 3D;
16265 : 3D;
16266 : 3D;
16267 : 3D;
16268 : 3D;
16269 : 3D;
16270 : 3D;
16271 : 3D;
16272 : 1D;
16273 : 1D;
16274 : 1D;
16275 : 1D;
16276 : 1D;
16277 : 1D;
16278 : 1D;
16279 : 1D;
16280 : 1D;
16281 : 1D;
16282 : 3D;
16283 : 3D;
16284 : 3D;
16285 : 3D;
16286 : 3D;
16287 : 3D;
16288 : 3D;
16289 : 3D;
16290 : 3D;
16291 : 3D;
16292 : 1D;
16293 : 1D;
16294 : 1D;
16295 : 1D;
16296 : 1D;
16297 : 1D;
16298 : 1D;
16299 : 1D;
16300 : 1D;
16301 : 1D;
16302 : 1D;
16303 : 3D;
16304 : 3D;
16305 : 3D;
16306 : 3D;
16307 : 3D;
16308 : 3D;
16309 : 3D;
16310 : 3D;
16311 : 3D;
16312 : 3D;
16313 : 10;
16314 : 10;
16315 : 10;
16316 : 10;
16317 : 10;
16318 : 10;
16319 : 10;
16320 : 14;
16321 : 14;
16322 : 14;
16323 : 14;
16324 : 14;
16325 : 14;
16326 : 14;
16327 : 14;
16328 : 14;
16329 : 14;
16330 : 1D;
16331 : 1D;
16332 : 1D;
16333 : 1D;
16334 : 1D;
16335 : 1D;
16336 : 1D;
16337 : 1D;
16338 : 1D;
16339 : 1D;
16340 : 3D;
16341 : 3D;
16342 : 3D;
16343 : 3D;
16344 : 3D;
16345 : 3D;
16346 : 3D;
16347 : 3D;
16348 : 3D;
16349 : 3D;
16350 : 1D;
16351 : 1D;
16352 : 1D;
16353 : 1D;
16354 : 1D;
16355 : 1D;
16356 : 1D;
16357 : 1D;
16358 : 1D;
16359 : 1D;
16360 : 3D;
16361 : 3D;
16362 : 3D;
16363 : 3D;
16364 : 3D;
16365 : 3D;
16366 : 3D;
16367 : 3D;
16368 : 3D;
16369 : 3D;
16370 : 1D;
16371 : 1D;
16372 : 1D;
16373 : 1D;
16374 : 1D;
16375 : 1D;
16376 : 1D;
16377 : 1D;
16378 : 1D;
16379 : 1D;
16380 : 3D;
16381 : 3D;
16382 : 3D;
16383 : 3D;
16384 : 3D;
16385 : 3D;
16386 : 3D;
16387 : 3D;
16388 : 3D;
16389 : 3D;
16390 : 1D;
16391 : 1D;
16392 : 1D;
16393 : 1D;
16394 : 1D;
16395 : 1D;
16396 : 1D;
16397 : 1D;
16398 : 1D;
16399 : 1D;
16400 : 1D;
16401 : 3D;
16402 : 3D;
16403 : 3D;
16404 : 3D;
16405 : 3D;
16406 : 3D;
16407 : 3D;
16408 : 3D;
16409 : 3D;
16410 : 3D;
16411 : 1D;
16412 : 1D;
16413 : 1D;
16414 : 1D;
16415 : 1D;
16416 : 1D;
16417 : 1D;
16418 : 1D;
16419 : 1D;
16420 : 1D;
16421 : 3D;
16422 : 3D;
16423 : 3D;
16424 : 3D;
16425 : 3D;
16426 : 3D;
16427 : 3D;
16428 : 3D;
16429 : 3D;
16430 : 3D;
16431 : 1D;
16432 : 1D;
16433 : 1D;
16434 : 1D;
16435 : 1D;
16436 : 1D;
16437 : 1D;
16438 : 1D;
16439 : 1D;
16440 : 1D;
16441 : 3D;
16442 : 3D;
16443 : 3D;
16444 : 3D;
16445 : 3D;
16446 : 3D;
16447 : 3D;
16448 : 3D;
16449 : 3D;
16450 : 3D;
16451 : 1D;
16452 : 1D;
16453 : 1D;
16454 : 1D;
16455 : 1D;
16456 : 1D;
16457 : 1D;
16458 : 1D;
16459 : 1D;
16460 : 1D;
16461 : 3D;
16462 : 3D;
16463 : 3D;
16464 : 3D;
16465 : 3D;
16466 : 3D;
16467 : 3D;
16468 : 3D;
16469 : 3D;
16470 : 3D;
16471 : 1D;
16472 : 1D;
16473 : 1D;
16474 : 1D;
16475 : 1D;
16476 : 1D;
16477 : 1D;
16478 : 1D;
16479 : 1D;
16480 : 1D;
16481 : 3D;
16482 : 3D;
16483 : 3D;
16484 : 3D;
16485 : 3D;
16486 : 3D;
16487 : 3D;
16488 : 3D;
16489 : 3D;
16490 : 3D;
16491 : 1D;
16492 : 1D;
16493 : 1D;
16494 : 1D;
16495 : 1D;
16496 : 1D;
16497 : 1D;
16498 : 1D;
16499 : 1D;
16500 : 1D;
16501 : 3D;
16502 : 3D;
16503 : 3D;
16504 : 3D;
16505 : 3D;
16506 : 3D;
16507 : 3D;
16508 : 3D;
16509 : 3D;
16510 : 3D;
16511 : 3D;
16512 : 1D;
16513 : 1D;
16514 : 1D;
16515 : 1D;
16516 : 1D;
16517 : 1D;
16518 : 1D;
16519 : 1D;
16520 : 1D;
16521 : 1D;
16522 : 3D;
16523 : 3D;
16524 : 3D;
16525 : 3D;
16526 : 3D;
16527 : 3D;
16528 : 3D;
16529 : 3D;
16530 : 3D;
16531 : 3D;
16532 : 1D;
16533 : 1D;
16534 : 1D;
16535 : 1D;
16536 : 1D;
16537 : 1D;
16538 : 1D;
16539 : 1D;
16540 : 1D;
16541 : 1D;
16542 : 3D;
16543 : 3D;
16544 : 3D;
16545 : 3D;
16546 : 3D;
16547 : 3D;
16548 : 3D;
16549 : 3D;
16550 : 3D;
16551 : 3D;
16552 : 1D;
16553 : 1D;
16554 : 1D;
16555 : 1D;
16556 : 1D;
16557 : 1D;
16558 : 1D;
16559 : 1D;
16560 : 1D;
16561 : 1D;
16562 : 3D;
16563 : 3D;
16564 : 3D;
16565 : 3D;
16566 : 3D;
16567 : 3D;
16568 : 3D;
16569 : 3D;
16570 : 3D;
16571 : 3D;
16572 : 1D;
16573 : 1D;
16574 : 1D;
16575 : 1D;
16576 : 1D;
16577 : 1D;
16578 : 1D;
16579 : 1D;
16580 : 1D;
16581 : 1D;
16582 : 3D;
16583 : 3D;
16584 : 3D;
16585 : 3D;
16586 : 3D;
16587 : 3D;
16588 : 3D;
16589 : 3D;
16590 : 3D;
16591 : 3D;
16592 : 1D;
16593 : 1D;
16594 : 1D;
16595 : 1D;
16596 : 1D;
16597 : 1D;
16598 : 1D;
16599 : 1D;
16600 : 1D;
16601 : 1D;
16602 : 3D;
16603 : 3D;
16604 : 3D;
16605 : 3D;
16606 : 3D;
16607 : 3D;
16608 : 3D;
16609 : 3D;
16610 : 3D;
16611 : 3D;
16612 : 1D;
16613 : 1D;
16614 : 1D;
16615 : 1D;
16616 : 1D;
16617 : 1D;
16618 : 1D;
16619 : 1D;
16620 : 1D;
16621 : 1D;
16622 : 1D;
16623 : 3D;
16624 : 3D;
16625 : 3D;
16626 : 3D;
16627 : 3D;
16628 : 3D;
16629 : 3D;
16630 : 3D;
16631 : 3D;
16632 : 3D;
16633 : 10;
16634 : 10;
16635 : 10;
16636 : 10;
16637 : 10;
16638 : 10;
16639 : 10;
16640 : 14;
16641 : 14;
16642 : 14;
16643 : 14;
16644 : 14;
16645 : 14;
16646 : 14;
16647 : 14;
16648 : 14;
16649 : 14;
16650 : 1D;
16651 : 1D;
16652 : 1D;
16653 : 1D;
16654 : 1D;
16655 : 1D;
16656 : 1D;
16657 : 1D;
16658 : 1D;
16659 : 1D;
16660 : 3D;
16661 : 3D;
16662 : 3D;
16663 : 3D;
16664 : 3D;
16665 : 3D;
16666 : 3D;
16667 : 3D;
16668 : 3D;
16669 : 3D;
16670 : 1D;
16671 : 1D;
16672 : 1D;
16673 : 1D;
16674 : 1D;
16675 : 1D;
16676 : 1D;
16677 : 1D;
16678 : 1D;
16679 : 1D;
16680 : 3D;
16681 : 3D;
16682 : 3D;
16683 : 3D;
16684 : 3D;
16685 : 3D;
16686 : 3D;
16687 : 3D;
16688 : 3D;
16689 : 3D;
16690 : 1D;
16691 : 1D;
16692 : 1D;
16693 : 1D;
16694 : 1D;
16695 : 1D;
16696 : 1D;
16697 : 1D;
16698 : 1D;
16699 : 1D;
16700 : 3D;
16701 : 3D;
16702 : 3D;
16703 : 3D;
16704 : 3D;
16705 : 3D;
16706 : 3D;
16707 : 3D;
16708 : 3D;
16709 : 3D;
16710 : 1D;
16711 : 1D;
16712 : 1D;
16713 : 1D;
16714 : 1D;
16715 : 1D;
16716 : 1D;
16717 : 1D;
16718 : 1D;
16719 : 1D;
16720 : 1D;
16721 : 3D;
16722 : 3D;
16723 : 3D;
16724 : 3D;
16725 : 3D;
16726 : 3D;
16727 : 3D;
16728 : 3D;
16729 : 3D;
16730 : 3D;
16731 : 1D;
16732 : 1D;
16733 : 1D;
16734 : 1D;
16735 : 1D;
16736 : 1D;
16737 : 1D;
16738 : 1D;
16739 : 1D;
16740 : 1D;
16741 : 3D;
16742 : 3D;
16743 : 3D;
16744 : 3D;
16745 : 3D;
16746 : 3D;
16747 : 3D;
16748 : 3D;
16749 : 3D;
16750 : 3D;
16751 : 1D;
16752 : 1D;
16753 : 1D;
16754 : 1D;
16755 : 1D;
16756 : 1D;
16757 : 1D;
16758 : 1D;
16759 : 1D;
16760 : 1D;
16761 : 3D;
16762 : 3D;
16763 : 3D;
16764 : 3D;
16765 : 3D;
16766 : 3D;
16767 : 3D;
16768 : 3D;
16769 : 3D;
16770 : 3D;
16771 : 1D;
16772 : 1D;
16773 : 1D;
16774 : 1D;
16775 : 1D;
16776 : 1D;
16777 : 1D;
16778 : 1D;
16779 : 1D;
16780 : 1D;
16781 : 3D;
16782 : 3D;
16783 : 3D;
16784 : 3D;
16785 : 3D;
16786 : 3D;
16787 : 3D;
16788 : 3D;
16789 : 3D;
16790 : 3D;
16791 : 1D;
16792 : 1D;
16793 : 1D;
16794 : 1D;
16795 : 1D;
16796 : 1D;
16797 : 1D;
16798 : 1D;
16799 : 1D;
16800 : 1D;
16801 : 3D;
16802 : 3D;
16803 : 3D;
16804 : 3D;
16805 : 3D;
16806 : 3D;
16807 : 3D;
16808 : 3D;
16809 : 3D;
16810 : 3D;
16811 : 1D;
16812 : 1D;
16813 : 1D;
16814 : 1D;
16815 : 1D;
16816 : 1D;
16817 : 1D;
16818 : 1D;
16819 : 1D;
16820 : 1D;
16821 : 3D;
16822 : 3D;
16823 : 3D;
16824 : 3D;
16825 : 3D;
16826 : 3D;
16827 : 3D;
16828 : 3D;
16829 : 3D;
16830 : 3D;
16831 : 3D;
16832 : 1D;
16833 : 1D;
16834 : 1D;
16835 : 1D;
16836 : 1D;
16837 : 1D;
16838 : 1D;
16839 : 1D;
16840 : 1D;
16841 : 1D;
16842 : 3D;
16843 : 3D;
16844 : 3D;
16845 : 3D;
16846 : 3D;
16847 : 3D;
16848 : 3D;
16849 : 3D;
16850 : 3D;
16851 : 3D;
16852 : 1D;
16853 : 1D;
16854 : 1D;
16855 : 1D;
16856 : 1D;
16857 : 1D;
16858 : 1D;
16859 : 1D;
16860 : 1D;
16861 : 1D;
16862 : 3D;
16863 : 3D;
16864 : 3D;
16865 : 3D;
16866 : 3D;
16867 : 3D;
16868 : 3D;
16869 : 3D;
16870 : 3D;
16871 : 3D;
16872 : 1D;
16873 : 1D;
16874 : 1D;
16875 : 1D;
16876 : 1D;
16877 : 1D;
16878 : 1D;
16879 : 1D;
16880 : 1D;
16881 : 1D;
16882 : 3D;
16883 : 3D;
16884 : 3D;
16885 : 3D;
16886 : 3D;
16887 : 3D;
16888 : 3D;
16889 : 3D;
16890 : 3D;
16891 : 3D;
16892 : 1D;
16893 : 1D;
16894 : 1D;
16895 : 1D;
16896 : 1D;
16897 : 1D;
16898 : 1D;
16899 : 1D;
16900 : 1D;
16901 : 1D;
16902 : 3D;
16903 : 3D;
16904 : 3D;
16905 : 3D;
16906 : 3D;
16907 : 3D;
16908 : 3D;
16909 : 3D;
16910 : 3D;
16911 : 3D;
16912 : 1D;
16913 : 1D;
16914 : 1D;
16915 : 1D;
16916 : 1D;
16917 : 1D;
16918 : 1D;
16919 : 1D;
16920 : 1D;
16921 : 1D;
16922 : 3D;
16923 : 3D;
16924 : 3D;
16925 : 3D;
16926 : 3D;
16927 : 3D;
16928 : 3D;
16929 : 3D;
16930 : 3D;
16931 : 3D;
16932 : 1D;
16933 : 1D;
16934 : 1D;
16935 : 1D;
16936 : 1D;
16937 : 1D;
16938 : 1D;
16939 : 1D;
16940 : 1D;
16941 : 1D;
16942 : 1D;
16943 : 3D;
16944 : 3D;
16945 : 3D;
16946 : 3D;
16947 : 3D;
16948 : 3D;
16949 : 3D;
16950 : 3D;
16951 : 3D;
16952 : 3D;
16953 : 10;
16954 : 10;
16955 : 10;
16956 : 10;
16957 : 10;
16958 : 10;
16959 : 10;
16960 : 14;
16961 : 14;
16962 : 14;
16963 : 14;
16964 : 14;
16965 : 14;
16966 : 14;
16967 : 14;
16968 : 14;
16969 : 14;
16970 : 1D;
16971 : 1D;
16972 : 1D;
16973 : 1D;
16974 : 1D;
16975 : 1D;
16976 : 1D;
16977 : 1D;
16978 : 1D;
16979 : 1D;
16980 : 3D;
16981 : 3D;
16982 : 3D;
16983 : 3D;
16984 : 3D;
16985 : 3D;
16986 : 3D;
16987 : 3D;
16988 : 3D;
16989 : 3D;
16990 : 1D;
16991 : 1D;
16992 : 1D;
16993 : 1D;
16994 : 1D;
16995 : 1D;
16996 : 1D;
16997 : 1D;
16998 : 1D;
16999 : 1D;
17000 : 3D;
17001 : 3D;
17002 : 3D;
17003 : 3D;
17004 : 3D;
17005 : 3D;
17006 : 3D;
17007 : 3D;
17008 : 3D;
17009 : 3D;
17010 : 1D;
17011 : 1D;
17012 : 1D;
17013 : 1D;
17014 : 1D;
17015 : 1D;
17016 : 1D;
17017 : 1D;
17018 : 1D;
17019 : 1D;
17020 : 3D;
17021 : 3D;
17022 : 3D;
17023 : 3D;
17024 : 3D;
17025 : 3D;
17026 : 3D;
17027 : 3D;
17028 : 3D;
17029 : 3D;
17030 : 1D;
17031 : 1D;
17032 : 1D;
17033 : 1D;
17034 : 1D;
17035 : 1D;
17036 : 1D;
17037 : 1D;
17038 : 1D;
17039 : 1D;
17040 : 1D;
17041 : 3D;
17042 : 3D;
17043 : 3D;
17044 : 3D;
17045 : 3D;
17046 : 3D;
17047 : 3D;
17048 : 3D;
17049 : 3D;
17050 : 3D;
17051 : 1D;
17052 : 1D;
17053 : 1D;
17054 : 1D;
17055 : 1D;
17056 : 1D;
17057 : 1D;
17058 : 1D;
17059 : 1D;
17060 : 1D;
17061 : 3D;
17062 : 3D;
17063 : 3D;
17064 : 3D;
17065 : 3D;
17066 : 3D;
17067 : 3D;
17068 : 3D;
17069 : 3D;
17070 : 3D;
17071 : 1D;
17072 : 1D;
17073 : 1D;
17074 : 1D;
17075 : 1D;
17076 : 1D;
17077 : 1D;
17078 : 1D;
17079 : 1D;
17080 : 1D;
17081 : 3D;
17082 : 3D;
17083 : 3D;
17084 : 3D;
17085 : 3D;
17086 : 3D;
17087 : 3D;
17088 : 3D;
17089 : 3D;
17090 : 3D;
17091 : 1D;
17092 : 1D;
17093 : 1D;
17094 : 1D;
17095 : 1D;
17096 : 1D;
17097 : 1D;
17098 : 1D;
17099 : 1D;
17100 : 1D;
17101 : 3D;
17102 : 3D;
17103 : 3D;
17104 : 3D;
17105 : 3D;
17106 : 3D;
17107 : 3D;
17108 : 3D;
17109 : 3D;
17110 : 3D;
17111 : 1D;
17112 : 1D;
17113 : 1D;
17114 : 1D;
17115 : 1D;
17116 : 1D;
17117 : 1D;
17118 : 1D;
17119 : 1D;
17120 : 1D;
17121 : 3D;
17122 : 3D;
17123 : 3D;
17124 : 3D;
17125 : 3D;
17126 : 3D;
17127 : 3D;
17128 : 3D;
17129 : 3D;
17130 : 3D;
17131 : 1D;
17132 : 1D;
17133 : 1D;
17134 : 1D;
17135 : 1D;
17136 : 1D;
17137 : 1D;
17138 : 1D;
17139 : 1D;
17140 : 1D;
17141 : 3D;
17142 : 3D;
17143 : 3D;
17144 : 3D;
17145 : 3D;
17146 : 3D;
17147 : 3D;
17148 : 3D;
17149 : 3D;
17150 : 3D;
17151 : 3D;
17152 : 1D;
17153 : 1D;
17154 : 1D;
17155 : 1D;
17156 : 1D;
17157 : 1D;
17158 : 1D;
17159 : 1D;
17160 : 1D;
17161 : 1D;
17162 : 3D;
17163 : 3D;
17164 : 3D;
17165 : 3D;
17166 : 3D;
17167 : 3D;
17168 : 3D;
17169 : 3D;
17170 : 3D;
17171 : 3D;
17172 : 1D;
17173 : 1D;
17174 : 1D;
17175 : 1D;
17176 : 1D;
17177 : 1D;
17178 : 1D;
17179 : 1D;
17180 : 1D;
17181 : 1D;
17182 : 3D;
17183 : 3D;
17184 : 3D;
17185 : 3D;
17186 : 3D;
17187 : 3D;
17188 : 3D;
17189 : 3D;
17190 : 3D;
17191 : 3D;
17192 : 1D;
17193 : 1D;
17194 : 1D;
17195 : 1D;
17196 : 1D;
17197 : 1D;
17198 : 1D;
17199 : 1D;
17200 : 1D;
17201 : 1D;
17202 : 3D;
17203 : 3D;
17204 : 3D;
17205 : 3D;
17206 : 3D;
17207 : 3D;
17208 : 3D;
17209 : 3D;
17210 : 3D;
17211 : 3D;
17212 : 1D;
17213 : 1D;
17214 : 1D;
17215 : 1D;
17216 : 1D;
17217 : 1D;
17218 : 1D;
17219 : 1D;
17220 : 1D;
17221 : 1D;
17222 : 3D;
17223 : 3D;
17224 : 3D;
17225 : 3D;
17226 : 3D;
17227 : 3D;
17228 : 3D;
17229 : 3D;
17230 : 3D;
17231 : 3D;
17232 : 1D;
17233 : 1D;
17234 : 1D;
17235 : 1D;
17236 : 1D;
17237 : 1D;
17238 : 1D;
17239 : 1D;
17240 : 1D;
17241 : 1D;
17242 : 3D;
17243 : 3D;
17244 : 3D;
17245 : 3D;
17246 : 3D;
17247 : 3D;
17248 : 3D;
17249 : 3D;
17250 : 3D;
17251 : 3D;
17252 : 1D;
17253 : 1D;
17254 : 1D;
17255 : 1D;
17256 : 1D;
17257 : 1D;
17258 : 1D;
17259 : 1D;
17260 : 1D;
17261 : 1D;
17262 : 1D;
17263 : 3D;
17264 : 3D;
17265 : 3D;
17266 : 3D;
17267 : 3D;
17268 : 3D;
17269 : 3D;
17270 : 3D;
17271 : 3D;
17272 : 3D;
17273 : 10;
17274 : 10;
17275 : 10;
17276 : 10;
17277 : 10;
17278 : 10;
17279 : 10;
17280 : 14;
17281 : 14;
17282 : 14;
17283 : 14;
17284 : 14;
17285 : 14;
17286 : 14;
17287 : 14;
17288 : 14;
17289 : 14;
17290 : 1D;
17291 : 1D;
17292 : 1D;
17293 : 1D;
17294 : 1D;
17295 : 1D;
17296 : 1D;
17297 : 1D;
17298 : 1D;
17299 : 1D;
17300 : 3D;
17301 : 3D;
17302 : 3D;
17303 : 3D;
17304 : 3D;
17305 : 3D;
17306 : 3D;
17307 : 3D;
17308 : 3D;
17309 : 3D;
17310 : 1D;
17311 : 1D;
17312 : 1D;
17313 : 1D;
17314 : 1D;
17315 : 1D;
17316 : 1D;
17317 : 1D;
17318 : 1D;
17319 : 1D;
17320 : 3D;
17321 : 3D;
17322 : 3D;
17323 : 3D;
17324 : 3D;
17325 : 3D;
17326 : 3D;
17327 : 3D;
17328 : 3D;
17329 : 3D;
17330 : 1D;
17331 : 1D;
17332 : 1D;
17333 : 1D;
17334 : 1D;
17335 : 1D;
17336 : 1D;
17337 : 1D;
17338 : 1D;
17339 : 1D;
17340 : 3D;
17341 : 3D;
17342 : 3D;
17343 : 3D;
17344 : 3D;
17345 : 3D;
17346 : 3D;
17347 : 3D;
17348 : 3D;
17349 : 3D;
17350 : 1D;
17351 : 1D;
17352 : 1D;
17353 : 1D;
17354 : 1D;
17355 : 1D;
17356 : 1D;
17357 : 1D;
17358 : 1D;
17359 : 1D;
17360 : 1D;
17361 : 3D;
17362 : 3D;
17363 : 3D;
17364 : 3D;
17365 : 3D;
17366 : 3D;
17367 : 3D;
17368 : 3D;
17369 : 3D;
17370 : 3D;
17371 : 1D;
17372 : 1D;
17373 : 1D;
17374 : 1D;
17375 : 1D;
17376 : 1D;
17377 : 1D;
17378 : 1D;
17379 : 1D;
17380 : 1D;
17381 : 3D;
17382 : 3D;
17383 : 3D;
17384 : 3D;
17385 : 3D;
17386 : 3D;
17387 : 3D;
17388 : 3D;
17389 : 3D;
17390 : 3D;
17391 : 1D;
17392 : 1D;
17393 : 1D;
17394 : 1D;
17395 : 1D;
17396 : 1D;
17397 : 1D;
17398 : 1D;
17399 : 1D;
17400 : 1D;
17401 : 3D;
17402 : 3D;
17403 : 3D;
17404 : 3D;
17405 : 3D;
17406 : 3D;
17407 : 3D;
17408 : 3D;
17409 : 3D;
17410 : 3D;
17411 : 1D;
17412 : 1D;
17413 : 1D;
17414 : 1D;
17415 : 1D;
17416 : 1D;
17417 : 1D;
17418 : 1D;
17419 : 1D;
17420 : 1D;
17421 : 3D;
17422 : 3D;
17423 : 3D;
17424 : 3D;
17425 : 3D;
17426 : 3D;
17427 : 3D;
17428 : 3D;
17429 : 3D;
17430 : 3D;
17431 : 1D;
17432 : 1D;
17433 : 1D;
17434 : 1D;
17435 : 1D;
17436 : 1D;
17437 : 1D;
17438 : 1D;
17439 : 1D;
17440 : 1D;
17441 : 3D;
17442 : 3D;
17443 : 3D;
17444 : 3D;
17445 : 3D;
17446 : 3D;
17447 : 3D;
17448 : 3D;
17449 : 3D;
17450 : 3D;
17451 : 1D;
17452 : 1D;
17453 : 1D;
17454 : 1D;
17455 : 1D;
17456 : 1D;
17457 : 1D;
17458 : 1D;
17459 : 1D;
17460 : 1D;
17461 : 3D;
17462 : 3D;
17463 : 3D;
17464 : 3D;
17465 : 3D;
17466 : 3D;
17467 : 3D;
17468 : 3D;
17469 : 3D;
17470 : 3D;
17471 : 3D;
17472 : 1D;
17473 : 1D;
17474 : 1D;
17475 : 1D;
17476 : 1D;
17477 : 1D;
17478 : 1D;
17479 : 1D;
17480 : 1D;
17481 : 1D;
17482 : 3D;
17483 : 3D;
17484 : 3D;
17485 : 3D;
17486 : 3D;
17487 : 3D;
17488 : 3D;
17489 : 3D;
17490 : 3D;
17491 : 3D;
17492 : 1D;
17493 : 1D;
17494 : 1D;
17495 : 1D;
17496 : 1D;
17497 : 1D;
17498 : 1D;
17499 : 1D;
17500 : 1D;
17501 : 1D;
17502 : 3D;
17503 : 3D;
17504 : 3D;
17505 : 3D;
17506 : 3D;
17507 : 3D;
17508 : 3D;
17509 : 3D;
17510 : 3D;
17511 : 3D;
17512 : 1D;
17513 : 1D;
17514 : 1D;
17515 : 1D;
17516 : 1D;
17517 : 1D;
17518 : 1D;
17519 : 1D;
17520 : 1D;
17521 : 1D;
17522 : 3D;
17523 : 3D;
17524 : 3D;
17525 : 3D;
17526 : 3D;
17527 : 3D;
17528 : 3D;
17529 : 3D;
17530 : 3D;
17531 : 3D;
17532 : 1D;
17533 : 1D;
17534 : 1D;
17535 : 1D;
17536 : 1D;
17537 : 1D;
17538 : 1D;
17539 : 1D;
17540 : 1D;
17541 : 1D;
17542 : 3D;
17543 : 3D;
17544 : 3D;
17545 : 3D;
17546 : 3D;
17547 : 3D;
17548 : 3D;
17549 : 3D;
17550 : 3D;
17551 : 3D;
17552 : 1D;
17553 : 1D;
17554 : 1D;
17555 : 1D;
17556 : 1D;
17557 : 1D;
17558 : 1D;
17559 : 1D;
17560 : 1D;
17561 : 1D;
17562 : 3D;
17563 : 3D;
17564 : 3D;
17565 : 3D;
17566 : 3D;
17567 : 3D;
17568 : 3D;
17569 : 3D;
17570 : 3D;
17571 : 3D;
17572 : 1D;
17573 : 1D;
17574 : 1D;
17575 : 1D;
17576 : 1D;
17577 : 1D;
17578 : 1D;
17579 : 1D;
17580 : 1D;
17581 : 1D;
17582 : 1D;
17583 : 3D;
17584 : 3D;
17585 : 3D;
17586 : 3D;
17587 : 3D;
17588 : 3D;
17589 : 3D;
17590 : 3D;
17591 : 3D;
17592 : 3D;
17593 : 10;
17594 : 10;
17595 : 10;
17596 : 10;
17597 : 10;
17598 : 10;
17599 : 10;
17600 : 14;
17601 : 14;
17602 : 14;
17603 : 14;
17604 : 14;
17605 : 14;
17606 : 14;
17607 : 14;
17608 : 14;
17609 : 14;
17610 : 1D;
17611 : 1D;
17612 : 1D;
17613 : 1D;
17614 : 1D;
17615 : 1D;
17616 : 1D;
17617 : 1D;
17618 : 1D;
17619 : 1D;
17620 : 3D;
17621 : 3D;
17622 : 3D;
17623 : 3D;
17624 : 3D;
17625 : 3D;
17626 : 3D;
17627 : 3D;
17628 : 3D;
17629 : 3D;
17630 : 1D;
17631 : 1D;
17632 : 1D;
17633 : 1D;
17634 : 1D;
17635 : 1D;
17636 : 1D;
17637 : 1D;
17638 : 1D;
17639 : 1D;
17640 : 3D;
17641 : 3D;
17642 : 3D;
17643 : 3D;
17644 : 3D;
17645 : 3D;
17646 : 3D;
17647 : 3D;
17648 : 3D;
17649 : 3D;
17650 : 1D;
17651 : 1D;
17652 : 1D;
17653 : 1D;
17654 : 1D;
17655 : 1D;
17656 : 1D;
17657 : 1D;
17658 : 1D;
17659 : 1D;
17660 : 3D;
17661 : 3D;
17662 : 3D;
17663 : 3D;
17664 : 3D;
17665 : 3D;
17666 : 3D;
17667 : 3D;
17668 : 3D;
17669 : 3D;
17670 : 1D;
17671 : 1D;
17672 : 1D;
17673 : 1D;
17674 : 1D;
17675 : 1D;
17676 : 1D;
17677 : 1D;
17678 : 1D;
17679 : 1D;
17680 : 1D;
17681 : 3D;
17682 : 3D;
17683 : 3D;
17684 : 3D;
17685 : 3D;
17686 : 3D;
17687 : 3D;
17688 : 3D;
17689 : 3D;
17690 : 3D;
17691 : 1D;
17692 : 1D;
17693 : 1D;
17694 : 1D;
17695 : 1D;
17696 : 1D;
17697 : 1D;
17698 : 1D;
17699 : 1D;
17700 : 1D;
17701 : 3D;
17702 : 3D;
17703 : 3D;
17704 : 3D;
17705 : 3D;
17706 : 3D;
17707 : 3D;
17708 : 3D;
17709 : 3D;
17710 : 3D;
17711 : 1D;
17712 : 1D;
17713 : 1D;
17714 : 1D;
17715 : 1D;
17716 : 1D;
17717 : 1D;
17718 : 1D;
17719 : 1D;
17720 : 1D;
17721 : 3D;
17722 : 3D;
17723 : 3D;
17724 : 3D;
17725 : 3D;
17726 : 3D;
17727 : 3D;
17728 : 3D;
17729 : 3D;
17730 : 3D;
17731 : 1D;
17732 : 1D;
17733 : 1D;
17734 : 1D;
17735 : 1D;
17736 : 1D;
17737 : 1D;
17738 : 1D;
17739 : 1D;
17740 : 1D;
17741 : 3D;
17742 : 3D;
17743 : 3D;
17744 : 3D;
17745 : 3D;
17746 : 3D;
17747 : 3D;
17748 : 3D;
17749 : 3D;
17750 : 3D;
17751 : 1D;
17752 : 1D;
17753 : 1D;
17754 : 1D;
17755 : 1D;
17756 : 1D;
17757 : 1D;
17758 : 1D;
17759 : 1D;
17760 : 1D;
17761 : 3D;
17762 : 3D;
17763 : 3D;
17764 : 3D;
17765 : 3D;
17766 : 3D;
17767 : 3D;
17768 : 3D;
17769 : 3D;
17770 : 3D;
17771 : 1D;
17772 : 1D;
17773 : 1D;
17774 : 1D;
17775 : 1D;
17776 : 1D;
17777 : 1D;
17778 : 1D;
17779 : 1D;
17780 : 1D;
17781 : 3D;
17782 : 3D;
17783 : 3D;
17784 : 3D;
17785 : 3D;
17786 : 3D;
17787 : 3D;
17788 : 3D;
17789 : 3D;
17790 : 3D;
17791 : 3D;
17792 : 1D;
17793 : 1D;
17794 : 1D;
17795 : 1D;
17796 : 1D;
17797 : 1D;
17798 : 1D;
17799 : 1D;
17800 : 1D;
17801 : 1D;
17802 : 3D;
17803 : 3D;
17804 : 3D;
17805 : 3D;
17806 : 3D;
17807 : 3D;
17808 : 3D;
17809 : 3D;
17810 : 3D;
17811 : 3D;
17812 : 1D;
17813 : 1D;
17814 : 1D;
17815 : 1D;
17816 : 1D;
17817 : 1D;
17818 : 1D;
17819 : 1D;
17820 : 1D;
17821 : 1D;
17822 : 3D;
17823 : 3D;
17824 : 3D;
17825 : 3D;
17826 : 3D;
17827 : 3D;
17828 : 3D;
17829 : 3D;
17830 : 3D;
17831 : 3D;
17832 : 1D;
17833 : 1D;
17834 : 1D;
17835 : 1D;
17836 : 1D;
17837 : 1D;
17838 : 1D;
17839 : 1D;
17840 : 1D;
17841 : 1D;
17842 : 3D;
17843 : 3D;
17844 : 3D;
17845 : 3D;
17846 : 3D;
17847 : 3D;
17848 : 3D;
17849 : 3D;
17850 : 3D;
17851 : 3D;
17852 : 1D;
17853 : 1D;
17854 : 1D;
17855 : 1D;
17856 : 1D;
17857 : 1D;
17858 : 1D;
17859 : 1D;
17860 : 1D;
17861 : 1D;
17862 : 3D;
17863 : 3D;
17864 : 3D;
17865 : 3D;
17866 : 3D;
17867 : 3D;
17868 : 3D;
17869 : 3D;
17870 : 3D;
17871 : 3D;
17872 : 1D;
17873 : 1D;
17874 : 1D;
17875 : 1D;
17876 : 1D;
17877 : 1D;
17878 : 1D;
17879 : 1D;
17880 : 1D;
17881 : 1D;
17882 : 3D;
17883 : 3D;
17884 : 3D;
17885 : 3D;
17886 : 3D;
17887 : 3D;
17888 : 3D;
17889 : 3D;
17890 : 3D;
17891 : 3D;
17892 : 1D;
17893 : 1D;
17894 : 1D;
17895 : 1D;
17896 : 1D;
17897 : 1D;
17898 : 1D;
17899 : 1D;
17900 : 1D;
17901 : 1D;
17902 : 1D;
17903 : 3D;
17904 : 3D;
17905 : 3D;
17906 : 3D;
17907 : 3D;
17908 : 3D;
17909 : 3D;
17910 : 3D;
17911 : 3D;
17912 : 3D;
17913 : 10;
17914 : 10;
17915 : 10;
17916 : 10;
17917 : 10;
17918 : 10;
17919 : 10;
17920 : 14;
17921 : 14;
17922 : 14;
17923 : 14;
17924 : 14;
17925 : 14;
17926 : 14;
17927 : 14;
17928 : 14;
17929 : 14;
17930 : 1D;
17931 : 1D;
17932 : 1D;
17933 : 1D;
17934 : 1D;
17935 : 1D;
17936 : 1D;
17937 : 1D;
17938 : 1D;
17939 : 1D;
17940 : 3D;
17941 : 3D;
17942 : 3D;
17943 : 3D;
17944 : 3D;
17945 : 3D;
17946 : 3D;
17947 : 3D;
17948 : 3D;
17949 : 3D;
17950 : 1D;
17951 : 1D;
17952 : 1D;
17953 : 1D;
17954 : 1D;
17955 : 1D;
17956 : 1D;
17957 : 1D;
17958 : 1D;
17959 : 1D;
17960 : 3D;
17961 : 3D;
17962 : 3D;
17963 : 3D;
17964 : 3D;
17965 : 3D;
17966 : 3D;
17967 : 3D;
17968 : 3D;
17969 : 3D;
17970 : 1D;
17971 : 1D;
17972 : 1D;
17973 : 1D;
17974 : 1D;
17975 : 1D;
17976 : 1D;
17977 : 1D;
17978 : 1D;
17979 : 1D;
17980 : 3D;
17981 : 3D;
17982 : 3D;
17983 : 3D;
17984 : 3D;
17985 : 3D;
17986 : 3D;
17987 : 3D;
17988 : 3D;
17989 : 3D;
17990 : 1D;
17991 : 1D;
17992 : 1D;
17993 : 1D;
17994 : 1D;
17995 : 1D;
17996 : 1D;
17997 : 1D;
17998 : 1D;
17999 : 1D;
18000 : 1D;
18001 : 3D;
18002 : 3D;
18003 : 3D;
18004 : 3D;
18005 : 3D;
18006 : 3D;
18007 : 3D;
18008 : 3D;
18009 : 3D;
18010 : 3D;
18011 : 1D;
18012 : 1D;
18013 : 1D;
18014 : 1D;
18015 : 1D;
18016 : 1D;
18017 : 1D;
18018 : 1D;
18019 : 1D;
18020 : 1D;
18021 : 3D;
18022 : 3D;
18023 : 3D;
18024 : 3D;
18025 : 3D;
18026 : 3D;
18027 : 3D;
18028 : 3D;
18029 : 3D;
18030 : 3D;
18031 : 1D;
18032 : 1D;
18033 : 1D;
18034 : 1D;
18035 : 1D;
18036 : 1D;
18037 : 1D;
18038 : 1D;
18039 : 1D;
18040 : 1D;
18041 : 3D;
18042 : 3D;
18043 : 3D;
18044 : 3D;
18045 : 3D;
18046 : 3D;
18047 : 3D;
18048 : 3D;
18049 : 3D;
18050 : 3D;
18051 : 1D;
18052 : 1D;
18053 : 1D;
18054 : 1D;
18055 : 1D;
18056 : 1D;
18057 : 1D;
18058 : 1D;
18059 : 1D;
18060 : 1D;
18061 : 3D;
18062 : 3D;
18063 : 3D;
18064 : 3D;
18065 : 3D;
18066 : 3D;
18067 : 3D;
18068 : 3D;
18069 : 3D;
18070 : 3D;
18071 : 1D;
18072 : 1D;
18073 : 1D;
18074 : 1D;
18075 : 1D;
18076 : 1D;
18077 : 1D;
18078 : 1D;
18079 : 1D;
18080 : 1D;
18081 : 3D;
18082 : 3D;
18083 : 3D;
18084 : 3D;
18085 : 3D;
18086 : 3D;
18087 : 3D;
18088 : 3D;
18089 : 3D;
18090 : 3D;
18091 : 1D;
18092 : 1D;
18093 : 1D;
18094 : 1D;
18095 : 1D;
18096 : 1D;
18097 : 1D;
18098 : 1D;
18099 : 1D;
18100 : 1D;
18101 : 3D;
18102 : 3D;
18103 : 3D;
18104 : 3D;
18105 : 3D;
18106 : 3D;
18107 : 3D;
18108 : 3D;
18109 : 3D;
18110 : 3D;
18111 : 3D;
18112 : 1D;
18113 : 1D;
18114 : 1D;
18115 : 1D;
18116 : 1D;
18117 : 1D;
18118 : 1D;
18119 : 1D;
18120 : 1D;
18121 : 1D;
18122 : 3D;
18123 : 3D;
18124 : 3D;
18125 : 3D;
18126 : 3D;
18127 : 3D;
18128 : 3D;
18129 : 3D;
18130 : 3D;
18131 : 3D;
18132 : 1D;
18133 : 1D;
18134 : 1D;
18135 : 1D;
18136 : 1D;
18137 : 1D;
18138 : 1D;
18139 : 1D;
18140 : 1D;
18141 : 1D;
18142 : 3D;
18143 : 3D;
18144 : 3D;
18145 : 3D;
18146 : 3D;
18147 : 3D;
18148 : 3D;
18149 : 3D;
18150 : 3D;
18151 : 3D;
18152 : 1D;
18153 : 1D;
18154 : 1D;
18155 : 1D;
18156 : 1D;
18157 : 1D;
18158 : 1D;
18159 : 1D;
18160 : 1D;
18161 : 1D;
18162 : 3D;
18163 : 3D;
18164 : 3D;
18165 : 3D;
18166 : 3D;
18167 : 3D;
18168 : 3D;
18169 : 3D;
18170 : 3D;
18171 : 3D;
18172 : 1D;
18173 : 1D;
18174 : 1D;
18175 : 1D;
18176 : 1D;
18177 : 1D;
18178 : 1D;
18179 : 1D;
18180 : 1D;
18181 : 1D;
18182 : 3D;
18183 : 3D;
18184 : 3D;
18185 : 3D;
18186 : 3D;
18187 : 3D;
18188 : 3D;
18189 : 3D;
18190 : 3D;
18191 : 3D;
18192 : 1D;
18193 : 1D;
18194 : 1D;
18195 : 1D;
18196 : 1D;
18197 : 1D;
18198 : 1D;
18199 : 1D;
18200 : 1D;
18201 : 1D;
18202 : 3D;
18203 : 3D;
18204 : 3D;
18205 : 3D;
18206 : 3D;
18207 : 3D;
18208 : 3D;
18209 : 3D;
18210 : 3D;
18211 : 3D;
18212 : 1D;
18213 : 1D;
18214 : 1D;
18215 : 1D;
18216 : 1D;
18217 : 1D;
18218 : 1D;
18219 : 1D;
18220 : 1D;
18221 : 1D;
18222 : 1D;
18223 : 3D;
18224 : 3D;
18225 : 3D;
18226 : 3D;
18227 : 3D;
18228 : 3D;
18229 : 3D;
18230 : 3D;
18231 : 3D;
18232 : 3D;
18233 : 10;
18234 : 10;
18235 : 10;
18236 : 10;
18237 : 10;
18238 : 10;
18239 : 10;
18240 : 14;
18241 : 14;
18242 : 14;
18243 : 14;
18244 : 14;
18245 : 14;
18246 : 14;
18247 : 14;
18248 : 14;
18249 : 14;
18250 : 1D;
18251 : 1D;
18252 : 1D;
18253 : 1D;
18254 : 1D;
18255 : 1D;
18256 : 1D;
18257 : 1D;
18258 : 1D;
18259 : 1D;
18260 : 3D;
18261 : 3D;
18262 : 3D;
18263 : 3D;
18264 : 3D;
18265 : 3D;
18266 : 3D;
18267 : 3D;
18268 : 3D;
18269 : 3D;
18270 : 1D;
18271 : 1D;
18272 : 1D;
18273 : 1D;
18274 : 1D;
18275 : 1D;
18276 : 1D;
18277 : 1D;
18278 : 1D;
18279 : 1D;
18280 : 3D;
18281 : 3D;
18282 : 3D;
18283 : 3D;
18284 : 3D;
18285 : 3D;
18286 : 3D;
18287 : 3D;
18288 : 3D;
18289 : 3D;
18290 : 1D;
18291 : 1D;
18292 : 1D;
18293 : 1D;
18294 : 1D;
18295 : 1D;
18296 : 1D;
18297 : 1D;
18298 : 1D;
18299 : 1D;
18300 : 3D;
18301 : 3D;
18302 : 3D;
18303 : 3D;
18304 : 3D;
18305 : 3D;
18306 : 3D;
18307 : 3D;
18308 : 3D;
18309 : 3D;
18310 : 1D;
18311 : 1D;
18312 : 1D;
18313 : 1D;
18314 : 1D;
18315 : 1D;
18316 : 1D;
18317 : 1D;
18318 : 1D;
18319 : 1D;
18320 : 1D;
18321 : 3D;
18322 : 3D;
18323 : 3D;
18324 : 3D;
18325 : 3D;
18326 : 3D;
18327 : 3D;
18328 : 3D;
18329 : 3D;
18330 : 3D;
18331 : 1D;
18332 : 1D;
18333 : 1D;
18334 : 1D;
18335 : 1D;
18336 : 1D;
18337 : 1D;
18338 : 1D;
18339 : 1D;
18340 : 1D;
18341 : 3D;
18342 : 3D;
18343 : 3D;
18344 : 3D;
18345 : 3D;
18346 : 3D;
18347 : 3D;
18348 : 3D;
18349 : 3D;
18350 : 3D;
18351 : 1D;
18352 : 1D;
18353 : 1D;
18354 : 1D;
18355 : 1D;
18356 : 1D;
18357 : 1D;
18358 : 1D;
18359 : 1D;
18360 : 1D;
18361 : 3D;
18362 : 3D;
18363 : 3D;
18364 : 3D;
18365 : 3D;
18366 : 3D;
18367 : 3D;
18368 : 3D;
18369 : 3D;
18370 : 3D;
18371 : 1D;
18372 : 1D;
18373 : 1D;
18374 : 1D;
18375 : 1D;
18376 : 1D;
18377 : 1D;
18378 : 1D;
18379 : 1D;
18380 : 1D;
18381 : 3D;
18382 : 3D;
18383 : 3D;
18384 : 3D;
18385 : 3D;
18386 : 3D;
18387 : 3D;
18388 : 3D;
18389 : 3D;
18390 : 3D;
18391 : 1D;
18392 : 1D;
18393 : 1D;
18394 : 1D;
18395 : 1D;
18396 : 1D;
18397 : 1D;
18398 : 1D;
18399 : 1D;
18400 : 1D;
18401 : 3D;
18402 : 3D;
18403 : 3D;
18404 : 3D;
18405 : 3D;
18406 : 3D;
18407 : 3D;
18408 : 3D;
18409 : 3D;
18410 : 3D;
18411 : 1D;
18412 : 1D;
18413 : 1D;
18414 : 1D;
18415 : 1D;
18416 : 1D;
18417 : 1D;
18418 : 1D;
18419 : 1D;
18420 : 1D;
18421 : 3D;
18422 : 3D;
18423 : 3D;
18424 : 3D;
18425 : 3D;
18426 : 3D;
18427 : 3D;
18428 : 3D;
18429 : 3D;
18430 : 3D;
18431 : 3D;
18432 : 1D;
18433 : 1D;
18434 : 1D;
18435 : 1D;
18436 : 1D;
18437 : 1D;
18438 : 1D;
18439 : 1D;
18440 : 1D;
18441 : 1D;
18442 : 3D;
18443 : 3D;
18444 : 3D;
18445 : 3D;
18446 : 3D;
18447 : 3D;
18448 : 3D;
18449 : 3D;
18450 : 3D;
18451 : 3D;
18452 : 1D;
18453 : 1D;
18454 : 1D;
18455 : 1D;
18456 : 1D;
18457 : 1D;
18458 : 1D;
18459 : 1D;
18460 : 1D;
18461 : 1D;
18462 : 3D;
18463 : 3D;
18464 : 3D;
18465 : 3D;
18466 : 3D;
18467 : 3D;
18468 : 3D;
18469 : 3D;
18470 : 3D;
18471 : 3D;
18472 : 1D;
18473 : 1D;
18474 : 1D;
18475 : 1D;
18476 : 1D;
18477 : 1D;
18478 : 1D;
18479 : 1D;
18480 : 1D;
18481 : 1D;
18482 : 3D;
18483 : 3D;
18484 : 3D;
18485 : 3D;
18486 : 3D;
18487 : 3D;
18488 : 3D;
18489 : 3D;
18490 : 3D;
18491 : 3D;
18492 : 1D;
18493 : 1D;
18494 : 1D;
18495 : 1D;
18496 : 1D;
18497 : 1D;
18498 : 1D;
18499 : 1D;
18500 : 1D;
18501 : 1D;
18502 : 3D;
18503 : 3D;
18504 : 3D;
18505 : 3D;
18506 : 3D;
18507 : 3D;
18508 : 3D;
18509 : 3D;
18510 : 3D;
18511 : 3D;
18512 : 1D;
18513 : 1D;
18514 : 1D;
18515 : 1D;
18516 : 1D;
18517 : 1D;
18518 : 1D;
18519 : 1D;
18520 : 1D;
18521 : 1D;
18522 : 3D;
18523 : 3D;
18524 : 3D;
18525 : 3D;
18526 : 3D;
18527 : 3D;
18528 : 3D;
18529 : 3D;
18530 : 3D;
18531 : 3D;
18532 : 1D;
18533 : 1D;
18534 : 1D;
18535 : 1D;
18536 : 1D;
18537 : 1D;
18538 : 1D;
18539 : 1D;
18540 : 1D;
18541 : 1D;
18542 : 1D;
18543 : 3D;
18544 : 3D;
18545 : 3D;
18546 : 3D;
18547 : 3D;
18548 : 3D;
18549 : 3D;
18550 : 3D;
18551 : 3D;
18552 : 3D;
18553 : 10;
18554 : 10;
18555 : 10;
18556 : 10;
18557 : 10;
18558 : 10;
18559 : 10;
18560 : 14;
18561 : 14;
18562 : 14;
18563 : 14;
18564 : 14;
18565 : 14;
18566 : 14;
18567 : 14;
18568 : 14;
18569 : 14;
18570 : 1D;
18571 : 1D;
18572 : 1D;
18573 : 1D;
18574 : 1D;
18575 : 1D;
18576 : 1D;
18577 : 1D;
18578 : 1D;
18579 : 1D;
18580 : 3D;
18581 : 3D;
18582 : 3D;
18583 : 3D;
18584 : 3D;
18585 : 3D;
18586 : 3D;
18587 : 3D;
18588 : 3D;
18589 : 3D;
18590 : 1D;
18591 : 1D;
18592 : 1D;
18593 : 1D;
18594 : 1D;
18595 : 1D;
18596 : 1D;
18597 : 1D;
18598 : 1D;
18599 : 1D;
18600 : 3D;
18601 : 3D;
18602 : 3D;
18603 : 3D;
18604 : 3D;
18605 : 3D;
18606 : 3D;
18607 : 3D;
18608 : 3D;
18609 : 3D;
18610 : 1D;
18611 : 1D;
18612 : 1D;
18613 : 1D;
18614 : 1D;
18615 : 1D;
18616 : 1D;
18617 : 1D;
18618 : 1D;
18619 : 1D;
18620 : 3D;
18621 : 3D;
18622 : 3D;
18623 : 3D;
18624 : 3D;
18625 : 3D;
18626 : 3D;
18627 : 3D;
18628 : 3D;
18629 : 3D;
18630 : 1D;
18631 : 1D;
18632 : 1D;
18633 : 1D;
18634 : 1D;
18635 : 1D;
18636 : 1D;
18637 : 1D;
18638 : 1D;
18639 : 1D;
18640 : 1D;
18641 : 3D;
18642 : 3D;
18643 : 3D;
18644 : 3D;
18645 : 3D;
18646 : 3D;
18647 : 3D;
18648 : 3D;
18649 : 3D;
18650 : 3D;
18651 : 1D;
18652 : 1D;
18653 : 1D;
18654 : 1D;
18655 : 1D;
18656 : 1D;
18657 : 1D;
18658 : 1D;
18659 : 1D;
18660 : 1D;
18661 : 3D;
18662 : 3D;
18663 : 3D;
18664 : 3D;
18665 : 3D;
18666 : 3D;
18667 : 3D;
18668 : 3D;
18669 : 3D;
18670 : 3D;
18671 : 1D;
18672 : 1D;
18673 : 1D;
18674 : 1D;
18675 : 1D;
18676 : 1D;
18677 : 1D;
18678 : 1D;
18679 : 1D;
18680 : 1D;
18681 : 3D;
18682 : 3D;
18683 : 3D;
18684 : 3D;
18685 : 3D;
18686 : 3D;
18687 : 3D;
18688 : 3D;
18689 : 3D;
18690 : 3D;
18691 : 1D;
18692 : 1D;
18693 : 1D;
18694 : 1D;
18695 : 1D;
18696 : 1D;
18697 : 1D;
18698 : 1D;
18699 : 1D;
18700 : 1D;
18701 : 3D;
18702 : 3D;
18703 : 3D;
18704 : 3D;
18705 : 3D;
18706 : 3D;
18707 : 3D;
18708 : 3D;
18709 : 3D;
18710 : 3D;
18711 : 1D;
18712 : 1D;
18713 : 1D;
18714 : 1D;
18715 : 1D;
18716 : 1D;
18717 : 1D;
18718 : 1D;
18719 : 1D;
18720 : 1D;
18721 : 3D;
18722 : 3D;
18723 : 3D;
18724 : 3D;
18725 : 3D;
18726 : 3D;
18727 : 3D;
18728 : 3D;
18729 : 3D;
18730 : 3D;
18731 : 1D;
18732 : 1D;
18733 : 1D;
18734 : 1D;
18735 : 1D;
18736 : 1D;
18737 : 1D;
18738 : 1D;
18739 : 1D;
18740 : 1D;
18741 : 3D;
18742 : 3D;
18743 : 3D;
18744 : 3D;
18745 : 3D;
18746 : 3D;
18747 : 3D;
18748 : 3D;
18749 : 3D;
18750 : 3D;
18751 : 3D;
18752 : 1D;
18753 : 1D;
18754 : 1D;
18755 : 1D;
18756 : 1D;
18757 : 1D;
18758 : 1D;
18759 : 1D;
18760 : 1D;
18761 : 1D;
18762 : 3D;
18763 : 3D;
18764 : 3D;
18765 : 3D;
18766 : 3D;
18767 : 3D;
18768 : 3D;
18769 : 3D;
18770 : 3D;
18771 : 3D;
18772 : 1D;
18773 : 1D;
18774 : 1D;
18775 : 1D;
18776 : 1D;
18777 : 1D;
18778 : 1D;
18779 : 1D;
18780 : 1D;
18781 : 1D;
18782 : 3D;
18783 : 3D;
18784 : 3D;
18785 : 3D;
18786 : 3D;
18787 : 3D;
18788 : 3D;
18789 : 3D;
18790 : 3D;
18791 : 3D;
18792 : 1D;
18793 : 1D;
18794 : 1D;
18795 : 1D;
18796 : 1D;
18797 : 1D;
18798 : 1D;
18799 : 1D;
18800 : 1D;
18801 : 1D;
18802 : 3D;
18803 : 3D;
18804 : 3D;
18805 : 3D;
18806 : 3D;
18807 : 3D;
18808 : 3D;
18809 : 3D;
18810 : 3D;
18811 : 3D;
18812 : 1D;
18813 : 1D;
18814 : 1D;
18815 : 1D;
18816 : 1D;
18817 : 1D;
18818 : 1D;
18819 : 1D;
18820 : 1D;
18821 : 1D;
18822 : 3D;
18823 : 3D;
18824 : 3D;
18825 : 3D;
18826 : 3D;
18827 : 3D;
18828 : 3D;
18829 : 3D;
18830 : 3D;
18831 : 3D;
18832 : 1D;
18833 : 1D;
18834 : 1D;
18835 : 1D;
18836 : 1D;
18837 : 1D;
18838 : 1D;
18839 : 1D;
18840 : 1D;
18841 : 1D;
18842 : 3D;
18843 : 3D;
18844 : 3D;
18845 : 3D;
18846 : 3D;
18847 : 3D;
18848 : 3D;
18849 : 3D;
18850 : 3D;
18851 : 3D;
18852 : 1D;
18853 : 1D;
18854 : 1D;
18855 : 1D;
18856 : 1D;
18857 : 1D;
18858 : 1D;
18859 : 1D;
18860 : 1D;
18861 : 1D;
18862 : 1D;
18863 : 3D;
18864 : 3D;
18865 : 3D;
18866 : 3D;
18867 : 3D;
18868 : 3D;
18869 : 3D;
18870 : 3D;
18871 : 3D;
18872 : 3D;
18873 : 10;
18874 : 10;
18875 : 10;
18876 : 10;
18877 : 10;
18878 : 10;
18879 : 10;
18880 : 14;
18881 : 14;
18882 : 14;
18883 : 14;
18884 : 14;
18885 : 14;
18886 : 14;
18887 : 14;
18888 : 14;
18889 : 14;
18890 : 1D;
18891 : 1D;
18892 : 1D;
18893 : 1D;
18894 : 1D;
18895 : 1D;
18896 : 1D;
18897 : 1D;
18898 : 1D;
18899 : 1D;
18900 : 3D;
18901 : 3D;
18902 : 3D;
18903 : 3D;
18904 : 3D;
18905 : 3D;
18906 : 3D;
18907 : 3D;
18908 : 3D;
18909 : 3D;
18910 : 1D;
18911 : 1D;
18912 : 1D;
18913 : 1D;
18914 : 1D;
18915 : 1D;
18916 : 1D;
18917 : 1D;
18918 : 1D;
18919 : 1D;
18920 : 3D;
18921 : 3D;
18922 : 3D;
18923 : 3D;
18924 : 3D;
18925 : 3D;
18926 : 3D;
18927 : 3D;
18928 : 3D;
18929 : 3D;
18930 : 1D;
18931 : 1D;
18932 : 1D;
18933 : 1D;
18934 : 1D;
18935 : 1D;
18936 : 1D;
18937 : 1D;
18938 : 1D;
18939 : 1D;
18940 : 3D;
18941 : 3D;
18942 : 3D;
18943 : 3D;
18944 : 3D;
18945 : 3D;
18946 : 3D;
18947 : 3D;
18948 : 3D;
18949 : 3D;
18950 : 1D;
18951 : 1D;
18952 : 1D;
18953 : 1D;
18954 : 1D;
18955 : 1D;
18956 : 1D;
18957 : 1D;
18958 : 1D;
18959 : 1D;
18960 : 1D;
18961 : 3D;
18962 : 3D;
18963 : 3D;
18964 : 3D;
18965 : 3D;
18966 : 3D;
18967 : 3D;
18968 : 3D;
18969 : 3D;
18970 : 3D;
18971 : 1D;
18972 : 1D;
18973 : 1D;
18974 : 1D;
18975 : 1D;
18976 : 1D;
18977 : 1D;
18978 : 1D;
18979 : 1D;
18980 : 1D;
18981 : 3D;
18982 : 3D;
18983 : 3D;
18984 : 3D;
18985 : 3D;
18986 : 3D;
18987 : 3D;
18988 : 3D;
18989 : 3D;
18990 : 3D;
18991 : 1D;
18992 : 1D;
18993 : 1D;
18994 : 1D;
18995 : 1D;
18996 : 1D;
18997 : 1D;
18998 : 1D;
18999 : 1D;
19000 : 1D;
19001 : 3D;
19002 : 3D;
19003 : 3D;
19004 : 3D;
19005 : 3D;
19006 : 3D;
19007 : 3D;
19008 : 3D;
19009 : 3D;
19010 : 3D;
19011 : 1D;
19012 : 1D;
19013 : 1D;
19014 : 1D;
19015 : 1D;
19016 : 1D;
19017 : 1D;
19018 : 1D;
19019 : 1D;
19020 : 1D;
19021 : 3D;
19022 : 3D;
19023 : 3D;
19024 : 3D;
19025 : 3D;
19026 : 3D;
19027 : 3D;
19028 : 3D;
19029 : 3D;
19030 : 3D;
19031 : 1D;
19032 : 1D;
19033 : 1D;
19034 : 1D;
19035 : 1D;
19036 : 1D;
19037 : 1D;
19038 : 1D;
19039 : 1D;
19040 : 1D;
19041 : 3D;
19042 : 3D;
19043 : 3D;
19044 : 3D;
19045 : 3D;
19046 : 3D;
19047 : 3D;
19048 : 3D;
19049 : 3D;
19050 : 3D;
19051 : 1D;
19052 : 1D;
19053 : 1D;
19054 : 1D;
19055 : 1D;
19056 : 1D;
19057 : 1D;
19058 : 1D;
19059 : 1D;
19060 : 1D;
19061 : 3D;
19062 : 3D;
19063 : 3D;
19064 : 3D;
19065 : 3D;
19066 : 3D;
19067 : 3D;
19068 : 3D;
19069 : 3D;
19070 : 3D;
19071 : 3D;
19072 : 1D;
19073 : 1D;
19074 : 1D;
19075 : 1D;
19076 : 1D;
19077 : 1D;
19078 : 1D;
19079 : 1D;
19080 : 1D;
19081 : 1D;
19082 : 3D;
19083 : 3D;
19084 : 3D;
19085 : 3D;
19086 : 3D;
19087 : 3D;
19088 : 3D;
19089 : 3D;
19090 : 3D;
19091 : 3D;
19092 : 1D;
19093 : 1D;
19094 : 1D;
19095 : 1D;
19096 : 1D;
19097 : 1D;
19098 : 1D;
19099 : 1D;
19100 : 1D;
19101 : 1D;
19102 : 3D;
19103 : 3D;
19104 : 3D;
19105 : 3D;
19106 : 3D;
19107 : 3D;
19108 : 3D;
19109 : 3D;
19110 : 3D;
19111 : 3D;
19112 : 1D;
19113 : 1D;
19114 : 1D;
19115 : 1D;
19116 : 1D;
19117 : 1D;
19118 : 1D;
19119 : 1D;
19120 : 1D;
19121 : 1D;
19122 : 3D;
19123 : 3D;
19124 : 3D;
19125 : 3D;
19126 : 3D;
19127 : 3D;
19128 : 3D;
19129 : 3D;
19130 : 3D;
19131 : 3D;
19132 : 1D;
19133 : 1D;
19134 : 1D;
19135 : 1D;
19136 : 1D;
19137 : 1D;
19138 : 1D;
19139 : 1D;
19140 : 1D;
19141 : 1D;
19142 : 3D;
19143 : 3D;
19144 : 3D;
19145 : 3D;
19146 : 3D;
19147 : 3D;
19148 : 3D;
19149 : 3D;
19150 : 3D;
19151 : 3D;
19152 : 1D;
19153 : 1D;
19154 : 1D;
19155 : 1D;
19156 : 1D;
19157 : 1D;
19158 : 1D;
19159 : 1D;
19160 : 1D;
19161 : 1D;
19162 : 3D;
19163 : 3D;
19164 : 3D;
19165 : 3D;
19166 : 3D;
19167 : 3D;
19168 : 3D;
19169 : 3D;
19170 : 3D;
19171 : 3D;
19172 : 1D;
19173 : 1D;
19174 : 1D;
19175 : 1D;
19176 : 1D;
19177 : 1D;
19178 : 1D;
19179 : 1D;
19180 : 1D;
19181 : 1D;
19182 : 1D;
19183 : 3D;
19184 : 3D;
19185 : 3D;
19186 : 3D;
19187 : 3D;
19188 : 3D;
19189 : 3D;
19190 : 3D;
19191 : 3D;
19192 : 3D;
19193 : 10;
19194 : 10;
19195 : 10;
19196 : 10;
19197 : 10;
19198 : 10;
19199 : 10;
19200 : 10;
19201 : 10;
19202 : 10;
19203 : 10;
19204 : 10;
19205 : 10;
19206 : 10;
19207 : 10;
19208 : 10;
19209 : 10;
19210 : 3D;
19211 : 3D;
19212 : 3D;
19213 : 3D;
19214 : 3D;
19215 : 3D;
19216 : 3D;
19217 : 3D;
19218 : 3D;
19219 : 3D;
19220 : 1D;
19221 : 1D;
19222 : 1D;
19223 : 1D;
19224 : 1D;
19225 : 1D;
19226 : 1D;
19227 : 1D;
19228 : 1D;
19229 : 1D;
19230 : 3D;
19231 : 3D;
19232 : 3D;
19233 : 3D;
19234 : 3D;
19235 : 3D;
19236 : 3D;
19237 : 3D;
19238 : 3D;
19239 : 3D;
19240 : 1D;
19241 : 1D;
19242 : 1D;
19243 : 1D;
19244 : 1D;
19245 : 1D;
19246 : 1D;
19247 : 1D;
19248 : 1D;
19249 : 1D;
19250 : 3D;
19251 : 3D;
19252 : 3D;
19253 : 3D;
19254 : 3D;
19255 : 3D;
19256 : 3D;
19257 : 3D;
19258 : 3D;
19259 : 3D;
19260 : 1D;
19261 : 1D;
19262 : 1D;
19263 : 1D;
19264 : 1D;
19265 : 1D;
19266 : 1D;
19267 : 1D;
19268 : 1D;
19269 : 1D;
19270 : 3D;
19271 : 3D;
19272 : 3D;
19273 : 3D;
19274 : 3D;
19275 : 3D;
19276 : 3D;
19277 : 3D;
19278 : 3D;
19279 : 3D;
19280 : 3D;
19281 : 1D;
19282 : 1D;
19283 : 1D;
19284 : 1D;
19285 : 1D;
19286 : 1D;
19287 : 1D;
19288 : 1D;
19289 : 1D;
19290 : 1D;
19291 : 3D;
19292 : 3D;
19293 : 3D;
19294 : 3D;
19295 : 3D;
19296 : 3D;
19297 : 3D;
19298 : 3D;
19299 : 3D;
19300 : 3D;
19301 : 1D;
19302 : 1D;
19303 : 1D;
19304 : 1D;
19305 : 1D;
19306 : 1D;
19307 : 1D;
19308 : 1D;
19309 : 1D;
19310 : 1D;
19311 : 3D;
19312 : 3D;
19313 : 3D;
19314 : 3D;
19315 : 3D;
19316 : 3D;
19317 : 3D;
19318 : 3D;
19319 : 3D;
19320 : 3D;
19321 : 1D;
19322 : 1D;
19323 : 1D;
19324 : 1D;
19325 : 1D;
19326 : 1D;
19327 : 1D;
19328 : 1D;
19329 : 1D;
19330 : 1D;
19331 : 3D;
19332 : 3D;
19333 : 3D;
19334 : 3D;
19335 : 3D;
19336 : 3D;
19337 : 3D;
19338 : 3D;
19339 : 3D;
19340 : 3D;
19341 : 1D;
19342 : 1D;
19343 : 1D;
19344 : 1D;
19345 : 1D;
19346 : 1D;
19347 : 1D;
19348 : 1D;
19349 : 1D;
19350 : 1D;
19351 : 3D;
19352 : 3D;
19353 : 3D;
19354 : 3D;
19355 : 3D;
19356 : 3D;
19357 : 3D;
19358 : 3D;
19359 : 3D;
19360 : 3D;
19361 : 1D;
19362 : 1D;
19363 : 1D;
19364 : 1D;
19365 : 1D;
19366 : 1D;
19367 : 1D;
19368 : 1D;
19369 : 1D;
19370 : 1D;
19371 : 3D;
19372 : 3D;
19373 : 3D;
19374 : 3D;
19375 : 3D;
19376 : 3D;
19377 : 3D;
19378 : 3D;
19379 : 3D;
19380 : 3D;
19381 : 1D;
19382 : 1D;
19383 : 1D;
19384 : 1D;
19385 : 1D;
19386 : 1D;
19387 : 1D;
19388 : 1D;
19389 : 1D;
19390 : 1D;
19391 : 1D;
19392 : 3D;
19393 : 3D;
19394 : 3D;
19395 : 3D;
19396 : 3D;
19397 : 3D;
19398 : 3D;
19399 : 3D;
19400 : 3D;
19401 : 3D;
19402 : 1D;
19403 : 1D;
19404 : 1D;
19405 : 1D;
19406 : 1D;
19407 : 1D;
19408 : 1D;
19409 : 1D;
19410 : 1D;
19411 : 1D;
19412 : 3D;
19413 : 3D;
19414 : 3D;
19415 : 3D;
19416 : 3D;
19417 : 3D;
19418 : 3D;
19419 : 3D;
19420 : 3D;
19421 : 3D;
19422 : 1D;
19423 : 1D;
19424 : 1D;
19425 : 1D;
19426 : 1D;
19427 : 1D;
19428 : 1D;
19429 : 1D;
19430 : 1D;
19431 : 1D;
19432 : 3D;
19433 : 3D;
19434 : 3D;
19435 : 3D;
19436 : 3D;
19437 : 3D;
19438 : 3D;
19439 : 3D;
19440 : 3D;
19441 : 3D;
19442 : 1D;
19443 : 1D;
19444 : 1D;
19445 : 1D;
19446 : 1D;
19447 : 1D;
19448 : 1D;
19449 : 1D;
19450 : 1D;
19451 : 1D;
19452 : 3D;
19453 : 3D;
19454 : 3D;
19455 : 3D;
19456 : 3D;
19457 : 3D;
19458 : 3D;
19459 : 3D;
19460 : 3D;
19461 : 3D;
19462 : 1D;
19463 : 1D;
19464 : 1D;
19465 : 1D;
19466 : 1D;
19467 : 1D;
19468 : 1D;
19469 : 1D;
19470 : 1D;
19471 : 1D;
19472 : 3D;
19473 : 3D;
19474 : 3D;
19475 : 3D;
19476 : 3D;
19477 : 3D;
19478 : 3D;
19479 : 3D;
19480 : 3D;
19481 : 3D;
19482 : 1D;
19483 : 1D;
19484 : 1D;
19485 : 1D;
19486 : 1D;
19487 : 1D;
19488 : 1D;
19489 : 1D;
19490 : 1D;
19491 : 1D;
19492 : 3D;
19493 : 3D;
19494 : 3D;
19495 : 3D;
19496 : 3D;
19497 : 3D;
19498 : 3D;
19499 : 3D;
19500 : 3D;
19501 : 3D;
19502 : 3D;
19503 : 1D;
19504 : 1D;
19505 : 1D;
19506 : 1D;
19507 : 1D;
19508 : 1D;
19509 : 1D;
19510 : 1D;
19511 : 1D;
19512 : 1D;
19513 : 14;
19514 : 14;
19515 : 14;
19516 : 14;
19517 : 14;
19518 : 14;
19519 : 14;
19520 : 10;
19521 : 10;
19522 : 10;
19523 : 10;
19524 : 10;
19525 : 10;
19526 : 10;
19527 : 10;
19528 : 10;
19529 : 10;
19530 : 3D;
19531 : 3D;
19532 : 3D;
19533 : 3D;
19534 : 3D;
19535 : 3D;
19536 : 3D;
19537 : 3D;
19538 : 3D;
19539 : 3D;
19540 : 1D;
19541 : 1D;
19542 : 1D;
19543 : 1D;
19544 : 1D;
19545 : 1D;
19546 : 1D;
19547 : 1D;
19548 : 1D;
19549 : 1D;
19550 : 3D;
19551 : 3D;
19552 : 3D;
19553 : 3D;
19554 : 3D;
19555 : 3D;
19556 : 3D;
19557 : 3D;
19558 : 3D;
19559 : 3D;
19560 : 1D;
19561 : 1D;
19562 : 1D;
19563 : 1D;
19564 : 1D;
19565 : 1D;
19566 : 1D;
19567 : 1D;
19568 : 1D;
19569 : 1D;
19570 : 3D;
19571 : 3D;
19572 : 3D;
19573 : 3D;
19574 : 3D;
19575 : 3D;
19576 : 3D;
19577 : 3D;
19578 : 3D;
19579 : 3D;
19580 : 1D;
19581 : 1D;
19582 : 1D;
19583 : 1D;
19584 : 1D;
19585 : 1D;
19586 : 1D;
19587 : 1D;
19588 : 1D;
19589 : 1D;
19590 : 3D;
19591 : 3D;
19592 : 3D;
19593 : 3D;
19594 : 3D;
19595 : 3D;
19596 : 3D;
19597 : 3D;
19598 : 3D;
19599 : 3D;
19600 : 3D;
19601 : 1D;
19602 : 1D;
19603 : 1D;
19604 : 1D;
19605 : 1D;
19606 : 1D;
19607 : 1D;
19608 : 1D;
19609 : 1D;
19610 : 1D;
19611 : 3D;
19612 : 3D;
19613 : 3D;
19614 : 3D;
19615 : 3D;
19616 : 3D;
19617 : 3D;
19618 : 3D;
19619 : 3D;
19620 : 3D;
19621 : 1D;
19622 : 1D;
19623 : 1D;
19624 : 1D;
19625 : 1D;
19626 : 1D;
19627 : 1D;
19628 : 1D;
19629 : 1D;
19630 : 1D;
19631 : 3D;
19632 : 3D;
19633 : 3D;
19634 : 3D;
19635 : 3D;
19636 : 3D;
19637 : 3D;
19638 : 3D;
19639 : 3D;
19640 : 3D;
19641 : 1D;
19642 : 1D;
19643 : 1D;
19644 : 1D;
19645 : 1D;
19646 : 1D;
19647 : 1D;
19648 : 1D;
19649 : 1D;
19650 : 1D;
19651 : 3D;
19652 : 3D;
19653 : 3D;
19654 : 3D;
19655 : 3D;
19656 : 3D;
19657 : 3D;
19658 : 3D;
19659 : 3D;
19660 : 3D;
19661 : 1D;
19662 : 1D;
19663 : 1D;
19664 : 1D;
19665 : 1D;
19666 : 1D;
19667 : 1D;
19668 : 1D;
19669 : 1D;
19670 : 1D;
19671 : 3D;
19672 : 3D;
19673 : 3D;
19674 : 3D;
19675 : 3D;
19676 : 3D;
19677 : 3D;
19678 : 3D;
19679 : 3D;
19680 : 3D;
19681 : 1D;
19682 : 1D;
19683 : 1D;
19684 : 1D;
19685 : 1D;
19686 : 1D;
19687 : 1D;
19688 : 1D;
19689 : 1D;
19690 : 1D;
19691 : 3D;
19692 : 3D;
19693 : 3D;
19694 : 3D;
19695 : 3D;
19696 : 3D;
19697 : 3D;
19698 : 3D;
19699 : 3D;
19700 : 3D;
19701 : 1D;
19702 : 1D;
19703 : 1D;
19704 : 1D;
19705 : 1D;
19706 : 1D;
19707 : 1D;
19708 : 1D;
19709 : 1D;
19710 : 1D;
19711 : 1D;
19712 : 3D;
19713 : 3D;
19714 : 3D;
19715 : 3D;
19716 : 3D;
19717 : 3D;
19718 : 3D;
19719 : 3D;
19720 : 3D;
19721 : 3D;
19722 : 1D;
19723 : 1D;
19724 : 1D;
19725 : 1D;
19726 : 1D;
19727 : 1D;
19728 : 1D;
19729 : 1D;
19730 : 1D;
19731 : 1D;
19732 : 3D;
19733 : 3D;
19734 : 3D;
19735 : 3D;
19736 : 3D;
19737 : 3D;
19738 : 3D;
19739 : 3D;
19740 : 3D;
19741 : 3D;
19742 : 1D;
19743 : 1D;
19744 : 1D;
19745 : 1D;
19746 : 1D;
19747 : 1D;
19748 : 1D;
19749 : 1D;
19750 : 1D;
19751 : 1D;
19752 : 3D;
19753 : 3D;
19754 : 3D;
19755 : 3D;
19756 : 3D;
19757 : 3D;
19758 : 3D;
19759 : 3D;
19760 : 3D;
19761 : 3D;
19762 : 1D;
19763 : 1D;
19764 : 1D;
19765 : 1D;
19766 : 1D;
19767 : 1D;
19768 : 1D;
19769 : 1D;
19770 : 1D;
19771 : 1D;
19772 : 3D;
19773 : 3D;
19774 : 3D;
19775 : 3D;
19776 : 3D;
19777 : 3D;
19778 : 3D;
19779 : 3D;
19780 : 3D;
19781 : 3D;
19782 : 1D;
19783 : 1D;
19784 : 1D;
19785 : 1D;
19786 : 1D;
19787 : 1D;
19788 : 1D;
19789 : 1D;
19790 : 1D;
19791 : 1D;
19792 : 3D;
19793 : 3D;
19794 : 3D;
19795 : 3D;
19796 : 3D;
19797 : 3D;
19798 : 3D;
19799 : 3D;
19800 : 3D;
19801 : 3D;
19802 : 1D;
19803 : 1D;
19804 : 1D;
19805 : 1D;
19806 : 1D;
19807 : 1D;
19808 : 1D;
19809 : 1D;
19810 : 1D;
19811 : 1D;
19812 : 3D;
19813 : 3D;
19814 : 3D;
19815 : 3D;
19816 : 3D;
19817 : 3D;
19818 : 3D;
19819 : 3D;
19820 : 3D;
19821 : 3D;
19822 : 3D;
19823 : 1D;
19824 : 1D;
19825 : 1D;
19826 : 1D;
19827 : 1D;
19828 : 1D;
19829 : 1D;
19830 : 1D;
19831 : 1D;
19832 : 1D;
19833 : 14;
19834 : 14;
19835 : 14;
19836 : 14;
19837 : 14;
19838 : 14;
19839 : 14;
19840 : 10;
19841 : 10;
19842 : 10;
19843 : 10;
19844 : 10;
19845 : 10;
19846 : 10;
19847 : 10;
19848 : 10;
19849 : 10;
19850 : 3D;
19851 : 3D;
19852 : 3D;
19853 : 3D;
19854 : 3D;
19855 : 3D;
19856 : 3D;
19857 : 3D;
19858 : 3D;
19859 : 3D;
19860 : 1D;
19861 : 1D;
19862 : 1D;
19863 : 1D;
19864 : 1D;
19865 : 1D;
19866 : 1D;
19867 : 1D;
19868 : 1D;
19869 : 1D;
19870 : 3D;
19871 : 3D;
19872 : 3D;
19873 : 3D;
19874 : 3D;
19875 : 3D;
19876 : 3D;
19877 : 3D;
19878 : 3D;
19879 : 3D;
19880 : 1D;
19881 : 1D;
19882 : 1D;
19883 : 1D;
19884 : 1D;
19885 : 1D;
19886 : 1D;
19887 : 1D;
19888 : 1D;
19889 : 1D;
19890 : 3D;
19891 : 3D;
19892 : 3D;
19893 : 3D;
19894 : 3D;
19895 : 3D;
19896 : 3D;
19897 : 3D;
19898 : 3D;
19899 : 3D;
19900 : 1D;
19901 : 1D;
19902 : 1D;
19903 : 1D;
19904 : 1D;
19905 : 1D;
19906 : 1D;
19907 : 1D;
19908 : 1D;
19909 : 1D;
19910 : 3D;
19911 : 3D;
19912 : 3D;
19913 : 3D;
19914 : 3D;
19915 : 3D;
19916 : 3D;
19917 : 3D;
19918 : 3D;
19919 : 3D;
19920 : 3D;
19921 : 1D;
19922 : 1D;
19923 : 1D;
19924 : 1D;
19925 : 1D;
19926 : 1D;
19927 : 1D;
19928 : 1D;
19929 : 1D;
19930 : 1D;
19931 : 3D;
19932 : 3D;
19933 : 3D;
19934 : 3D;
19935 : 3D;
19936 : 3D;
19937 : 3D;
19938 : 3D;
19939 : 3D;
19940 : 3D;
19941 : 1D;
19942 : 1D;
19943 : 1D;
19944 : 1D;
19945 : 1D;
19946 : 1D;
19947 : 1D;
19948 : 1D;
19949 : 1D;
19950 : 1D;
19951 : 3D;
19952 : 3D;
19953 : 3D;
19954 : 3D;
19955 : 3D;
19956 : 3D;
19957 : 3D;
19958 : 3D;
19959 : 3D;
19960 : 3D;
19961 : 1D;
19962 : 1D;
19963 : 1D;
19964 : 1D;
19965 : 1D;
19966 : 1D;
19967 : 1D;
19968 : 1D;
19969 : 1D;
19970 : 1D;
19971 : 3D;
19972 : 3D;
19973 : 3D;
19974 : 3D;
19975 : 3D;
19976 : 3D;
19977 : 3D;
19978 : 3D;
19979 : 3D;
19980 : 3D;
19981 : 1D;
19982 : 1D;
19983 : 1D;
19984 : 1D;
19985 : 1D;
19986 : 1D;
19987 : 1D;
19988 : 1D;
19989 : 1D;
19990 : 1D;
19991 : 3D;
19992 : 3D;
19993 : 3D;
19994 : 3D;
19995 : 3D;
19996 : 3D;
19997 : 3D;
19998 : 3D;
19999 : 3D;
20000 : 3D;
20001 : 1D;
20002 : 1D;
20003 : 1D;
20004 : 1D;
20005 : 1D;
20006 : 1D;
20007 : 1D;
20008 : 1D;
20009 : 1D;
20010 : 1D;
20011 : 3D;
20012 : 3D;
20013 : 3D;
20014 : 3D;
20015 : 3D;
20016 : 3D;
20017 : 3D;
20018 : 3D;
20019 : 3D;
20020 : 3D;
20021 : 1D;
20022 : 1D;
20023 : 1D;
20024 : 1D;
20025 : 1D;
20026 : 1D;
20027 : 1D;
20028 : 1D;
20029 : 1D;
20030 : 1D;
20031 : 1D;
20032 : 3D;
20033 : 3D;
20034 : 3D;
20035 : 3D;
20036 : 3D;
20037 : 3D;
20038 : 3D;
20039 : 3D;
20040 : 3D;
20041 : 3D;
20042 : 1D;
20043 : 1D;
20044 : 1D;
20045 : 1D;
20046 : 1D;
20047 : 1D;
20048 : 1D;
20049 : 1D;
20050 : 1D;
20051 : 1D;
20052 : 3D;
20053 : 3D;
20054 : 3D;
20055 : 3D;
20056 : 3D;
20057 : 3D;
20058 : 3D;
20059 : 3D;
20060 : 3D;
20061 : 3D;
20062 : 1D;
20063 : 1D;
20064 : 1D;
20065 : 1D;
20066 : 1D;
20067 : 1D;
20068 : 1D;
20069 : 1D;
20070 : 1D;
20071 : 1D;
20072 : 3D;
20073 : 3D;
20074 : 3D;
20075 : 3D;
20076 : 3D;
20077 : 3D;
20078 : 3D;
20079 : 3D;
20080 : 3D;
20081 : 3D;
20082 : 1D;
20083 : 1D;
20084 : 1D;
20085 : 1D;
20086 : 1D;
20087 : 1D;
20088 : 1D;
20089 : 1D;
20090 : 1D;
20091 : 1D;
20092 : 3D;
20093 : 3D;
20094 : 3D;
20095 : 3D;
20096 : 3D;
20097 : 3D;
20098 : 3D;
20099 : 3D;
20100 : 3D;
20101 : 3D;
20102 : 1D;
20103 : 1D;
20104 : 1D;
20105 : 1D;
20106 : 1D;
20107 : 1D;
20108 : 1D;
20109 : 1D;
20110 : 1D;
20111 : 1D;
20112 : 3D;
20113 : 3D;
20114 : 3D;
20115 : 3D;
20116 : 3D;
20117 : 3D;
20118 : 3D;
20119 : 3D;
20120 : 3D;
20121 : 3D;
20122 : 1D;
20123 : 1D;
20124 : 1D;
20125 : 1D;
20126 : 1D;
20127 : 1D;
20128 : 1D;
20129 : 1D;
20130 : 1D;
20131 : 1D;
20132 : 3D;
20133 : 3D;
20134 : 3D;
20135 : 3D;
20136 : 3D;
20137 : 3D;
20138 : 3D;
20139 : 3D;
20140 : 3D;
20141 : 3D;
20142 : 3D;
20143 : 1D;
20144 : 1D;
20145 : 1D;
20146 : 1D;
20147 : 1D;
20148 : 1D;
20149 : 1D;
20150 : 1D;
20151 : 1D;
20152 : 1D;
20153 : 14;
20154 : 14;
20155 : 14;
20156 : 14;
20157 : 14;
20158 : 14;
20159 : 14;
20160 : 10;
20161 : 10;
20162 : 10;
20163 : 10;
20164 : 10;
20165 : 10;
20166 : 10;
20167 : 10;
20168 : 10;
20169 : 10;
20170 : 3D;
20171 : 3D;
20172 : 3D;
20173 : 3D;
20174 : 3D;
20175 : 3D;
20176 : 3D;
20177 : 3D;
20178 : 3D;
20179 : 3D;
20180 : 1D;
20181 : 1D;
20182 : 1D;
20183 : 1D;
20184 : 1D;
20185 : 1D;
20186 : 1D;
20187 : 1D;
20188 : 1D;
20189 : 1D;
20190 : 3D;
20191 : 3D;
20192 : 3D;
20193 : 3D;
20194 : 3D;
20195 : 3D;
20196 : 3D;
20197 : 3D;
20198 : 3D;
20199 : 3D;
20200 : 1D;
20201 : 1D;
20202 : 1D;
20203 : 1D;
20204 : 1D;
20205 : 1D;
20206 : 1D;
20207 : 1D;
20208 : 1D;
20209 : 1D;
20210 : 3D;
20211 : 3D;
20212 : 3D;
20213 : 3D;
20214 : 3D;
20215 : 3D;
20216 : 3D;
20217 : 3D;
20218 : 3D;
20219 : 3D;
20220 : 1D;
20221 : 1D;
20222 : 1D;
20223 : 1D;
20224 : 1D;
20225 : 1D;
20226 : 1D;
20227 : 1D;
20228 : 1D;
20229 : 1D;
20230 : 3D;
20231 : 3D;
20232 : 3D;
20233 : 3D;
20234 : 3D;
20235 : 3D;
20236 : 3D;
20237 : 3D;
20238 : 3D;
20239 : 3D;
20240 : 3D;
20241 : 1D;
20242 : 1D;
20243 : 1D;
20244 : 1D;
20245 : 1D;
20246 : 1D;
20247 : 1D;
20248 : 1D;
20249 : 1D;
20250 : 1D;
20251 : 3D;
20252 : 3D;
20253 : 3D;
20254 : 3D;
20255 : 3D;
20256 : 3D;
20257 : 3D;
20258 : 3D;
20259 : 3D;
20260 : 3D;
20261 : 1D;
20262 : 1D;
20263 : 1D;
20264 : 1D;
20265 : 1D;
20266 : 1D;
20267 : 1D;
20268 : 1D;
20269 : 1D;
20270 : 1D;
20271 : 3D;
20272 : 3D;
20273 : 3D;
20274 : 3D;
20275 : 3D;
20276 : 3D;
20277 : 3D;
20278 : 3D;
20279 : 3D;
20280 : 3D;
20281 : 1D;
20282 : 1D;
20283 : 1D;
20284 : 1D;
20285 : 1D;
20286 : 1D;
20287 : 1D;
20288 : 1D;
20289 : 1D;
20290 : 1D;
20291 : 3D;
20292 : 3D;
20293 : 3D;
20294 : 3D;
20295 : 3D;
20296 : 3D;
20297 : 3D;
20298 : 3D;
20299 : 3D;
20300 : 3D;
20301 : 1D;
20302 : 1D;
20303 : 1D;
20304 : 1D;
20305 : 1D;
20306 : 1D;
20307 : 1D;
20308 : 1D;
20309 : 1D;
20310 : 1D;
20311 : 3D;
20312 : 3D;
20313 : 3D;
20314 : 3D;
20315 : 3D;
20316 : 3D;
20317 : 3D;
20318 : 3D;
20319 : 3D;
20320 : 3D;
20321 : 1D;
20322 : 1D;
20323 : 1D;
20324 : 1D;
20325 : 1D;
20326 : 1D;
20327 : 1D;
20328 : 1D;
20329 : 1D;
20330 : 1D;
20331 : 3D;
20332 : 3D;
20333 : 3D;
20334 : 3D;
20335 : 3D;
20336 : 3D;
20337 : 3D;
20338 : 3D;
20339 : 3D;
20340 : 3D;
20341 : 1D;
20342 : 1D;
20343 : 1D;
20344 : 1D;
20345 : 1D;
20346 : 1D;
20347 : 1D;
20348 : 1D;
20349 : 1D;
20350 : 1D;
20351 : 1D;
20352 : 3D;
20353 : 3D;
20354 : 3D;
20355 : 3D;
20356 : 3D;
20357 : 3D;
20358 : 3D;
20359 : 3D;
20360 : 3D;
20361 : 3D;
20362 : 1D;
20363 : 1D;
20364 : 1D;
20365 : 1D;
20366 : 1D;
20367 : 1D;
20368 : 1D;
20369 : 1D;
20370 : 1D;
20371 : 1D;
20372 : 3D;
20373 : 3D;
20374 : 3D;
20375 : 3D;
20376 : 3D;
20377 : 3D;
20378 : 3D;
20379 : 3D;
20380 : 3D;
20381 : 3D;
20382 : 1D;
20383 : 1D;
20384 : 1D;
20385 : 1D;
20386 : 1D;
20387 : 1D;
20388 : 1D;
20389 : 1D;
20390 : 1D;
20391 : 1D;
20392 : 3D;
20393 : 3D;
20394 : 3D;
20395 : 3D;
20396 : 3D;
20397 : 3D;
20398 : 3D;
20399 : 3D;
20400 : 3D;
20401 : 3D;
20402 : 1D;
20403 : 1D;
20404 : 1D;
20405 : 1D;
20406 : 1D;
20407 : 1D;
20408 : 1D;
20409 : 1D;
20410 : 1D;
20411 : 1D;
20412 : 3D;
20413 : 3D;
20414 : 3D;
20415 : 3D;
20416 : 3D;
20417 : 3D;
20418 : 3D;
20419 : 3D;
20420 : 3D;
20421 : 3D;
20422 : 1D;
20423 : 1D;
20424 : 1D;
20425 : 1D;
20426 : 1D;
20427 : 1D;
20428 : 1D;
20429 : 1D;
20430 : 1D;
20431 : 1D;
20432 : 3D;
20433 : 3D;
20434 : 3D;
20435 : 3D;
20436 : 3D;
20437 : 3D;
20438 : 3D;
20439 : 3D;
20440 : 3D;
20441 : 3D;
20442 : 1D;
20443 : 1D;
20444 : 1D;
20445 : 1D;
20446 : 1D;
20447 : 1D;
20448 : 1D;
20449 : 1D;
20450 : 1D;
20451 : 1D;
20452 : 3D;
20453 : 3D;
20454 : 3D;
20455 : 3D;
20456 : 3D;
20457 : 3D;
20458 : 3D;
20459 : 3D;
20460 : 3D;
20461 : 3D;
20462 : 3D;
20463 : 1D;
20464 : 1D;
20465 : 1D;
20466 : 1D;
20467 : 1D;
20468 : 1D;
20469 : 1D;
20470 : 1D;
20471 : 1D;
20472 : 1D;
20473 : 14;
20474 : 14;
20475 : 14;
20476 : 14;
20477 : 14;
20478 : 14;
20479 : 14;
20480 : 10;
20481 : 10;
20482 : 10;
20483 : 10;
20484 : 10;
20485 : 10;
20486 : 10;
20487 : 10;
20488 : 10;
20489 : 10;
20490 : 3D;
20491 : 3D;
20492 : 3D;
20493 : 3D;
20494 : 3D;
20495 : 3D;
20496 : 3D;
20497 : 3D;
20498 : 3D;
20499 : 3D;
20500 : 1D;
20501 : 1D;
20502 : 1D;
20503 : 1D;
20504 : 1D;
20505 : 1D;
20506 : 1D;
20507 : 1D;
20508 : 1D;
20509 : 1D;
20510 : 3D;
20511 : 3D;
20512 : 3D;
20513 : 3D;
20514 : 3D;
20515 : 3D;
20516 : 3D;
20517 : 3D;
20518 : 3D;
20519 : 3D;
20520 : 1D;
20521 : 1D;
20522 : 1D;
20523 : 1D;
20524 : 1D;
20525 : 1D;
20526 : 1D;
20527 : 1D;
20528 : 1D;
20529 : 1D;
20530 : 3D;
20531 : 3D;
20532 : 3D;
20533 : 3D;
20534 : 3D;
20535 : 3D;
20536 : 3D;
20537 : 3D;
20538 : 3D;
20539 : 3D;
20540 : 1D;
20541 : 1D;
20542 : 1D;
20543 : 1D;
20544 : 1D;
20545 : 1D;
20546 : 1D;
20547 : 1D;
20548 : 1D;
20549 : 1D;
20550 : 3D;
20551 : 3D;
20552 : 3D;
20553 : 3D;
20554 : 3D;
20555 : 3D;
20556 : 3D;
20557 : 3D;
20558 : 3D;
20559 : 3D;
20560 : 3D;
20561 : 1D;
20562 : 1D;
20563 : 1D;
20564 : 1D;
20565 : 1D;
20566 : 1D;
20567 : 1D;
20568 : 1D;
20569 : 1D;
20570 : 1D;
20571 : 3D;
20572 : 3D;
20573 : 3D;
20574 : 3D;
20575 : 3D;
20576 : 3D;
20577 : 3D;
20578 : 3D;
20579 : 3D;
20580 : 3D;
20581 : 1D;
20582 : 1D;
20583 : 1D;
20584 : 1D;
20585 : 1D;
20586 : 1D;
20587 : 1D;
20588 : 1D;
20589 : 1D;
20590 : 1D;
20591 : 3D;
20592 : 3D;
20593 : 3D;
20594 : 3D;
20595 : 3D;
20596 : 3D;
20597 : 3D;
20598 : 3D;
20599 : 3D;
20600 : 3D;
20601 : 1D;
20602 : 1D;
20603 : 1D;
20604 : 1D;
20605 : 1D;
20606 : 1D;
20607 : 1D;
20608 : 1D;
20609 : 1D;
20610 : 1D;
20611 : 3D;
20612 : 3D;
20613 : 3D;
20614 : 3D;
20615 : 3D;
20616 : 3D;
20617 : 3D;
20618 : 3D;
20619 : 3D;
20620 : 3D;
20621 : 1D;
20622 : 1D;
20623 : 1D;
20624 : 1D;
20625 : 1D;
20626 : 1D;
20627 : 1D;
20628 : 1D;
20629 : 1D;
20630 : 1D;
20631 : 3D;
20632 : 3D;
20633 : 3D;
20634 : 3D;
20635 : 3D;
20636 : 3D;
20637 : 3D;
20638 : 3D;
20639 : 3D;
20640 : 3D;
20641 : 1D;
20642 : 1D;
20643 : 1D;
20644 : 1D;
20645 : 1D;
20646 : 1D;
20647 : 1D;
20648 : 1D;
20649 : 1D;
20650 : 1D;
20651 : 3D;
20652 : 3D;
20653 : 3D;
20654 : 3D;
20655 : 3D;
20656 : 3D;
20657 : 3D;
20658 : 3D;
20659 : 3D;
20660 : 3D;
20661 : 1D;
20662 : 1D;
20663 : 1D;
20664 : 1D;
20665 : 1D;
20666 : 1D;
20667 : 1D;
20668 : 1D;
20669 : 1D;
20670 : 1D;
20671 : 1D;
20672 : 3D;
20673 : 3D;
20674 : 3D;
20675 : 3D;
20676 : 3D;
20677 : 3D;
20678 : 3D;
20679 : 3D;
20680 : 3D;
20681 : 3D;
20682 : 1D;
20683 : 1D;
20684 : 1D;
20685 : 1D;
20686 : 1D;
20687 : 1D;
20688 : 1D;
20689 : 1D;
20690 : 1D;
20691 : 1D;
20692 : 3D;
20693 : 3D;
20694 : 3D;
20695 : 3D;
20696 : 3D;
20697 : 3D;
20698 : 3D;
20699 : 3D;
20700 : 3D;
20701 : 3D;
20702 : 1D;
20703 : 1D;
20704 : 1D;
20705 : 1D;
20706 : 1D;
20707 : 1D;
20708 : 1D;
20709 : 1D;
20710 : 1D;
20711 : 1D;
20712 : 3D;
20713 : 3D;
20714 : 3D;
20715 : 3D;
20716 : 3D;
20717 : 3D;
20718 : 3D;
20719 : 3D;
20720 : 3D;
20721 : 3D;
20722 : 1D;
20723 : 1D;
20724 : 1D;
20725 : 1D;
20726 : 1D;
20727 : 1D;
20728 : 1D;
20729 : 1D;
20730 : 1D;
20731 : 1D;
20732 : 3D;
20733 : 3D;
20734 : 3D;
20735 : 3D;
20736 : 3D;
20737 : 3D;
20738 : 3D;
20739 : 3D;
20740 : 3D;
20741 : 3D;
20742 : 1D;
20743 : 1D;
20744 : 1D;
20745 : 1D;
20746 : 1D;
20747 : 1D;
20748 : 1D;
20749 : 1D;
20750 : 1D;
20751 : 1D;
20752 : 3D;
20753 : 3D;
20754 : 3D;
20755 : 3D;
20756 : 3D;
20757 : 3D;
20758 : 3D;
20759 : 3D;
20760 : 3D;
20761 : 3D;
20762 : 1D;
20763 : 1D;
20764 : 1D;
20765 : 1D;
20766 : 1D;
20767 : 1D;
20768 : 1D;
20769 : 1D;
20770 : 1D;
20771 : 1D;
20772 : 3D;
20773 : 3D;
20774 : 3D;
20775 : 3D;
20776 : 3D;
20777 : 3D;
20778 : 3D;
20779 : 3D;
20780 : 3D;
20781 : 3D;
20782 : 3D;
20783 : 1D;
20784 : 1D;
20785 : 1D;
20786 : 1D;
20787 : 1D;
20788 : 1D;
20789 : 1D;
20790 : 1D;
20791 : 1D;
20792 : 1D;
20793 : 14;
20794 : 14;
20795 : 14;
20796 : 14;
20797 : 14;
20798 : 14;
20799 : 14;
20800 : 10;
20801 : 10;
20802 : 10;
20803 : 10;
20804 : 10;
20805 : 10;
20806 : 10;
20807 : 10;
20808 : 10;
20809 : 10;
20810 : 3D;
20811 : 3D;
20812 : 3D;
20813 : 3D;
20814 : 3D;
20815 : 3D;
20816 : 3D;
20817 : 3D;
20818 : 3D;
20819 : 3D;
20820 : 1D;
20821 : 1D;
20822 : 1D;
20823 : 1D;
20824 : 1D;
20825 : 1D;
20826 : 1D;
20827 : 1D;
20828 : 1D;
20829 : 1D;
20830 : 3D;
20831 : 3D;
20832 : 3D;
20833 : 3D;
20834 : 3D;
20835 : 3D;
20836 : 3D;
20837 : 3D;
20838 : 3D;
20839 : 3D;
20840 : 1D;
20841 : 1D;
20842 : 1D;
20843 : 1D;
20844 : 1D;
20845 : 1D;
20846 : 1D;
20847 : 1D;
20848 : 1D;
20849 : 1D;
20850 : 3D;
20851 : 3D;
20852 : 3D;
20853 : 3D;
20854 : 3D;
20855 : 3D;
20856 : 3D;
20857 : 3D;
20858 : 3D;
20859 : 3D;
20860 : 1D;
20861 : 1D;
20862 : 1D;
20863 : 1D;
20864 : 1D;
20865 : 1D;
20866 : 1D;
20867 : 1D;
20868 : 1D;
20869 : 1D;
20870 : 3D;
20871 : 3D;
20872 : 3D;
20873 : 3D;
20874 : 3D;
20875 : 3D;
20876 : 3D;
20877 : 3D;
20878 : 3D;
20879 : 3D;
20880 : 3D;
20881 : 1D;
20882 : 1D;
20883 : 1D;
20884 : 1D;
20885 : 1D;
20886 : 1D;
20887 : 1D;
20888 : 1D;
20889 : 1D;
20890 : 1D;
20891 : 3D;
20892 : 3D;
20893 : 3D;
20894 : 3D;
20895 : 3D;
20896 : 3D;
20897 : 3D;
20898 : 3D;
20899 : 3D;
20900 : 3D;
20901 : 1D;
20902 : 1D;
20903 : 1D;
20904 : 1D;
20905 : 1D;
20906 : 1D;
20907 : 1D;
20908 : 1D;
20909 : 1D;
20910 : 1D;
20911 : 3D;
20912 : 3D;
20913 : 3D;
20914 : 3D;
20915 : 3D;
20916 : 3D;
20917 : 3D;
20918 : 3D;
20919 : 3D;
20920 : 3D;
20921 : 1D;
20922 : 1D;
20923 : 1D;
20924 : 1D;
20925 : 1D;
20926 : 1D;
20927 : 1D;
20928 : 1D;
20929 : 1D;
20930 : 1D;
20931 : 3D;
20932 : 3D;
20933 : 3D;
20934 : 3D;
20935 : 3D;
20936 : 3D;
20937 : 3D;
20938 : 3D;
20939 : 3D;
20940 : 3D;
20941 : 1D;
20942 : 1D;
20943 : 1D;
20944 : 1D;
20945 : 1D;
20946 : 1D;
20947 : 1D;
20948 : 1D;
20949 : 1D;
20950 : 1D;
20951 : 3D;
20952 : 3D;
20953 : 3D;
20954 : 3D;
20955 : 3D;
20956 : 3D;
20957 : 3D;
20958 : 3D;
20959 : 3D;
20960 : 3D;
20961 : 1D;
20962 : 1D;
20963 : 1D;
20964 : 1D;
20965 : 1D;
20966 : 1D;
20967 : 1D;
20968 : 1D;
20969 : 1D;
20970 : 1D;
20971 : 3D;
20972 : 3D;
20973 : 3D;
20974 : 3D;
20975 : 3D;
20976 : 3D;
20977 : 3D;
20978 : 3D;
20979 : 3D;
20980 : 3D;
20981 : 1D;
20982 : 1D;
20983 : 1D;
20984 : 1D;
20985 : 1D;
20986 : 1D;
20987 : 1D;
20988 : 1D;
20989 : 1D;
20990 : 1D;
20991 : 1D;
20992 : 3D;
20993 : 3D;
20994 : 3D;
20995 : 3D;
20996 : 3D;
20997 : 3D;
20998 : 3D;
20999 : 3D;
21000 : 3D;
21001 : 3D;
21002 : 1D;
21003 : 1D;
21004 : 1D;
21005 : 1D;
21006 : 1D;
21007 : 1D;
21008 : 1D;
21009 : 1D;
21010 : 1D;
21011 : 1D;
21012 : 3D;
21013 : 3D;
21014 : 3D;
21015 : 3D;
21016 : 3D;
21017 : 3D;
21018 : 3D;
21019 : 3D;
21020 : 3D;
21021 : 3D;
21022 : 1D;
21023 : 1D;
21024 : 1D;
21025 : 1D;
21026 : 1D;
21027 : 1D;
21028 : 1D;
21029 : 1D;
21030 : 1D;
21031 : 1D;
21032 : 3D;
21033 : 3D;
21034 : 3D;
21035 : 3D;
21036 : 3D;
21037 : 3D;
21038 : 3D;
21039 : 3D;
21040 : 3D;
21041 : 3D;
21042 : 1D;
21043 : 1D;
21044 : 1D;
21045 : 1D;
21046 : 1D;
21047 : 1D;
21048 : 1D;
21049 : 1D;
21050 : 1D;
21051 : 1D;
21052 : 3D;
21053 : 3D;
21054 : 3D;
21055 : 3D;
21056 : 3D;
21057 : 3D;
21058 : 3D;
21059 : 3D;
21060 : 3D;
21061 : 3D;
21062 : 1D;
21063 : 1D;
21064 : 1D;
21065 : 1D;
21066 : 1D;
21067 : 1D;
21068 : 1D;
21069 : 1D;
21070 : 1D;
21071 : 1D;
21072 : 3D;
21073 : 3D;
21074 : 3D;
21075 : 3D;
21076 : 3D;
21077 : 3D;
21078 : 3D;
21079 : 3D;
21080 : 3D;
21081 : 3D;
21082 : 1D;
21083 : 1D;
21084 : 1D;
21085 : 1D;
21086 : 1D;
21087 : 1D;
21088 : 1D;
21089 : 1D;
21090 : 1D;
21091 : 1D;
21092 : 3D;
21093 : 3D;
21094 : 3D;
21095 : 3D;
21096 : 3D;
21097 : 3D;
21098 : 3D;
21099 : 3D;
21100 : 3D;
21101 : 3D;
21102 : 3D;
21103 : 1D;
21104 : 1D;
21105 : 1D;
21106 : 1D;
21107 : 1D;
21108 : 1D;
21109 : 1D;
21110 : 1D;
21111 : 1D;
21112 : 1D;
21113 : 14;
21114 : 14;
21115 : 14;
21116 : 14;
21117 : 14;
21118 : 14;
21119 : 14;
21120 : 10;
21121 : 10;
21122 : 10;
21123 : 10;
21124 : 10;
21125 : 10;
21126 : 10;
21127 : 10;
21128 : 10;
21129 : 10;
21130 : 3D;
21131 : 3D;
21132 : 3D;
21133 : 3D;
21134 : 3D;
21135 : 3D;
21136 : 3D;
21137 : 3D;
21138 : 3D;
21139 : 3D;
21140 : 1D;
21141 : 1D;
21142 : 1D;
21143 : 1D;
21144 : 1D;
21145 : 1D;
21146 : 1D;
21147 : 1D;
21148 : 1D;
21149 : 1D;
21150 : 3D;
21151 : 3D;
21152 : 3D;
21153 : 3D;
21154 : 3D;
21155 : 3D;
21156 : 3D;
21157 : 3D;
21158 : 3D;
21159 : 3D;
21160 : 1D;
21161 : 1D;
21162 : 1D;
21163 : 1D;
21164 : 1D;
21165 : 1D;
21166 : 1D;
21167 : 1D;
21168 : 1D;
21169 : 1D;
21170 : 3D;
21171 : 3D;
21172 : 3D;
21173 : 3D;
21174 : 3D;
21175 : 3D;
21176 : 3D;
21177 : 3D;
21178 : 3D;
21179 : 3D;
21180 : 1D;
21181 : 1D;
21182 : 1D;
21183 : 1D;
21184 : 1D;
21185 : 1D;
21186 : 1D;
21187 : 1D;
21188 : 1D;
21189 : 1D;
21190 : 3D;
21191 : 3D;
21192 : 3D;
21193 : 3D;
21194 : 3D;
21195 : 3D;
21196 : 3D;
21197 : 3D;
21198 : 3D;
21199 : 3D;
21200 : 3D;
21201 : 1D;
21202 : 1D;
21203 : 1D;
21204 : 1D;
21205 : 1D;
21206 : 1D;
21207 : 1D;
21208 : 1D;
21209 : 1D;
21210 : 1D;
21211 : 3D;
21212 : 3D;
21213 : 3D;
21214 : 3D;
21215 : 3D;
21216 : 3D;
21217 : 3D;
21218 : 3D;
21219 : 3D;
21220 : 3D;
21221 : 1D;
21222 : 1D;
21223 : 1D;
21224 : 1D;
21225 : 1D;
21226 : 1D;
21227 : 1D;
21228 : 1D;
21229 : 1D;
21230 : 1D;
21231 : 3D;
21232 : 3D;
21233 : 3D;
21234 : 3D;
21235 : 3D;
21236 : 3D;
21237 : 3D;
21238 : 3D;
21239 : 3D;
21240 : 3D;
21241 : 1D;
21242 : 1D;
21243 : 1D;
21244 : 1D;
21245 : 1D;
21246 : 1D;
21247 : 1D;
21248 : 1D;
21249 : 1D;
21250 : 1D;
21251 : 3D;
21252 : 3D;
21253 : 3D;
21254 : 3D;
21255 : 3D;
21256 : 3D;
21257 : 3D;
21258 : 3D;
21259 : 3D;
21260 : 3D;
21261 : 1D;
21262 : 1D;
21263 : 1D;
21264 : 1D;
21265 : 1D;
21266 : 1D;
21267 : 1D;
21268 : 1D;
21269 : 1D;
21270 : 1D;
21271 : 3D;
21272 : 3D;
21273 : 3D;
21274 : 3D;
21275 : 3D;
21276 : 3D;
21277 : 3D;
21278 : 3D;
21279 : 3D;
21280 : 3D;
21281 : 1D;
21282 : 1D;
21283 : 1D;
21284 : 1D;
21285 : 1D;
21286 : 1D;
21287 : 1D;
21288 : 1D;
21289 : 1D;
21290 : 1D;
21291 : 3D;
21292 : 3D;
21293 : 3D;
21294 : 3D;
21295 : 3D;
21296 : 3D;
21297 : 3D;
21298 : 3D;
21299 : 3D;
21300 : 3D;
21301 : 1D;
21302 : 1D;
21303 : 1D;
21304 : 1D;
21305 : 1D;
21306 : 1D;
21307 : 1D;
21308 : 1D;
21309 : 1D;
21310 : 1D;
21311 : 1D;
21312 : 3D;
21313 : 3D;
21314 : 3D;
21315 : 3D;
21316 : 3D;
21317 : 3D;
21318 : 3D;
21319 : 3D;
21320 : 3D;
21321 : 3D;
21322 : 1D;
21323 : 1D;
21324 : 1D;
21325 : 1D;
21326 : 1D;
21327 : 1D;
21328 : 1D;
21329 : 1D;
21330 : 1D;
21331 : 1D;
21332 : 3D;
21333 : 3D;
21334 : 3D;
21335 : 3D;
21336 : 3D;
21337 : 3D;
21338 : 3D;
21339 : 3D;
21340 : 3D;
21341 : 3D;
21342 : 1D;
21343 : 1D;
21344 : 1D;
21345 : 1D;
21346 : 1D;
21347 : 1D;
21348 : 1D;
21349 : 1D;
21350 : 1D;
21351 : 1D;
21352 : 3D;
21353 : 3D;
21354 : 3D;
21355 : 3D;
21356 : 3D;
21357 : 3D;
21358 : 3D;
21359 : 3D;
21360 : 3D;
21361 : 3D;
21362 : 1D;
21363 : 1D;
21364 : 1D;
21365 : 1D;
21366 : 1D;
21367 : 1D;
21368 : 1D;
21369 : 1D;
21370 : 1D;
21371 : 1D;
21372 : 3D;
21373 : 3D;
21374 : 3D;
21375 : 3D;
21376 : 3D;
21377 : 3D;
21378 : 3D;
21379 : 3D;
21380 : 3D;
21381 : 3D;
21382 : 1D;
21383 : 1D;
21384 : 1D;
21385 : 1D;
21386 : 1D;
21387 : 1D;
21388 : 1D;
21389 : 1D;
21390 : 1D;
21391 : 1D;
21392 : 3D;
21393 : 3D;
21394 : 3D;
21395 : 3D;
21396 : 3D;
21397 : 3D;
21398 : 3D;
21399 : 3D;
21400 : 3D;
21401 : 3D;
21402 : 1D;
21403 : 1D;
21404 : 1D;
21405 : 1D;
21406 : 1D;
21407 : 1D;
21408 : 1D;
21409 : 1D;
21410 : 1D;
21411 : 1D;
21412 : 3D;
21413 : 3D;
21414 : 3D;
21415 : 3D;
21416 : 3D;
21417 : 3D;
21418 : 3D;
21419 : 3D;
21420 : 3D;
21421 : 3D;
21422 : 3D;
21423 : 1D;
21424 : 1D;
21425 : 1D;
21426 : 1D;
21427 : 1D;
21428 : 1D;
21429 : 1D;
21430 : 1D;
21431 : 1D;
21432 : 1D;
21433 : 14;
21434 : 14;
21435 : 14;
21436 : 14;
21437 : 14;
21438 : 14;
21439 : 14;
21440 : 10;
21441 : 10;
21442 : 10;
21443 : 10;
21444 : 10;
21445 : 10;
21446 : 10;
21447 : 10;
21448 : 10;
21449 : 10;
21450 : 3D;
21451 : 3D;
21452 : 3D;
21453 : 3D;
21454 : 3D;
21455 : 3D;
21456 : 3D;
21457 : 3D;
21458 : 3D;
21459 : 3D;
21460 : 1D;
21461 : 1D;
21462 : 1D;
21463 : 1D;
21464 : 1D;
21465 : 1D;
21466 : 1D;
21467 : 1D;
21468 : 1D;
21469 : 1D;
21470 : 3D;
21471 : 3D;
21472 : 3D;
21473 : 3D;
21474 : 3D;
21475 : 3D;
21476 : 3D;
21477 : 3D;
21478 : 3D;
21479 : 3D;
21480 : 1D;
21481 : 1D;
21482 : 1D;
21483 : 1D;
21484 : 1D;
21485 : 1D;
21486 : 1D;
21487 : 1D;
21488 : 1D;
21489 : 1D;
21490 : 3D;
21491 : 3D;
21492 : 3D;
21493 : 3D;
21494 : 3D;
21495 : 3D;
21496 : 3D;
21497 : 3D;
21498 : 3D;
21499 : 3D;
21500 : 1D;
21501 : 1D;
21502 : 1D;
21503 : 1D;
21504 : 1D;
21505 : 1D;
21506 : 1D;
21507 : 1D;
21508 : 1D;
21509 : 1D;
21510 : 3D;
21511 : 3D;
21512 : 3D;
21513 : 3D;
21514 : 3D;
21515 : 3D;
21516 : 3D;
21517 : 3D;
21518 : 3D;
21519 : 3D;
21520 : 3D;
21521 : 1D;
21522 : 1D;
21523 : 1D;
21524 : 1D;
21525 : 1D;
21526 : 1D;
21527 : 1D;
21528 : 1D;
21529 : 1D;
21530 : 1D;
21531 : 3D;
21532 : 3D;
21533 : 3D;
21534 : 3D;
21535 : 3D;
21536 : 3D;
21537 : 3D;
21538 : 3D;
21539 : 3D;
21540 : 3D;
21541 : 1D;
21542 : 1D;
21543 : 1D;
21544 : 1D;
21545 : 1D;
21546 : 1D;
21547 : 1D;
21548 : 1D;
21549 : 1D;
21550 : 1D;
21551 : 3D;
21552 : 3D;
21553 : 3D;
21554 : 3D;
21555 : 3D;
21556 : 3D;
21557 : 3D;
21558 : 3D;
21559 : 3D;
21560 : 3D;
21561 : 1D;
21562 : 1D;
21563 : 1D;
21564 : 1D;
21565 : 1D;
21566 : 1D;
21567 : 1D;
21568 : 1D;
21569 : 1D;
21570 : 1D;
21571 : 3D;
21572 : 3D;
21573 : 3D;
21574 : 3D;
21575 : 3D;
21576 : 3D;
21577 : 3D;
21578 : 3D;
21579 : 3D;
21580 : 3D;
21581 : 1D;
21582 : 1D;
21583 : 1D;
21584 : 1D;
21585 : 1D;
21586 : 1D;
21587 : 1D;
21588 : 1D;
21589 : 1D;
21590 : 1D;
21591 : 3D;
21592 : 3D;
21593 : 3D;
21594 : 3D;
21595 : 3D;
21596 : 3D;
21597 : 3D;
21598 : 3D;
21599 : 3D;
21600 : 3D;
21601 : 1D;
21602 : 1D;
21603 : 1D;
21604 : 1D;
21605 : 1D;
21606 : 1D;
21607 : 1D;
21608 : 1D;
21609 : 1D;
21610 : 1D;
21611 : 3D;
21612 : 3D;
21613 : 3D;
21614 : 3D;
21615 : 3D;
21616 : 3D;
21617 : 3D;
21618 : 3D;
21619 : 3D;
21620 : 3D;
21621 : 1D;
21622 : 1D;
21623 : 1D;
21624 : 1D;
21625 : 1D;
21626 : 1D;
21627 : 1D;
21628 : 1D;
21629 : 1D;
21630 : 1D;
21631 : 1D;
21632 : 3D;
21633 : 3D;
21634 : 3D;
21635 : 3D;
21636 : 3D;
21637 : 3D;
21638 : 3D;
21639 : 3D;
21640 : 3D;
21641 : 3D;
21642 : 1D;
21643 : 1D;
21644 : 1D;
21645 : 1D;
21646 : 1D;
21647 : 1D;
21648 : 1D;
21649 : 1D;
21650 : 1D;
21651 : 1D;
21652 : 3D;
21653 : 3D;
21654 : 3D;
21655 : 3D;
21656 : 3D;
21657 : 3D;
21658 : 3D;
21659 : 3D;
21660 : 3D;
21661 : 3D;
21662 : 1D;
21663 : 1D;
21664 : 1D;
21665 : 1D;
21666 : 1D;
21667 : 1D;
21668 : 1D;
21669 : 1D;
21670 : 1D;
21671 : 1D;
21672 : 3D;
21673 : 3D;
21674 : 3D;
21675 : 3D;
21676 : 3D;
21677 : 3D;
21678 : 3D;
21679 : 3D;
21680 : 3D;
21681 : 3D;
21682 : 1D;
21683 : 1D;
21684 : 1D;
21685 : 1D;
21686 : 1D;
21687 : 1D;
21688 : 1D;
21689 : 1D;
21690 : 1D;
21691 : 1D;
21692 : 3D;
21693 : 3D;
21694 : 3D;
21695 : 3D;
21696 : 3D;
21697 : 3D;
21698 : 3D;
21699 : 3D;
21700 : 3D;
21701 : 3D;
21702 : 1D;
21703 : 1D;
21704 : 1D;
21705 : 1D;
21706 : 1D;
21707 : 1D;
21708 : 1D;
21709 : 1D;
21710 : 1D;
21711 : 1D;
21712 : 3D;
21713 : 3D;
21714 : 3D;
21715 : 3D;
21716 : 3D;
21717 : 3D;
21718 : 3D;
21719 : 3D;
21720 : 3D;
21721 : 3D;
21722 : 1D;
21723 : 1D;
21724 : 1D;
21725 : 1D;
21726 : 1D;
21727 : 1D;
21728 : 1D;
21729 : 1D;
21730 : 1D;
21731 : 1D;
21732 : 3D;
21733 : 3D;
21734 : 3D;
21735 : 3D;
21736 : 3D;
21737 : 3D;
21738 : 3D;
21739 : 3D;
21740 : 3D;
21741 : 3D;
21742 : 3D;
21743 : 1D;
21744 : 1D;
21745 : 1D;
21746 : 1D;
21747 : 1D;
21748 : 1D;
21749 : 1D;
21750 : 1D;
21751 : 1D;
21752 : 1D;
21753 : 14;
21754 : 14;
21755 : 14;
21756 : 14;
21757 : 14;
21758 : 14;
21759 : 14;
21760 : 10;
21761 : 10;
21762 : 10;
21763 : 10;
21764 : 10;
21765 : 10;
21766 : 10;
21767 : 10;
21768 : 10;
21769 : 10;
21770 : 3D;
21771 : 3D;
21772 : 3D;
21773 : 3D;
21774 : 3D;
21775 : 3D;
21776 : 3D;
21777 : 3D;
21778 : 3D;
21779 : 3D;
21780 : 1D;
21781 : 1D;
21782 : 1D;
21783 : 1D;
21784 : 1D;
21785 : 1D;
21786 : 1D;
21787 : 1D;
21788 : 1D;
21789 : 1D;
21790 : 3D;
21791 : 3D;
21792 : 3D;
21793 : 3D;
21794 : 3D;
21795 : 3D;
21796 : 3D;
21797 : 3D;
21798 : 3D;
21799 : 3D;
21800 : 1D;
21801 : 1D;
21802 : 1D;
21803 : 1D;
21804 : 1D;
21805 : 1D;
21806 : 1D;
21807 : 1D;
21808 : 1D;
21809 : 1D;
21810 : 3D;
21811 : 3D;
21812 : 3D;
21813 : 3D;
21814 : 3D;
21815 : 3D;
21816 : 3D;
21817 : 3D;
21818 : 3D;
21819 : 3D;
21820 : 1D;
21821 : 1D;
21822 : 1D;
21823 : 1D;
21824 : 1D;
21825 : 1D;
21826 : 1D;
21827 : 1D;
21828 : 1D;
21829 : 1D;
21830 : 3D;
21831 : 3D;
21832 : 3D;
21833 : 3D;
21834 : 3D;
21835 : 3D;
21836 : 3D;
21837 : 3D;
21838 : 3D;
21839 : 3D;
21840 : 3D;
21841 : 1D;
21842 : 1D;
21843 : 1D;
21844 : 1D;
21845 : 1D;
21846 : 1D;
21847 : 1D;
21848 : 1D;
21849 : 1D;
21850 : 1D;
21851 : 3D;
21852 : 3D;
21853 : 3D;
21854 : 3D;
21855 : 3D;
21856 : 3D;
21857 : 3D;
21858 : 3D;
21859 : 3D;
21860 : 3D;
21861 : 1D;
21862 : 1D;
21863 : 1D;
21864 : 1D;
21865 : 1D;
21866 : 1D;
21867 : 1D;
21868 : 1D;
21869 : 1D;
21870 : 1D;
21871 : 3D;
21872 : 3D;
21873 : 3D;
21874 : 3D;
21875 : 3D;
21876 : 3D;
21877 : 3D;
21878 : 3D;
21879 : 3D;
21880 : 3D;
21881 : 1D;
21882 : 1D;
21883 : 1D;
21884 : 1D;
21885 : 1D;
21886 : 1D;
21887 : 1D;
21888 : 1D;
21889 : 1D;
21890 : 1D;
21891 : 3D;
21892 : 3D;
21893 : 3D;
21894 : 3D;
21895 : 3D;
21896 : 3D;
21897 : 3D;
21898 : 3D;
21899 : 3D;
21900 : 3D;
21901 : 1D;
21902 : 1D;
21903 : 1D;
21904 : 1D;
21905 : 1D;
21906 : 1D;
21907 : 1D;
21908 : 1D;
21909 : 1D;
21910 : 1D;
21911 : 3D;
21912 : 3D;
21913 : 3D;
21914 : 3D;
21915 : 3D;
21916 : 3D;
21917 : 3D;
21918 : 3D;
21919 : 3D;
21920 : 3D;
21921 : 1D;
21922 : 1D;
21923 : 1D;
21924 : 1D;
21925 : 1D;
21926 : 1D;
21927 : 1D;
21928 : 1D;
21929 : 1D;
21930 : 1D;
21931 : 3D;
21932 : 3D;
21933 : 3D;
21934 : 3D;
21935 : 3D;
21936 : 3D;
21937 : 3D;
21938 : 3D;
21939 : 3D;
21940 : 3D;
21941 : 1D;
21942 : 1D;
21943 : 1D;
21944 : 1D;
21945 : 1D;
21946 : 1D;
21947 : 1D;
21948 : 1D;
21949 : 1D;
21950 : 1D;
21951 : 1D;
21952 : 3D;
21953 : 3D;
21954 : 3D;
21955 : 3D;
21956 : 3D;
21957 : 3D;
21958 : 3D;
21959 : 3D;
21960 : 3D;
21961 : 3D;
21962 : 1D;
21963 : 1D;
21964 : 1D;
21965 : 1D;
21966 : 1D;
21967 : 1D;
21968 : 1D;
21969 : 1D;
21970 : 1D;
21971 : 1D;
21972 : 3D;
21973 : 3D;
21974 : 3D;
21975 : 3D;
21976 : 3D;
21977 : 3D;
21978 : 3D;
21979 : 3D;
21980 : 3D;
21981 : 3D;
21982 : 1D;
21983 : 1D;
21984 : 1D;
21985 : 1D;
21986 : 1D;
21987 : 1D;
21988 : 1D;
21989 : 1D;
21990 : 1D;
21991 : 1D;
21992 : 3D;
21993 : 3D;
21994 : 3D;
21995 : 3D;
21996 : 3D;
21997 : 3D;
21998 : 3D;
21999 : 3D;
22000 : 3D;
22001 : 3D;
22002 : 1D;
22003 : 1D;
22004 : 1D;
22005 : 1D;
22006 : 1D;
22007 : 1D;
22008 : 1D;
22009 : 1D;
22010 : 1D;
22011 : 1D;
22012 : 3D;
22013 : 3D;
22014 : 3D;
22015 : 3D;
22016 : 3D;
22017 : 3D;
22018 : 3D;
22019 : 3D;
22020 : 3D;
22021 : 3D;
22022 : 1D;
22023 : 1D;
22024 : 1D;
22025 : 1D;
22026 : 1D;
22027 : 1D;
22028 : 1D;
22029 : 1D;
22030 : 1D;
22031 : 1D;
22032 : 3D;
22033 : 3D;
22034 : 3D;
22035 : 3D;
22036 : 3D;
22037 : 3D;
22038 : 3D;
22039 : 3D;
22040 : 3D;
22041 : 3D;
22042 : 1D;
22043 : 1D;
22044 : 1D;
22045 : 1D;
22046 : 1D;
22047 : 1D;
22048 : 1D;
22049 : 1D;
22050 : 1D;
22051 : 1D;
22052 : 3D;
22053 : 3D;
22054 : 3D;
22055 : 3D;
22056 : 3D;
22057 : 3D;
22058 : 3D;
22059 : 3D;
22060 : 3D;
22061 : 3D;
22062 : 3D;
22063 : 1D;
22064 : 1D;
22065 : 1D;
22066 : 1D;
22067 : 1D;
22068 : 1D;
22069 : 1D;
22070 : 1D;
22071 : 1D;
22072 : 1D;
22073 : 14;
22074 : 14;
22075 : 14;
22076 : 14;
22077 : 14;
22078 : 14;
22079 : 14;
22080 : 10;
22081 : 10;
22082 : 10;
22083 : 10;
22084 : 10;
22085 : 10;
22086 : 10;
22087 : 10;
22088 : 10;
22089 : 10;
22090 : 3D;
22091 : 3D;
22092 : 3D;
22093 : 3D;
22094 : 3D;
22095 : 3D;
22096 : 3D;
22097 : 3D;
22098 : 3D;
22099 : 3D;
22100 : 1D;
22101 : 1D;
22102 : 1D;
22103 : 1D;
22104 : 1D;
22105 : 1D;
22106 : 1D;
22107 : 1D;
22108 : 1D;
22109 : 1D;
22110 : 3D;
22111 : 3D;
22112 : 3D;
22113 : 3D;
22114 : 3D;
22115 : 3D;
22116 : 3D;
22117 : 3D;
22118 : 3D;
22119 : 3D;
22120 : 1D;
22121 : 1D;
22122 : 1D;
22123 : 1D;
22124 : 1D;
22125 : 1D;
22126 : 1D;
22127 : 1D;
22128 : 1D;
22129 : 1D;
22130 : 3D;
22131 : 3D;
22132 : 3D;
22133 : 3D;
22134 : 3D;
22135 : 3D;
22136 : 3D;
22137 : 3D;
22138 : 3D;
22139 : 3D;
22140 : 1D;
22141 : 1D;
22142 : 1D;
22143 : 1D;
22144 : 1D;
22145 : 1D;
22146 : 1D;
22147 : 1D;
22148 : 1D;
22149 : 1D;
22150 : 3D;
22151 : 3D;
22152 : 3D;
22153 : 3D;
22154 : 3D;
22155 : 3D;
22156 : 3D;
22157 : 3D;
22158 : 3D;
22159 : 3D;
22160 : 3D;
22161 : 1D;
22162 : 1D;
22163 : 1D;
22164 : 1D;
22165 : 1D;
22166 : 1D;
22167 : 1D;
22168 : 1D;
22169 : 1D;
22170 : 1D;
22171 : 3D;
22172 : 3D;
22173 : 3D;
22174 : 3D;
22175 : 3D;
22176 : 3D;
22177 : 3D;
22178 : 3D;
22179 : 3D;
22180 : 3D;
22181 : 1D;
22182 : 1D;
22183 : 1D;
22184 : 1D;
22185 : 1D;
22186 : 1D;
22187 : 1D;
22188 : 1D;
22189 : 1D;
22190 : 1D;
22191 : 3D;
22192 : 3D;
22193 : 3D;
22194 : 3D;
22195 : 3D;
22196 : 3D;
22197 : 3D;
22198 : 3D;
22199 : 3D;
22200 : 3D;
22201 : 1D;
22202 : 1D;
22203 : 1D;
22204 : 1D;
22205 : 1D;
22206 : 1D;
22207 : 1D;
22208 : 1D;
22209 : 1D;
22210 : 1D;
22211 : 3D;
22212 : 3D;
22213 : 3D;
22214 : 3D;
22215 : 3D;
22216 : 3D;
22217 : 3D;
22218 : 3D;
22219 : 3D;
22220 : 3D;
22221 : 1D;
22222 : 1D;
22223 : 1D;
22224 : 1D;
22225 : 1D;
22226 : 1D;
22227 : 1D;
22228 : 1D;
22229 : 1D;
22230 : 1D;
22231 : 3D;
22232 : 3D;
22233 : 3D;
22234 : 3D;
22235 : 3D;
22236 : 3D;
22237 : 3D;
22238 : 3D;
22239 : 3D;
22240 : 3D;
22241 : 1D;
22242 : 1D;
22243 : 1D;
22244 : 1D;
22245 : 1D;
22246 : 1D;
22247 : 1D;
22248 : 1D;
22249 : 1D;
22250 : 1D;
22251 : 3D;
22252 : 3D;
22253 : 3D;
22254 : 3D;
22255 : 3D;
22256 : 3D;
22257 : 3D;
22258 : 3D;
22259 : 3D;
22260 : 3D;
22261 : 1D;
22262 : 1D;
22263 : 1D;
22264 : 1D;
22265 : 1D;
22266 : 1D;
22267 : 1D;
22268 : 1D;
22269 : 1D;
22270 : 1D;
22271 : 1D;
22272 : 3D;
22273 : 3D;
22274 : 3D;
22275 : 3D;
22276 : 3D;
22277 : 3D;
22278 : 3D;
22279 : 3D;
22280 : 3D;
22281 : 3D;
22282 : 1D;
22283 : 1D;
22284 : 1D;
22285 : 1D;
22286 : 1D;
22287 : 1D;
22288 : 1D;
22289 : 1D;
22290 : 1D;
22291 : 1D;
22292 : 3D;
22293 : 3D;
22294 : 3D;
22295 : 3D;
22296 : 3D;
22297 : 3D;
22298 : 3D;
22299 : 3D;
22300 : 3D;
22301 : 3D;
22302 : 1D;
22303 : 1D;
22304 : 1D;
22305 : 1D;
22306 : 1D;
22307 : 1D;
22308 : 1D;
22309 : 1D;
22310 : 1D;
22311 : 1D;
22312 : 3D;
22313 : 3D;
22314 : 3D;
22315 : 3D;
22316 : 3D;
22317 : 3D;
22318 : 3D;
22319 : 3D;
22320 : 3D;
22321 : 3D;
22322 : 1D;
22323 : 1D;
22324 : 1D;
22325 : 1D;
22326 : 1D;
22327 : 1D;
22328 : 1D;
22329 : 1D;
22330 : 1D;
22331 : 1D;
22332 : 3D;
22333 : 3D;
22334 : 3D;
22335 : 3D;
22336 : 3D;
22337 : 3D;
22338 : 3D;
22339 : 3D;
22340 : 3D;
22341 : 3D;
22342 : 1D;
22343 : 1D;
22344 : 1D;
22345 : 1D;
22346 : 1D;
22347 : 1D;
22348 : 1D;
22349 : 1D;
22350 : 1D;
22351 : 1D;
22352 : 3D;
22353 : 3D;
22354 : 3D;
22355 : 3D;
22356 : 3D;
22357 : 3D;
22358 : 3D;
22359 : 3D;
22360 : 3D;
22361 : 3D;
22362 : 1D;
22363 : 1D;
22364 : 1D;
22365 : 1D;
22366 : 1D;
22367 : 1D;
22368 : 1D;
22369 : 1D;
22370 : 1D;
22371 : 1D;
22372 : 3D;
22373 : 3D;
22374 : 3D;
22375 : 3D;
22376 : 3D;
22377 : 3D;
22378 : 3D;
22379 : 3D;
22380 : 3D;
22381 : 3D;
22382 : 3D;
22383 : 1D;
22384 : 1D;
22385 : 1D;
22386 : 1D;
22387 : 1D;
22388 : 1D;
22389 : 1D;
22390 : 1D;
22391 : 1D;
22392 : 1D;
22393 : 14;
22394 : 14;
22395 : 14;
22396 : 14;
22397 : 14;
22398 : 14;
22399 : 14;
22400 : 14;
22401 : 14;
22402 : 14;
22403 : 14;
22404 : 14;
22405 : 14;
22406 : 14;
22407 : 14;
22408 : 14;
22409 : 14;
22410 : 1D;
22411 : 1D;
22412 : 1D;
22413 : 1D;
22414 : 1D;
22415 : 1D;
22416 : 1D;
22417 : 1D;
22418 : 1D;
22419 : 1D;
22420 : 3D;
22421 : 3D;
22422 : 3D;
22423 : 3D;
22424 : 3D;
22425 : 3D;
22426 : 3D;
22427 : 3D;
22428 : 3D;
22429 : 3D;
22430 : 1D;
22431 : 1D;
22432 : 1D;
22433 : 1D;
22434 : 1D;
22435 : 1D;
22436 : 1D;
22437 : 1D;
22438 : 1D;
22439 : 1D;
22440 : 3D;
22441 : 3D;
22442 : 3D;
22443 : 3D;
22444 : 3D;
22445 : 3D;
22446 : 3D;
22447 : 3D;
22448 : 3D;
22449 : 3D;
22450 : 1D;
22451 : 1D;
22452 : 1D;
22453 : 1D;
22454 : 1D;
22455 : 1D;
22456 : 1D;
22457 : 1D;
22458 : 1D;
22459 : 1D;
22460 : 3D;
22461 : 3D;
22462 : 3D;
22463 : 3D;
22464 : 3D;
22465 : 3D;
22466 : 3D;
22467 : 3D;
22468 : 3D;
22469 : 3D;
22470 : 1D;
22471 : 1D;
22472 : 1D;
22473 : 1D;
22474 : 1D;
22475 : 1D;
22476 : 1D;
22477 : 1D;
22478 : 1D;
22479 : 1D;
22480 : 1D;
22481 : 3D;
22482 : 3D;
22483 : 3D;
22484 : 3D;
22485 : 3D;
22486 : 3D;
22487 : 3D;
22488 : 3D;
22489 : 3D;
22490 : 3D;
22491 : 1D;
22492 : 1D;
22493 : 1D;
22494 : 1D;
22495 : 1D;
22496 : 1D;
22497 : 1D;
22498 : 1D;
22499 : 1D;
22500 : 1D;
22501 : 3D;
22502 : 3D;
22503 : 3D;
22504 : 3D;
22505 : 3D;
22506 : 3D;
22507 : 3D;
22508 : 3D;
22509 : 3D;
22510 : 3D;
22511 : 1D;
22512 : 1D;
22513 : 1D;
22514 : 1D;
22515 : 1D;
22516 : 1D;
22517 : 1D;
22518 : 1D;
22519 : 1D;
22520 : 1D;
22521 : 3D;
22522 : 3D;
22523 : 3D;
22524 : 3D;
22525 : 3D;
22526 : 3D;
22527 : 3D;
22528 : 3D;
22529 : 3D;
22530 : 3D;
22531 : 1D;
22532 : 1D;
22533 : 1D;
22534 : 1D;
22535 : 1D;
22536 : 1D;
22537 : 1D;
22538 : 1D;
22539 : 1D;
22540 : 1D;
22541 : 3D;
22542 : 3D;
22543 : 3D;
22544 : 3D;
22545 : 3D;
22546 : 3D;
22547 : 3D;
22548 : 3D;
22549 : 3D;
22550 : 3D;
22551 : 1D;
22552 : 1D;
22553 : 1D;
22554 : 1D;
22555 : 1D;
22556 : 1D;
22557 : 1D;
22558 : 1D;
22559 : 1D;
22560 : 1D;
22561 : 3D;
22562 : 3D;
22563 : 3D;
22564 : 3D;
22565 : 3D;
22566 : 3D;
22567 : 3D;
22568 : 3D;
22569 : 3D;
22570 : 3D;
22571 : 1D;
22572 : 1D;
22573 : 1D;
22574 : 1D;
22575 : 1D;
22576 : 1D;
22577 : 1D;
22578 : 1D;
22579 : 1D;
22580 : 1D;
22581 : 3D;
22582 : 3D;
22583 : 3D;
22584 : 3D;
22585 : 3D;
22586 : 3D;
22587 : 3D;
22588 : 3D;
22589 : 3D;
22590 : 3D;
22591 : 3D;
22592 : 1D;
22593 : 1D;
22594 : 1D;
22595 : 1D;
22596 : 1D;
22597 : 1D;
22598 : 1D;
22599 : 1D;
22600 : 1D;
22601 : 1D;
22602 : 3D;
22603 : 3D;
22604 : 3D;
22605 : 3D;
22606 : 3D;
22607 : 3D;
22608 : 3D;
22609 : 3D;
22610 : 3D;
22611 : 3D;
22612 : 1D;
22613 : 1D;
22614 : 1D;
22615 : 1D;
22616 : 1D;
22617 : 1D;
22618 : 1D;
22619 : 1D;
22620 : 1D;
22621 : 1D;
22622 : 3D;
22623 : 3D;
22624 : 3D;
22625 : 3D;
22626 : 3D;
22627 : 3D;
22628 : 3D;
22629 : 3D;
22630 : 3D;
22631 : 3D;
22632 : 1D;
22633 : 1D;
22634 : 1D;
22635 : 1D;
22636 : 1D;
22637 : 1D;
22638 : 1D;
22639 : 1D;
22640 : 1D;
22641 : 1D;
22642 : 3D;
22643 : 3D;
22644 : 3D;
22645 : 3D;
22646 : 3D;
22647 : 3D;
22648 : 3D;
22649 : 3D;
22650 : 3D;
22651 : 3D;
22652 : 1D;
22653 : 1D;
22654 : 1D;
22655 : 1D;
22656 : 1D;
22657 : 1D;
22658 : 1D;
22659 : 1D;
22660 : 1D;
22661 : 1D;
22662 : 3D;
22663 : 3D;
22664 : 3D;
22665 : 3D;
22666 : 3D;
22667 : 3D;
22668 : 3D;
22669 : 3D;
22670 : 3D;
22671 : 3D;
22672 : 1D;
22673 : 1D;
22674 : 1D;
22675 : 1D;
22676 : 1D;
22677 : 1D;
22678 : 1D;
22679 : 1D;
22680 : 1D;
22681 : 1D;
22682 : 3D;
22683 : 3D;
22684 : 3D;
22685 : 3D;
22686 : 3D;
22687 : 3D;
22688 : 3D;
22689 : 3D;
22690 : 3D;
22691 : 3D;
22692 : 1D;
22693 : 1D;
22694 : 1D;
22695 : 1D;
22696 : 1D;
22697 : 1D;
22698 : 1D;
22699 : 1D;
22700 : 1D;
22701 : 1D;
22702 : 1D;
22703 : 3D;
22704 : 3D;
22705 : 3D;
22706 : 3D;
22707 : 3D;
22708 : 3D;
22709 : 3D;
22710 : 3D;
22711 : 3D;
22712 : 3D;
22713 : 10;
22714 : 10;
22715 : 10;
22716 : 10;
22717 : 10;
22718 : 10;
22719 : 10;
22720 : 14;
22721 : 14;
22722 : 14;
22723 : 14;
22724 : 14;
22725 : 14;
22726 : 14;
22727 : 14;
22728 : 14;
22729 : 14;
22730 : 1D;
22731 : 1D;
22732 : 1D;
22733 : 1D;
22734 : 1D;
22735 : 1D;
22736 : 1D;
22737 : 1D;
22738 : 1D;
22739 : 1D;
22740 : 3D;
22741 : 3D;
22742 : 3D;
22743 : 3D;
22744 : 3D;
22745 : 3D;
22746 : 3D;
22747 : 3D;
22748 : 3D;
22749 : 3D;
22750 : 1D;
22751 : 1D;
22752 : 1D;
22753 : 1D;
22754 : 1D;
22755 : 1D;
22756 : 1D;
22757 : 1D;
22758 : 1D;
22759 : 1D;
22760 : 3D;
22761 : 3D;
22762 : 3D;
22763 : 3D;
22764 : 3D;
22765 : 3D;
22766 : 3D;
22767 : 3D;
22768 : 3D;
22769 : 3D;
22770 : 1D;
22771 : 1D;
22772 : 1D;
22773 : 1D;
22774 : 1D;
22775 : 1D;
22776 : 1D;
22777 : 1D;
22778 : 1D;
22779 : 1D;
22780 : 3D;
22781 : 3D;
22782 : 3D;
22783 : 3D;
22784 : 3D;
22785 : 3D;
22786 : 3D;
22787 : 3D;
22788 : 3D;
22789 : 3D;
22790 : 1D;
22791 : 1D;
22792 : 1D;
22793 : 1D;
22794 : 1D;
22795 : 1D;
22796 : 1D;
22797 : 1D;
22798 : 1D;
22799 : 1D;
22800 : 1D;
22801 : 3D;
22802 : 3D;
22803 : 3D;
22804 : 3D;
22805 : 3D;
22806 : 3D;
22807 : 3D;
22808 : 3D;
22809 : 3D;
22810 : 3D;
22811 : 1D;
22812 : 1D;
22813 : 1D;
22814 : 1D;
22815 : 1D;
22816 : 1D;
22817 : 1D;
22818 : 1D;
22819 : 1D;
22820 : 1D;
22821 : 3D;
22822 : 3D;
22823 : 3D;
22824 : 3D;
22825 : 3D;
22826 : 3D;
22827 : 3D;
22828 : 3D;
22829 : 3D;
22830 : 3D;
22831 : 1D;
22832 : 1D;
22833 : 1D;
22834 : 1D;
22835 : 1D;
22836 : 1D;
22837 : 1D;
22838 : 1D;
22839 : 1D;
22840 : 1D;
22841 : 3D;
22842 : 3D;
22843 : 3D;
22844 : 3D;
22845 : 3D;
22846 : 3D;
22847 : 3D;
22848 : 3D;
22849 : 3D;
22850 : 3D;
22851 : 1D;
22852 : 1D;
22853 : 1D;
22854 : 1D;
22855 : 1D;
22856 : 1D;
22857 : 1D;
22858 : 1D;
22859 : 1D;
22860 : 1D;
22861 : 3D;
22862 : 3D;
22863 : 3D;
22864 : 3D;
22865 : 3D;
22866 : 3D;
22867 : 3D;
22868 : 3D;
22869 : 3D;
22870 : 3D;
22871 : 1D;
22872 : 1D;
22873 : 1D;
22874 : 1D;
22875 : 1D;
22876 : 1D;
22877 : 1D;
22878 : 1D;
22879 : 1D;
22880 : 1D;
22881 : 3D;
22882 : 3D;
22883 : 3D;
22884 : 3D;
22885 : 3D;
22886 : 3D;
22887 : 3D;
22888 : 3D;
22889 : 3D;
22890 : 3D;
22891 : 1D;
22892 : 1D;
22893 : 1D;
22894 : 1D;
22895 : 1D;
22896 : 1D;
22897 : 1D;
22898 : 1D;
22899 : 1D;
22900 : 1D;
22901 : 3D;
22902 : 3D;
22903 : 3D;
22904 : 3D;
22905 : 3D;
22906 : 3D;
22907 : 3D;
22908 : 3D;
22909 : 3D;
22910 : 3D;
22911 : 3D;
22912 : 1D;
22913 : 1D;
22914 : 1D;
22915 : 1D;
22916 : 1D;
22917 : 1D;
22918 : 1D;
22919 : 1D;
22920 : 1D;
22921 : 1D;
22922 : 3D;
22923 : 3D;
22924 : 3D;
22925 : 3D;
22926 : 3D;
22927 : 3D;
22928 : 3D;
22929 : 3D;
22930 : 3D;
22931 : 3D;
22932 : 1D;
22933 : 1D;
22934 : 1D;
22935 : 1D;
22936 : 1D;
22937 : 1D;
22938 : 1D;
22939 : 1D;
22940 : 1D;
22941 : 1D;
22942 : 3D;
22943 : 3D;
22944 : 3D;
22945 : 3D;
22946 : 3D;
22947 : 3D;
22948 : 3D;
22949 : 3D;
22950 : 3D;
22951 : 3D;
22952 : 1D;
22953 : 1D;
22954 : 1D;
22955 : 1D;
22956 : 1D;
22957 : 1D;
22958 : 1D;
22959 : 1D;
22960 : 1D;
22961 : 1D;
22962 : 3D;
22963 : 3D;
22964 : 3D;
22965 : 3D;
22966 : 3D;
22967 : 3D;
22968 : 3D;
22969 : 3D;
22970 : 3D;
22971 : 3D;
22972 : 1D;
22973 : 1D;
22974 : 1D;
22975 : 1D;
22976 : 1D;
22977 : 1D;
22978 : 1D;
22979 : 1D;
22980 : 1D;
22981 : 1D;
22982 : 3D;
22983 : 3D;
22984 : 3D;
22985 : 3D;
22986 : 3D;
22987 : 3D;
22988 : 3D;
22989 : 3D;
22990 : 3D;
22991 : 3D;
22992 : 1D;
22993 : 1D;
22994 : 1D;
22995 : 1D;
22996 : 1D;
22997 : 1D;
22998 : 1D;
22999 : 1D;
23000 : 1D;
23001 : 1D;
23002 : 3D;
23003 : 3D;
23004 : 3D;
23005 : 3D;
23006 : 3D;
23007 : 3D;
23008 : 3D;
23009 : 3D;
23010 : 3D;
23011 : 3D;
23012 : 1D;
23013 : 1D;
23014 : 1D;
23015 : 1D;
23016 : 1D;
23017 : 1D;
23018 : 1D;
23019 : 1D;
23020 : 1D;
23021 : 1D;
23022 : 1D;
23023 : 3D;
23024 : 3D;
23025 : 3D;
23026 : 3D;
23027 : 3D;
23028 : 3D;
23029 : 3D;
23030 : 3D;
23031 : 3D;
23032 : 3D;
23033 : 10;
23034 : 10;
23035 : 10;
23036 : 10;
23037 : 10;
23038 : 10;
23039 : 10;
23040 : 14;
23041 : 14;
23042 : 14;
23043 : 14;
23044 : 14;
23045 : 14;
23046 : 14;
23047 : 14;
23048 : 14;
23049 : 14;
23050 : 1D;
23051 : 1D;
23052 : 1D;
23053 : 1D;
23054 : 1D;
23055 : 1D;
23056 : 1D;
23057 : 1D;
23058 : 1D;
23059 : 1D;
23060 : 3D;
23061 : 3D;
23062 : 3D;
23063 : 3D;
23064 : 3D;
23065 : 3D;
23066 : 3D;
23067 : 3D;
23068 : 3D;
23069 : 3D;
23070 : 1D;
23071 : 1D;
23072 : 1D;
23073 : 1D;
23074 : 1D;
23075 : 1D;
23076 : 1D;
23077 : 1D;
23078 : 1D;
23079 : 1D;
23080 : 3D;
23081 : 3D;
23082 : 3D;
23083 : 3D;
23084 : 3D;
23085 : 3D;
23086 : 3D;
23087 : 3D;
23088 : 3D;
23089 : 3D;
23090 : 1D;
23091 : 1D;
23092 : 1D;
23093 : 1D;
23094 : 1D;
23095 : 1D;
23096 : 1D;
23097 : 1D;
23098 : 1D;
23099 : 1D;
23100 : 3D;
23101 : 3D;
23102 : 3D;
23103 : 3D;
23104 : 3D;
23105 : 3D;
23106 : 3D;
23107 : 3D;
23108 : 3D;
23109 : 3D;
23110 : 1D;
23111 : 1D;
23112 : 1D;
23113 : 1D;
23114 : 1D;
23115 : 1D;
23116 : 1D;
23117 : 1D;
23118 : 1D;
23119 : 1D;
23120 : 1D;
23121 : 3D;
23122 : 3D;
23123 : 3D;
23124 : 3D;
23125 : 3D;
23126 : 3D;
23127 : 3D;
23128 : 3D;
23129 : 3D;
23130 : 3D;
23131 : 1D;
23132 : 1D;
23133 : 1D;
23134 : 1D;
23135 : 1D;
23136 : 1D;
23137 : 1D;
23138 : 1D;
23139 : 1D;
23140 : 1D;
23141 : 3D;
23142 : 3D;
23143 : 3D;
23144 : 3D;
23145 : 3D;
23146 : 3D;
23147 : 3D;
23148 : 3D;
23149 : 3D;
23150 : 3D;
23151 : 1D;
23152 : 1D;
23153 : 1D;
23154 : 1D;
23155 : 1D;
23156 : 1D;
23157 : 1D;
23158 : 1D;
23159 : 1D;
23160 : 1D;
23161 : 3D;
23162 : 3D;
23163 : 3D;
23164 : 3D;
23165 : 3D;
23166 : 3D;
23167 : 3D;
23168 : 3D;
23169 : 3D;
23170 : 3D;
23171 : 1D;
23172 : 1D;
23173 : 1D;
23174 : 1D;
23175 : 1D;
23176 : 1D;
23177 : 1D;
23178 : 1D;
23179 : 1D;
23180 : 1D;
23181 : 3D;
23182 : 3D;
23183 : 3D;
23184 : 3D;
23185 : 3D;
23186 : 3D;
23187 : 3D;
23188 : 3D;
23189 : 3D;
23190 : 3D;
23191 : 1D;
23192 : 1D;
23193 : 1D;
23194 : 1D;
23195 : 1D;
23196 : 1D;
23197 : 1D;
23198 : 1D;
23199 : 1D;
23200 : 1D;
23201 : 3D;
23202 : 3D;
23203 : 3D;
23204 : 3D;
23205 : 3D;
23206 : 3D;
23207 : 3D;
23208 : 3D;
23209 : 3D;
23210 : 3D;
23211 : 1D;
23212 : 1D;
23213 : 1D;
23214 : 1D;
23215 : 1D;
23216 : 1D;
23217 : 1D;
23218 : 1D;
23219 : 1D;
23220 : 1D;
23221 : 3D;
23222 : 3D;
23223 : 3D;
23224 : 3D;
23225 : 3D;
23226 : 3D;
23227 : 3D;
23228 : 3D;
23229 : 3D;
23230 : 3D;
23231 : 3D;
23232 : 1D;
23233 : 1D;
23234 : 1D;
23235 : 1D;
23236 : 1D;
23237 : 1D;
23238 : 1D;
23239 : 1D;
23240 : 1D;
23241 : 1D;
23242 : 3D;
23243 : 3D;
23244 : 3D;
23245 : 3D;
23246 : 3D;
23247 : 3D;
23248 : 3D;
23249 : 3D;
23250 : 3D;
23251 : 3D;
23252 : 1D;
23253 : 1D;
23254 : 1D;
23255 : 1D;
23256 : 1D;
23257 : 1D;
23258 : 1D;
23259 : 1D;
23260 : 1D;
23261 : 1D;
23262 : 3D;
23263 : 3D;
23264 : 3D;
23265 : 3D;
23266 : 3D;
23267 : 3D;
23268 : 3D;
23269 : 3D;
23270 : 3D;
23271 : 3D;
23272 : 1D;
23273 : 1D;
23274 : 1D;
23275 : 1D;
23276 : 1D;
23277 : 1D;
23278 : 1D;
23279 : 1D;
23280 : 1D;
23281 : 1D;
23282 : 3D;
23283 : 3D;
23284 : 3D;
23285 : 3D;
23286 : 3D;
23287 : 3D;
23288 : 3D;
23289 : 3D;
23290 : 3D;
23291 : 3D;
23292 : 1D;
23293 : 1D;
23294 : 1D;
23295 : 1D;
23296 : 1D;
23297 : 1D;
23298 : 1D;
23299 : 1D;
23300 : 1D;
23301 : 1D;
23302 : 3D;
23303 : 3D;
23304 : 3D;
23305 : 3D;
23306 : 3D;
23307 : 3D;
23308 : 3D;
23309 : 3D;
23310 : 3D;
23311 : 3D;
23312 : 1D;
23313 : 1D;
23314 : 1D;
23315 : 1D;
23316 : 1D;
23317 : 1D;
23318 : 1D;
23319 : 1D;
23320 : 1D;
23321 : 1D;
23322 : 3D;
23323 : 3D;
23324 : 3D;
23325 : 3D;
23326 : 3D;
23327 : 3D;
23328 : 3D;
23329 : 3D;
23330 : 3D;
23331 : 3D;
23332 : 1D;
23333 : 1D;
23334 : 1D;
23335 : 1D;
23336 : 1D;
23337 : 1D;
23338 : 1D;
23339 : 1D;
23340 : 1D;
23341 : 1D;
23342 : 1D;
23343 : 3D;
23344 : 3D;
23345 : 3D;
23346 : 3D;
23347 : 3D;
23348 : 3D;
23349 : 3D;
23350 : 3D;
23351 : 3D;
23352 : 3D;
23353 : 10;
23354 : 10;
23355 : 10;
23356 : 10;
23357 : 10;
23358 : 10;
23359 : 10;
23360 : 14;
23361 : 14;
23362 : 14;
23363 : 14;
23364 : 14;
23365 : 14;
23366 : 14;
23367 : 14;
23368 : 14;
23369 : 14;
23370 : 1D;
23371 : 1D;
23372 : 1D;
23373 : 1D;
23374 : 1D;
23375 : 1D;
23376 : 1D;
23377 : 1D;
23378 : 1D;
23379 : 1D;
23380 : 3D;
23381 : 3D;
23382 : 3D;
23383 : 3D;
23384 : 3D;
23385 : 3D;
23386 : 3D;
23387 : 3D;
23388 : 3D;
23389 : 3D;
23390 : 1D;
23391 : 1D;
23392 : 1D;
23393 : 1D;
23394 : 1D;
23395 : 1D;
23396 : 1D;
23397 : 1D;
23398 : 1D;
23399 : 1D;
23400 : 3D;
23401 : 3D;
23402 : 3D;
23403 : 3D;
23404 : 3D;
23405 : 3D;
23406 : 3D;
23407 : 3D;
23408 : 3D;
23409 : 3D;
23410 : 1D;
23411 : 1D;
23412 : 1D;
23413 : 1D;
23414 : 1D;
23415 : 1D;
23416 : 1D;
23417 : 1D;
23418 : 1D;
23419 : 1D;
23420 : 3D;
23421 : 3D;
23422 : 3D;
23423 : 3D;
23424 : 3D;
23425 : 3D;
23426 : 3D;
23427 : 3D;
23428 : 3D;
23429 : 3D;
23430 : 1D;
23431 : 1D;
23432 : 1D;
23433 : 1D;
23434 : 1D;
23435 : 1D;
23436 : 1D;
23437 : 1D;
23438 : 1D;
23439 : 1D;
23440 : 1D;
23441 : 3D;
23442 : 3D;
23443 : 3D;
23444 : 3D;
23445 : 3D;
23446 : 3D;
23447 : 3D;
23448 : 3D;
23449 : 3D;
23450 : 3D;
23451 : 1D;
23452 : 1D;
23453 : 1D;
23454 : 1D;
23455 : 1D;
23456 : 1D;
23457 : 1D;
23458 : 1D;
23459 : 1D;
23460 : 1D;
23461 : 3D;
23462 : 3D;
23463 : 3D;
23464 : 3D;
23465 : 3D;
23466 : 3D;
23467 : 3D;
23468 : 3D;
23469 : 3D;
23470 : 3D;
23471 : 1D;
23472 : 1D;
23473 : 1D;
23474 : 1D;
23475 : 1D;
23476 : 1D;
23477 : 1D;
23478 : 1D;
23479 : 1D;
23480 : 1D;
23481 : 3D;
23482 : 3D;
23483 : 3D;
23484 : 3D;
23485 : 3D;
23486 : 3D;
23487 : 3D;
23488 : 3D;
23489 : 3D;
23490 : 3D;
23491 : 1D;
23492 : 1D;
23493 : 1D;
23494 : 1D;
23495 : 1D;
23496 : 1D;
23497 : 1D;
23498 : 1D;
23499 : 1D;
23500 : 1D;
23501 : 3D;
23502 : 3D;
23503 : 3D;
23504 : 3D;
23505 : 3D;
23506 : 3D;
23507 : 3D;
23508 : 3D;
23509 : 3D;
23510 : 3D;
23511 : 1D;
23512 : 1D;
23513 : 1D;
23514 : 1D;
23515 : 1D;
23516 : 1D;
23517 : 1D;
23518 : 1D;
23519 : 1D;
23520 : 1D;
23521 : 3D;
23522 : 3D;
23523 : 3D;
23524 : 3D;
23525 : 3D;
23526 : 3D;
23527 : 3D;
23528 : 3D;
23529 : 3D;
23530 : 3D;
23531 : 1D;
23532 : 1D;
23533 : 1D;
23534 : 1D;
23535 : 1D;
23536 : 1D;
23537 : 1D;
23538 : 1D;
23539 : 1D;
23540 : 1D;
23541 : 3D;
23542 : 3D;
23543 : 3D;
23544 : 3D;
23545 : 3D;
23546 : 3D;
23547 : 3D;
23548 : 3D;
23549 : 3D;
23550 : 3D;
23551 : 3D;
23552 : 1D;
23553 : 1D;
23554 : 1D;
23555 : 1D;
23556 : 1D;
23557 : 1D;
23558 : 1D;
23559 : 1D;
23560 : 1D;
23561 : 1D;
23562 : 3D;
23563 : 3D;
23564 : 3D;
23565 : 3D;
23566 : 3D;
23567 : 3D;
23568 : 3D;
23569 : 3D;
23570 : 3D;
23571 : 3D;
23572 : 1D;
23573 : 1D;
23574 : 1D;
23575 : 1D;
23576 : 1D;
23577 : 1D;
23578 : 1D;
23579 : 1D;
23580 : 1D;
23581 : 1D;
23582 : 3D;
23583 : 3D;
23584 : 3D;
23585 : 3D;
23586 : 3D;
23587 : 3D;
23588 : 3D;
23589 : 3D;
23590 : 3D;
23591 : 3D;
23592 : 1D;
23593 : 1D;
23594 : 1D;
23595 : 1D;
23596 : 1D;
23597 : 1D;
23598 : 1D;
23599 : 1D;
23600 : 1D;
23601 : 1D;
23602 : 3D;
23603 : 3D;
23604 : 3D;
23605 : 3D;
23606 : 3D;
23607 : 3D;
23608 : 3D;
23609 : 3D;
23610 : 3D;
23611 : 3D;
23612 : 1D;
23613 : 1D;
23614 : 1D;
23615 : 1D;
23616 : 1D;
23617 : 1D;
23618 : 1D;
23619 : 1D;
23620 : 1D;
23621 : 1D;
23622 : 3D;
23623 : 3D;
23624 : 3D;
23625 : 3D;
23626 : 3D;
23627 : 3D;
23628 : 3D;
23629 : 3D;
23630 : 3D;
23631 : 3D;
23632 : 1D;
23633 : 1D;
23634 : 1D;
23635 : 1D;
23636 : 1D;
23637 : 1D;
23638 : 1D;
23639 : 1D;
23640 : 1D;
23641 : 1D;
23642 : 3D;
23643 : 3D;
23644 : 3D;
23645 : 3D;
23646 : 3D;
23647 : 3D;
23648 : 3D;
23649 : 3D;
23650 : 3D;
23651 : 3D;
23652 : 1D;
23653 : 1D;
23654 : 1D;
23655 : 1D;
23656 : 1D;
23657 : 1D;
23658 : 1D;
23659 : 1D;
23660 : 1D;
23661 : 1D;
23662 : 1D;
23663 : 3D;
23664 : 3D;
23665 : 3D;
23666 : 3D;
23667 : 3D;
23668 : 3D;
23669 : 3D;
23670 : 3D;
23671 : 3D;
23672 : 3D;
23673 : 10;
23674 : 10;
23675 : 10;
23676 : 10;
23677 : 10;
23678 : 10;
23679 : 10;
23680 : 14;
23681 : 14;
23682 : 14;
23683 : 14;
23684 : 14;
23685 : 14;
23686 : 14;
23687 : 14;
23688 : 14;
23689 : 14;
23690 : 1D;
23691 : 1D;
23692 : 1D;
23693 : 1D;
23694 : 1D;
23695 : 1D;
23696 : 1D;
23697 : 1D;
23698 : 1D;
23699 : 1D;
23700 : 3D;
23701 : 3D;
23702 : 3D;
23703 : 3D;
23704 : 3D;
23705 : 3D;
23706 : 3D;
23707 : 3D;
23708 : 3D;
23709 : 3D;
23710 : 1D;
23711 : 1D;
23712 : 1D;
23713 : 1D;
23714 : 1D;
23715 : 1D;
23716 : 1D;
23717 : 1D;
23718 : 1D;
23719 : 1D;
23720 : 3D;
23721 : 3D;
23722 : 3D;
23723 : 3D;
23724 : 3D;
23725 : 3D;
23726 : 3D;
23727 : 3D;
23728 : 3D;
23729 : 3D;
23730 : 1D;
23731 : 1D;
23732 : 1D;
23733 : 1D;
23734 : 1D;
23735 : 1D;
23736 : 1D;
23737 : 1D;
23738 : 1D;
23739 : 1D;
23740 : 3D;
23741 : 3D;
23742 : 3D;
23743 : 3D;
23744 : 3D;
23745 : 3D;
23746 : 3D;
23747 : 3D;
23748 : 3D;
23749 : 3D;
23750 : 1D;
23751 : 1D;
23752 : 1D;
23753 : 1D;
23754 : 1D;
23755 : 1D;
23756 : 1D;
23757 : 1D;
23758 : 1D;
23759 : 1D;
23760 : 1D;
23761 : 3D;
23762 : 3D;
23763 : 3D;
23764 : 3D;
23765 : 3D;
23766 : 3D;
23767 : 3D;
23768 : 3D;
23769 : 3D;
23770 : 3D;
23771 : 1D;
23772 : 1D;
23773 : 1D;
23774 : 1D;
23775 : 1D;
23776 : 1D;
23777 : 1D;
23778 : 1D;
23779 : 1D;
23780 : 1D;
23781 : 3D;
23782 : 3D;
23783 : 3D;
23784 : 3D;
23785 : 3D;
23786 : 3D;
23787 : 3D;
23788 : 3D;
23789 : 3D;
23790 : 3D;
23791 : 1D;
23792 : 1D;
23793 : 1D;
23794 : 1D;
23795 : 1D;
23796 : 1D;
23797 : 1D;
23798 : 1D;
23799 : 1D;
23800 : 1D;
23801 : 3D;
23802 : 3D;
23803 : 3D;
23804 : 3D;
23805 : 3D;
23806 : 3D;
23807 : 3D;
23808 : 3D;
23809 : 3D;
23810 : 3D;
23811 : 1D;
23812 : 1D;
23813 : 1D;
23814 : 1D;
23815 : 1D;
23816 : 1D;
23817 : 1D;
23818 : 1D;
23819 : 1D;
23820 : 1D;
23821 : 3D;
23822 : 3D;
23823 : 3D;
23824 : 3D;
23825 : 3D;
23826 : 3D;
23827 : 3D;
23828 : 3D;
23829 : 3D;
23830 : 3D;
23831 : 1D;
23832 : 1D;
23833 : 1D;
23834 : 1D;
23835 : 1D;
23836 : 1D;
23837 : 1D;
23838 : 1D;
23839 : 1D;
23840 : 1D;
23841 : 3D;
23842 : 3D;
23843 : 3D;
23844 : 3D;
23845 : 3D;
23846 : 3D;
23847 : 3D;
23848 : 3D;
23849 : 3D;
23850 : 3D;
23851 : 1D;
23852 : 1D;
23853 : 1D;
23854 : 1D;
23855 : 1D;
23856 : 1D;
23857 : 1D;
23858 : 1D;
23859 : 1D;
23860 : 1D;
23861 : 3D;
23862 : 3D;
23863 : 3D;
23864 : 3D;
23865 : 3D;
23866 : 3D;
23867 : 3D;
23868 : 3D;
23869 : 3D;
23870 : 3D;
23871 : 3D;
23872 : 1D;
23873 : 1D;
23874 : 1D;
23875 : 1D;
23876 : 1D;
23877 : 1D;
23878 : 1D;
23879 : 1D;
23880 : 1D;
23881 : 1D;
23882 : 3D;
23883 : 3D;
23884 : 3D;
23885 : 3D;
23886 : 3D;
23887 : 3D;
23888 : 3D;
23889 : 3D;
23890 : 3D;
23891 : 3D;
23892 : 1D;
23893 : 1D;
23894 : 1D;
23895 : 1D;
23896 : 1D;
23897 : 1D;
23898 : 1D;
23899 : 1D;
23900 : 1D;
23901 : 1D;
23902 : 3D;
23903 : 3D;
23904 : 3D;
23905 : 3D;
23906 : 3D;
23907 : 3D;
23908 : 3D;
23909 : 3D;
23910 : 3D;
23911 : 3D;
23912 : 1D;
23913 : 1D;
23914 : 1D;
23915 : 1D;
23916 : 1D;
23917 : 1D;
23918 : 1D;
23919 : 1D;
23920 : 1D;
23921 : 1D;
23922 : 3D;
23923 : 3D;
23924 : 3D;
23925 : 3D;
23926 : 3D;
23927 : 3D;
23928 : 3D;
23929 : 3D;
23930 : 3D;
23931 : 3D;
23932 : 1D;
23933 : 1D;
23934 : 1D;
23935 : 1D;
23936 : 1D;
23937 : 1D;
23938 : 1D;
23939 : 1D;
23940 : 1D;
23941 : 1D;
23942 : 3D;
23943 : 3D;
23944 : 3D;
23945 : 3D;
23946 : 3D;
23947 : 3D;
23948 : 3D;
23949 : 3D;
23950 : 3D;
23951 : 3D;
23952 : 1D;
23953 : 1D;
23954 : 1D;
23955 : 1D;
23956 : 1D;
23957 : 1D;
23958 : 1D;
23959 : 1D;
23960 : 1D;
23961 : 1D;
23962 : 3D;
23963 : 3D;
23964 : 3D;
23965 : 3D;
23966 : 3D;
23967 : 3D;
23968 : 3D;
23969 : 3D;
23970 : 3D;
23971 : 3D;
23972 : 1D;
23973 : 1D;
23974 : 1D;
23975 : 1D;
23976 : 1D;
23977 : 1D;
23978 : 1D;
23979 : 1D;
23980 : 1D;
23981 : 1D;
23982 : 1D;
23983 : 3D;
23984 : 3D;
23985 : 3D;
23986 : 3D;
23987 : 3D;
23988 : 3D;
23989 : 3D;
23990 : 3D;
23991 : 3D;
23992 : 3D;
23993 : 10;
23994 : 10;
23995 : 10;
23996 : 10;
23997 : 10;
23998 : 10;
23999 : 10;
24000 : 14;
24001 : 14;
24002 : 14;
24003 : 14;
24004 : 14;
24005 : 14;
24006 : 14;
24007 : 14;
24008 : 14;
24009 : 14;
24010 : 1D;
24011 : 1D;
24012 : 1D;
24013 : 1D;
24014 : 1D;
24015 : 1D;
24016 : 1D;
24017 : 1D;
24018 : 1D;
24019 : 1D;
24020 : 3D;
24021 : 3D;
24022 : 3D;
24023 : 3D;
24024 : 3D;
24025 : 3D;
24026 : 3D;
24027 : 3D;
24028 : 3D;
24029 : 3D;
24030 : 1D;
24031 : 1D;
24032 : 1D;
24033 : 1D;
24034 : 1D;
24035 : 1D;
24036 : 1D;
24037 : 1D;
24038 : 1D;
24039 : 1D;
24040 : 3D;
24041 : 3D;
24042 : 3D;
24043 : 3D;
24044 : 3D;
24045 : 3D;
24046 : 3D;
24047 : 3D;
24048 : 3D;
24049 : 3D;
24050 : 1D;
24051 : 1D;
24052 : 1D;
24053 : 1D;
24054 : 1D;
24055 : 1D;
24056 : 1D;
24057 : 1D;
24058 : 1D;
24059 : 1D;
24060 : 3D;
24061 : 3D;
24062 : 3D;
24063 : 3D;
24064 : 3D;
24065 : 3D;
24066 : 3D;
24067 : 3D;
24068 : 3D;
24069 : 3D;
24070 : 1D;
24071 : 1D;
24072 : 1D;
24073 : 1D;
24074 : 1D;
24075 : 1D;
24076 : 1D;
24077 : 1D;
24078 : 1D;
24079 : 1D;
24080 : 1D;
24081 : 3D;
24082 : 3D;
24083 : 3D;
24084 : 3D;
24085 : 3D;
24086 : 3D;
24087 : 3D;
24088 : 3D;
24089 : 3D;
24090 : 3D;
24091 : 1D;
24092 : 1D;
24093 : 1D;
24094 : 1D;
24095 : 1D;
24096 : 1D;
24097 : 1D;
24098 : 1D;
24099 : 1D;
24100 : 1D;
24101 : 3D;
24102 : 3D;
24103 : 3D;
24104 : 3D;
24105 : 3D;
24106 : 3D;
24107 : 3D;
24108 : 3D;
24109 : 3D;
24110 : 3D;
24111 : 1D;
24112 : 1D;
24113 : 1D;
24114 : 1D;
24115 : 1D;
24116 : 1D;
24117 : 1D;
24118 : 1D;
24119 : 1D;
24120 : 1D;
24121 : 3D;
24122 : 3D;
24123 : 3D;
24124 : 3D;
24125 : 3D;
24126 : 3D;
24127 : 3D;
24128 : 3D;
24129 : 3D;
24130 : 3D;
24131 : 1D;
24132 : 1D;
24133 : 1D;
24134 : 1D;
24135 : 1D;
24136 : 1D;
24137 : 1D;
24138 : 1D;
24139 : 1D;
24140 : 1D;
24141 : 3D;
24142 : 3D;
24143 : 3D;
24144 : 3D;
24145 : 3D;
24146 : 3D;
24147 : 3D;
24148 : 3D;
24149 : 3D;
24150 : 3D;
24151 : 1D;
24152 : 1D;
24153 : 1D;
24154 : 1D;
24155 : 1D;
24156 : 1D;
24157 : 1D;
24158 : 1D;
24159 : 1D;
24160 : 1D;
24161 : 3D;
24162 : 3D;
24163 : 3D;
24164 : 3D;
24165 : 3D;
24166 : 3D;
24167 : 3D;
24168 : 3D;
24169 : 3D;
24170 : 3D;
24171 : 1D;
24172 : 1D;
24173 : 1D;
24174 : 1D;
24175 : 1D;
24176 : 1D;
24177 : 1D;
24178 : 1D;
24179 : 1D;
24180 : 1D;
24181 : 3D;
24182 : 3D;
24183 : 3D;
24184 : 3D;
24185 : 3D;
24186 : 3D;
24187 : 3D;
24188 : 3D;
24189 : 3D;
24190 : 3D;
24191 : 3D;
24192 : 1D;
24193 : 1D;
24194 : 1D;
24195 : 1D;
24196 : 1D;
24197 : 1D;
24198 : 1D;
24199 : 1D;
24200 : 1D;
24201 : 1D;
24202 : 3D;
24203 : 3D;
24204 : 3D;
24205 : 3D;
24206 : 3D;
24207 : 3D;
24208 : 3D;
24209 : 3D;
24210 : 3D;
24211 : 3D;
24212 : 1D;
24213 : 1D;
24214 : 1D;
24215 : 1D;
24216 : 1D;
24217 : 1D;
24218 : 1D;
24219 : 1D;
24220 : 1D;
24221 : 1D;
24222 : 3D;
24223 : 3D;
24224 : 3D;
24225 : 3D;
24226 : 3D;
24227 : 3D;
24228 : 3D;
24229 : 3D;
24230 : 3D;
24231 : 3D;
24232 : 1D;
24233 : 1D;
24234 : 1D;
24235 : 1D;
24236 : 1D;
24237 : 1D;
24238 : 1D;
24239 : 1D;
24240 : 1D;
24241 : 1D;
24242 : 3D;
24243 : 3D;
24244 : 3D;
24245 : 3D;
24246 : 3D;
24247 : 3D;
24248 : 3D;
24249 : 3D;
24250 : 3D;
24251 : 3D;
24252 : 1D;
24253 : 1D;
24254 : 1D;
24255 : 1D;
24256 : 1D;
24257 : 1D;
24258 : 1D;
24259 : 1D;
24260 : 1D;
24261 : 1D;
24262 : 3D;
24263 : 3D;
24264 : 3D;
24265 : 3D;
24266 : 3D;
24267 : 3D;
24268 : 3D;
24269 : 3D;
24270 : 3D;
24271 : 3D;
24272 : 1D;
24273 : 1D;
24274 : 1D;
24275 : 1D;
24276 : 1D;
24277 : 1D;
24278 : 1D;
24279 : 1D;
24280 : 1D;
24281 : 1D;
24282 : 3D;
24283 : 3D;
24284 : 3D;
24285 : 3D;
24286 : 3D;
24287 : 3D;
24288 : 3D;
24289 : 3D;
24290 : 3D;
24291 : 3D;
24292 : 1D;
24293 : 1D;
24294 : 1D;
24295 : 1D;
24296 : 1D;
24297 : 1D;
24298 : 1D;
24299 : 1D;
24300 : 1D;
24301 : 1D;
24302 : 1D;
24303 : 3D;
24304 : 3D;
24305 : 3D;
24306 : 3D;
24307 : 3D;
24308 : 3D;
24309 : 3D;
24310 : 3D;
24311 : 3D;
24312 : 3D;
24313 : 10;
24314 : 10;
24315 : 10;
24316 : 10;
24317 : 10;
24318 : 10;
24319 : 10;
24320 : 14;
24321 : 14;
24322 : 14;
24323 : 14;
24324 : 14;
24325 : 14;
24326 : 14;
24327 : 14;
24328 : 14;
24329 : 14;
24330 : 1D;
24331 : 1D;
24332 : 1D;
24333 : 1D;
24334 : 1D;
24335 : 1D;
24336 : 1D;
24337 : 1D;
24338 : 1D;
24339 : 1D;
24340 : 3D;
24341 : 3D;
24342 : 3D;
24343 : 3D;
24344 : 3D;
24345 : 3D;
24346 : 3D;
24347 : 3D;
24348 : 3D;
24349 : 3D;
24350 : 1D;
24351 : 1D;
24352 : 1D;
24353 : 1D;
24354 : 1D;
24355 : 1D;
24356 : 1D;
24357 : 1D;
24358 : 1D;
24359 : 1D;
24360 : 3D;
24361 : 3D;
24362 : 3D;
24363 : 3D;
24364 : 3D;
24365 : 3D;
24366 : 3D;
24367 : 3D;
24368 : 3D;
24369 : 3D;
24370 : 1D;
24371 : 1D;
24372 : 1D;
24373 : 1D;
24374 : 1D;
24375 : 1D;
24376 : 1D;
24377 : 1D;
24378 : 1D;
24379 : 1D;
24380 : 3D;
24381 : 3D;
24382 : 3D;
24383 : 3D;
24384 : 3D;
24385 : 3D;
24386 : 3D;
24387 : 3D;
24388 : 3D;
24389 : 3D;
24390 : 1D;
24391 : 1D;
24392 : 1D;
24393 : 1D;
24394 : 1D;
24395 : 1D;
24396 : 1D;
24397 : 1D;
24398 : 1D;
24399 : 1D;
24400 : 1D;
24401 : 3D;
24402 : 3D;
24403 : 3D;
24404 : 3D;
24405 : 3D;
24406 : 3D;
24407 : 3D;
24408 : 3D;
24409 : 3D;
24410 : 3D;
24411 : 1D;
24412 : 1D;
24413 : 1D;
24414 : 1D;
24415 : 1D;
24416 : 1D;
24417 : 1D;
24418 : 1D;
24419 : 1D;
24420 : 1D;
24421 : 3D;
24422 : 3D;
24423 : 3D;
24424 : 3D;
24425 : 3D;
24426 : 3D;
24427 : 3D;
24428 : 3D;
24429 : 3D;
24430 : 3D;
24431 : 1D;
24432 : 1D;
24433 : 1D;
24434 : 1D;
24435 : 1D;
24436 : 1D;
24437 : 1D;
24438 : 1D;
24439 : 1D;
24440 : 1D;
24441 : 3D;
24442 : 3D;
24443 : 3D;
24444 : 3D;
24445 : 3D;
24446 : 3D;
24447 : 3D;
24448 : 3D;
24449 : 3D;
24450 : 3D;
24451 : 1D;
24452 : 1D;
24453 : 1D;
24454 : 1D;
24455 : 1D;
24456 : 1D;
24457 : 1D;
24458 : 1D;
24459 : 1D;
24460 : 1D;
24461 : 3D;
24462 : 3D;
24463 : 3D;
24464 : 3D;
24465 : 3D;
24466 : 3D;
24467 : 3D;
24468 : 3D;
24469 : 3D;
24470 : 3D;
24471 : 1D;
24472 : 1D;
24473 : 1D;
24474 : 1D;
24475 : 1D;
24476 : 1D;
24477 : 1D;
24478 : 1D;
24479 : 1D;
24480 : 1D;
24481 : 3D;
24482 : 3D;
24483 : 3D;
24484 : 3D;
24485 : 3D;
24486 : 3D;
24487 : 3D;
24488 : 3D;
24489 : 3D;
24490 : 3D;
24491 : 1D;
24492 : 1D;
24493 : 1D;
24494 : 1D;
24495 : 1D;
24496 : 1D;
24497 : 1D;
24498 : 1D;
24499 : 1D;
24500 : 1D;
24501 : 3D;
24502 : 3D;
24503 : 3D;
24504 : 3D;
24505 : 3D;
24506 : 3D;
24507 : 3D;
24508 : 3D;
24509 : 3D;
24510 : 3D;
24511 : 3D;
24512 : 1D;
24513 : 1D;
24514 : 1D;
24515 : 1D;
24516 : 1D;
24517 : 1D;
24518 : 1D;
24519 : 1D;
24520 : 1D;
24521 : 1D;
24522 : 3D;
24523 : 3D;
24524 : 3D;
24525 : 3D;
24526 : 3D;
24527 : 3D;
24528 : 3D;
24529 : 3D;
24530 : 3D;
24531 : 3D;
24532 : 1D;
24533 : 1D;
24534 : 1D;
24535 : 1D;
24536 : 1D;
24537 : 1D;
24538 : 1D;
24539 : 1D;
24540 : 1D;
24541 : 1D;
24542 : 3D;
24543 : 3D;
24544 : 3D;
24545 : 3D;
24546 : 3D;
24547 : 3D;
24548 : 3D;
24549 : 3D;
24550 : 3D;
24551 : 3D;
24552 : 1D;
24553 : 1D;
24554 : 1D;
24555 : 1D;
24556 : 1D;
24557 : 1D;
24558 : 1D;
24559 : 1D;
24560 : 1D;
24561 : 1D;
24562 : 3D;
24563 : 3D;
24564 : 3D;
24565 : 3D;
24566 : 3D;
24567 : 3D;
24568 : 3D;
24569 : 3D;
24570 : 3D;
24571 : 3D;
24572 : 1D;
24573 : 1D;
24574 : 1D;
24575 : 1D;
24576 : 1D;
24577 : 1D;
24578 : 1D;
24579 : 1D;
24580 : 1D;
24581 : 1D;
24582 : 3D;
24583 : 3D;
24584 : 3D;
24585 : 3D;
24586 : 3D;
24587 : 3D;
24588 : 3D;
24589 : 3D;
24590 : 3D;
24591 : 3D;
24592 : 1D;
24593 : 1D;
24594 : 1D;
24595 : 1D;
24596 : 1D;
24597 : 1D;
24598 : 1D;
24599 : 1D;
24600 : 1D;
24601 : 1D;
24602 : 3D;
24603 : 3D;
24604 : 3D;
24605 : 3D;
24606 : 3D;
24607 : 3D;
24608 : 3D;
24609 : 3D;
24610 : 3D;
24611 : 3D;
24612 : 1D;
24613 : 1D;
24614 : 1D;
24615 : 1D;
24616 : 1D;
24617 : 1D;
24618 : 1D;
24619 : 1D;
24620 : 1D;
24621 : 1D;
24622 : 1D;
24623 : 3D;
24624 : 3D;
24625 : 3D;
24626 : 3D;
24627 : 3D;
24628 : 3D;
24629 : 3D;
24630 : 3D;
24631 : 3D;
24632 : 3D;
24633 : 10;
24634 : 10;
24635 : 10;
24636 : 10;
24637 : 10;
24638 : 10;
24639 : 10;
24640 : 14;
24641 : 14;
24642 : 14;
24643 : 14;
24644 : 14;
24645 : 14;
24646 : 14;
24647 : 14;
24648 : 14;
24649 : 14;
24650 : 1D;
24651 : 1D;
24652 : 1D;
24653 : 1D;
24654 : 1D;
24655 : 1D;
24656 : 1D;
24657 : 1D;
24658 : 1D;
24659 : 1D;
24660 : 3D;
24661 : 3D;
24662 : 3D;
24663 : 3D;
24664 : 3D;
24665 : 3D;
24666 : 3D;
24667 : 3D;
24668 : 3D;
24669 : 3D;
24670 : 1D;
24671 : 1D;
24672 : 1D;
24673 : 1D;
24674 : 1D;
24675 : 1D;
24676 : 1D;
24677 : 1D;
24678 : 1D;
24679 : 1D;
24680 : 3D;
24681 : 3D;
24682 : 3D;
24683 : 3D;
24684 : 3D;
24685 : 3D;
24686 : 3D;
24687 : 3D;
24688 : 3D;
24689 : 3D;
24690 : 1D;
24691 : 1D;
24692 : 1D;
24693 : 1D;
24694 : 1D;
24695 : 1D;
24696 : 1D;
24697 : 1D;
24698 : 1D;
24699 : 1D;
24700 : 3D;
24701 : 3D;
24702 : 3D;
24703 : 3D;
24704 : 3D;
24705 : 3D;
24706 : 3D;
24707 : 3D;
24708 : 3D;
24709 : 3D;
24710 : 1D;
24711 : 1D;
24712 : 1D;
24713 : 1D;
24714 : 1D;
24715 : 1D;
24716 : 1D;
24717 : 1D;
24718 : 1D;
24719 : 1D;
24720 : 1D;
24721 : 3D;
24722 : 3D;
24723 : 3D;
24724 : 3D;
24725 : 3D;
24726 : 3D;
24727 : 3D;
24728 : 3D;
24729 : 3D;
24730 : 3D;
24731 : 1D;
24732 : 1D;
24733 : 1D;
24734 : 1D;
24735 : 1D;
24736 : 1D;
24737 : 1D;
24738 : 1D;
24739 : 1D;
24740 : 1D;
24741 : 3D;
24742 : 3D;
24743 : 3D;
24744 : 3D;
24745 : 3D;
24746 : 3D;
24747 : 3D;
24748 : 3D;
24749 : 3D;
24750 : 3D;
24751 : 1D;
24752 : 1D;
24753 : 1D;
24754 : 1D;
24755 : 1D;
24756 : 1D;
24757 : 1D;
24758 : 1D;
24759 : 1D;
24760 : 1D;
24761 : 3D;
24762 : 3D;
24763 : 3D;
24764 : 3D;
24765 : 3D;
24766 : 3D;
24767 : 3D;
24768 : 3D;
24769 : 3D;
24770 : 3D;
24771 : 1D;
24772 : 1D;
24773 : 1D;
24774 : 1D;
24775 : 1D;
24776 : 1D;
24777 : 1D;
24778 : 1D;
24779 : 1D;
24780 : 1D;
24781 : 3D;
24782 : 3D;
24783 : 3D;
24784 : 3D;
24785 : 3D;
24786 : 3D;
24787 : 3D;
24788 : 3D;
24789 : 3D;
24790 : 3D;
24791 : 1D;
24792 : 1D;
24793 : 1D;
24794 : 1D;
24795 : 1D;
24796 : 1D;
24797 : 1D;
24798 : 1D;
24799 : 1D;
24800 : 1D;
24801 : 3D;
24802 : 3D;
24803 : 3D;
24804 : 3D;
24805 : 3D;
24806 : 3D;
24807 : 3D;
24808 : 3D;
24809 : 3D;
24810 : 3D;
24811 : 1D;
24812 : 1D;
24813 : 1D;
24814 : 1D;
24815 : 1D;
24816 : 1D;
24817 : 1D;
24818 : 1D;
24819 : 1D;
24820 : 1D;
24821 : 3D;
24822 : 3D;
24823 : 3D;
24824 : 3D;
24825 : 3D;
24826 : 3D;
24827 : 3D;
24828 : 3D;
24829 : 3D;
24830 : 3D;
24831 : 3D;
24832 : 1D;
24833 : 1D;
24834 : 1D;
24835 : 1D;
24836 : 1D;
24837 : 1D;
24838 : 1D;
24839 : 1D;
24840 : 1D;
24841 : 1D;
24842 : 3D;
24843 : 3D;
24844 : 3D;
24845 : 3D;
24846 : 3D;
24847 : 3D;
24848 : 3D;
24849 : 3D;
24850 : 3D;
24851 : 3D;
24852 : 1D;
24853 : 1D;
24854 : 1D;
24855 : 1D;
24856 : 1D;
24857 : 1D;
24858 : 1D;
24859 : 1D;
24860 : 1D;
24861 : 1D;
24862 : 3D;
24863 : 3D;
24864 : 3D;
24865 : 3D;
24866 : 3D;
24867 : 3D;
24868 : 3D;
24869 : 3D;
24870 : 3D;
24871 : 3D;
24872 : 1D;
24873 : 1D;
24874 : 1D;
24875 : 1D;
24876 : 1D;
24877 : 1D;
24878 : 1D;
24879 : 1D;
24880 : 1D;
24881 : 1D;
24882 : 3D;
24883 : 3D;
24884 : 3D;
24885 : 3D;
24886 : 3D;
24887 : 3D;
24888 : 3D;
24889 : 3D;
24890 : 3D;
24891 : 3D;
24892 : 1D;
24893 : 1D;
24894 : 1D;
24895 : 1D;
24896 : 1D;
24897 : 1D;
24898 : 1D;
24899 : 1D;
24900 : 1D;
24901 : 1D;
24902 : 3D;
24903 : 3D;
24904 : 3D;
24905 : 3D;
24906 : 3D;
24907 : 3D;
24908 : 3D;
24909 : 3D;
24910 : 3D;
24911 : 3D;
24912 : 1D;
24913 : 1D;
24914 : 1D;
24915 : 1D;
24916 : 1D;
24917 : 1D;
24918 : 1D;
24919 : 1D;
24920 : 1D;
24921 : 1D;
24922 : 3D;
24923 : 3D;
24924 : 3D;
24925 : 3D;
24926 : 3D;
24927 : 3D;
24928 : 3D;
24929 : 3D;
24930 : 3D;
24931 : 3D;
24932 : 1D;
24933 : 1D;
24934 : 1D;
24935 : 1D;
24936 : 1D;
24937 : 1D;
24938 : 1D;
24939 : 1D;
24940 : 1D;
24941 : 1D;
24942 : 1D;
24943 : 3D;
24944 : 3D;
24945 : 3D;
24946 : 3D;
24947 : 3D;
24948 : 3D;
24949 : 3D;
24950 : 3D;
24951 : 3D;
24952 : 3D;
24953 : 10;
24954 : 10;
24955 : 10;
24956 : 10;
24957 : 10;
24958 : 10;
24959 : 10;
24960 : 14;
24961 : 14;
24962 : 14;
24963 : 14;
24964 : 14;
24965 : 14;
24966 : 14;
24967 : 14;
24968 : 14;
24969 : 14;
24970 : 1D;
24971 : 1D;
24972 : 1D;
24973 : 1D;
24974 : 1D;
24975 : 1D;
24976 : 1D;
24977 : 1D;
24978 : 1D;
24979 : 1D;
24980 : 3D;
24981 : 3D;
24982 : 3D;
24983 : 3D;
24984 : 3D;
24985 : 3D;
24986 : 3D;
24987 : 3D;
24988 : 3D;
24989 : 3D;
24990 : 1D;
24991 : 1D;
24992 : 1D;
24993 : 1D;
24994 : 1D;
24995 : 1D;
24996 : 1D;
24997 : 1D;
24998 : 1D;
24999 : 1D;
25000 : 3D;
25001 : 3D;
25002 : 3D;
25003 : 3D;
25004 : 3D;
25005 : 3D;
25006 : 3D;
25007 : 3D;
25008 : 3D;
25009 : 3D;
25010 : 1D;
25011 : 1D;
25012 : 1D;
25013 : 1D;
25014 : 1D;
25015 : 1D;
25016 : 1D;
25017 : 1D;
25018 : 1D;
25019 : 1D;
25020 : 3D;
25021 : 3D;
25022 : 3D;
25023 : 3D;
25024 : 3D;
25025 : 3D;
25026 : 3D;
25027 : 3D;
25028 : 3D;
25029 : 3D;
25030 : 1D;
25031 : 1D;
25032 : 1D;
25033 : 1D;
25034 : 1D;
25035 : 1D;
25036 : 1D;
25037 : 1D;
25038 : 1D;
25039 : 1D;
25040 : 1D;
25041 : 3D;
25042 : 3D;
25043 : 3D;
25044 : 3D;
25045 : 3D;
25046 : 3D;
25047 : 3D;
25048 : 3D;
25049 : 3D;
25050 : 3D;
25051 : 1D;
25052 : 1D;
25053 : 1D;
25054 : 1D;
25055 : 1D;
25056 : 1D;
25057 : 1D;
25058 : 1D;
25059 : 1D;
25060 : 1D;
25061 : 3D;
25062 : 3D;
25063 : 3D;
25064 : 3D;
25065 : 3D;
25066 : 3D;
25067 : 3D;
25068 : 3D;
25069 : 3D;
25070 : 3D;
25071 : 1D;
25072 : 1D;
25073 : 1D;
25074 : 1D;
25075 : 1D;
25076 : 1D;
25077 : 1D;
25078 : 1D;
25079 : 1D;
25080 : 1D;
25081 : 3D;
25082 : 3D;
25083 : 3D;
25084 : 3D;
25085 : 3D;
25086 : 3D;
25087 : 3D;
25088 : 3D;
25089 : 3D;
25090 : 3D;
25091 : 1D;
25092 : 1D;
25093 : 1D;
25094 : 1D;
25095 : 1D;
25096 : 1D;
25097 : 1D;
25098 : 1D;
25099 : 1D;
25100 : 1D;
25101 : 3D;
25102 : 3D;
25103 : 3D;
25104 : 3D;
25105 : 3D;
25106 : 3D;
25107 : 3D;
25108 : 3D;
25109 : 3D;
25110 : 3D;
25111 : 1D;
25112 : 1D;
25113 : 1D;
25114 : 1D;
25115 : 1D;
25116 : 1D;
25117 : 1D;
25118 : 1D;
25119 : 1D;
25120 : 1D;
25121 : 3D;
25122 : 3D;
25123 : 3D;
25124 : 3D;
25125 : 3D;
25126 : 3D;
25127 : 3D;
25128 : 3D;
25129 : 3D;
25130 : 3D;
25131 : 1D;
25132 : 1D;
25133 : 1D;
25134 : 1D;
25135 : 1D;
25136 : 1D;
25137 : 1D;
25138 : 1D;
25139 : 1D;
25140 : 1D;
25141 : 3D;
25142 : 3D;
25143 : 3D;
25144 : 3D;
25145 : 3D;
25146 : 3D;
25147 : 3D;
25148 : 3D;
25149 : 3D;
25150 : 3D;
25151 : 3D;
25152 : 1D;
25153 : 1D;
25154 : 1D;
25155 : 1D;
25156 : 1D;
25157 : 1D;
25158 : 1D;
25159 : 1D;
25160 : 1D;
25161 : 1D;
25162 : 3D;
25163 : 3D;
25164 : 3D;
25165 : 3D;
25166 : 3D;
25167 : 3D;
25168 : 3D;
25169 : 3D;
25170 : 3D;
25171 : 3D;
25172 : 1D;
25173 : 1D;
25174 : 1D;
25175 : 1D;
25176 : 1D;
25177 : 1D;
25178 : 1D;
25179 : 1D;
25180 : 1D;
25181 : 1D;
25182 : 3D;
25183 : 3D;
25184 : 3D;
25185 : 3D;
25186 : 3D;
25187 : 3D;
25188 : 3D;
25189 : 3D;
25190 : 3D;
25191 : 3D;
25192 : 1D;
25193 : 1D;
25194 : 1D;
25195 : 1D;
25196 : 1D;
25197 : 1D;
25198 : 1D;
25199 : 1D;
25200 : 1D;
25201 : 1D;
25202 : 3D;
25203 : 3D;
25204 : 3D;
25205 : 3D;
25206 : 3D;
25207 : 3D;
25208 : 3D;
25209 : 3D;
25210 : 3D;
25211 : 3D;
25212 : 1D;
25213 : 1D;
25214 : 1D;
25215 : 1D;
25216 : 1D;
25217 : 1D;
25218 : 1D;
25219 : 1D;
25220 : 1D;
25221 : 1D;
25222 : 3D;
25223 : 3D;
25224 : 3D;
25225 : 3D;
25226 : 3D;
25227 : 3D;
25228 : 3D;
25229 : 3D;
25230 : 3D;
25231 : 3D;
25232 : 1D;
25233 : 1D;
25234 : 1D;
25235 : 1D;
25236 : 1D;
25237 : 1D;
25238 : 1D;
25239 : 1D;
25240 : 1D;
25241 : 1D;
25242 : 3D;
25243 : 3D;
25244 : 3D;
25245 : 3D;
25246 : 3D;
25247 : 3D;
25248 : 3D;
25249 : 3D;
25250 : 3D;
25251 : 3D;
25252 : 1D;
25253 : 1D;
25254 : 1D;
25255 : 1D;
25256 : 1D;
25257 : 1D;
25258 : 1D;
25259 : 1D;
25260 : 1D;
25261 : 1D;
25262 : 1D;
25263 : 3D;
25264 : 3D;
25265 : 3D;
25266 : 3D;
25267 : 3D;
25268 : 3D;
25269 : 3D;
25270 : 3D;
25271 : 3D;
25272 : 3D;
25273 : 10;
25274 : 10;
25275 : 10;
25276 : 10;
25277 : 10;
25278 : 10;
25279 : 10;
25280 : 14;
25281 : 14;
25282 : 14;
25283 : 14;
25284 : 14;
25285 : 14;
25286 : 14;
25287 : 14;
25288 : 14;
25289 : 14;
25290 : 1D;
25291 : 1D;
25292 : 1D;
25293 : 1D;
25294 : 1D;
25295 : 1D;
25296 : 1D;
25297 : 1D;
25298 : 1D;
25299 : 1D;
25300 : 3D;
25301 : 3D;
25302 : 3D;
25303 : 3D;
25304 : 3D;
25305 : 3D;
25306 : 3D;
25307 : 3D;
25308 : 3D;
25309 : 3D;
25310 : 1D;
25311 : 1D;
25312 : 1D;
25313 : 1D;
25314 : 1D;
25315 : 1D;
25316 : 1D;
25317 : 1D;
25318 : 1D;
25319 : 1D;
25320 : 3D;
25321 : 3D;
25322 : 3D;
25323 : 3D;
25324 : 3D;
25325 : 3D;
25326 : 3D;
25327 : 3D;
25328 : 3D;
25329 : 3D;
25330 : 1D;
25331 : 1D;
25332 : 1D;
25333 : 1D;
25334 : 1D;
25335 : 1D;
25336 : 1D;
25337 : 1D;
25338 : 1D;
25339 : 1D;
25340 : 3D;
25341 : 3D;
25342 : 3D;
25343 : 3D;
25344 : 3D;
25345 : 3D;
25346 : 3D;
25347 : 3D;
25348 : 3D;
25349 : 3D;
25350 : 1D;
25351 : 1D;
25352 : 1D;
25353 : 1D;
25354 : 1D;
25355 : 1D;
25356 : 1D;
25357 : 1D;
25358 : 1D;
25359 : 1D;
25360 : 1D;
25361 : 3D;
25362 : 3D;
25363 : 3D;
25364 : 3D;
25365 : 3D;
25366 : 3D;
25367 : 3D;
25368 : 3D;
25369 : 3D;
25370 : 3D;
25371 : 1D;
25372 : 1D;
25373 : 1D;
25374 : 1D;
25375 : 1D;
25376 : 1D;
25377 : 1D;
25378 : 1D;
25379 : 1D;
25380 : 1D;
25381 : 3D;
25382 : 3D;
25383 : 3D;
25384 : 3D;
25385 : 3D;
25386 : 3D;
25387 : 3D;
25388 : 3D;
25389 : 3D;
25390 : 3D;
25391 : 1D;
25392 : 1D;
25393 : 1D;
25394 : 1D;
25395 : 1D;
25396 : 1D;
25397 : 1D;
25398 : 1D;
25399 : 1D;
25400 : 1D;
25401 : 3D;
25402 : 3D;
25403 : 3D;
25404 : 3D;
25405 : 3D;
25406 : 3D;
25407 : 3D;
25408 : 3D;
25409 : 3D;
25410 : 3D;
25411 : 1D;
25412 : 1D;
25413 : 1D;
25414 : 1D;
25415 : 1D;
25416 : 1D;
25417 : 1D;
25418 : 1D;
25419 : 1D;
25420 : 1D;
25421 : 3D;
25422 : 3D;
25423 : 3D;
25424 : 3D;
25425 : 3D;
25426 : 3D;
25427 : 3D;
25428 : 3D;
25429 : 3D;
25430 : 3D;
25431 : 1D;
25432 : 1D;
25433 : 1D;
25434 : 1D;
25435 : 1D;
25436 : 1D;
25437 : 1D;
25438 : 1D;
25439 : 1D;
25440 : 1D;
25441 : 3D;
25442 : 3D;
25443 : 3D;
25444 : 3D;
25445 : 3D;
25446 : 3D;
25447 : 3D;
25448 : 3D;
25449 : 3D;
25450 : 3D;
25451 : 1D;
25452 : 1D;
25453 : 1D;
25454 : 1D;
25455 : 1D;
25456 : 1D;
25457 : 1D;
25458 : 1D;
25459 : 1D;
25460 : 1D;
25461 : 3D;
25462 : 3D;
25463 : 3D;
25464 : 3D;
25465 : 3D;
25466 : 3D;
25467 : 3D;
25468 : 3D;
25469 : 3D;
25470 : 3D;
25471 : 3D;
25472 : 1D;
25473 : 1D;
25474 : 1D;
25475 : 1D;
25476 : 1D;
25477 : 1D;
25478 : 1D;
25479 : 1D;
25480 : 1D;
25481 : 1D;
25482 : 3D;
25483 : 3D;
25484 : 3D;
25485 : 3D;
25486 : 3D;
25487 : 3D;
25488 : 3D;
25489 : 3D;
25490 : 3D;
25491 : 3D;
25492 : 1D;
25493 : 1D;
25494 : 1D;
25495 : 1D;
25496 : 1D;
25497 : 1D;
25498 : 1D;
25499 : 1D;
25500 : 1D;
25501 : 1D;
25502 : 3D;
25503 : 3D;
25504 : 3D;
25505 : 3D;
25506 : 3D;
25507 : 3D;
25508 : 3D;
25509 : 3D;
25510 : 3D;
25511 : 3D;
25512 : 1D;
25513 : 1D;
25514 : 1D;
25515 : 1D;
25516 : 1D;
25517 : 1D;
25518 : 1D;
25519 : 1D;
25520 : 1D;
25521 : 1D;
25522 : 3D;
25523 : 3D;
25524 : 3D;
25525 : 3D;
25526 : 3D;
25527 : 3D;
25528 : 3D;
25529 : 3D;
25530 : 3D;
25531 : 3D;
25532 : 1D;
25533 : 1D;
25534 : 1D;
25535 : 1D;
25536 : 1D;
25537 : 1D;
25538 : 1D;
25539 : 1D;
25540 : 1D;
25541 : 1D;
25542 : 3D;
25543 : 3D;
25544 : 3D;
25545 : 3D;
25546 : 3D;
25547 : 3D;
25548 : 3D;
25549 : 3D;
25550 : 3D;
25551 : 3D;
25552 : 1D;
25553 : 1D;
25554 : 1D;
25555 : 1D;
25556 : 1D;
25557 : 1D;
25558 : 1D;
25559 : 1D;
25560 : 1D;
25561 : 1D;
25562 : 3D;
25563 : 3D;
25564 : 3D;
25565 : 3D;
25566 : 3D;
25567 : 3D;
25568 : 3D;
25569 : 3D;
25570 : 3D;
25571 : 3D;
25572 : 1D;
25573 : 1D;
25574 : 1D;
25575 : 1D;
25576 : 1D;
25577 : 1D;
25578 : 1D;
25579 : 1D;
25580 : 1D;
25581 : 1D;
25582 : 1D;
25583 : 3D;
25584 : 3D;
25585 : 3D;
25586 : 3D;
25587 : 3D;
25588 : 3D;
25589 : 3D;
25590 : 3D;
25591 : 3D;
25592 : 3D;
25593 : 10;
25594 : 10;
25595 : 10;
25596 : 10;
25597 : 10;
25598 : 10;
25599 : 10;
25600 : 10;
25601 : 10;
25602 : 10;
25603 : 10;
25604 : 10;
25605 : 10;
25606 : 10;
25607 : 10;
25608 : 10;
25609 : 10;
25610 : 3D;
25611 : 3D;
25612 : 3D;
25613 : 3D;
25614 : 3D;
25615 : 3D;
25616 : 3D;
25617 : 3D;
25618 : 3D;
25619 : 3D;
25620 : 1D;
25621 : 1D;
25622 : 1D;
25623 : 1D;
25624 : 1D;
25625 : 1D;
25626 : 1D;
25627 : 1D;
25628 : 1D;
25629 : 1D;
25630 : 3D;
25631 : 3D;
25632 : 3D;
25633 : 3D;
25634 : 3D;
25635 : 3D;
25636 : 3D;
25637 : 3D;
25638 : 3D;
25639 : 3D;
25640 : 1D;
25641 : 1D;
25642 : 1D;
25643 : 1D;
25644 : 1D;
25645 : 1D;
25646 : 1D;
25647 : 1D;
25648 : 1D;
25649 : 1D;
25650 : 3D;
25651 : 3D;
25652 : 3D;
25653 : 3D;
25654 : 3D;
25655 : 3D;
25656 : 3D;
25657 : 3D;
25658 : 3D;
25659 : 3D;
25660 : 1D;
25661 : 1D;
25662 : 1D;
25663 : 1D;
25664 : 1D;
25665 : 1D;
25666 : 1D;
25667 : 1D;
25668 : 1D;
25669 : 1D;
25670 : 3D;
25671 : 3D;
25672 : 3D;
25673 : 3D;
25674 : 3D;
25675 : 3D;
25676 : 3D;
25677 : 3D;
25678 : 3D;
25679 : 3D;
25680 : 3D;
25681 : 1D;
25682 : 1D;
25683 : 1D;
25684 : 1D;
25685 : 1D;
25686 : 1D;
25687 : 1D;
25688 : 1D;
25689 : 1D;
25690 : 1D;
25691 : 3D;
25692 : 3D;
25693 : 3D;
25694 : 3D;
25695 : 3D;
25696 : 3D;
25697 : 3D;
25698 : 3D;
25699 : 3D;
25700 : 3D;
25701 : 1D;
25702 : 1D;
25703 : 1D;
25704 : 1D;
25705 : 1D;
25706 : 1D;
25707 : 1D;
25708 : 1D;
25709 : 1D;
25710 : 1D;
25711 : 3D;
25712 : 3D;
25713 : 3D;
25714 : 3D;
25715 : 3D;
25716 : 3D;
25717 : 3D;
25718 : 3D;
25719 : 3D;
25720 : 3D;
25721 : 1D;
25722 : 1D;
25723 : 1D;
25724 : 1D;
25725 : 1D;
25726 : 1D;
25727 : 1D;
25728 : 1D;
25729 : 1D;
25730 : 1D;
25731 : 3D;
25732 : 3D;
25733 : 3D;
25734 : 3D;
25735 : 3D;
25736 : 3D;
25737 : 3D;
25738 : 3D;
25739 : 3D;
25740 : 3D;
25741 : 1D;
25742 : 1D;
25743 : 1D;
25744 : 1D;
25745 : 1D;
25746 : 1D;
25747 : 1D;
25748 : 1D;
25749 : 1D;
25750 : 1D;
25751 : 3D;
25752 : 3D;
25753 : 3D;
25754 : 3D;
25755 : 3D;
25756 : 3D;
25757 : 3D;
25758 : 3D;
25759 : 3D;
25760 : 3D;
25761 : 1D;
25762 : 1D;
25763 : 1D;
25764 : 1D;
25765 : 1D;
25766 : 1D;
25767 : 1D;
25768 : 1D;
25769 : 1D;
25770 : 1D;
25771 : 3D;
25772 : 3D;
25773 : 3D;
25774 : 3D;
25775 : 3D;
25776 : 3D;
25777 : 3D;
25778 : 3D;
25779 : 3D;
25780 : 3D;
25781 : 1D;
25782 : 1D;
25783 : 1D;
25784 : 1D;
25785 : 1D;
25786 : 1D;
25787 : 1D;
25788 : 1D;
25789 : 1D;
25790 : 1D;
25791 : 1D;
25792 : 3D;
25793 : 3D;
25794 : 3D;
25795 : 3D;
25796 : 3D;
25797 : 3D;
25798 : 3D;
25799 : 3D;
25800 : 3D;
25801 : 3D;
25802 : 1D;
25803 : 1D;
25804 : 1D;
25805 : 1D;
25806 : 1D;
25807 : 1D;
25808 : 1D;
25809 : 1D;
25810 : 1D;
25811 : 1D;
25812 : 3D;
25813 : 3D;
25814 : 3D;
25815 : 3D;
25816 : 3D;
25817 : 3D;
25818 : 3D;
25819 : 3D;
25820 : 3D;
25821 : 3D;
25822 : 1D;
25823 : 1D;
25824 : 1D;
25825 : 1D;
25826 : 1D;
25827 : 1D;
25828 : 1D;
25829 : 1D;
25830 : 1D;
25831 : 1D;
25832 : 3D;
25833 : 3D;
25834 : 3D;
25835 : 3D;
25836 : 3D;
25837 : 3D;
25838 : 3D;
25839 : 3D;
25840 : 3D;
25841 : 3D;
25842 : 1D;
25843 : 1D;
25844 : 1D;
25845 : 1D;
25846 : 1D;
25847 : 1D;
25848 : 1D;
25849 : 1D;
25850 : 1D;
25851 : 1D;
25852 : 3D;
25853 : 3D;
25854 : 3D;
25855 : 3D;
25856 : 3D;
25857 : 3D;
25858 : 3D;
25859 : 3D;
25860 : 3D;
25861 : 3D;
25862 : 1D;
25863 : 1D;
25864 : 1D;
25865 : 1D;
25866 : 1D;
25867 : 1D;
25868 : 1D;
25869 : 1D;
25870 : 1D;
25871 : 1D;
25872 : 3D;
25873 : 3D;
25874 : 3D;
25875 : 3D;
25876 : 3D;
25877 : 3D;
25878 : 3D;
25879 : 3D;
25880 : 3D;
25881 : 3D;
25882 : 1D;
25883 : 1D;
25884 : 1D;
25885 : 1D;
25886 : 1D;
25887 : 1D;
25888 : 1D;
25889 : 1D;
25890 : 1D;
25891 : 1D;
25892 : 3D;
25893 : 3D;
25894 : 3D;
25895 : 3D;
25896 : 3D;
25897 : 3D;
25898 : 3D;
25899 : 3D;
25900 : 3D;
25901 : 3D;
25902 : 3D;
25903 : 1D;
25904 : 1D;
25905 : 1D;
25906 : 1D;
25907 : 1D;
25908 : 1D;
25909 : 1D;
25910 : 1D;
25911 : 1D;
25912 : 1D;
25913 : 14;
25914 : 14;
25915 : 14;
25916 : 14;
25917 : 14;
25918 : 14;
25919 : 14;
25920 : 10;
25921 : 10;
25922 : 10;
25923 : 10;
25924 : 10;
25925 : 10;
25926 : 10;
25927 : 10;
25928 : 10;
25929 : 10;
25930 : 3D;
25931 : 3D;
25932 : 3D;
25933 : 3D;
25934 : 3D;
25935 : 3D;
25936 : 3D;
25937 : 3D;
25938 : 3D;
25939 : 3D;
25940 : 1D;
25941 : 1D;
25942 : 1D;
25943 : 1D;
25944 : 1D;
25945 : 1D;
25946 : 1D;
25947 : 1D;
25948 : 1D;
25949 : 1D;
25950 : 3D;
25951 : 3D;
25952 : 3D;
25953 : 3D;
25954 : 3D;
25955 : 3D;
25956 : 3D;
25957 : 3D;
25958 : 3D;
25959 : 3D;
25960 : 1D;
25961 : 1D;
25962 : 1D;
25963 : 1D;
25964 : 1D;
25965 : 1D;
25966 : 1D;
25967 : 1D;
25968 : 1D;
25969 : 1D;
25970 : 3D;
25971 : 3D;
25972 : 3D;
25973 : 3D;
25974 : 3D;
25975 : 3D;
25976 : 3D;
25977 : 3D;
25978 : 3D;
25979 : 3D;
25980 : 1D;
25981 : 1D;
25982 : 1D;
25983 : 1D;
25984 : 1D;
25985 : 1D;
25986 : 1D;
25987 : 1D;
25988 : 1D;
25989 : 1D;
25990 : 3D;
25991 : 3D;
25992 : 3D;
25993 : 3D;
25994 : 3D;
25995 : 3D;
25996 : 3D;
25997 : 3D;
25998 : 3D;
25999 : 3D;
26000 : 3D;
26001 : 1D;
26002 : 1D;
26003 : 1D;
26004 : 1D;
26005 : 1D;
26006 : 1D;
26007 : 1D;
26008 : 1D;
26009 : 1D;
26010 : 1D;
26011 : 3D;
26012 : 3D;
26013 : 3D;
26014 : 3D;
26015 : 3D;
26016 : 3D;
26017 : 3D;
26018 : 3D;
26019 : 3D;
26020 : 3D;
26021 : 1D;
26022 : 1D;
26023 : 1D;
26024 : 1D;
26025 : 1D;
26026 : 1D;
26027 : 1D;
26028 : 1D;
26029 : 1D;
26030 : 1D;
26031 : 3D;
26032 : 3D;
26033 : 3D;
26034 : 3D;
26035 : 3D;
26036 : 3D;
26037 : 3D;
26038 : 3D;
26039 : 3D;
26040 : 3D;
26041 : 1D;
26042 : 1D;
26043 : 1D;
26044 : 1D;
26045 : 1D;
26046 : 1D;
26047 : 1D;
26048 : 1D;
26049 : 1D;
26050 : 1D;
26051 : 3D;
26052 : 3D;
26053 : 3D;
26054 : 3D;
26055 : 3D;
26056 : 3D;
26057 : 3D;
26058 : 3D;
26059 : 3D;
26060 : 3D;
26061 : 1D;
26062 : 1D;
26063 : 1D;
26064 : 1D;
26065 : 1D;
26066 : 1D;
26067 : 1D;
26068 : 1D;
26069 : 1D;
26070 : 1D;
26071 : 3D;
26072 : 3D;
26073 : 3D;
26074 : 3D;
26075 : 3D;
26076 : 3D;
26077 : 3D;
26078 : 3D;
26079 : 3D;
26080 : 3D;
26081 : 1D;
26082 : 1D;
26083 : 1D;
26084 : 1D;
26085 : 1D;
26086 : 1D;
26087 : 1D;
26088 : 1D;
26089 : 1D;
26090 : 1D;
26091 : 3D;
26092 : 3D;
26093 : 3D;
26094 : 3D;
26095 : 3D;
26096 : 3D;
26097 : 3D;
26098 : 3D;
26099 : 3D;
26100 : 3D;
26101 : 1D;
26102 : 1D;
26103 : 1D;
26104 : 1D;
26105 : 1D;
26106 : 1D;
26107 : 1D;
26108 : 1D;
26109 : 1D;
26110 : 1D;
26111 : 1D;
26112 : 3D;
26113 : 3D;
26114 : 3D;
26115 : 3D;
26116 : 3D;
26117 : 3D;
26118 : 3D;
26119 : 3D;
26120 : 3D;
26121 : 3D;
26122 : 1D;
26123 : 1D;
26124 : 1D;
26125 : 1D;
26126 : 1D;
26127 : 1D;
26128 : 1D;
26129 : 1D;
26130 : 1D;
26131 : 1D;
26132 : 3D;
26133 : 3D;
26134 : 3D;
26135 : 3D;
26136 : 3D;
26137 : 3D;
26138 : 3D;
26139 : 3D;
26140 : 3D;
26141 : 3D;
26142 : 1D;
26143 : 1D;
26144 : 1D;
26145 : 1D;
26146 : 1D;
26147 : 1D;
26148 : 1D;
26149 : 1D;
26150 : 1D;
26151 : 1D;
26152 : 3D;
26153 : 3D;
26154 : 3D;
26155 : 3D;
26156 : 3D;
26157 : 3D;
26158 : 3D;
26159 : 3D;
26160 : 3D;
26161 : 3D;
26162 : 1D;
26163 : 1D;
26164 : 1D;
26165 : 1D;
26166 : 1D;
26167 : 1D;
26168 : 1D;
26169 : 1D;
26170 : 1D;
26171 : 1D;
26172 : 3D;
26173 : 3D;
26174 : 3D;
26175 : 3D;
26176 : 3D;
26177 : 3D;
26178 : 3D;
26179 : 3D;
26180 : 3D;
26181 : 3D;
26182 : 1D;
26183 : 1D;
26184 : 1D;
26185 : 1D;
26186 : 1D;
26187 : 1D;
26188 : 1D;
26189 : 1D;
26190 : 1D;
26191 : 1D;
26192 : 3D;
26193 : 3D;
26194 : 3D;
26195 : 3D;
26196 : 3D;
26197 : 3D;
26198 : 3D;
26199 : 3D;
26200 : 3D;
26201 : 3D;
26202 : 1D;
26203 : 1D;
26204 : 1D;
26205 : 1D;
26206 : 1D;
26207 : 1D;
26208 : 1D;
26209 : 1D;
26210 : 1D;
26211 : 1D;
26212 : 3D;
26213 : 3D;
26214 : 3D;
26215 : 3D;
26216 : 3D;
26217 : 3D;
26218 : 3D;
26219 : 3D;
26220 : 3D;
26221 : 3D;
26222 : 3D;
26223 : 1D;
26224 : 1D;
26225 : 1D;
26226 : 1D;
26227 : 1D;
26228 : 1D;
26229 : 1D;
26230 : 1D;
26231 : 1D;
26232 : 1D;
26233 : 14;
26234 : 14;
26235 : 14;
26236 : 14;
26237 : 14;
26238 : 14;
26239 : 14;
26240 : 10;
26241 : 10;
26242 : 10;
26243 : 10;
26244 : 10;
26245 : 10;
26246 : 10;
26247 : 10;
26248 : 10;
26249 : 10;
26250 : 3D;
26251 : 3D;
26252 : 3D;
26253 : 3D;
26254 : 3D;
26255 : 3D;
26256 : 3D;
26257 : 3D;
26258 : 3D;
26259 : 3D;
26260 : 1D;
26261 : 1D;
26262 : 1D;
26263 : 1D;
26264 : 1D;
26265 : 1D;
26266 : 1D;
26267 : 1D;
26268 : 1D;
26269 : 1D;
26270 : 3D;
26271 : 3D;
26272 : 3D;
26273 : 3D;
26274 : 3D;
26275 : 3D;
26276 : 3D;
26277 : 3D;
26278 : 3D;
26279 : 3D;
26280 : 1D;
26281 : 1D;
26282 : 1D;
26283 : 1D;
26284 : 1D;
26285 : 1D;
26286 : 1D;
26287 : 1D;
26288 : 1D;
26289 : 1D;
26290 : 3D;
26291 : 3D;
26292 : 3D;
26293 : 3D;
26294 : 3D;
26295 : 3D;
26296 : 3D;
26297 : 3D;
26298 : 3D;
26299 : 3D;
26300 : 1D;
26301 : 1D;
26302 : 1D;
26303 : 1D;
26304 : 1D;
26305 : 1D;
26306 : 1D;
26307 : 1D;
26308 : 1D;
26309 : 1D;
26310 : 3D;
26311 : 3D;
26312 : 3D;
26313 : 3D;
26314 : 3D;
26315 : 3D;
26316 : 3D;
26317 : 3D;
26318 : 3D;
26319 : 3D;
26320 : 3D;
26321 : 1D;
26322 : 1D;
26323 : 1D;
26324 : 1D;
26325 : 1D;
26326 : 1D;
26327 : 1D;
26328 : 1D;
26329 : 1D;
26330 : 1D;
26331 : 3D;
26332 : 3D;
26333 : 3D;
26334 : 3D;
26335 : 3D;
26336 : 3D;
26337 : 3D;
26338 : 3D;
26339 : 3D;
26340 : 3D;
26341 : 1D;
26342 : 1D;
26343 : 1D;
26344 : 1D;
26345 : 1D;
26346 : 1D;
26347 : 1D;
26348 : 1D;
26349 : 1D;
26350 : 1D;
26351 : 3D;
26352 : 3D;
26353 : 3D;
26354 : 3D;
26355 : 3D;
26356 : 3D;
26357 : 3D;
26358 : 3D;
26359 : 3D;
26360 : 3D;
26361 : 1D;
26362 : 1D;
26363 : 1D;
26364 : 1D;
26365 : 1D;
26366 : 1D;
26367 : 1D;
26368 : 1D;
26369 : 1D;
26370 : 1D;
26371 : 3D;
26372 : 3D;
26373 : 3D;
26374 : 3D;
26375 : 3D;
26376 : 3D;
26377 : 3D;
26378 : 3D;
26379 : 3D;
26380 : 3D;
26381 : 1D;
26382 : 1D;
26383 : 1D;
26384 : 1D;
26385 : 1D;
26386 : 1D;
26387 : 1D;
26388 : 1D;
26389 : 1D;
26390 : 1D;
26391 : 3D;
26392 : 3D;
26393 : 3D;
26394 : 3D;
26395 : 3D;
26396 : 3D;
26397 : 3D;
26398 : 3D;
26399 : 3D;
26400 : 3D;
26401 : 1D;
26402 : 1D;
26403 : 1D;
26404 : 1D;
26405 : 1D;
26406 : 1D;
26407 : 1D;
26408 : 1D;
26409 : 1D;
26410 : 1D;
26411 : 3D;
26412 : 3D;
26413 : 3D;
26414 : 3D;
26415 : 3D;
26416 : 3D;
26417 : 3D;
26418 : 3D;
26419 : 3D;
26420 : 3D;
26421 : 1D;
26422 : 1D;
26423 : 1D;
26424 : 1D;
26425 : 1D;
26426 : 1D;
26427 : 1D;
26428 : 1D;
26429 : 1D;
26430 : 1D;
26431 : 1D;
26432 : 3D;
26433 : 3D;
26434 : 3D;
26435 : 3D;
26436 : 3D;
26437 : 3D;
26438 : 3D;
26439 : 3D;
26440 : 3D;
26441 : 3D;
26442 : 1D;
26443 : 1D;
26444 : 1D;
26445 : 1D;
26446 : 1D;
26447 : 1D;
26448 : 1D;
26449 : 1D;
26450 : 1D;
26451 : 1D;
26452 : 3D;
26453 : 3D;
26454 : 3D;
26455 : 3D;
26456 : 3D;
26457 : 3D;
26458 : 3D;
26459 : 3D;
26460 : 3D;
26461 : 3D;
26462 : 1D;
26463 : 1D;
26464 : 1D;
26465 : 1D;
26466 : 1D;
26467 : 1D;
26468 : 1D;
26469 : 1D;
26470 : 1D;
26471 : 1D;
26472 : 3D;
26473 : 3D;
26474 : 3D;
26475 : 3D;
26476 : 3D;
26477 : 3D;
26478 : 3D;
26479 : 3D;
26480 : 3D;
26481 : 3D;
26482 : 1D;
26483 : 1D;
26484 : 1D;
26485 : 1D;
26486 : 1D;
26487 : 1D;
26488 : 1D;
26489 : 1D;
26490 : 1D;
26491 : 1D;
26492 : 3D;
26493 : 3D;
26494 : 3D;
26495 : 3D;
26496 : 3D;
26497 : 3D;
26498 : 3D;
26499 : 3D;
26500 : 3D;
26501 : 3D;
26502 : 1D;
26503 : 1D;
26504 : 1D;
26505 : 1D;
26506 : 1D;
26507 : 1D;
26508 : 1D;
26509 : 1D;
26510 : 1D;
26511 : 1D;
26512 : 3D;
26513 : 3D;
26514 : 3D;
26515 : 3D;
26516 : 3D;
26517 : 3D;
26518 : 3D;
26519 : 3D;
26520 : 3D;
26521 : 3D;
26522 : 1D;
26523 : 1D;
26524 : 1D;
26525 : 1D;
26526 : 1D;
26527 : 1D;
26528 : 1D;
26529 : 1D;
26530 : 1D;
26531 : 1D;
26532 : 3D;
26533 : 3D;
26534 : 3D;
26535 : 3D;
26536 : 3D;
26537 : 3D;
26538 : 3D;
26539 : 3D;
26540 : 3D;
26541 : 3D;
26542 : 3D;
26543 : 1D;
26544 : 1D;
26545 : 1D;
26546 : 1D;
26547 : 1D;
26548 : 1D;
26549 : 1D;
26550 : 1D;
26551 : 1D;
26552 : 1D;
26553 : 14;
26554 : 14;
26555 : 14;
26556 : 14;
26557 : 14;
26558 : 14;
26559 : 14;
26560 : 10;
26561 : 10;
26562 : 10;
26563 : 10;
26564 : 10;
26565 : 10;
26566 : 10;
26567 : 10;
26568 : 10;
26569 : 10;
26570 : 3D;
26571 : 3D;
26572 : 3D;
26573 : 3D;
26574 : 3D;
26575 : 3D;
26576 : 3D;
26577 : 3D;
26578 : 3D;
26579 : 3D;
26580 : 1D;
26581 : 1D;
26582 : 1D;
26583 : 1D;
26584 : 1D;
26585 : 1D;
26586 : 1D;
26587 : 1D;
26588 : 1D;
26589 : 1D;
26590 : 3D;
26591 : 3D;
26592 : 3D;
26593 : 3D;
26594 : 3D;
26595 : 3D;
26596 : 3D;
26597 : 3D;
26598 : 3D;
26599 : 3D;
26600 : 1D;
26601 : 1D;
26602 : 1D;
26603 : 1D;
26604 : 1D;
26605 : 1D;
26606 : 1D;
26607 : 1D;
26608 : 1D;
26609 : 1D;
26610 : 3D;
26611 : 3D;
26612 : 3D;
26613 : 3D;
26614 : 3D;
26615 : 3D;
26616 : 3D;
26617 : 3D;
26618 : 3D;
26619 : 3D;
26620 : 1D;
26621 : 1D;
26622 : 1D;
26623 : 1D;
26624 : 1D;
26625 : 1D;
26626 : 1D;
26627 : 1D;
26628 : 1D;
26629 : 1D;
26630 : 3D;
26631 : 3D;
26632 : 3D;
26633 : 3D;
26634 : 3D;
26635 : 3D;
26636 : 3D;
26637 : 3D;
26638 : 3D;
26639 : 3D;
26640 : 3D;
26641 : 1D;
26642 : 1D;
26643 : 1D;
26644 : 1D;
26645 : 1D;
26646 : 1D;
26647 : 1D;
26648 : 1D;
26649 : 1D;
26650 : 1D;
26651 : 3D;
26652 : 3D;
26653 : 3D;
26654 : 3D;
26655 : 3D;
26656 : 3D;
26657 : 3D;
26658 : 3D;
26659 : 3D;
26660 : 3D;
26661 : 1D;
26662 : 1D;
26663 : 1D;
26664 : 1D;
26665 : 1D;
26666 : 1D;
26667 : 1D;
26668 : 1D;
26669 : 1D;
26670 : 1D;
26671 : 3D;
26672 : 3D;
26673 : 3D;
26674 : 3D;
26675 : 3D;
26676 : 3D;
26677 : 3D;
26678 : 3D;
26679 : 3D;
26680 : 3D;
26681 : 1D;
26682 : 1D;
26683 : 1D;
26684 : 1D;
26685 : 1D;
26686 : 1D;
26687 : 1D;
26688 : 1D;
26689 : 1D;
26690 : 1D;
26691 : 3D;
26692 : 3D;
26693 : 3D;
26694 : 3D;
26695 : 3D;
26696 : 3D;
26697 : 3D;
26698 : 3D;
26699 : 3D;
26700 : 3D;
26701 : 1D;
26702 : 1D;
26703 : 1D;
26704 : 1D;
26705 : 1D;
26706 : 1D;
26707 : 1D;
26708 : 1D;
26709 : 1D;
26710 : 1D;
26711 : 3D;
26712 : 3D;
26713 : 3D;
26714 : 3D;
26715 : 3D;
26716 : 3D;
26717 : 3D;
26718 : 3D;
26719 : 3D;
26720 : 3D;
26721 : 1D;
26722 : 1D;
26723 : 1D;
26724 : 1D;
26725 : 1D;
26726 : 1D;
26727 : 1D;
26728 : 1D;
26729 : 1D;
26730 : 1D;
26731 : 3D;
26732 : 3D;
26733 : 3D;
26734 : 3D;
26735 : 3D;
26736 : 3D;
26737 : 3D;
26738 : 3D;
26739 : 3D;
26740 : 3D;
26741 : 1D;
26742 : 1D;
26743 : 1D;
26744 : 1D;
26745 : 1D;
26746 : 1D;
26747 : 1D;
26748 : 1D;
26749 : 1D;
26750 : 1D;
26751 : 1D;
26752 : 3D;
26753 : 3D;
26754 : 3D;
26755 : 3D;
26756 : 3D;
26757 : 3D;
26758 : 3D;
26759 : 3D;
26760 : 3D;
26761 : 3D;
26762 : 1D;
26763 : 1D;
26764 : 1D;
26765 : 1D;
26766 : 1D;
26767 : 1D;
26768 : 1D;
26769 : 1D;
26770 : 1D;
26771 : 1D;
26772 : 3D;
26773 : 3D;
26774 : 3D;
26775 : 3D;
26776 : 3D;
26777 : 3D;
26778 : 3D;
26779 : 3D;
26780 : 3D;
26781 : 3D;
26782 : 1D;
26783 : 1D;
26784 : 1D;
26785 : 1D;
26786 : 1D;
26787 : 1D;
26788 : 1D;
26789 : 1D;
26790 : 1D;
26791 : 1D;
26792 : 3D;
26793 : 3D;
26794 : 3D;
26795 : 3D;
26796 : 3D;
26797 : 3D;
26798 : 3D;
26799 : 3D;
26800 : 3D;
26801 : 3D;
26802 : 1D;
26803 : 1D;
26804 : 1D;
26805 : 1D;
26806 : 1D;
26807 : 1D;
26808 : 1D;
26809 : 1D;
26810 : 1D;
26811 : 1D;
26812 : 3D;
26813 : 3D;
26814 : 3D;
26815 : 3D;
26816 : 3D;
26817 : 3D;
26818 : 3D;
26819 : 3D;
26820 : 3D;
26821 : 3D;
26822 : 1D;
26823 : 1D;
26824 : 1D;
26825 : 1D;
26826 : 1D;
26827 : 1D;
26828 : 1D;
26829 : 1D;
26830 : 1D;
26831 : 1D;
26832 : 3D;
26833 : 3D;
26834 : 3D;
26835 : 3D;
26836 : 3D;
26837 : 3D;
26838 : 3D;
26839 : 3D;
26840 : 3D;
26841 : 3D;
26842 : 1D;
26843 : 1D;
26844 : 1D;
26845 : 1D;
26846 : 1D;
26847 : 1D;
26848 : 1D;
26849 : 1D;
26850 : 1D;
26851 : 1D;
26852 : 3D;
26853 : 3D;
26854 : 3D;
26855 : 3D;
26856 : 3D;
26857 : 3D;
26858 : 3D;
26859 : 3D;
26860 : 3D;
26861 : 3D;
26862 : 3D;
26863 : 1D;
26864 : 1D;
26865 : 1D;
26866 : 1D;
26867 : 1D;
26868 : 1D;
26869 : 1D;
26870 : 1D;
26871 : 1D;
26872 : 1D;
26873 : 14;
26874 : 14;
26875 : 14;
26876 : 14;
26877 : 14;
26878 : 14;
26879 : 14;
26880 : 10;
26881 : 10;
26882 : 10;
26883 : 10;
26884 : 10;
26885 : 10;
26886 : 10;
26887 : 10;
26888 : 10;
26889 : 10;
26890 : 3D;
26891 : 3D;
26892 : 3D;
26893 : 3D;
26894 : 3D;
26895 : 3D;
26896 : 3D;
26897 : 3D;
26898 : 3D;
26899 : 3D;
26900 : 1D;
26901 : 1D;
26902 : 1D;
26903 : 1D;
26904 : 1D;
26905 : 1D;
26906 : 1D;
26907 : 1D;
26908 : 1D;
26909 : 1D;
26910 : 3D;
26911 : 3D;
26912 : 3D;
26913 : 3D;
26914 : 3D;
26915 : 3D;
26916 : 3D;
26917 : 3D;
26918 : 3D;
26919 : 3D;
26920 : 1D;
26921 : 1D;
26922 : 1D;
26923 : 1D;
26924 : 1D;
26925 : 1D;
26926 : 1D;
26927 : 1D;
26928 : 1D;
26929 : 1D;
26930 : 3D;
26931 : 3D;
26932 : 3D;
26933 : 3D;
26934 : 3D;
26935 : 3D;
26936 : 3D;
26937 : 3D;
26938 : 3D;
26939 : 3D;
26940 : 1D;
26941 : 1D;
26942 : 1D;
26943 : 1D;
26944 : 1D;
26945 : 1D;
26946 : 1D;
26947 : 1D;
26948 : 1D;
26949 : 1D;
26950 : 3D;
26951 : 3D;
26952 : 3D;
26953 : 3D;
26954 : 3D;
26955 : 3D;
26956 : 3D;
26957 : 3D;
26958 : 3D;
26959 : 3D;
26960 : 3D;
26961 : 1D;
26962 : 1D;
26963 : 1D;
26964 : 1D;
26965 : 1D;
26966 : 1D;
26967 : 1D;
26968 : 1D;
26969 : 1D;
26970 : 1D;
26971 : 3D;
26972 : 3D;
26973 : 3D;
26974 : 3D;
26975 : 3D;
26976 : 3D;
26977 : 3D;
26978 : 3D;
26979 : 3D;
26980 : 3D;
26981 : 1D;
26982 : 1D;
26983 : 1D;
26984 : 1D;
26985 : 1D;
26986 : 1D;
26987 : 1D;
26988 : 1D;
26989 : 1D;
26990 : 1D;
26991 : 3D;
26992 : 3D;
26993 : 3D;
26994 : 3D;
26995 : 3D;
26996 : 3D;
26997 : 3D;
26998 : 3D;
26999 : 3D;
27000 : 3D;
27001 : 1D;
27002 : 1D;
27003 : 1D;
27004 : 1D;
27005 : 1D;
27006 : 1D;
27007 : 1D;
27008 : 1D;
27009 : 1D;
27010 : 1D;
27011 : 3D;
27012 : 3D;
27013 : 3D;
27014 : 3D;
27015 : 3D;
27016 : 3D;
27017 : 3D;
27018 : 3D;
27019 : 3D;
27020 : 3D;
27021 : 1D;
27022 : 1D;
27023 : 1D;
27024 : 1D;
27025 : 1D;
27026 : 1D;
27027 : 1D;
27028 : 1D;
27029 : 1D;
27030 : 1D;
27031 : 3D;
27032 : 3D;
27033 : 3D;
27034 : 3D;
27035 : 3D;
27036 : 3D;
27037 : 3D;
27038 : 3D;
27039 : 3D;
27040 : 3D;
27041 : 1D;
27042 : 1D;
27043 : 1D;
27044 : 1D;
27045 : 1D;
27046 : 1D;
27047 : 1D;
27048 : 1D;
27049 : 1D;
27050 : 1D;
27051 : 3D;
27052 : 3D;
27053 : 3D;
27054 : 3D;
27055 : 3D;
27056 : 3D;
27057 : 3D;
27058 : 3D;
27059 : 3D;
27060 : 3D;
27061 : 1D;
27062 : 1D;
27063 : 1D;
27064 : 1D;
27065 : 1D;
27066 : 1D;
27067 : 1D;
27068 : 1D;
27069 : 1D;
27070 : 1D;
27071 : 1D;
27072 : 3D;
27073 : 3D;
27074 : 3D;
27075 : 3D;
27076 : 3D;
27077 : 3D;
27078 : 3D;
27079 : 3D;
27080 : 3D;
27081 : 3D;
27082 : 1D;
27083 : 1D;
27084 : 1D;
27085 : 1D;
27086 : 1D;
27087 : 1D;
27088 : 1D;
27089 : 1D;
27090 : 1D;
27091 : 1D;
27092 : 3D;
27093 : 3D;
27094 : 3D;
27095 : 3D;
27096 : 3D;
27097 : 3D;
27098 : 3D;
27099 : 3D;
27100 : 3D;
27101 : 3D;
27102 : 1D;
27103 : 1D;
27104 : 1D;
27105 : 1D;
27106 : 1D;
27107 : 1D;
27108 : 1D;
27109 : 1D;
27110 : 1D;
27111 : 1D;
27112 : 3D;
27113 : 3D;
27114 : 3D;
27115 : 3D;
27116 : 3D;
27117 : 3D;
27118 : 3D;
27119 : 3D;
27120 : 3D;
27121 : 3D;
27122 : 1D;
27123 : 1D;
27124 : 1D;
27125 : 1D;
27126 : 1D;
27127 : 1D;
27128 : 1D;
27129 : 1D;
27130 : 1D;
27131 : 1D;
27132 : 3D;
27133 : 3D;
27134 : 3D;
27135 : 3D;
27136 : 3D;
27137 : 3D;
27138 : 3D;
27139 : 3D;
27140 : 3D;
27141 : 3D;
27142 : 1D;
27143 : 1D;
27144 : 1D;
27145 : 1D;
27146 : 1D;
27147 : 1D;
27148 : 1D;
27149 : 1D;
27150 : 1D;
27151 : 1D;
27152 : 3D;
27153 : 3D;
27154 : 3D;
27155 : 3D;
27156 : 3D;
27157 : 3D;
27158 : 3D;
27159 : 3D;
27160 : 3D;
27161 : 3D;
27162 : 1D;
27163 : 1D;
27164 : 1D;
27165 : 1D;
27166 : 1D;
27167 : 1D;
27168 : 1D;
27169 : 1D;
27170 : 1D;
27171 : 1D;
27172 : 3D;
27173 : 3D;
27174 : 3D;
27175 : 3D;
27176 : 3D;
27177 : 3D;
27178 : 3D;
27179 : 3D;
27180 : 3D;
27181 : 3D;
27182 : 3D;
27183 : 1D;
27184 : 1D;
27185 : 1D;
27186 : 1D;
27187 : 1D;
27188 : 1D;
27189 : 1D;
27190 : 1D;
27191 : 1D;
27192 : 1D;
27193 : 14;
27194 : 14;
27195 : 14;
27196 : 14;
27197 : 14;
27198 : 14;
27199 : 14;
27200 : 10;
27201 : 10;
27202 : 10;
27203 : 10;
27204 : 10;
27205 : 10;
27206 : 10;
27207 : 10;
27208 : 10;
27209 : 10;
27210 : 3D;
27211 : 3D;
27212 : 3D;
27213 : 3D;
27214 : 3D;
27215 : 3D;
27216 : 3D;
27217 : 3D;
27218 : 3D;
27219 : 3D;
27220 : 1D;
27221 : 1D;
27222 : 1D;
27223 : 1D;
27224 : 1D;
27225 : 1D;
27226 : 1D;
27227 : 1D;
27228 : 1D;
27229 : 1D;
27230 : 3D;
27231 : 3D;
27232 : 3D;
27233 : 3D;
27234 : 3D;
27235 : 3D;
27236 : 3D;
27237 : 3D;
27238 : 3D;
27239 : 3D;
27240 : 1D;
27241 : 1D;
27242 : 1D;
27243 : 1D;
27244 : 1D;
27245 : 1D;
27246 : 1D;
27247 : 1D;
27248 : 1D;
27249 : 1D;
27250 : 3D;
27251 : 3D;
27252 : 3D;
27253 : 3D;
27254 : 3D;
27255 : 3D;
27256 : 3D;
27257 : 3D;
27258 : 3D;
27259 : 3D;
27260 : 1D;
27261 : 1D;
27262 : 1D;
27263 : 1D;
27264 : 1D;
27265 : 1D;
27266 : 1D;
27267 : 1D;
27268 : 1D;
27269 : 1D;
27270 : 3D;
27271 : 3D;
27272 : 3D;
27273 : 3D;
27274 : 3D;
27275 : 3D;
27276 : 3D;
27277 : 3D;
27278 : 3D;
27279 : 3D;
27280 : 3D;
27281 : 1D;
27282 : 1D;
27283 : 1D;
27284 : 1D;
27285 : 1D;
27286 : 1D;
27287 : 1D;
27288 : 1D;
27289 : 1D;
27290 : 1D;
27291 : 3D;
27292 : 3D;
27293 : 3D;
27294 : 3D;
27295 : 3D;
27296 : 3D;
27297 : 3D;
27298 : 3D;
27299 : 3D;
27300 : 3D;
27301 : 1D;
27302 : 1D;
27303 : 1D;
27304 : 1D;
27305 : 1D;
27306 : 1D;
27307 : 1D;
27308 : 1D;
27309 : 1D;
27310 : 1D;
27311 : 3D;
27312 : 3D;
27313 : 3D;
27314 : 3D;
27315 : 3D;
27316 : 3D;
27317 : 3D;
27318 : 3D;
27319 : 3D;
27320 : 3D;
27321 : 1D;
27322 : 1D;
27323 : 1D;
27324 : 1D;
27325 : 1D;
27326 : 1D;
27327 : 1D;
27328 : 1D;
27329 : 1D;
27330 : 1D;
27331 : 3D;
27332 : 3D;
27333 : 3D;
27334 : 3D;
27335 : 3D;
27336 : 3D;
27337 : 3D;
27338 : 3D;
27339 : 3D;
27340 : 3D;
27341 : 1D;
27342 : 1D;
27343 : 1D;
27344 : 1D;
27345 : 1D;
27346 : 1D;
27347 : 1D;
27348 : 1D;
27349 : 1D;
27350 : 1D;
27351 : 3D;
27352 : 3D;
27353 : 3D;
27354 : 3D;
27355 : 3D;
27356 : 3D;
27357 : 3D;
27358 : 3D;
27359 : 3D;
27360 : 3D;
27361 : 1D;
27362 : 1D;
27363 : 1D;
27364 : 1D;
27365 : 1D;
27366 : 1D;
27367 : 1D;
27368 : 1D;
27369 : 1D;
27370 : 1D;
27371 : 3D;
27372 : 3D;
27373 : 3D;
27374 : 3D;
27375 : 3D;
27376 : 3D;
27377 : 3D;
27378 : 3D;
27379 : 3D;
27380 : 3D;
27381 : 1D;
27382 : 1D;
27383 : 1D;
27384 : 1D;
27385 : 1D;
27386 : 1D;
27387 : 1D;
27388 : 1D;
27389 : 1D;
27390 : 1D;
27391 : 1D;
27392 : 3D;
27393 : 3D;
27394 : 3D;
27395 : 3D;
27396 : 3D;
27397 : 3D;
27398 : 3D;
27399 : 3D;
27400 : 3D;
27401 : 3D;
27402 : 1D;
27403 : 1D;
27404 : 1D;
27405 : 1D;
27406 : 1D;
27407 : 1D;
27408 : 1D;
27409 : 1D;
27410 : 1D;
27411 : 1D;
27412 : 3D;
27413 : 3D;
27414 : 3D;
27415 : 3D;
27416 : 3D;
27417 : 3D;
27418 : 3D;
27419 : 3D;
27420 : 3D;
27421 : 3D;
27422 : 1D;
27423 : 1D;
27424 : 1D;
27425 : 1D;
27426 : 1D;
27427 : 1D;
27428 : 1D;
27429 : 1D;
27430 : 1D;
27431 : 1D;
27432 : 3D;
27433 : 3D;
27434 : 3D;
27435 : 3D;
27436 : 3D;
27437 : 3D;
27438 : 3D;
27439 : 3D;
27440 : 3D;
27441 : 3D;
27442 : 1D;
27443 : 1D;
27444 : 1D;
27445 : 1D;
27446 : 1D;
27447 : 1D;
27448 : 1D;
27449 : 1D;
27450 : 1D;
27451 : 1D;
27452 : 3D;
27453 : 3D;
27454 : 3D;
27455 : 3D;
27456 : 3D;
27457 : 3D;
27458 : 3D;
27459 : 3D;
27460 : 3D;
27461 : 3D;
27462 : 1D;
27463 : 1D;
27464 : 1D;
27465 : 1D;
27466 : 1D;
27467 : 1D;
27468 : 1D;
27469 : 1D;
27470 : 1D;
27471 : 1D;
27472 : 3D;
27473 : 3D;
27474 : 3D;
27475 : 3D;
27476 : 3D;
27477 : 3D;
27478 : 3D;
27479 : 3D;
27480 : 3D;
27481 : 3D;
27482 : 1D;
27483 : 1D;
27484 : 1D;
27485 : 1D;
27486 : 1D;
27487 : 1D;
27488 : 1D;
27489 : 1D;
27490 : 1D;
27491 : 1D;
27492 : 3D;
27493 : 3D;
27494 : 3D;
27495 : 3D;
27496 : 3D;
27497 : 3D;
27498 : 3D;
27499 : 3D;
27500 : 3D;
27501 : 3D;
27502 : 3D;
27503 : 1D;
27504 : 1D;
27505 : 1D;
27506 : 1D;
27507 : 1D;
27508 : 1D;
27509 : 1D;
27510 : 1D;
27511 : 1D;
27512 : 1D;
27513 : 14;
27514 : 14;
27515 : 14;
27516 : 14;
27517 : 14;
27518 : 14;
27519 : 14;
27520 : 10;
27521 : 10;
27522 : 10;
27523 : 10;
27524 : 10;
27525 : 10;
27526 : 10;
27527 : 10;
27528 : 10;
27529 : 10;
27530 : 3D;
27531 : 3D;
27532 : 3D;
27533 : 3D;
27534 : 3D;
27535 : 3D;
27536 : 3D;
27537 : 3D;
27538 : 3D;
27539 : 3D;
27540 : 1D;
27541 : 1D;
27542 : 1D;
27543 : 1D;
27544 : 1D;
27545 : 1D;
27546 : 1D;
27547 : 1D;
27548 : 1D;
27549 : 1D;
27550 : 3D;
27551 : 3D;
27552 : 3D;
27553 : 3D;
27554 : 3D;
27555 : 3D;
27556 : 3D;
27557 : 3D;
27558 : 3D;
27559 : 3D;
27560 : 1D;
27561 : 1D;
27562 : 1D;
27563 : 1D;
27564 : 1D;
27565 : 1D;
27566 : 1D;
27567 : 1D;
27568 : 1D;
27569 : 1D;
27570 : 3D;
27571 : 3D;
27572 : 3D;
27573 : 3D;
27574 : 3D;
27575 : 3D;
27576 : 3D;
27577 : 3D;
27578 : 3D;
27579 : 3D;
27580 : 1D;
27581 : 1D;
27582 : 1D;
27583 : 1D;
27584 : 1D;
27585 : 1D;
27586 : 1D;
27587 : 1D;
27588 : 1D;
27589 : 1D;
27590 : 3D;
27591 : 3D;
27592 : 3D;
27593 : 3D;
27594 : 3D;
27595 : 3D;
27596 : 3D;
27597 : 3D;
27598 : 3D;
27599 : 3D;
27600 : 3D;
27601 : 1D;
27602 : 1D;
27603 : 1D;
27604 : 1D;
27605 : 1D;
27606 : 1D;
27607 : 1D;
27608 : 1D;
27609 : 1D;
27610 : 1D;
27611 : 3D;
27612 : 3D;
27613 : 3D;
27614 : 3D;
27615 : 3D;
27616 : 3D;
27617 : 3D;
27618 : 3D;
27619 : 3D;
27620 : 3D;
27621 : 1D;
27622 : 1D;
27623 : 1D;
27624 : 1D;
27625 : 1D;
27626 : 1D;
27627 : 1D;
27628 : 1D;
27629 : 1D;
27630 : 1D;
27631 : 3D;
27632 : 3D;
27633 : 3D;
27634 : 3D;
27635 : 3D;
27636 : 3D;
27637 : 3D;
27638 : 3D;
27639 : 3D;
27640 : 3D;
27641 : 1D;
27642 : 1D;
27643 : 1D;
27644 : 1D;
27645 : 1D;
27646 : 1D;
27647 : 1D;
27648 : 1D;
27649 : 1D;
27650 : 1D;
27651 : 3D;
27652 : 3D;
27653 : 3D;
27654 : 3D;
27655 : 3D;
27656 : 3D;
27657 : 3D;
27658 : 3D;
27659 : 3D;
27660 : 3D;
27661 : 1D;
27662 : 1D;
27663 : 1D;
27664 : 1D;
27665 : 1D;
27666 : 1D;
27667 : 1D;
27668 : 1D;
27669 : 1D;
27670 : 1D;
27671 : 3D;
27672 : 3D;
27673 : 3D;
27674 : 3D;
27675 : 3D;
27676 : 3D;
27677 : 3D;
27678 : 3D;
27679 : 3D;
27680 : 3D;
27681 : 1D;
27682 : 1D;
27683 : 1D;
27684 : 1D;
27685 : 1D;
27686 : 1D;
27687 : 1D;
27688 : 1D;
27689 : 1D;
27690 : 1D;
27691 : 3D;
27692 : 3D;
27693 : 3D;
27694 : 3D;
27695 : 3D;
27696 : 3D;
27697 : 3D;
27698 : 3D;
27699 : 3D;
27700 : 3D;
27701 : 1D;
27702 : 1D;
27703 : 1D;
27704 : 1D;
27705 : 1D;
27706 : 1D;
27707 : 1D;
27708 : 1D;
27709 : 1D;
27710 : 1D;
27711 : 1D;
27712 : 3D;
27713 : 3D;
27714 : 3D;
27715 : 3D;
27716 : 3D;
27717 : 3D;
27718 : 3D;
27719 : 3D;
27720 : 3D;
27721 : 3D;
27722 : 1D;
27723 : 1D;
27724 : 1D;
27725 : 1D;
27726 : 1D;
27727 : 1D;
27728 : 1D;
27729 : 1D;
27730 : 1D;
27731 : 1D;
27732 : 3D;
27733 : 3D;
27734 : 3D;
27735 : 3D;
27736 : 3D;
27737 : 3D;
27738 : 3D;
27739 : 3D;
27740 : 3D;
27741 : 3D;
27742 : 1D;
27743 : 1D;
27744 : 1D;
27745 : 1D;
27746 : 1D;
27747 : 1D;
27748 : 1D;
27749 : 1D;
27750 : 1D;
27751 : 1D;
27752 : 3D;
27753 : 3D;
27754 : 3D;
27755 : 3D;
27756 : 3D;
27757 : 3D;
27758 : 3D;
27759 : 3D;
27760 : 3D;
27761 : 3D;
27762 : 1D;
27763 : 1D;
27764 : 1D;
27765 : 1D;
27766 : 1D;
27767 : 1D;
27768 : 1D;
27769 : 1D;
27770 : 1D;
27771 : 1D;
27772 : 3D;
27773 : 3D;
27774 : 3D;
27775 : 3D;
27776 : 3D;
27777 : 3D;
27778 : 3D;
27779 : 3D;
27780 : 3D;
27781 : 3D;
27782 : 1D;
27783 : 1D;
27784 : 1D;
27785 : 1D;
27786 : 1D;
27787 : 1D;
27788 : 1D;
27789 : 1D;
27790 : 1D;
27791 : 1D;
27792 : 3D;
27793 : 3D;
27794 : 3D;
27795 : 3D;
27796 : 3D;
27797 : 3D;
27798 : 3D;
27799 : 3D;
27800 : 3D;
27801 : 3D;
27802 : 1D;
27803 : 1D;
27804 : 1D;
27805 : 1D;
27806 : 1D;
27807 : 1D;
27808 : 1D;
27809 : 1D;
27810 : 1D;
27811 : 1D;
27812 : 3D;
27813 : 3D;
27814 : 3D;
27815 : 3D;
27816 : 3D;
27817 : 3D;
27818 : 3D;
27819 : 3D;
27820 : 3D;
27821 : 3D;
27822 : 3D;
27823 : 1D;
27824 : 1D;
27825 : 1D;
27826 : 1D;
27827 : 1D;
27828 : 1D;
27829 : 1D;
27830 : 1D;
27831 : 1D;
27832 : 1D;
27833 : 14;
27834 : 14;
27835 : 14;
27836 : 14;
27837 : 14;
27838 : 14;
27839 : 14;
27840 : 10;
27841 : 10;
27842 : 10;
27843 : 10;
27844 : 10;
27845 : 10;
27846 : 10;
27847 : 10;
27848 : 10;
27849 : 10;
27850 : 3D;
27851 : 3D;
27852 : 3D;
27853 : 3D;
27854 : 3D;
27855 : 3D;
27856 : 3D;
27857 : 3D;
27858 : 3D;
27859 : 3D;
27860 : 1D;
27861 : 1D;
27862 : 1D;
27863 : 1D;
27864 : 1D;
27865 : 1D;
27866 : 1D;
27867 : 1D;
27868 : 1D;
27869 : 1D;
27870 : 3D;
27871 : 3D;
27872 : 3D;
27873 : 3D;
27874 : 3D;
27875 : 3D;
27876 : 3D;
27877 : 3D;
27878 : 3D;
27879 : 3D;
27880 : 1D;
27881 : 1D;
27882 : 1D;
27883 : 1D;
27884 : 1D;
27885 : 1D;
27886 : 1D;
27887 : 1D;
27888 : 1D;
27889 : 1D;
27890 : 3D;
27891 : 3D;
27892 : 3D;
27893 : 3D;
27894 : 3D;
27895 : 3D;
27896 : 3D;
27897 : 3D;
27898 : 3D;
27899 : 3D;
27900 : 1D;
27901 : 1D;
27902 : 1D;
27903 : 1D;
27904 : 1D;
27905 : 1D;
27906 : 1D;
27907 : 1D;
27908 : 1D;
27909 : 1D;
27910 : 3D;
27911 : 3D;
27912 : 3D;
27913 : 3D;
27914 : 3D;
27915 : 3D;
27916 : 3D;
27917 : 3D;
27918 : 3D;
27919 : 3D;
27920 : 3D;
27921 : 1D;
27922 : 1D;
27923 : 1D;
27924 : 1D;
27925 : 1D;
27926 : 1D;
27927 : 1D;
27928 : 1D;
27929 : 1D;
27930 : 1D;
27931 : 3D;
27932 : 3D;
27933 : 3D;
27934 : 3D;
27935 : 3D;
27936 : 3D;
27937 : 3D;
27938 : 3D;
27939 : 3D;
27940 : 3D;
27941 : 1D;
27942 : 1D;
27943 : 1D;
27944 : 1D;
27945 : 1D;
27946 : 1D;
27947 : 1D;
27948 : 1D;
27949 : 1D;
27950 : 1D;
27951 : 3D;
27952 : 3D;
27953 : 3D;
27954 : 3D;
27955 : 3D;
27956 : 3D;
27957 : 3D;
27958 : 3D;
27959 : 3D;
27960 : 3D;
27961 : 1D;
27962 : 1D;
27963 : 1D;
27964 : 1D;
27965 : 1D;
27966 : 1D;
27967 : 1D;
27968 : 1D;
27969 : 1D;
27970 : 1D;
27971 : 3D;
27972 : 3D;
27973 : 3D;
27974 : 3D;
27975 : 3D;
27976 : 3D;
27977 : 3D;
27978 : 3D;
27979 : 3D;
27980 : 3D;
27981 : 1D;
27982 : 1D;
27983 : 1D;
27984 : 1D;
27985 : 1D;
27986 : 1D;
27987 : 1D;
27988 : 1D;
27989 : 1D;
27990 : 1D;
27991 : 3D;
27992 : 3D;
27993 : 3D;
27994 : 3D;
27995 : 3D;
27996 : 3D;
27997 : 3D;
27998 : 3D;
27999 : 3D;
28000 : 3D;
28001 : 1D;
28002 : 1D;
28003 : 1D;
28004 : 1D;
28005 : 1D;
28006 : 1D;
28007 : 1D;
28008 : 1D;
28009 : 1D;
28010 : 1D;
28011 : 3D;
28012 : 3D;
28013 : 3D;
28014 : 3D;
28015 : 3D;
28016 : 3D;
28017 : 3D;
28018 : 3D;
28019 : 3D;
28020 : 3D;
28021 : 1D;
28022 : 1D;
28023 : 1D;
28024 : 1D;
28025 : 1D;
28026 : 1D;
28027 : 1D;
28028 : 1D;
28029 : 1D;
28030 : 1D;
28031 : 1D;
28032 : 3D;
28033 : 3D;
28034 : 3D;
28035 : 3D;
28036 : 3D;
28037 : 3D;
28038 : 3D;
28039 : 3D;
28040 : 3D;
28041 : 3D;
28042 : 1D;
28043 : 1D;
28044 : 1D;
28045 : 1D;
28046 : 1D;
28047 : 1D;
28048 : 1D;
28049 : 1D;
28050 : 1D;
28051 : 1D;
28052 : 3D;
28053 : 3D;
28054 : 3D;
28055 : 3D;
28056 : 3D;
28057 : 3D;
28058 : 3D;
28059 : 3D;
28060 : 3D;
28061 : 3D;
28062 : 1D;
28063 : 1D;
28064 : 1D;
28065 : 1D;
28066 : 1D;
28067 : 1D;
28068 : 1D;
28069 : 1D;
28070 : 1D;
28071 : 1D;
28072 : 3D;
28073 : 3D;
28074 : 3D;
28075 : 3D;
28076 : 3D;
28077 : 3D;
28078 : 3D;
28079 : 3D;
28080 : 3D;
28081 : 3D;
28082 : 1D;
28083 : 1D;
28084 : 1D;
28085 : 1D;
28086 : 1D;
28087 : 1D;
28088 : 1D;
28089 : 1D;
28090 : 1D;
28091 : 1D;
28092 : 3D;
28093 : 3D;
28094 : 3D;
28095 : 3D;
28096 : 3D;
28097 : 3D;
28098 : 3D;
28099 : 3D;
28100 : 3D;
28101 : 3D;
28102 : 1D;
28103 : 1D;
28104 : 1D;
28105 : 1D;
28106 : 1D;
28107 : 1D;
28108 : 1D;
28109 : 1D;
28110 : 1D;
28111 : 1D;
28112 : 3D;
28113 : 3D;
28114 : 3D;
28115 : 3D;
28116 : 3D;
28117 : 3D;
28118 : 3D;
28119 : 3D;
28120 : 3D;
28121 : 3D;
28122 : 1D;
28123 : 1D;
28124 : 1D;
28125 : 1D;
28126 : 1D;
28127 : 1D;
28128 : 1D;
28129 : 1D;
28130 : 1D;
28131 : 1D;
28132 : 3D;
28133 : 3D;
28134 : 3D;
28135 : 3D;
28136 : 3D;
28137 : 3D;
28138 : 3D;
28139 : 3D;
28140 : 3D;
28141 : 3D;
28142 : 3D;
28143 : 1D;
28144 : 1D;
28145 : 1D;
28146 : 1D;
28147 : 1D;
28148 : 1D;
28149 : 1D;
28150 : 1D;
28151 : 1D;
28152 : 1D;
28153 : 14;
28154 : 14;
28155 : 14;
28156 : 14;
28157 : 14;
28158 : 14;
28159 : 14;
28160 : 10;
28161 : 10;
28162 : 10;
28163 : 10;
28164 : 10;
28165 : 10;
28166 : 10;
28167 : 10;
28168 : 10;
28169 : 10;
28170 : 3D;
28171 : 3D;
28172 : 3D;
28173 : 3D;
28174 : 3D;
28175 : 3D;
28176 : 3D;
28177 : 3D;
28178 : 3D;
28179 : 3D;
28180 : 1D;
28181 : 1D;
28182 : 1D;
28183 : 1D;
28184 : 1D;
28185 : 1D;
28186 : 1D;
28187 : 1D;
28188 : 1D;
28189 : 1D;
28190 : 3D;
28191 : 3D;
28192 : 3D;
28193 : 3D;
28194 : 3D;
28195 : 3D;
28196 : 3D;
28197 : 3D;
28198 : 3D;
28199 : 3D;
28200 : 1D;
28201 : 1D;
28202 : 1D;
28203 : 1D;
28204 : 1D;
28205 : 1D;
28206 : 1D;
28207 : 1D;
28208 : 1D;
28209 : 1D;
28210 : 3D;
28211 : 3D;
28212 : 3D;
28213 : 3D;
28214 : 3D;
28215 : 3D;
28216 : 3D;
28217 : 3D;
28218 : 3D;
28219 : 3D;
28220 : 1D;
28221 : 1D;
28222 : 1D;
28223 : 1D;
28224 : 1D;
28225 : 1D;
28226 : 1D;
28227 : 1D;
28228 : 1D;
28229 : 1D;
28230 : 3D;
28231 : 3D;
28232 : 3D;
28233 : 3D;
28234 : 3D;
28235 : 3D;
28236 : 3D;
28237 : 3D;
28238 : 3D;
28239 : 3D;
28240 : 3D;
28241 : 1D;
28242 : 1D;
28243 : 1D;
28244 : 1D;
28245 : 1D;
28246 : 1D;
28247 : 1D;
28248 : 1D;
28249 : 1D;
28250 : 1D;
28251 : 3D;
28252 : 3D;
28253 : 3D;
28254 : 3D;
28255 : 3D;
28256 : 3D;
28257 : 3D;
28258 : 3D;
28259 : 3D;
28260 : 3D;
28261 : 1D;
28262 : 1D;
28263 : 1D;
28264 : 1D;
28265 : 1D;
28266 : 1D;
28267 : 1D;
28268 : 1D;
28269 : 1D;
28270 : 1D;
28271 : 3D;
28272 : 3D;
28273 : 3D;
28274 : 3D;
28275 : 3D;
28276 : 3D;
28277 : 3D;
28278 : 3D;
28279 : 3D;
28280 : 3D;
28281 : 1D;
28282 : 1D;
28283 : 1D;
28284 : 1D;
28285 : 1D;
28286 : 1D;
28287 : 1D;
28288 : 1D;
28289 : 1D;
28290 : 1D;
28291 : 3D;
28292 : 3D;
28293 : 3D;
28294 : 3D;
28295 : 3D;
28296 : 3D;
28297 : 3D;
28298 : 3D;
28299 : 3D;
28300 : 3D;
28301 : 1D;
28302 : 1D;
28303 : 1D;
28304 : 1D;
28305 : 1D;
28306 : 1D;
28307 : 1D;
28308 : 1D;
28309 : 1D;
28310 : 1D;
28311 : 3D;
28312 : 3D;
28313 : 3D;
28314 : 3D;
28315 : 3D;
28316 : 3D;
28317 : 3D;
28318 : 3D;
28319 : 3D;
28320 : 3D;
28321 : 1D;
28322 : 1D;
28323 : 1D;
28324 : 1D;
28325 : 1D;
28326 : 1D;
28327 : 1D;
28328 : 1D;
28329 : 1D;
28330 : 1D;
28331 : 3D;
28332 : 3D;
28333 : 3D;
28334 : 3D;
28335 : 3D;
28336 : 3D;
28337 : 3D;
28338 : 3D;
28339 : 3D;
28340 : 3D;
28341 : 1D;
28342 : 1D;
28343 : 1D;
28344 : 1D;
28345 : 1D;
28346 : 1D;
28347 : 1D;
28348 : 1D;
28349 : 1D;
28350 : 1D;
28351 : 1D;
28352 : 3D;
28353 : 3D;
28354 : 3D;
28355 : 3D;
28356 : 3D;
28357 : 3D;
28358 : 3D;
28359 : 3D;
28360 : 3D;
28361 : 3D;
28362 : 1D;
28363 : 1D;
28364 : 1D;
28365 : 1D;
28366 : 1D;
28367 : 1D;
28368 : 1D;
28369 : 1D;
28370 : 1D;
28371 : 1D;
28372 : 3D;
28373 : 3D;
28374 : 3D;
28375 : 3D;
28376 : 3D;
28377 : 3D;
28378 : 3D;
28379 : 3D;
28380 : 3D;
28381 : 3D;
28382 : 1D;
28383 : 1D;
28384 : 1D;
28385 : 1D;
28386 : 1D;
28387 : 1D;
28388 : 1D;
28389 : 1D;
28390 : 1D;
28391 : 1D;
28392 : 3D;
28393 : 3D;
28394 : 3D;
28395 : 3D;
28396 : 3D;
28397 : 3D;
28398 : 3D;
28399 : 3D;
28400 : 3D;
28401 : 3D;
28402 : 1D;
28403 : 1D;
28404 : 1D;
28405 : 1D;
28406 : 1D;
28407 : 1D;
28408 : 1D;
28409 : 1D;
28410 : 1D;
28411 : 1D;
28412 : 3D;
28413 : 3D;
28414 : 3D;
28415 : 3D;
28416 : 3D;
28417 : 3D;
28418 : 3D;
28419 : 3D;
28420 : 3D;
28421 : 3D;
28422 : 1D;
28423 : 1D;
28424 : 1D;
28425 : 1D;
28426 : 1D;
28427 : 1D;
28428 : 1D;
28429 : 1D;
28430 : 1D;
28431 : 1D;
28432 : 3D;
28433 : 3D;
28434 : 3D;
28435 : 3D;
28436 : 3D;
28437 : 3D;
28438 : 3D;
28439 : 3D;
28440 : 3D;
28441 : 3D;
28442 : 1D;
28443 : 1D;
28444 : 1D;
28445 : 1D;
28446 : 1D;
28447 : 1D;
28448 : 1D;
28449 : 1D;
28450 : 1D;
28451 : 1D;
28452 : 3D;
28453 : 3D;
28454 : 3D;
28455 : 3D;
28456 : 3D;
28457 : 3D;
28458 : 3D;
28459 : 3D;
28460 : 3D;
28461 : 3D;
28462 : 3D;
28463 : 1D;
28464 : 1D;
28465 : 1D;
28466 : 1D;
28467 : 1D;
28468 : 1D;
28469 : 1D;
28470 : 1D;
28471 : 1D;
28472 : 1D;
28473 : 14;
28474 : 14;
28475 : 14;
28476 : 14;
28477 : 14;
28478 : 14;
28479 : 14;
28480 : 10;
28481 : 10;
28482 : 10;
28483 : 10;
28484 : 10;
28485 : 10;
28486 : 10;
28487 : 10;
28488 : 10;
28489 : 10;
28490 : 3D;
28491 : 3D;
28492 : 3D;
28493 : 3D;
28494 : 3D;
28495 : 3D;
28496 : 3D;
28497 : 3D;
28498 : 3D;
28499 : 3D;
28500 : 1D;
28501 : 1D;
28502 : 1D;
28503 : 1D;
28504 : 1D;
28505 : 1D;
28506 : 1D;
28507 : 1D;
28508 : 1D;
28509 : 1D;
28510 : 3D;
28511 : 3D;
28512 : 3D;
28513 : 3D;
28514 : 3D;
28515 : 3D;
28516 : 3D;
28517 : 3D;
28518 : 3D;
28519 : 3D;
28520 : 1D;
28521 : 1D;
28522 : 1D;
28523 : 1D;
28524 : 1D;
28525 : 1D;
28526 : 1D;
28527 : 1D;
28528 : 1D;
28529 : 1D;
28530 : 3D;
28531 : 3D;
28532 : 3D;
28533 : 3D;
28534 : 3D;
28535 : 3D;
28536 : 3D;
28537 : 3D;
28538 : 3D;
28539 : 3D;
28540 : 1D;
28541 : 1D;
28542 : 1D;
28543 : 1D;
28544 : 1D;
28545 : 1D;
28546 : 1D;
28547 : 1D;
28548 : 1D;
28549 : 1D;
28550 : 3D;
28551 : 3D;
28552 : 3D;
28553 : 3D;
28554 : 3D;
28555 : 3D;
28556 : 3D;
28557 : 3D;
28558 : 3D;
28559 : 3D;
28560 : 3D;
28561 : 1D;
28562 : 1D;
28563 : 1D;
28564 : 1D;
28565 : 1D;
28566 : 1D;
28567 : 1D;
28568 : 1D;
28569 : 1D;
28570 : 1D;
28571 : 3D;
28572 : 3D;
28573 : 3D;
28574 : 3D;
28575 : 3D;
28576 : 3D;
28577 : 3D;
28578 : 3D;
28579 : 3D;
28580 : 3D;
28581 : 1D;
28582 : 1D;
28583 : 1D;
28584 : 1D;
28585 : 1D;
28586 : 1D;
28587 : 1D;
28588 : 1D;
28589 : 1D;
28590 : 1D;
28591 : 3D;
28592 : 3D;
28593 : 3D;
28594 : 3D;
28595 : 3D;
28596 : 3D;
28597 : 3D;
28598 : 3D;
28599 : 3D;
28600 : 3D;
28601 : 1D;
28602 : 1D;
28603 : 1D;
28604 : 1D;
28605 : 1D;
28606 : 1D;
28607 : 1D;
28608 : 1D;
28609 : 1D;
28610 : 1D;
28611 : 3D;
28612 : 3D;
28613 : 3D;
28614 : 3D;
28615 : 3D;
28616 : 3D;
28617 : 3D;
28618 : 3D;
28619 : 3D;
28620 : 3D;
28621 : 1D;
28622 : 1D;
28623 : 1D;
28624 : 1D;
28625 : 1D;
28626 : 1D;
28627 : 1D;
28628 : 1D;
28629 : 1D;
28630 : 1D;
28631 : 3D;
28632 : 3D;
28633 : 3D;
28634 : 3D;
28635 : 3D;
28636 : 3D;
28637 : 3D;
28638 : 3D;
28639 : 3D;
28640 : 3D;
28641 : 1D;
28642 : 1D;
28643 : 1D;
28644 : 1D;
28645 : 1D;
28646 : 1D;
28647 : 1D;
28648 : 1D;
28649 : 1D;
28650 : 1D;
28651 : 3D;
28652 : 3D;
28653 : 3D;
28654 : 3D;
28655 : 3D;
28656 : 3D;
28657 : 3D;
28658 : 3D;
28659 : 3D;
28660 : 3D;
28661 : 1D;
28662 : 1D;
28663 : 1D;
28664 : 1D;
28665 : 1D;
28666 : 1D;
28667 : 1D;
28668 : 1D;
28669 : 1D;
28670 : 1D;
28671 : 1D;
28672 : 3D;
28673 : 3D;
28674 : 3D;
28675 : 3D;
28676 : 3D;
28677 : 3D;
28678 : 3D;
28679 : 3D;
28680 : 3D;
28681 : 3D;
28682 : 1D;
28683 : 1D;
28684 : 1D;
28685 : 1D;
28686 : 1D;
28687 : 1D;
28688 : 1D;
28689 : 1D;
28690 : 1D;
28691 : 1D;
28692 : 3D;
28693 : 3D;
28694 : 3D;
28695 : 3D;
28696 : 3D;
28697 : 3D;
28698 : 3D;
28699 : 3D;
28700 : 3D;
28701 : 3D;
28702 : 1D;
28703 : 1D;
28704 : 1D;
28705 : 1D;
28706 : 1D;
28707 : 1D;
28708 : 1D;
28709 : 1D;
28710 : 1D;
28711 : 1D;
28712 : 3D;
28713 : 3D;
28714 : 3D;
28715 : 3D;
28716 : 3D;
28717 : 3D;
28718 : 3D;
28719 : 3D;
28720 : 3D;
28721 : 3D;
28722 : 1D;
28723 : 1D;
28724 : 1D;
28725 : 1D;
28726 : 1D;
28727 : 1D;
28728 : 1D;
28729 : 1D;
28730 : 1D;
28731 : 1D;
28732 : 3D;
28733 : 3D;
28734 : 3D;
28735 : 3D;
28736 : 3D;
28737 : 3D;
28738 : 3D;
28739 : 3D;
28740 : 3D;
28741 : 3D;
28742 : 1D;
28743 : 1D;
28744 : 1D;
28745 : 1D;
28746 : 1D;
28747 : 1D;
28748 : 1D;
28749 : 1D;
28750 : 1D;
28751 : 1D;
28752 : 3D;
28753 : 3D;
28754 : 3D;
28755 : 3D;
28756 : 3D;
28757 : 3D;
28758 : 3D;
28759 : 3D;
28760 : 3D;
28761 : 3D;
28762 : 1D;
28763 : 1D;
28764 : 1D;
28765 : 1D;
28766 : 1D;
28767 : 1D;
28768 : 1D;
28769 : 1D;
28770 : 1D;
28771 : 1D;
28772 : 3D;
28773 : 3D;
28774 : 3D;
28775 : 3D;
28776 : 3D;
28777 : 3D;
28778 : 3D;
28779 : 3D;
28780 : 3D;
28781 : 3D;
28782 : 3D;
28783 : 1D;
28784 : 1D;
28785 : 1D;
28786 : 1D;
28787 : 1D;
28788 : 1D;
28789 : 1D;
28790 : 1D;
28791 : 1D;
28792 : 1D;
28793 : 14;
28794 : 14;
28795 : 14;
28796 : 14;
28797 : 14;
28798 : 14;
28799 : 14;
28800 : 10;
28801 : 10;
28802 : 10;
28803 : 10;
28804 : 10;
28805 : 10;
28806 : 10;
28807 : 10;
28808 : 10;
28809 : 10;
28810 : 3D;
28811 : 3D;
28812 : 3D;
28813 : 3D;
28814 : 3D;
28815 : 3D;
28816 : 3D;
28817 : 3D;
28818 : 3D;
28819 : 3D;
28820 : 1D;
28821 : 1D;
28822 : 1D;
28823 : 1D;
28824 : 1D;
28825 : 1D;
28826 : 1D;
28827 : 1D;
28828 : 1D;
28829 : 1D;
28830 : 3D;
28831 : 3D;
28832 : 3D;
28833 : 3D;
28834 : 3D;
28835 : 3D;
28836 : 3D;
28837 : 3D;
28838 : 3D;
28839 : 3D;
28840 : 1D;
28841 : 1D;
28842 : 1D;
28843 : 1D;
28844 : 1D;
28845 : 1D;
28846 : 1D;
28847 : 1D;
28848 : 1D;
28849 : 1D;
28850 : 3D;
28851 : 3D;
28852 : 3D;
28853 : 3D;
28854 : 3D;
28855 : 3D;
28856 : 3D;
28857 : 3D;
28858 : 3D;
28859 : 3D;
28860 : 1D;
28861 : 1D;
28862 : 1D;
28863 : 1D;
28864 : 1D;
28865 : 1D;
28866 : 1D;
28867 : 1D;
28868 : 1D;
28869 : 1D;
28870 : 3D;
28871 : 3D;
28872 : 3D;
28873 : 3D;
28874 : 3D;
28875 : 3D;
28876 : 3D;
28877 : 3D;
28878 : 3D;
28879 : 3D;
28880 : 3D;
28881 : 1D;
28882 : 1D;
28883 : 1D;
28884 : 1D;
28885 : 1D;
28886 : 1D;
28887 : 1D;
28888 : 1D;
28889 : 1D;
28890 : 1D;
28891 : 3D;
28892 : 3D;
28893 : 3D;
28894 : 3D;
28895 : 3D;
28896 : 3D;
28897 : 3D;
28898 : 3D;
28899 : 3D;
28900 : 3D;
28901 : 1D;
28902 : 1D;
28903 : 1D;
28904 : 1D;
28905 : 1D;
28906 : 1D;
28907 : 1D;
28908 : 1D;
28909 : 1D;
28910 : 1D;
28911 : 3D;
28912 : 3D;
28913 : 3D;
28914 : 3D;
28915 : 3D;
28916 : 3D;
28917 : 3D;
28918 : 3D;
28919 : 3D;
28920 : 3D;
28921 : 1D;
28922 : 1D;
28923 : 1D;
28924 : 1D;
28925 : 1D;
28926 : 1D;
28927 : 1D;
28928 : 1D;
28929 : 1D;
28930 : 1D;
28931 : 3D;
28932 : 3D;
28933 : 3D;
28934 : 3D;
28935 : 3D;
28936 : 3D;
28937 : 3D;
28938 : 3D;
28939 : 3D;
28940 : 3D;
28941 : 1D;
28942 : 1D;
28943 : 1D;
28944 : 1D;
28945 : 1D;
28946 : 1D;
28947 : 1D;
28948 : 1D;
28949 : 1D;
28950 : 1D;
28951 : 3D;
28952 : 3D;
28953 : 3D;
28954 : 3D;
28955 : 3D;
28956 : 3D;
28957 : 3D;
28958 : 3D;
28959 : 3D;
28960 : 3D;
28961 : 1D;
28962 : 1D;
28963 : 1D;
28964 : 1D;
28965 : 1D;
28966 : 1D;
28967 : 1D;
28968 : 1D;
28969 : 1D;
28970 : 1D;
28971 : 3D;
28972 : 3D;
28973 : 3D;
28974 : 3D;
28975 : 3D;
28976 : 3D;
28977 : 3D;
28978 : 3D;
28979 : 3D;
28980 : 3D;
28981 : 1D;
28982 : 1D;
28983 : 1D;
28984 : 1D;
28985 : 1D;
28986 : 1D;
28987 : 1D;
28988 : 1D;
28989 : 1D;
28990 : 1D;
28991 : 1D;
28992 : 3D;
28993 : 3D;
28994 : 3D;
28995 : 3D;
28996 : 3D;
28997 : 3D;
28998 : 3D;
28999 : 3D;
29000 : 3D;
29001 : 3D;
29002 : 1D;
29003 : 1D;
29004 : 1D;
29005 : 1D;
29006 : 1D;
29007 : 1D;
29008 : 1D;
29009 : 1D;
29010 : 1D;
29011 : 1D;
29012 : 3D;
29013 : 3D;
29014 : 3D;
29015 : 3D;
29016 : 3D;
29017 : 3D;
29018 : 3D;
29019 : 3D;
29020 : 3D;
29021 : 3D;
29022 : 1D;
29023 : 1D;
29024 : 1D;
29025 : 1D;
29026 : 1D;
29027 : 1D;
29028 : 1D;
29029 : 1D;
29030 : 1D;
29031 : 1D;
29032 : 3D;
29033 : 3D;
29034 : 3D;
29035 : 3D;
29036 : 3D;
29037 : 3D;
29038 : 3D;
29039 : 3D;
29040 : 3D;
29041 : 3D;
29042 : 1D;
29043 : 1D;
29044 : 1D;
29045 : 1D;
29046 : 1D;
29047 : 1D;
29048 : 1D;
29049 : 1D;
29050 : 1D;
29051 : 1D;
29052 : 3D;
29053 : 3D;
29054 : 3D;
29055 : 3D;
29056 : 3D;
29057 : 3D;
29058 : 3D;
29059 : 3D;
29060 : 3D;
29061 : 3D;
29062 : 1D;
29063 : 1D;
29064 : 1D;
29065 : 1D;
29066 : 1D;
29067 : 1D;
29068 : 1D;
29069 : 1D;
29070 : 1D;
29071 : 1D;
29072 : 3D;
29073 : 3D;
29074 : 3D;
29075 : 3D;
29076 : 3D;
29077 : 3D;
29078 : 3D;
29079 : 3D;
29080 : 3D;
29081 : 3D;
29082 : 1D;
29083 : 1D;
29084 : 1D;
29085 : 1D;
29086 : 1D;
29087 : 1D;
29088 : 1D;
29089 : 1D;
29090 : 1D;
29091 : 1D;
29092 : 3D;
29093 : 3D;
29094 : 3D;
29095 : 3D;
29096 : 3D;
29097 : 3D;
29098 : 3D;
29099 : 3D;
29100 : 3D;
29101 : 3D;
29102 : 3D;
29103 : 1D;
29104 : 1D;
29105 : 1D;
29106 : 1D;
29107 : 1D;
29108 : 1D;
29109 : 1D;
29110 : 1D;
29111 : 1D;
29112 : 1D;
29113 : 14;
29114 : 14;
29115 : 14;
29116 : 14;
29117 : 14;
29118 : 14;
29119 : 14;
29120 : 14;
29121 : 14;
29122 : 14;
29123 : 14;
29124 : 14;
29125 : 14;
29126 : 14;
29127 : 14;
29128 : 14;
29129 : 14;
29130 : 1D;
29131 : 1D;
29132 : 1D;
29133 : 1D;
29134 : 1D;
29135 : 1D;
29136 : 1D;
29137 : 1D;
29138 : 1D;
29139 : 1D;
29140 : 3D;
29141 : 3D;
29142 : 3D;
29143 : 3D;
29144 : 3D;
29145 : 3D;
29146 : 3D;
29147 : 3D;
29148 : 3D;
29149 : 3D;
29150 : 1D;
29151 : 1D;
29152 : 1D;
29153 : 1D;
29154 : 1D;
29155 : 1D;
29156 : 1D;
29157 : 1D;
29158 : 1D;
29159 : 1D;
29160 : 3D;
29161 : 3D;
29162 : 3D;
29163 : 3D;
29164 : 3D;
29165 : 3D;
29166 : 3D;
29167 : 3D;
29168 : 3D;
29169 : 3D;
29170 : 1D;
29171 : 1D;
29172 : 1D;
29173 : 1D;
29174 : 1D;
29175 : 1D;
29176 : 1D;
29177 : 1D;
29178 : 1D;
29179 : 1D;
29180 : 3D;
29181 : 3D;
29182 : 3D;
29183 : 3D;
29184 : 3D;
29185 : 3D;
29186 : 3D;
29187 : 3D;
29188 : 3D;
29189 : 3D;
29190 : 1D;
29191 : 1D;
29192 : 1D;
29193 : 1D;
29194 : 1D;
29195 : 1D;
29196 : 1D;
29197 : 1D;
29198 : 1D;
29199 : 1D;
29200 : 1D;
29201 : 3D;
29202 : 3D;
29203 : 3D;
29204 : 3D;
29205 : 3D;
29206 : 3D;
29207 : 3D;
29208 : 3D;
29209 : 3D;
29210 : 3D;
29211 : 1D;
29212 : 1D;
29213 : 1D;
29214 : 1D;
29215 : 1D;
29216 : 1D;
29217 : 1D;
29218 : 1D;
29219 : 1D;
29220 : 1D;
29221 : 3D;
29222 : 3D;
29223 : 3D;
29224 : 3D;
29225 : 3D;
29226 : 3D;
29227 : 3D;
29228 : 3D;
29229 : 3D;
29230 : 3D;
29231 : 1D;
29232 : 1D;
29233 : 1D;
29234 : 1D;
29235 : 1D;
29236 : 1D;
29237 : 1D;
29238 : 1D;
29239 : 1D;
29240 : 1D;
29241 : 3D;
29242 : 3D;
29243 : 3D;
29244 : 3D;
29245 : 3D;
29246 : 3D;
29247 : 3D;
29248 : 3D;
29249 : 3D;
29250 : 3D;
29251 : 1D;
29252 : 1D;
29253 : 1D;
29254 : 1D;
29255 : 1D;
29256 : 1D;
29257 : 1D;
29258 : 1D;
29259 : 1D;
29260 : 1D;
29261 : 3D;
29262 : 3D;
29263 : 3D;
29264 : 3D;
29265 : 3D;
29266 : 3D;
29267 : 3D;
29268 : 3D;
29269 : 3D;
29270 : 3D;
29271 : 1D;
29272 : 1D;
29273 : 1D;
29274 : 1D;
29275 : 1D;
29276 : 1D;
29277 : 1D;
29278 : 1D;
29279 : 1D;
29280 : 1D;
29281 : 3D;
29282 : 3D;
29283 : 3D;
29284 : 3D;
29285 : 3D;
29286 : 3D;
29287 : 3D;
29288 : 3D;
29289 : 3D;
29290 : 3D;
29291 : 1D;
29292 : 1D;
29293 : 1D;
29294 : 1D;
29295 : 1D;
29296 : 1D;
29297 : 1D;
29298 : 1D;
29299 : 1D;
29300 : 1D;
29301 : 3D;
29302 : 3D;
29303 : 3D;
29304 : 3D;
29305 : 3D;
29306 : 3D;
29307 : 3D;
29308 : 3D;
29309 : 3D;
29310 : 3D;
29311 : 3D;
29312 : 1D;
29313 : 1D;
29314 : 1D;
29315 : 1D;
29316 : 1D;
29317 : 1D;
29318 : 1D;
29319 : 1D;
29320 : 1D;
29321 : 1D;
29322 : 3D;
29323 : 3D;
29324 : 3D;
29325 : 3D;
29326 : 3D;
29327 : 3D;
29328 : 3D;
29329 : 3D;
29330 : 3D;
29331 : 3D;
29332 : 1D;
29333 : 1D;
29334 : 1D;
29335 : 1D;
29336 : 1D;
29337 : 1D;
29338 : 1D;
29339 : 1D;
29340 : 1D;
29341 : 1D;
29342 : 3D;
29343 : 3D;
29344 : 3D;
29345 : 3D;
29346 : 3D;
29347 : 3D;
29348 : 3D;
29349 : 3D;
29350 : 3D;
29351 : 3D;
29352 : 1D;
29353 : 1D;
29354 : 1D;
29355 : 1D;
29356 : 1D;
29357 : 1D;
29358 : 1D;
29359 : 1D;
29360 : 1D;
29361 : 1D;
29362 : 3D;
29363 : 3D;
29364 : 3D;
29365 : 3D;
29366 : 3D;
29367 : 3D;
29368 : 3D;
29369 : 3D;
29370 : 3D;
29371 : 3D;
29372 : 1D;
29373 : 1D;
29374 : 1D;
29375 : 1D;
29376 : 1D;
29377 : 1D;
29378 : 1D;
29379 : 1D;
29380 : 1D;
29381 : 1D;
29382 : 3D;
29383 : 3D;
29384 : 3D;
29385 : 3D;
29386 : 3D;
29387 : 3D;
29388 : 3D;
29389 : 3D;
29390 : 3D;
29391 : 3D;
29392 : 1D;
29393 : 1D;
29394 : 1D;
29395 : 1D;
29396 : 1D;
29397 : 1D;
29398 : 1D;
29399 : 1D;
29400 : 1D;
29401 : 1D;
29402 : 3D;
29403 : 3D;
29404 : 3D;
29405 : 3D;
29406 : 3D;
29407 : 3D;
29408 : 3D;
29409 : 3D;
29410 : 3D;
29411 : 3D;
29412 : 1D;
29413 : 1D;
29414 : 1D;
29415 : 1D;
29416 : 1D;
29417 : 1D;
29418 : 1D;
29419 : 1D;
29420 : 1D;
29421 : 1D;
29422 : 1D;
29423 : 3D;
29424 : 3D;
29425 : 3D;
29426 : 3D;
29427 : 3D;
29428 : 3D;
29429 : 3D;
29430 : 3D;
29431 : 3D;
29432 : 3D;
29433 : 10;
29434 : 10;
29435 : 10;
29436 : 10;
29437 : 10;
29438 : 10;
29439 : 10;
29440 : 14;
29441 : 14;
29442 : 14;
29443 : 14;
29444 : 14;
29445 : 14;
29446 : 14;
29447 : 14;
29448 : 14;
29449 : 14;
29450 : 1D;
29451 : 1D;
29452 : 1D;
29453 : 1D;
29454 : 1D;
29455 : 1D;
29456 : 1D;
29457 : 1D;
29458 : 1D;
29459 : 1D;
29460 : 3D;
29461 : 3D;
29462 : 3D;
29463 : 3D;
29464 : 3D;
29465 : 3D;
29466 : 3D;
29467 : 3D;
29468 : 3D;
29469 : 3D;
29470 : 1D;
29471 : 1D;
29472 : 1D;
29473 : 1D;
29474 : 1D;
29475 : 1D;
29476 : 1D;
29477 : 1D;
29478 : 1D;
29479 : 1D;
29480 : 3D;
29481 : 3D;
29482 : 3D;
29483 : 3D;
29484 : 3D;
29485 : 3D;
29486 : 3D;
29487 : 3D;
29488 : 3D;
29489 : 3D;
29490 : 1D;
29491 : 1D;
29492 : 1D;
29493 : 1D;
29494 : 1D;
29495 : 1D;
29496 : 1D;
29497 : 1D;
29498 : 1D;
29499 : 1D;
29500 : 3D;
29501 : 3D;
29502 : 3D;
29503 : 3D;
29504 : 3D;
29505 : 3D;
29506 : 3D;
29507 : 3D;
29508 : 3D;
29509 : 3D;
29510 : 1D;
29511 : 1D;
29512 : 1D;
29513 : 1D;
29514 : 1D;
29515 : 1D;
29516 : 1D;
29517 : 1D;
29518 : 1D;
29519 : 1D;
29520 : 1D;
29521 : 3D;
29522 : 3D;
29523 : 3D;
29524 : 3D;
29525 : 3D;
29526 : 3D;
29527 : 3D;
29528 : 3D;
29529 : 3D;
29530 : 3D;
29531 : 1D;
29532 : 1D;
29533 : 1D;
29534 : 1D;
29535 : 1D;
29536 : 1D;
29537 : 1D;
29538 : 1D;
29539 : 1D;
29540 : 1D;
29541 : 3D;
29542 : 3D;
29543 : 3D;
29544 : 3D;
29545 : 3D;
29546 : 3D;
29547 : 3D;
29548 : 3D;
29549 : 3D;
29550 : 3D;
29551 : 1D;
29552 : 1D;
29553 : 1D;
29554 : 1D;
29555 : 1D;
29556 : 1D;
29557 : 1D;
29558 : 1D;
29559 : 1D;
29560 : 1D;
29561 : 3D;
29562 : 3D;
29563 : 3D;
29564 : 3D;
29565 : 3D;
29566 : 3D;
29567 : 3D;
29568 : 3D;
29569 : 3D;
29570 : 3D;
29571 : 1D;
29572 : 1D;
29573 : 1D;
29574 : 1D;
29575 : 1D;
29576 : 1D;
29577 : 1D;
29578 : 1D;
29579 : 1D;
29580 : 1D;
29581 : 3D;
29582 : 3D;
29583 : 3D;
29584 : 3D;
29585 : 3D;
29586 : 3D;
29587 : 3D;
29588 : 3D;
29589 : 3D;
29590 : 3D;
29591 : 1D;
29592 : 1D;
29593 : 1D;
29594 : 1D;
29595 : 1D;
29596 : 1D;
29597 : 1D;
29598 : 1D;
29599 : 1D;
29600 : 1D;
29601 : 3D;
29602 : 3D;
29603 : 3D;
29604 : 3D;
29605 : 3D;
29606 : 3D;
29607 : 3D;
29608 : 3D;
29609 : 3D;
29610 : 3D;
29611 : 1D;
29612 : 1D;
29613 : 1D;
29614 : 1D;
29615 : 1D;
29616 : 1D;
29617 : 1D;
29618 : 1D;
29619 : 1D;
29620 : 1D;
29621 : 3D;
29622 : 3D;
29623 : 3D;
29624 : 3D;
29625 : 3D;
29626 : 3D;
29627 : 3D;
29628 : 3D;
29629 : 3D;
29630 : 3D;
29631 : 3D;
29632 : 1D;
29633 : 1D;
29634 : 1D;
29635 : 1D;
29636 : 1D;
29637 : 1D;
29638 : 1D;
29639 : 1D;
29640 : 1D;
29641 : 1D;
29642 : 3D;
29643 : 3D;
29644 : 3D;
29645 : 3D;
29646 : 3D;
29647 : 3D;
29648 : 3D;
29649 : 3D;
29650 : 3D;
29651 : 3D;
29652 : 1D;
29653 : 1D;
29654 : 1D;
29655 : 1D;
29656 : 1D;
29657 : 1D;
29658 : 1D;
29659 : 1D;
29660 : 1D;
29661 : 1D;
29662 : 3D;
29663 : 3D;
29664 : 3D;
29665 : 3D;
29666 : 3D;
29667 : 3D;
29668 : 3D;
29669 : 3D;
29670 : 3D;
29671 : 3D;
29672 : 1D;
29673 : 1D;
29674 : 1D;
29675 : 1D;
29676 : 1D;
29677 : 1D;
29678 : 1D;
29679 : 1D;
29680 : 1D;
29681 : 1D;
29682 : 3D;
29683 : 3D;
29684 : 3D;
29685 : 3D;
29686 : 3D;
29687 : 3D;
29688 : 3D;
29689 : 3D;
29690 : 3D;
29691 : 3D;
29692 : 1D;
29693 : 1D;
29694 : 1D;
29695 : 1D;
29696 : 1D;
29697 : 1D;
29698 : 1D;
29699 : 1D;
29700 : 1D;
29701 : 1D;
29702 : 3D;
29703 : 3D;
29704 : 3D;
29705 : 3D;
29706 : 3D;
29707 : 3D;
29708 : 3D;
29709 : 3D;
29710 : 3D;
29711 : 3D;
29712 : 1D;
29713 : 1D;
29714 : 1D;
29715 : 1D;
29716 : 1D;
29717 : 1D;
29718 : 1D;
29719 : 1D;
29720 : 1D;
29721 : 1D;
29722 : 3D;
29723 : 3D;
29724 : 3D;
29725 : 3D;
29726 : 3D;
29727 : 3D;
29728 : 3D;
29729 : 3D;
29730 : 3D;
29731 : 3D;
29732 : 1D;
29733 : 1D;
29734 : 1D;
29735 : 1D;
29736 : 1D;
29737 : 1D;
29738 : 1D;
29739 : 1D;
29740 : 1D;
29741 : 1D;
29742 : 1D;
29743 : 3D;
29744 : 3D;
29745 : 3D;
29746 : 3D;
29747 : 3D;
29748 : 3D;
29749 : 3D;
29750 : 3D;
29751 : 3D;
29752 : 3D;
29753 : 10;
29754 : 10;
29755 : 10;
29756 : 10;
29757 : 10;
29758 : 10;
29759 : 10;
29760 : 14;
29761 : 14;
29762 : 14;
29763 : 14;
29764 : 14;
29765 : 14;
29766 : 14;
29767 : 14;
29768 : 14;
29769 : 14;
29770 : 1D;
29771 : 1D;
29772 : 1D;
29773 : 1D;
29774 : 1D;
29775 : 1D;
29776 : 1D;
29777 : 1D;
29778 : 1D;
29779 : 1D;
29780 : 3D;
29781 : 3D;
29782 : 3D;
29783 : 3D;
29784 : 3D;
29785 : 3D;
29786 : 3D;
29787 : 3D;
29788 : 3D;
29789 : 3D;
29790 : 1D;
29791 : 1D;
29792 : 1D;
29793 : 1D;
29794 : 1D;
29795 : 1D;
29796 : 1D;
29797 : 1D;
29798 : 1D;
29799 : 1D;
29800 : 3D;
29801 : 3D;
29802 : 3D;
29803 : 3D;
29804 : 3D;
29805 : 3D;
29806 : 3D;
29807 : 3D;
29808 : 3D;
29809 : 3D;
29810 : 1D;
29811 : 1D;
29812 : 1D;
29813 : 1D;
29814 : 1D;
29815 : 1D;
29816 : 1D;
29817 : 1D;
29818 : 1D;
29819 : 1D;
29820 : 3D;
29821 : 3D;
29822 : 3D;
29823 : 3D;
29824 : 3D;
29825 : 3D;
29826 : 3D;
29827 : 3D;
29828 : 3D;
29829 : 3D;
29830 : 1D;
29831 : 1D;
29832 : 1D;
29833 : 1D;
29834 : 1D;
29835 : 1D;
29836 : 1D;
29837 : 1D;
29838 : 1D;
29839 : 1D;
29840 : 1D;
29841 : 3D;
29842 : 3D;
29843 : 3D;
29844 : 3D;
29845 : 3D;
29846 : 3D;
29847 : 3D;
29848 : 3D;
29849 : 3D;
29850 : 3D;
29851 : 1D;
29852 : 1D;
29853 : 1D;
29854 : 1D;
29855 : 1D;
29856 : 1D;
29857 : 1D;
29858 : 1D;
29859 : 1D;
29860 : 1D;
29861 : 3D;
29862 : 3D;
29863 : 3D;
29864 : 3D;
29865 : 3D;
29866 : 3D;
29867 : 3D;
29868 : 3D;
29869 : 3D;
29870 : 3D;
29871 : 1D;
29872 : 1D;
29873 : 1D;
29874 : 1D;
29875 : 1D;
29876 : 1D;
29877 : 1D;
29878 : 1D;
29879 : 1D;
29880 : 1D;
29881 : 3D;
29882 : 3D;
29883 : 3D;
29884 : 3D;
29885 : 3D;
29886 : 3D;
29887 : 3D;
29888 : 3D;
29889 : 3D;
29890 : 3D;
29891 : 1D;
29892 : 1D;
29893 : 1D;
29894 : 1D;
29895 : 1D;
29896 : 1D;
29897 : 1D;
29898 : 1D;
29899 : 1D;
29900 : 1D;
29901 : 3D;
29902 : 3D;
29903 : 3D;
29904 : 3D;
29905 : 3D;
29906 : 3D;
29907 : 3D;
29908 : 3D;
29909 : 3D;
29910 : 3D;
29911 : 1D;
29912 : 1D;
29913 : 1D;
29914 : 1D;
29915 : 1D;
29916 : 1D;
29917 : 1D;
29918 : 1D;
29919 : 1D;
29920 : 1D;
29921 : 3D;
29922 : 3D;
29923 : 3D;
29924 : 3D;
29925 : 3D;
29926 : 3D;
29927 : 3D;
29928 : 3D;
29929 : 3D;
29930 : 3D;
29931 : 1D;
29932 : 1D;
29933 : 1D;
29934 : 1D;
29935 : 1D;
29936 : 1D;
29937 : 1D;
29938 : 1D;
29939 : 1D;
29940 : 1D;
29941 : 3D;
29942 : 3D;
29943 : 3D;
29944 : 3D;
29945 : 3D;
29946 : 3D;
29947 : 3D;
29948 : 3D;
29949 : 3D;
29950 : 3D;
29951 : 3D;
29952 : 1D;
29953 : 1D;
29954 : 1D;
29955 : 1D;
29956 : 1D;
29957 : 1D;
29958 : 1D;
29959 : 1D;
29960 : 1D;
29961 : 1D;
29962 : 3D;
29963 : 3D;
29964 : 3D;
29965 : 3D;
29966 : 3D;
29967 : 3D;
29968 : 3D;
29969 : 3D;
29970 : 3D;
29971 : 3D;
29972 : 1D;
29973 : 1D;
29974 : 1D;
29975 : 1D;
29976 : 1D;
29977 : 1D;
29978 : 1D;
29979 : 1D;
29980 : 1D;
29981 : 1D;
29982 : 3D;
29983 : 3D;
29984 : 3D;
29985 : 3D;
29986 : 3D;
29987 : 3D;
29988 : 3D;
29989 : 3D;
29990 : 3D;
29991 : 3D;
29992 : 1D;
29993 : 1D;
29994 : 1D;
29995 : 1D;
29996 : 1D;
29997 : 1D;
29998 : 1D;
29999 : 1D;
30000 : 1D;
30001 : 1D;
30002 : 3D;
30003 : 3D;
30004 : 3D;
30005 : 3D;
30006 : 3D;
30007 : 3D;
30008 : 3D;
30009 : 3D;
30010 : 3D;
30011 : 3D;
30012 : 1D;
30013 : 1D;
30014 : 1D;
30015 : 1D;
30016 : 1D;
30017 : 1D;
30018 : 1D;
30019 : 1D;
30020 : 1D;
30021 : 1D;
30022 : 3D;
30023 : 3D;
30024 : 3D;
30025 : 3D;
30026 : 3D;
30027 : 3D;
30028 : 3D;
30029 : 3D;
30030 : 3D;
30031 : 3D;
30032 : 1D;
30033 : 1D;
30034 : 1D;
30035 : 1D;
30036 : 1D;
30037 : 1D;
30038 : 1D;
30039 : 1D;
30040 : 1D;
30041 : 1D;
30042 : 3D;
30043 : 3D;
30044 : 3D;
30045 : 3D;
30046 : 3D;
30047 : 3D;
30048 : 3D;
30049 : 3D;
30050 : 3D;
30051 : 3D;
30052 : 1D;
30053 : 1D;
30054 : 1D;
30055 : 1D;
30056 : 1D;
30057 : 1D;
30058 : 1D;
30059 : 1D;
30060 : 1D;
30061 : 1D;
30062 : 1D;
30063 : 3D;
30064 : 3D;
30065 : 3D;
30066 : 3D;
30067 : 3D;
30068 : 3D;
30069 : 3D;
30070 : 3D;
30071 : 3D;
30072 : 3D;
30073 : 10;
30074 : 10;
30075 : 10;
30076 : 10;
30077 : 10;
30078 : 10;
30079 : 10;
30080 : 14;
30081 : 14;
30082 : 14;
30083 : 14;
30084 : 14;
30085 : 14;
30086 : 14;
30087 : 14;
30088 : 14;
30089 : 14;
30090 : 1D;
30091 : 1D;
30092 : 1D;
30093 : 1D;
30094 : 1D;
30095 : 1D;
30096 : 1D;
30097 : 1D;
30098 : 1D;
30099 : 1D;
30100 : 3D;
30101 : 3D;
30102 : 3D;
30103 : 3D;
30104 : 3D;
30105 : 3D;
30106 : 3D;
30107 : 3D;
30108 : 3D;
30109 : 3D;
30110 : 1D;
30111 : 1D;
30112 : 1D;
30113 : 1D;
30114 : 1D;
30115 : 1D;
30116 : 1D;
30117 : 1D;
30118 : 1D;
30119 : 1D;
30120 : 3D;
30121 : 3D;
30122 : 3D;
30123 : 3D;
30124 : 3D;
30125 : 3D;
30126 : 3D;
30127 : 3D;
30128 : 3D;
30129 : 3D;
30130 : 1D;
30131 : 1D;
30132 : 1D;
30133 : 1D;
30134 : 1D;
30135 : 1D;
30136 : 1D;
30137 : 1D;
30138 : 1D;
30139 : 1D;
30140 : 3D;
30141 : 3D;
30142 : 3D;
30143 : 3D;
30144 : 3D;
30145 : 3D;
30146 : 3D;
30147 : 3D;
30148 : 3D;
30149 : 3D;
30150 : 1D;
30151 : 1D;
30152 : 1D;
30153 : 1D;
30154 : 1D;
30155 : 1D;
30156 : 1D;
30157 : 1D;
30158 : 1D;
30159 : 1D;
30160 : 1D;
30161 : 3D;
30162 : 3D;
30163 : 3D;
30164 : 3D;
30165 : 3D;
30166 : 3D;
30167 : 3D;
30168 : 3D;
30169 : 3D;
30170 : 3D;
30171 : 1D;
30172 : 1D;
30173 : 1D;
30174 : 1D;
30175 : 1D;
30176 : 1D;
30177 : 1D;
30178 : 1D;
30179 : 1D;
30180 : 1D;
30181 : 3D;
30182 : 3D;
30183 : 3D;
30184 : 3D;
30185 : 3D;
30186 : 3D;
30187 : 3D;
30188 : 3D;
30189 : 3D;
30190 : 3D;
30191 : 1D;
30192 : 1D;
30193 : 1D;
30194 : 1D;
30195 : 1D;
30196 : 1D;
30197 : 1D;
30198 : 1D;
30199 : 1D;
30200 : 1D;
30201 : 3D;
30202 : 3D;
30203 : 3D;
30204 : 3D;
30205 : 3D;
30206 : 3D;
30207 : 3D;
30208 : 3D;
30209 : 3D;
30210 : 3D;
30211 : 1D;
30212 : 1D;
30213 : 1D;
30214 : 1D;
30215 : 1D;
30216 : 1D;
30217 : 1D;
30218 : 1D;
30219 : 1D;
30220 : 1D;
30221 : 3D;
30222 : 3D;
30223 : 3D;
30224 : 3D;
30225 : 3D;
30226 : 3D;
30227 : 3D;
30228 : 3D;
30229 : 3D;
30230 : 3D;
30231 : 1D;
30232 : 1D;
30233 : 1D;
30234 : 1D;
30235 : 1D;
30236 : 1D;
30237 : 1D;
30238 : 1D;
30239 : 1D;
30240 : 1D;
30241 : 3D;
30242 : 3D;
30243 : 3D;
30244 : 3D;
30245 : 3D;
30246 : 3D;
30247 : 3D;
30248 : 3D;
30249 : 3D;
30250 : 3D;
30251 : 1D;
30252 : 1D;
30253 : 1D;
30254 : 1D;
30255 : 1D;
30256 : 1D;
30257 : 1D;
30258 : 1D;
30259 : 1D;
30260 : 1D;
30261 : 3D;
30262 : 3D;
30263 : 3D;
30264 : 3D;
30265 : 3D;
30266 : 3D;
30267 : 3D;
30268 : 3D;
30269 : 3D;
30270 : 3D;
30271 : 3D;
30272 : 1D;
30273 : 1D;
30274 : 1D;
30275 : 1D;
30276 : 1D;
30277 : 1D;
30278 : 1D;
30279 : 1D;
30280 : 1D;
30281 : 1D;
30282 : 3D;
30283 : 3D;
30284 : 3D;
30285 : 3D;
30286 : 3D;
30287 : 3D;
30288 : 3D;
30289 : 3D;
30290 : 3D;
30291 : 3D;
30292 : 1D;
30293 : 1D;
30294 : 1D;
30295 : 1D;
30296 : 1D;
30297 : 1D;
30298 : 1D;
30299 : 1D;
30300 : 1D;
30301 : 1D;
30302 : 3D;
30303 : 3D;
30304 : 3D;
30305 : 3D;
30306 : 3D;
30307 : 3D;
30308 : 3D;
30309 : 3D;
30310 : 3D;
30311 : 3D;
30312 : 1D;
30313 : 1D;
30314 : 1D;
30315 : 1D;
30316 : 1D;
30317 : 1D;
30318 : 1D;
30319 : 1D;
30320 : 1D;
30321 : 1D;
30322 : 3D;
30323 : 3D;
30324 : 3D;
30325 : 3D;
30326 : 3D;
30327 : 3D;
30328 : 3D;
30329 : 3D;
30330 : 3D;
30331 : 3D;
30332 : 1D;
30333 : 1D;
30334 : 1D;
30335 : 1D;
30336 : 1D;
30337 : 1D;
30338 : 1D;
30339 : 1D;
30340 : 1D;
30341 : 1D;
30342 : 3D;
30343 : 3D;
30344 : 3D;
30345 : 3D;
30346 : 3D;
30347 : 3D;
30348 : 3D;
30349 : 3D;
30350 : 3D;
30351 : 3D;
30352 : 1D;
30353 : 1D;
30354 : 1D;
30355 : 1D;
30356 : 1D;
30357 : 1D;
30358 : 1D;
30359 : 1D;
30360 : 1D;
30361 : 1D;
30362 : 3D;
30363 : 3D;
30364 : 3D;
30365 : 3D;
30366 : 3D;
30367 : 3D;
30368 : 3D;
30369 : 3D;
30370 : 3D;
30371 : 3D;
30372 : 1D;
30373 : 1D;
30374 : 1D;
30375 : 1D;
30376 : 1D;
30377 : 1D;
30378 : 1D;
30379 : 1D;
30380 : 1D;
30381 : 1D;
30382 : 1D;
30383 : 3D;
30384 : 3D;
30385 : 3D;
30386 : 3D;
30387 : 3D;
30388 : 3D;
30389 : 3D;
30390 : 3D;
30391 : 3D;
30392 : 3D;
30393 : 10;
30394 : 10;
30395 : 10;
30396 : 10;
30397 : 10;
30398 : 10;
30399 : 10;
30400 : 14;
30401 : 14;
30402 : 14;
30403 : 14;
30404 : 14;
30405 : 14;
30406 : 14;
30407 : 14;
30408 : 14;
30409 : 14;
30410 : 1D;
30411 : 1D;
30412 : 1D;
30413 : 1D;
30414 : 1D;
30415 : 1D;
30416 : 1D;
30417 : 1D;
30418 : 1D;
30419 : 1D;
30420 : 3D;
30421 : 3D;
30422 : 3D;
30423 : 3D;
30424 : 3D;
30425 : 3D;
30426 : 3D;
30427 : 3D;
30428 : 3D;
30429 : 3D;
30430 : 1D;
30431 : 1D;
30432 : 1D;
30433 : 1D;
30434 : 1D;
30435 : 1D;
30436 : 1D;
30437 : 1D;
30438 : 1D;
30439 : 1D;
30440 : 3D;
30441 : 3D;
30442 : 3D;
30443 : 3D;
30444 : 3D;
30445 : 3D;
30446 : 3D;
30447 : 3D;
30448 : 3D;
30449 : 3D;
30450 : 1D;
30451 : 1D;
30452 : 1D;
30453 : 1D;
30454 : 1D;
30455 : 1D;
30456 : 1D;
30457 : 1D;
30458 : 1D;
30459 : 1D;
30460 : 3D;
30461 : 3D;
30462 : 3D;
30463 : 3D;
30464 : 3D;
30465 : 3D;
30466 : 3D;
30467 : 3D;
30468 : 3D;
30469 : 3D;
30470 : 1D;
30471 : 1D;
30472 : 1D;
30473 : 1D;
30474 : 1D;
30475 : 1D;
30476 : 1D;
30477 : 1D;
30478 : 1D;
30479 : 1D;
30480 : 1D;
30481 : 3D;
30482 : 3D;
30483 : 3D;
30484 : 3D;
30485 : 3D;
30486 : 3D;
30487 : 3D;
30488 : 3D;
30489 : 3D;
30490 : 3D;
30491 : 1D;
30492 : 1D;
30493 : 1D;
30494 : 1D;
30495 : 1D;
30496 : 1D;
30497 : 1D;
30498 : 1D;
30499 : 1D;
30500 : 1D;
30501 : 3D;
30502 : 3D;
30503 : 3D;
30504 : 3D;
30505 : 3D;
30506 : 3D;
30507 : 3D;
30508 : 3D;
30509 : 3D;
30510 : 3D;
30511 : 1D;
30512 : 1D;
30513 : 1D;
30514 : 1D;
30515 : 1D;
30516 : 1D;
30517 : 1D;
30518 : 1D;
30519 : 1D;
30520 : 1D;
30521 : 3D;
30522 : 3D;
30523 : 3D;
30524 : 3D;
30525 : 3D;
30526 : 3D;
30527 : 3D;
30528 : 3D;
30529 : 3D;
30530 : 3D;
30531 : 1D;
30532 : 1D;
30533 : 1D;
30534 : 1D;
30535 : 1D;
30536 : 1D;
30537 : 1D;
30538 : 1D;
30539 : 1D;
30540 : 1D;
30541 : 3D;
30542 : 3D;
30543 : 3D;
30544 : 3D;
30545 : 3D;
30546 : 3D;
30547 : 3D;
30548 : 3D;
30549 : 3D;
30550 : 3D;
30551 : 1D;
30552 : 1D;
30553 : 1D;
30554 : 1D;
30555 : 1D;
30556 : 1D;
30557 : 1D;
30558 : 1D;
30559 : 1D;
30560 : 1D;
30561 : 3D;
30562 : 3D;
30563 : 3D;
30564 : 3D;
30565 : 3D;
30566 : 3D;
30567 : 3D;
30568 : 3D;
30569 : 3D;
30570 : 3D;
30571 : 1D;
30572 : 1D;
30573 : 1D;
30574 : 1D;
30575 : 1D;
30576 : 1D;
30577 : 1D;
30578 : 1D;
30579 : 1D;
30580 : 1D;
30581 : 3D;
30582 : 3D;
30583 : 3D;
30584 : 3D;
30585 : 3D;
30586 : 3D;
30587 : 3D;
30588 : 3D;
30589 : 3D;
30590 : 3D;
30591 : 3D;
30592 : 1D;
30593 : 1D;
30594 : 1D;
30595 : 1D;
30596 : 1D;
30597 : 1D;
30598 : 1D;
30599 : 1D;
30600 : 1D;
30601 : 1D;
30602 : 3D;
30603 : 3D;
30604 : 3D;
30605 : 3D;
30606 : 3D;
30607 : 3D;
30608 : 3D;
30609 : 3D;
30610 : 3D;
30611 : 3D;
30612 : 1D;
30613 : 1D;
30614 : 1D;
30615 : 1D;
30616 : 1D;
30617 : 1D;
30618 : 1D;
30619 : 1D;
30620 : 1D;
30621 : 1D;
30622 : 3D;
30623 : 3D;
30624 : 3D;
30625 : 3D;
30626 : 3D;
30627 : 3D;
30628 : 3D;
30629 : 3D;
30630 : 3D;
30631 : 3D;
30632 : 1D;
30633 : 1D;
30634 : 1D;
30635 : 1D;
30636 : 1D;
30637 : 1D;
30638 : 1D;
30639 : 1D;
30640 : 1D;
30641 : 1D;
30642 : 3D;
30643 : 3D;
30644 : 3D;
30645 : 3D;
30646 : 3D;
30647 : 3D;
30648 : 3D;
30649 : 3D;
30650 : 3D;
30651 : 3D;
30652 : 1D;
30653 : 1D;
30654 : 1D;
30655 : 1D;
30656 : 1D;
30657 : 1D;
30658 : 1D;
30659 : 1D;
30660 : 1D;
30661 : 1D;
30662 : 3D;
30663 : 3D;
30664 : 3D;
30665 : 3D;
30666 : 3D;
30667 : 3D;
30668 : 3D;
30669 : 3D;
30670 : 3D;
30671 : 3D;
30672 : 1D;
30673 : 1D;
30674 : 1D;
30675 : 1D;
30676 : 1D;
30677 : 1D;
30678 : 1D;
30679 : 1D;
30680 : 1D;
30681 : 1D;
30682 : 3D;
30683 : 3D;
30684 : 3D;
30685 : 3D;
30686 : 3D;
30687 : 3D;
30688 : 3D;
30689 : 3D;
30690 : 3D;
30691 : 3D;
30692 : 1D;
30693 : 1D;
30694 : 1D;
30695 : 1D;
30696 : 1D;
30697 : 1D;
30698 : 1D;
30699 : 1D;
30700 : 1D;
30701 : 1D;
30702 : 1D;
30703 : 3D;
30704 : 3D;
30705 : 3D;
30706 : 3D;
30707 : 3D;
30708 : 3D;
30709 : 3D;
30710 : 3D;
30711 : 3D;
30712 : 3D;
30713 : 10;
30714 : 10;
30715 : 10;
30716 : 10;
30717 : 10;
30718 : 10;
30719 : 10;
30720 : 14;
30721 : 14;
30722 : 14;
30723 : 14;
30724 : 14;
30725 : 14;
30726 : 14;
30727 : 14;
30728 : 14;
30729 : 14;
30730 : 1D;
30731 : 1D;
30732 : 1D;
30733 : 1D;
30734 : 1D;
30735 : 1D;
30736 : 1D;
30737 : 1D;
30738 : 1D;
30739 : 1D;
30740 : 3D;
30741 : 3D;
30742 : 3D;
30743 : 3D;
30744 : 3D;
30745 : 3D;
30746 : 3D;
30747 : 3D;
30748 : 3D;
30749 : 3D;
30750 : 1D;
30751 : 1D;
30752 : 1D;
30753 : 1D;
30754 : 1D;
30755 : 1D;
30756 : 1D;
30757 : 1D;
30758 : 1D;
30759 : 1D;
30760 : 3D;
30761 : 3D;
30762 : 3D;
30763 : 3D;
30764 : 3D;
30765 : 3D;
30766 : 3D;
30767 : 3D;
30768 : 3D;
30769 : 3D;
30770 : 1D;
30771 : 1D;
30772 : 1D;
30773 : 1D;
30774 : 1D;
30775 : 1D;
30776 : 1D;
30777 : 1D;
30778 : 1D;
30779 : 1D;
30780 : 3D;
30781 : 3D;
30782 : 3D;
30783 : 3D;
30784 : 3D;
30785 : 3D;
30786 : 3D;
30787 : 3D;
30788 : 3D;
30789 : 3D;
30790 : 1D;
30791 : 1D;
30792 : 1D;
30793 : 1D;
30794 : 1D;
30795 : 1D;
30796 : 1D;
30797 : 1D;
30798 : 1D;
30799 : 1D;
30800 : 1D;
30801 : 3D;
30802 : 3D;
30803 : 3D;
30804 : 3D;
30805 : 3D;
30806 : 3D;
30807 : 3D;
30808 : 3D;
30809 : 3D;
30810 : 3D;
30811 : 1D;
30812 : 1D;
30813 : 1D;
30814 : 1D;
30815 : 1D;
30816 : 1D;
30817 : 1D;
30818 : 1D;
30819 : 1D;
30820 : 1D;
30821 : 3D;
30822 : 3D;
30823 : 3D;
30824 : 3D;
30825 : 3D;
30826 : 3D;
30827 : 3D;
30828 : 3D;
30829 : 3D;
30830 : 3D;
30831 : 1D;
30832 : 1D;
30833 : 1D;
30834 : 1D;
30835 : 1D;
30836 : 1D;
30837 : 1D;
30838 : 1D;
30839 : 1D;
30840 : 1D;
30841 : 3D;
30842 : 3D;
30843 : 3D;
30844 : 3D;
30845 : 3D;
30846 : 3D;
30847 : 3D;
30848 : 3D;
30849 : 3D;
30850 : 3D;
30851 : 1D;
30852 : 1D;
30853 : 1D;
30854 : 1D;
30855 : 1D;
30856 : 1D;
30857 : 1D;
30858 : 1D;
30859 : 1D;
30860 : 1D;
30861 : 3D;
30862 : 3D;
30863 : 3D;
30864 : 3D;
30865 : 3D;
30866 : 3D;
30867 : 3D;
30868 : 3D;
30869 : 3D;
30870 : 3D;
30871 : 1D;
30872 : 1D;
30873 : 1D;
30874 : 1D;
30875 : 1D;
30876 : 1D;
30877 : 1D;
30878 : 1D;
30879 : 1D;
30880 : 1D;
30881 : 3D;
30882 : 3D;
30883 : 3D;
30884 : 3D;
30885 : 3D;
30886 : 3D;
30887 : 3D;
30888 : 3D;
30889 : 3D;
30890 : 3D;
30891 : 1D;
30892 : 1D;
30893 : 1D;
30894 : 1D;
30895 : 1D;
30896 : 1D;
30897 : 1D;
30898 : 1D;
30899 : 1D;
30900 : 1D;
30901 : 3D;
30902 : 3D;
30903 : 3D;
30904 : 3D;
30905 : 3D;
30906 : 3D;
30907 : 3D;
30908 : 3D;
30909 : 3D;
30910 : 3D;
30911 : 3D;
30912 : 1D;
30913 : 1D;
30914 : 1D;
30915 : 1D;
30916 : 1D;
30917 : 1D;
30918 : 1D;
30919 : 1D;
30920 : 1D;
30921 : 1D;
30922 : 3D;
30923 : 3D;
30924 : 3D;
30925 : 3D;
30926 : 3D;
30927 : 3D;
30928 : 3D;
30929 : 3D;
30930 : 3D;
30931 : 3D;
30932 : 1D;
30933 : 1D;
30934 : 1D;
30935 : 1D;
30936 : 1D;
30937 : 1D;
30938 : 1D;
30939 : 1D;
30940 : 1D;
30941 : 1D;
30942 : 3D;
30943 : 3D;
30944 : 3D;
30945 : 3D;
30946 : 3D;
30947 : 3D;
30948 : 3D;
30949 : 3D;
30950 : 3D;
30951 : 3D;
30952 : 1D;
30953 : 1D;
30954 : 1D;
30955 : 1D;
30956 : 1D;
30957 : 1D;
30958 : 1D;
30959 : 1D;
30960 : 1D;
30961 : 1D;
30962 : 3D;
30963 : 3D;
30964 : 3D;
30965 : 3D;
30966 : 3D;
30967 : 3D;
30968 : 3D;
30969 : 3D;
30970 : 3D;
30971 : 3D;
30972 : 1D;
30973 : 1D;
30974 : 1D;
30975 : 1D;
30976 : 1D;
30977 : 1D;
30978 : 1D;
30979 : 1D;
30980 : 1D;
30981 : 1D;
30982 : 3D;
30983 : 3D;
30984 : 3D;
30985 : 3D;
30986 : 3D;
30987 : 3D;
30988 : 3D;
30989 : 3D;
30990 : 3D;
30991 : 3D;
30992 : 1D;
30993 : 1D;
30994 : 1D;
30995 : 1D;
30996 : 1D;
30997 : 1D;
30998 : 1D;
30999 : 1D;
31000 : 1D;
31001 : 1D;
31002 : 3D;
31003 : 3D;
31004 : 3D;
31005 : 3D;
31006 : 3D;
31007 : 3D;
31008 : 3D;
31009 : 3D;
31010 : 3D;
31011 : 3D;
31012 : 1D;
31013 : 1D;
31014 : 1D;
31015 : 1D;
31016 : 1D;
31017 : 1D;
31018 : 1D;
31019 : 1D;
31020 : 1D;
31021 : 1D;
31022 : 1D;
31023 : 3D;
31024 : 3D;
31025 : 3D;
31026 : 3D;
31027 : 3D;
31028 : 3D;
31029 : 3D;
31030 : 3D;
31031 : 3D;
31032 : 3D;
31033 : 10;
31034 : 10;
31035 : 10;
31036 : 10;
31037 : 10;
31038 : 10;
31039 : 10;
31040 : 14;
31041 : 14;
31042 : 14;
31043 : 14;
31044 : 14;
31045 : 14;
31046 : 14;
31047 : 14;
31048 : 14;
31049 : 14;
31050 : 1D;
31051 : 1D;
31052 : 1D;
31053 : 1D;
31054 : 1D;
31055 : 1D;
31056 : 1D;
31057 : 1D;
31058 : 1D;
31059 : 1D;
31060 : 3D;
31061 : 3D;
31062 : 3D;
31063 : 3D;
31064 : 3D;
31065 : 3D;
31066 : 3D;
31067 : 3D;
31068 : 3D;
31069 : 3D;
31070 : 1D;
31071 : 1D;
31072 : 1D;
31073 : 1D;
31074 : 1D;
31075 : 1D;
31076 : 1D;
31077 : 1D;
31078 : 1D;
31079 : 1D;
31080 : 3D;
31081 : 3D;
31082 : 3D;
31083 : 3D;
31084 : 3D;
31085 : 3D;
31086 : 3D;
31087 : 3D;
31088 : 3D;
31089 : 3D;
31090 : 1D;
31091 : 1D;
31092 : 1D;
31093 : 1D;
31094 : 1D;
31095 : 1D;
31096 : 1D;
31097 : 1D;
31098 : 1D;
31099 : 1D;
31100 : 3D;
31101 : 3D;
31102 : 3D;
31103 : 3D;
31104 : 3D;
31105 : 3D;
31106 : 3D;
31107 : 3D;
31108 : 3D;
31109 : 3D;
31110 : 1D;
31111 : 1D;
31112 : 1D;
31113 : 1D;
31114 : 1D;
31115 : 1D;
31116 : 1D;
31117 : 1D;
31118 : 1D;
31119 : 1D;
31120 : 1D;
31121 : 3D;
31122 : 3D;
31123 : 3D;
31124 : 3D;
31125 : 3D;
31126 : 3D;
31127 : 3D;
31128 : 3D;
31129 : 3D;
31130 : 3D;
31131 : 1D;
31132 : 1D;
31133 : 1D;
31134 : 1D;
31135 : 1D;
31136 : 1D;
31137 : 1D;
31138 : 1D;
31139 : 1D;
31140 : 1D;
31141 : 3D;
31142 : 3D;
31143 : 3D;
31144 : 3D;
31145 : 3D;
31146 : 3D;
31147 : 3D;
31148 : 3D;
31149 : 3D;
31150 : 3D;
31151 : 1D;
31152 : 1D;
31153 : 1D;
31154 : 1D;
31155 : 1D;
31156 : 1D;
31157 : 1D;
31158 : 1D;
31159 : 1D;
31160 : 1D;
31161 : 3D;
31162 : 3D;
31163 : 3D;
31164 : 3D;
31165 : 3D;
31166 : 3D;
31167 : 3D;
31168 : 3D;
31169 : 3D;
31170 : 3D;
31171 : 1D;
31172 : 1D;
31173 : 1D;
31174 : 1D;
31175 : 1D;
31176 : 1D;
31177 : 1D;
31178 : 1D;
31179 : 1D;
31180 : 1D;
31181 : 3D;
31182 : 3D;
31183 : 3D;
31184 : 3D;
31185 : 3D;
31186 : 3D;
31187 : 3D;
31188 : 3D;
31189 : 3D;
31190 : 3D;
31191 : 1D;
31192 : 1D;
31193 : 1D;
31194 : 1D;
31195 : 1D;
31196 : 1D;
31197 : 1D;
31198 : 1D;
31199 : 1D;
31200 : 1D;
31201 : 3D;
31202 : 3D;
31203 : 3D;
31204 : 3D;
31205 : 3D;
31206 : 3D;
31207 : 3D;
31208 : 3D;
31209 : 3D;
31210 : 3D;
31211 : 1D;
31212 : 1D;
31213 : 1D;
31214 : 1D;
31215 : 1D;
31216 : 1D;
31217 : 1D;
31218 : 1D;
31219 : 1D;
31220 : 1D;
31221 : 3D;
31222 : 3D;
31223 : 3D;
31224 : 3D;
31225 : 3D;
31226 : 3D;
31227 : 3D;
31228 : 3D;
31229 : 3D;
31230 : 3D;
31231 : 3D;
31232 : 1D;
31233 : 1D;
31234 : 1D;
31235 : 1D;
31236 : 1D;
31237 : 1D;
31238 : 1D;
31239 : 1D;
31240 : 1D;
31241 : 1D;
31242 : 3D;
31243 : 3D;
31244 : 3D;
31245 : 3D;
31246 : 3D;
31247 : 3D;
31248 : 3D;
31249 : 3D;
31250 : 3D;
31251 : 3D;
31252 : 1D;
31253 : 1D;
31254 : 1D;
31255 : 1D;
31256 : 1D;
31257 : 1D;
31258 : 1D;
31259 : 1D;
31260 : 1D;
31261 : 1D;
31262 : 3D;
31263 : 3D;
31264 : 3D;
31265 : 3D;
31266 : 3D;
31267 : 3D;
31268 : 3D;
31269 : 3D;
31270 : 3D;
31271 : 3D;
31272 : 1D;
31273 : 1D;
31274 : 1D;
31275 : 1D;
31276 : 1D;
31277 : 1D;
31278 : 1D;
31279 : 1D;
31280 : 1D;
31281 : 1D;
31282 : 3D;
31283 : 3D;
31284 : 3D;
31285 : 3D;
31286 : 3D;
31287 : 3D;
31288 : 3D;
31289 : 3D;
31290 : 3D;
31291 : 3D;
31292 : 1D;
31293 : 1D;
31294 : 1D;
31295 : 1D;
31296 : 1D;
31297 : 1D;
31298 : 1D;
31299 : 1D;
31300 : 1D;
31301 : 1D;
31302 : 3D;
31303 : 3D;
31304 : 3D;
31305 : 3D;
31306 : 3D;
31307 : 3D;
31308 : 3D;
31309 : 3D;
31310 : 3D;
31311 : 3D;
31312 : 1D;
31313 : 1D;
31314 : 1D;
31315 : 1D;
31316 : 1D;
31317 : 1D;
31318 : 1D;
31319 : 1D;
31320 : 1D;
31321 : 1D;
31322 : 3D;
31323 : 3D;
31324 : 3D;
31325 : 3D;
31326 : 3D;
31327 : 3D;
31328 : 3D;
31329 : 3D;
31330 : 3D;
31331 : 3D;
31332 : 1D;
31333 : 1D;
31334 : 1D;
31335 : 1D;
31336 : 1D;
31337 : 1D;
31338 : 1D;
31339 : 1D;
31340 : 1D;
31341 : 1D;
31342 : 1D;
31343 : 3D;
31344 : 3D;
31345 : 3D;
31346 : 3D;
31347 : 3D;
31348 : 3D;
31349 : 3D;
31350 : 3D;
31351 : 3D;
31352 : 3D;
31353 : 10;
31354 : 10;
31355 : 10;
31356 : 10;
31357 : 10;
31358 : 10;
31359 : 10;
31360 : 14;
31361 : 14;
31362 : 14;
31363 : 14;
31364 : 14;
31365 : 14;
31366 : 14;
31367 : 14;
31368 : 14;
31369 : 14;
31370 : 1D;
31371 : 1D;
31372 : 1D;
31373 : 1D;
31374 : 1D;
31375 : 1D;
31376 : 1D;
31377 : 1D;
31378 : 1D;
31379 : 1D;
31380 : 3D;
31381 : 3D;
31382 : 3D;
31383 : 3D;
31384 : 3D;
31385 : 3D;
31386 : 3D;
31387 : 3D;
31388 : 3D;
31389 : 3D;
31390 : 1D;
31391 : 1D;
31392 : 1D;
31393 : 1D;
31394 : 1D;
31395 : 1D;
31396 : 1D;
31397 : 1D;
31398 : 1D;
31399 : 1D;
31400 : 3D;
31401 : 3D;
31402 : 3D;
31403 : 3D;
31404 : 3D;
31405 : 3D;
31406 : 3D;
31407 : 3D;
31408 : 3D;
31409 : 3D;
31410 : 1D;
31411 : 1D;
31412 : 1D;
31413 : 1D;
31414 : 1D;
31415 : 1D;
31416 : 1D;
31417 : 1D;
31418 : 1D;
31419 : 1D;
31420 : 3D;
31421 : 3D;
31422 : 3D;
31423 : 3D;
31424 : 3D;
31425 : 3D;
31426 : 3D;
31427 : 3D;
31428 : 3D;
31429 : 3D;
31430 : 1D;
31431 : 1D;
31432 : 1D;
31433 : 1D;
31434 : 1D;
31435 : 1D;
31436 : 1D;
31437 : 1D;
31438 : 1D;
31439 : 1D;
31440 : 1D;
31441 : 3D;
31442 : 3D;
31443 : 3D;
31444 : 3D;
31445 : 3D;
31446 : 3D;
31447 : 3D;
31448 : 3D;
31449 : 3D;
31450 : 3D;
31451 : 1D;
31452 : 1D;
31453 : 1D;
31454 : 1D;
31455 : 1D;
31456 : 1D;
31457 : 1D;
31458 : 1D;
31459 : 1D;
31460 : 1D;
31461 : 3D;
31462 : 3D;
31463 : 3D;
31464 : 3D;
31465 : 3D;
31466 : 3D;
31467 : 3D;
31468 : 3D;
31469 : 3D;
31470 : 3D;
31471 : 1D;
31472 : 1D;
31473 : 1D;
31474 : 1D;
31475 : 1D;
31476 : 1D;
31477 : 1D;
31478 : 1D;
31479 : 1D;
31480 : 1D;
31481 : 3D;
31482 : 3D;
31483 : 3D;
31484 : 3D;
31485 : 3D;
31486 : 3D;
31487 : 3D;
31488 : 3D;
31489 : 3D;
31490 : 3D;
31491 : 1D;
31492 : 1D;
31493 : 1D;
31494 : 1D;
31495 : 1D;
31496 : 1D;
31497 : 1D;
31498 : 1D;
31499 : 1D;
31500 : 1D;
31501 : 3D;
31502 : 3D;
31503 : 3D;
31504 : 3D;
31505 : 3D;
31506 : 3D;
31507 : 3D;
31508 : 3D;
31509 : 3D;
31510 : 3D;
31511 : 1D;
31512 : 1D;
31513 : 1D;
31514 : 1D;
31515 : 1D;
31516 : 1D;
31517 : 1D;
31518 : 1D;
31519 : 1D;
31520 : 1D;
31521 : 3D;
31522 : 3D;
31523 : 3D;
31524 : 3D;
31525 : 3D;
31526 : 3D;
31527 : 3D;
31528 : 3D;
31529 : 3D;
31530 : 3D;
31531 : 1D;
31532 : 1D;
31533 : 1D;
31534 : 1D;
31535 : 1D;
31536 : 1D;
31537 : 1D;
31538 : 1D;
31539 : 1D;
31540 : 1D;
31541 : 3D;
31542 : 3D;
31543 : 3D;
31544 : 3D;
31545 : 3D;
31546 : 3D;
31547 : 3D;
31548 : 3D;
31549 : 3D;
31550 : 3D;
31551 : 3D;
31552 : 1D;
31553 : 1D;
31554 : 1D;
31555 : 1D;
31556 : 1D;
31557 : 1D;
31558 : 1D;
31559 : 1D;
31560 : 1D;
31561 : 1D;
31562 : 3D;
31563 : 3D;
31564 : 3D;
31565 : 3D;
31566 : 3D;
31567 : 3D;
31568 : 3D;
31569 : 3D;
31570 : 3D;
31571 : 3D;
31572 : 1D;
31573 : 1D;
31574 : 1D;
31575 : 1D;
31576 : 1D;
31577 : 1D;
31578 : 1D;
31579 : 1D;
31580 : 1D;
31581 : 1D;
31582 : 3D;
31583 : 3D;
31584 : 3D;
31585 : 3D;
31586 : 3D;
31587 : 3D;
31588 : 3D;
31589 : 3D;
31590 : 3D;
31591 : 3D;
31592 : 1D;
31593 : 1D;
31594 : 1D;
31595 : 1D;
31596 : 1D;
31597 : 1D;
31598 : 1D;
31599 : 1D;
31600 : 1D;
31601 : 1D;
31602 : 3D;
31603 : 3D;
31604 : 3D;
31605 : 3D;
31606 : 3D;
31607 : 3D;
31608 : 3D;
31609 : 3D;
31610 : 3D;
31611 : 3D;
31612 : 1D;
31613 : 1D;
31614 : 1D;
31615 : 1D;
31616 : 1D;
31617 : 1D;
31618 : 1D;
31619 : 1D;
31620 : 1D;
31621 : 1D;
31622 : 3D;
31623 : 3D;
31624 : 3D;
31625 : 3D;
31626 : 3D;
31627 : 3D;
31628 : 3D;
31629 : 3D;
31630 : 3D;
31631 : 3D;
31632 : 1D;
31633 : 1D;
31634 : 1D;
31635 : 1D;
31636 : 1D;
31637 : 1D;
31638 : 1D;
31639 : 1D;
31640 : 1D;
31641 : 1D;
31642 : 3D;
31643 : 3D;
31644 : 3D;
31645 : 3D;
31646 : 3D;
31647 : 3D;
31648 : 3D;
31649 : 3D;
31650 : 3D;
31651 : 3D;
31652 : 1D;
31653 : 1D;
31654 : 1D;
31655 : 1D;
31656 : 1D;
31657 : 1D;
31658 : 1D;
31659 : 1D;
31660 : 1D;
31661 : 1D;
31662 : 1D;
31663 : 3D;
31664 : 3D;
31665 : 3D;
31666 : 3D;
31667 : 3D;
31668 : 3D;
31669 : 3D;
31670 : 3D;
31671 : 3D;
31672 : 3D;
31673 : 10;
31674 : 10;
31675 : 10;
31676 : 10;
31677 : 10;
31678 : 10;
31679 : 10;
31680 : 14;
31681 : 14;
31682 : 14;
31683 : 14;
31684 : 14;
31685 : 14;
31686 : 14;
31687 : 14;
31688 : 14;
31689 : 14;
31690 : 1D;
31691 : 1D;
31692 : 1D;
31693 : 1D;
31694 : 1D;
31695 : 1D;
31696 : 1D;
31697 : 1D;
31698 : 1D;
31699 : 1D;
31700 : 3D;
31701 : 3D;
31702 : 3D;
31703 : 3D;
31704 : 3D;
31705 : 3D;
31706 : 3D;
31707 : 3D;
31708 : 3D;
31709 : 3D;
31710 : 1D;
31711 : 1D;
31712 : 1D;
31713 : 1D;
31714 : 1D;
31715 : 1D;
31716 : 1D;
31717 : 1D;
31718 : 1D;
31719 : 1D;
31720 : 3D;
31721 : 3D;
31722 : 3D;
31723 : 3D;
31724 : 3D;
31725 : 3D;
31726 : 3D;
31727 : 3D;
31728 : 3D;
31729 : 3D;
31730 : 1D;
31731 : 1D;
31732 : 1D;
31733 : 1D;
31734 : 1D;
31735 : 1D;
31736 : 1D;
31737 : 1D;
31738 : 1D;
31739 : 1D;
31740 : 3D;
31741 : 3D;
31742 : 3D;
31743 : 3D;
31744 : 3D;
31745 : 3D;
31746 : 3D;
31747 : 3D;
31748 : 3D;
31749 : 3D;
31750 : 1D;
31751 : 1D;
31752 : 1D;
31753 : 1D;
31754 : 1D;
31755 : 1D;
31756 : 1D;
31757 : 1D;
31758 : 1D;
31759 : 1D;
31760 : 1D;
31761 : 3D;
31762 : 3D;
31763 : 3D;
31764 : 3D;
31765 : 3D;
31766 : 3D;
31767 : 3D;
31768 : 3D;
31769 : 3D;
31770 : 3D;
31771 : 1D;
31772 : 1D;
31773 : 1D;
31774 : 1D;
31775 : 1D;
31776 : 1D;
31777 : 1D;
31778 : 1D;
31779 : 1D;
31780 : 1D;
31781 : 3D;
31782 : 3D;
31783 : 3D;
31784 : 3D;
31785 : 3D;
31786 : 3D;
31787 : 3D;
31788 : 3D;
31789 : 3D;
31790 : 3D;
31791 : 1D;
31792 : 1D;
31793 : 1D;
31794 : 1D;
31795 : 1D;
31796 : 1D;
31797 : 1D;
31798 : 1D;
31799 : 1D;
31800 : 1D;
31801 : 3D;
31802 : 3D;
31803 : 3D;
31804 : 3D;
31805 : 3D;
31806 : 3D;
31807 : 3D;
31808 : 3D;
31809 : 3D;
31810 : 3D;
31811 : 1D;
31812 : 1D;
31813 : 1D;
31814 : 1D;
31815 : 1D;
31816 : 1D;
31817 : 1D;
31818 : 1D;
31819 : 1D;
31820 : 1D;
31821 : 3D;
31822 : 3D;
31823 : 3D;
31824 : 3D;
31825 : 3D;
31826 : 3D;
31827 : 3D;
31828 : 3D;
31829 : 3D;
31830 : 3D;
31831 : 1D;
31832 : 1D;
31833 : 1D;
31834 : 1D;
31835 : 1D;
31836 : 1D;
31837 : 1D;
31838 : 1D;
31839 : 1D;
31840 : 1D;
31841 : 3D;
31842 : 3D;
31843 : 3D;
31844 : 3D;
31845 : 3D;
31846 : 3D;
31847 : 3D;
31848 : 3D;
31849 : 3D;
31850 : 3D;
31851 : 1D;
31852 : 1D;
31853 : 1D;
31854 : 1D;
31855 : 1D;
31856 : 1D;
31857 : 1D;
31858 : 1D;
31859 : 1D;
31860 : 1D;
31861 : 3D;
31862 : 3D;
31863 : 3D;
31864 : 3D;
31865 : 3D;
31866 : 3D;
31867 : 3D;
31868 : 3D;
31869 : 3D;
31870 : 3D;
31871 : 3D;
31872 : 1D;
31873 : 1D;
31874 : 1D;
31875 : 1D;
31876 : 1D;
31877 : 1D;
31878 : 1D;
31879 : 1D;
31880 : 1D;
31881 : 1D;
31882 : 3D;
31883 : 3D;
31884 : 3D;
31885 : 3D;
31886 : 3D;
31887 : 3D;
31888 : 3D;
31889 : 3D;
31890 : 3D;
31891 : 3D;
31892 : 1D;
31893 : 1D;
31894 : 1D;
31895 : 1D;
31896 : 1D;
31897 : 1D;
31898 : 1D;
31899 : 1D;
31900 : 1D;
31901 : 1D;
31902 : 3D;
31903 : 3D;
31904 : 3D;
31905 : 3D;
31906 : 3D;
31907 : 3D;
31908 : 3D;
31909 : 3D;
31910 : 3D;
31911 : 3D;
31912 : 1D;
31913 : 1D;
31914 : 1D;
31915 : 1D;
31916 : 1D;
31917 : 1D;
31918 : 1D;
31919 : 1D;
31920 : 1D;
31921 : 1D;
31922 : 3D;
31923 : 3D;
31924 : 3D;
31925 : 3D;
31926 : 3D;
31927 : 3D;
31928 : 3D;
31929 : 3D;
31930 : 3D;
31931 : 3D;
31932 : 1D;
31933 : 1D;
31934 : 1D;
31935 : 1D;
31936 : 1D;
31937 : 1D;
31938 : 1D;
31939 : 1D;
31940 : 1D;
31941 : 1D;
31942 : 3D;
31943 : 3D;
31944 : 3D;
31945 : 3D;
31946 : 3D;
31947 : 3D;
31948 : 3D;
31949 : 3D;
31950 : 3D;
31951 : 3D;
31952 : 1D;
31953 : 1D;
31954 : 1D;
31955 : 1D;
31956 : 1D;
31957 : 1D;
31958 : 1D;
31959 : 1D;
31960 : 1D;
31961 : 1D;
31962 : 3D;
31963 : 3D;
31964 : 3D;
31965 : 3D;
31966 : 3D;
31967 : 3D;
31968 : 3D;
31969 : 3D;
31970 : 3D;
31971 : 3D;
31972 : 1D;
31973 : 1D;
31974 : 1D;
31975 : 1D;
31976 : 1D;
31977 : 1D;
31978 : 1D;
31979 : 1D;
31980 : 1D;
31981 : 1D;
31982 : 1D;
31983 : 3D;
31984 : 3D;
31985 : 3D;
31986 : 3D;
31987 : 3D;
31988 : 3D;
31989 : 3D;
31990 : 3D;
31991 : 3D;
31992 : 3D;
31993 : 10;
31994 : 10;
31995 : 10;
31996 : 10;
31997 : 10;
31998 : 10;
31999 : 10;
32000 : 14;
32001 : 14;
32002 : 14;
32003 : 14;
32004 : 14;
32005 : 14;
32006 : 14;
32007 : 14;
32008 : 14;
32009 : 14;
32010 : 1D;
32011 : 1D;
32012 : 1D;
32013 : 1D;
32014 : 1D;
32015 : 1D;
32016 : 1D;
32017 : 1D;
32018 : 1D;
32019 : 1D;
32020 : 3D;
32021 : 3D;
32022 : 3D;
32023 : 3D;
32024 : 3D;
32025 : 3D;
32026 : 3D;
32027 : 3D;
32028 : 3D;
32029 : 3D;
32030 : 1D;
32031 : 1D;
32032 : 1D;
32033 : 1D;
32034 : 1D;
32035 : 1D;
32036 : 1D;
32037 : 1D;
32038 : 1D;
32039 : 1D;
32040 : 3D;
32041 : 3D;
32042 : 3D;
32043 : 3D;
32044 : 3D;
32045 : 3D;
32046 : 3D;
32047 : 3D;
32048 : 3D;
32049 : 3D;
32050 : 1D;
32051 : 1D;
32052 : 1D;
32053 : 1D;
32054 : 1D;
32055 : 1D;
32056 : 1D;
32057 : 1D;
32058 : 1D;
32059 : 1D;
32060 : 3D;
32061 : 3D;
32062 : 3D;
32063 : 3D;
32064 : 3D;
32065 : 3D;
32066 : 3D;
32067 : 3D;
32068 : 3D;
32069 : 3D;
32070 : 1D;
32071 : 1D;
32072 : 1D;
32073 : 1D;
32074 : 1D;
32075 : 1D;
32076 : 1D;
32077 : 1D;
32078 : 1D;
32079 : 1D;
32080 : 1D;
32081 : 3D;
32082 : 3D;
32083 : 3D;
32084 : 3D;
32085 : 3D;
32086 : 3D;
32087 : 3D;
32088 : 3D;
32089 : 3D;
32090 : 3D;
32091 : 1D;
32092 : 1D;
32093 : 1D;
32094 : 1D;
32095 : 1D;
32096 : 1D;
32097 : 1D;
32098 : 1D;
32099 : 1D;
32100 : 1D;
32101 : 3D;
32102 : 3D;
32103 : 3D;
32104 : 3D;
32105 : 3D;
32106 : 3D;
32107 : 3D;
32108 : 3D;
32109 : 3D;
32110 : 3D;
32111 : 1D;
32112 : 1D;
32113 : 1D;
32114 : 1D;
32115 : 1D;
32116 : 1D;
32117 : 1D;
32118 : 1D;
32119 : 1D;
32120 : 1D;
32121 : 3D;
32122 : 3D;
32123 : 3D;
32124 : 3D;
32125 : 3D;
32126 : 3D;
32127 : 3D;
32128 : 3D;
32129 : 3D;
32130 : 3D;
32131 : 1D;
32132 : 1D;
32133 : 1D;
32134 : 1D;
32135 : 1D;
32136 : 1D;
32137 : 1D;
32138 : 1D;
32139 : 1D;
32140 : 1D;
32141 : 3D;
32142 : 3D;
32143 : 3D;
32144 : 3D;
32145 : 3D;
32146 : 3D;
32147 : 3D;
32148 : 3D;
32149 : 3D;
32150 : 3D;
32151 : 1D;
32152 : 1D;
32153 : 1D;
32154 : 1D;
32155 : 1D;
32156 : 1D;
32157 : 1D;
32158 : 1D;
32159 : 1D;
32160 : 1D;
32161 : 3D;
32162 : 3D;
32163 : 3D;
32164 : 3D;
32165 : 3D;
32166 : 3D;
32167 : 3D;
32168 : 3D;
32169 : 3D;
32170 : 3D;
32171 : 1D;
32172 : 1D;
32173 : 1D;
32174 : 1D;
32175 : 1D;
32176 : 1D;
32177 : 1D;
32178 : 1D;
32179 : 1D;
32180 : 1D;
32181 : 3D;
32182 : 3D;
32183 : 3D;
32184 : 3D;
32185 : 3D;
32186 : 3D;
32187 : 3D;
32188 : 3D;
32189 : 3D;
32190 : 3D;
32191 : 3D;
32192 : 1D;
32193 : 1D;
32194 : 1D;
32195 : 1D;
32196 : 1D;
32197 : 1D;
32198 : 1D;
32199 : 1D;
32200 : 1D;
32201 : 1D;
32202 : 3D;
32203 : 3D;
32204 : 3D;
32205 : 3D;
32206 : 3D;
32207 : 3D;
32208 : 3D;
32209 : 3D;
32210 : 3D;
32211 : 3D;
32212 : 1D;
32213 : 1D;
32214 : 1D;
32215 : 1D;
32216 : 1D;
32217 : 1D;
32218 : 1D;
32219 : 1D;
32220 : 1D;
32221 : 1D;
32222 : 3D;
32223 : 3D;
32224 : 3D;
32225 : 3D;
32226 : 3D;
32227 : 3D;
32228 : 3D;
32229 : 3D;
32230 : 3D;
32231 : 3D;
32232 : 1D;
32233 : 1D;
32234 : 1D;
32235 : 1D;
32236 : 1D;
32237 : 1D;
32238 : 1D;
32239 : 1D;
32240 : 1D;
32241 : 1D;
32242 : 3D;
32243 : 3D;
32244 : 3D;
32245 : 3D;
32246 : 3D;
32247 : 3D;
32248 : 3D;
32249 : 3D;
32250 : 3D;
32251 : 3D;
32252 : 1D;
32253 : 1D;
32254 : 1D;
32255 : 1D;
32256 : 1D;
32257 : 1D;
32258 : 1D;
32259 : 1D;
32260 : 1D;
32261 : 1D;
32262 : 3D;
32263 : 3D;
32264 : 3D;
32265 : 3D;
32266 : 3D;
32267 : 3D;
32268 : 3D;
32269 : 3D;
32270 : 3D;
32271 : 3D;
32272 : 1D;
32273 : 1D;
32274 : 1D;
32275 : 1D;
32276 : 1D;
32277 : 1D;
32278 : 1D;
32279 : 1D;
32280 : 1D;
32281 : 1D;
32282 : 3D;
32283 : 3D;
32284 : 3D;
32285 : 3D;
32286 : 3D;
32287 : 3D;
32288 : 3D;
32289 : 3D;
32290 : 3D;
32291 : 3D;
32292 : 1D;
32293 : 1D;
32294 : 1D;
32295 : 1D;
32296 : 1D;
32297 : 1D;
32298 : 1D;
32299 : 1D;
32300 : 1D;
32301 : 1D;
32302 : 1D;
32303 : 3D;
32304 : 3D;
32305 : 3D;
32306 : 3D;
32307 : 3D;
32308 : 3D;
32309 : 3D;
32310 : 3D;
32311 : 3D;
32312 : 3D;
32313 : 10;
32314 : 10;
32315 : 10;
32316 : 10;
32317 : 10;
32318 : 10;
32319 : 10;
32320 : 10;
32321 : 10;
32322 : 10;
32323 : 10;
32324 : 10;
32325 : 10;
32326 : 10;
32327 : 10;
32328 : 10;
32329 : 10;
32330 : 3D;
32331 : 3D;
32332 : 3D;
32333 : 3D;
32334 : 3D;
32335 : 3D;
32336 : 3D;
32337 : 3D;
32338 : 3D;
32339 : 3D;
32340 : 1D;
32341 : 1D;
32342 : 1D;
32343 : 1D;
32344 : 1D;
32345 : 1D;
32346 : 1D;
32347 : 1D;
32348 : 1D;
32349 : 1D;
32350 : 3D;
32351 : 3D;
32352 : 3D;
32353 : 3D;
32354 : 3D;
32355 : 3D;
32356 : 3D;
32357 : 3D;
32358 : 3D;
32359 : 3D;
32360 : 1D;
32361 : 1D;
32362 : 1D;
32363 : 1D;
32364 : 1D;
32365 : 1D;
32366 : 1D;
32367 : 1D;
32368 : 1D;
32369 : 1D;
32370 : 3D;
32371 : 3D;
32372 : 3D;
32373 : 3D;
32374 : 3D;
32375 : 3D;
32376 : 3D;
32377 : 3D;
32378 : 3D;
32379 : 3D;
32380 : 1D;
32381 : 1D;
32382 : 1D;
32383 : 1D;
32384 : 1D;
32385 : 1D;
32386 : 1D;
32387 : 1D;
32388 : 1D;
32389 : 1D;
32390 : 3D;
32391 : 3D;
32392 : 3D;
32393 : 3D;
32394 : 3D;
32395 : 3D;
32396 : 3D;
32397 : 3D;
32398 : 3D;
32399 : 3D;
32400 : 3D;
32401 : 1D;
32402 : 1D;
32403 : 1D;
32404 : 1D;
32405 : 1D;
32406 : 1D;
32407 : 1D;
32408 : 1D;
32409 : 1D;
32410 : 1D;
32411 : 3D;
32412 : 3D;
32413 : 3D;
32414 : 3D;
32415 : 3D;
32416 : 3D;
32417 : 3D;
32418 : 3D;
32419 : 3D;
32420 : 3D;
32421 : 1D;
32422 : 1D;
32423 : 1D;
32424 : 1D;
32425 : 1D;
32426 : 1D;
32427 : 1D;
32428 : 1D;
32429 : 1D;
32430 : 1D;
32431 : 3D;
32432 : 3D;
32433 : 3D;
32434 : 3D;
32435 : 3D;
32436 : 3D;
32437 : 3D;
32438 : 3D;
32439 : 3D;
32440 : 3D;
32441 : 1D;
32442 : 1D;
32443 : 1D;
32444 : 1D;
32445 : 1D;
32446 : 1D;
32447 : 1D;
32448 : 1D;
32449 : 1D;
32450 : 1D;
32451 : 3D;
32452 : 3D;
32453 : 3D;
32454 : 3D;
32455 : 3D;
32456 : 3D;
32457 : 3D;
32458 : 3D;
32459 : 3D;
32460 : 3D;
32461 : 1D;
32462 : 1D;
32463 : 1D;
32464 : 1D;
32465 : 1D;
32466 : 1D;
32467 : 1D;
32468 : 1D;
32469 : 1D;
32470 : 1D;
32471 : 3D;
32472 : 3D;
32473 : 3D;
32474 : 3D;
32475 : 3D;
32476 : 3D;
32477 : 3D;
32478 : 3D;
32479 : 3D;
32480 : 3D;
32481 : 1D;
32482 : 1D;
32483 : 1D;
32484 : 1D;
32485 : 1D;
32486 : 1D;
32487 : 1D;
32488 : 1D;
32489 : 1D;
32490 : 1D;
32491 : 3D;
32492 : 3D;
32493 : 3D;
32494 : 3D;
32495 : 3D;
32496 : 3D;
32497 : 3D;
32498 : 3D;
32499 : 3D;
32500 : 3D;
32501 : 1D;
32502 : 1D;
32503 : 1D;
32504 : 1D;
32505 : 1D;
32506 : 1D;
32507 : 1D;
32508 : 1D;
32509 : 1D;
32510 : 1D;
32511 : 1D;
32512 : 3D;
32513 : 3D;
32514 : 3D;
32515 : 3D;
32516 : 3D;
32517 : 3D;
32518 : 3D;
32519 : 3D;
32520 : 3D;
32521 : 3D;
32522 : 1D;
32523 : 1D;
32524 : 1D;
32525 : 1D;
32526 : 1D;
32527 : 1D;
32528 : 1D;
32529 : 1D;
32530 : 1D;
32531 : 1D;
32532 : 3D;
32533 : 3D;
32534 : 3D;
32535 : 3D;
32536 : 3D;
32537 : 3D;
32538 : 3D;
32539 : 3D;
32540 : 3D;
32541 : 3D;
32542 : 1D;
32543 : 1D;
32544 : 1D;
32545 : 1D;
32546 : 1D;
32547 : 1D;
32548 : 1D;
32549 : 1D;
32550 : 1D;
32551 : 1D;
32552 : 3D;
32553 : 3D;
32554 : 3D;
32555 : 3D;
32556 : 3D;
32557 : 3D;
32558 : 3D;
32559 : 3D;
32560 : 3D;
32561 : 3D;
32562 : 1D;
32563 : 1D;
32564 : 1D;
32565 : 1D;
32566 : 1D;
32567 : 1D;
32568 : 1D;
32569 : 1D;
32570 : 1D;
32571 : 1D;
32572 : 3D;
32573 : 3D;
32574 : 3D;
32575 : 3D;
32576 : 3D;
32577 : 3D;
32578 : 3D;
32579 : 3D;
32580 : 3D;
32581 : 3D;
32582 : 1D;
32583 : 1D;
32584 : 1D;
32585 : 1D;
32586 : 1D;
32587 : 1D;
32588 : 1D;
32589 : 1D;
32590 : 1D;
32591 : 1D;
32592 : 3D;
32593 : 3D;
32594 : 3D;
32595 : 3D;
32596 : 3D;
32597 : 3D;
32598 : 3D;
32599 : 3D;
32600 : 3D;
32601 : 3D;
32602 : 1D;
32603 : 1D;
32604 : 1D;
32605 : 1D;
32606 : 1D;
32607 : 1D;
32608 : 1D;
32609 : 1D;
32610 : 1D;
32611 : 1D;
32612 : 3D;
32613 : 3D;
32614 : 3D;
32615 : 3D;
32616 : 3D;
32617 : 3D;
32618 : 3D;
32619 : 3D;
32620 : 3D;
32621 : 3D;
32622 : 3D;
32623 : 1D;
32624 : 1D;
32625 : 1D;
32626 : 1D;
32627 : 1D;
32628 : 1D;
32629 : 1D;
32630 : 1D;
32631 : 1D;
32632 : 1D;
32633 : 14;
32634 : 14;
32635 : 14;
32636 : 14;
32637 : 14;
32638 : 14;
32639 : 14;
32640 : 10;
32641 : 10;
32642 : 10;
32643 : 10;
32644 : 10;
32645 : 10;
32646 : 10;
32647 : 10;
32648 : 10;
32649 : 10;
32650 : 3D;
32651 : 3D;
32652 : 3D;
32653 : 3D;
32654 : 3D;
32655 : 3D;
32656 : 3D;
32657 : 3D;
32658 : 3D;
32659 : 3D;
32660 : 1D;
32661 : 1D;
32662 : 1D;
32663 : 1D;
32664 : 1D;
32665 : 1D;
32666 : 1D;
32667 : 1D;
32668 : 1D;
32669 : 1D;
32670 : 3D;
32671 : 3D;
32672 : 3D;
32673 : 3D;
32674 : 3D;
32675 : 3D;
32676 : 3D;
32677 : 3D;
32678 : 3D;
32679 : 3D;
32680 : 1D;
32681 : 1D;
32682 : 1D;
32683 : 1D;
32684 : 1D;
32685 : 1D;
32686 : 1D;
32687 : 1D;
32688 : 1D;
32689 : 1D;
32690 : 3D;
32691 : 3D;
32692 : 3D;
32693 : 3D;
32694 : 3D;
32695 : 3D;
32696 : 3D;
32697 : 3D;
32698 : 3D;
32699 : 3D;
32700 : 1D;
32701 : 1D;
32702 : 1D;
32703 : 1D;
32704 : 1D;
32705 : 1D;
32706 : 1D;
32707 : 1D;
32708 : 1D;
32709 : 1D;
32710 : 3D;
32711 : 3D;
32712 : 3D;
32713 : 3D;
32714 : 3D;
32715 : 3D;
32716 : 3D;
32717 : 3D;
32718 : 3D;
32719 : 3D;
32720 : 3D;
32721 : 1D;
32722 : 1D;
32723 : 1D;
32724 : 1D;
32725 : 1D;
32726 : 1D;
32727 : 1D;
32728 : 1D;
32729 : 1D;
32730 : 1D;
32731 : 3D;
32732 : 3D;
32733 : 3D;
32734 : 3D;
32735 : 3D;
32736 : 3D;
32737 : 3D;
32738 : 3D;
32739 : 3D;
32740 : 3D;
32741 : 1D;
32742 : 1D;
32743 : 1D;
32744 : 1D;
32745 : 1D;
32746 : 1D;
32747 : 1D;
32748 : 1D;
32749 : 1D;
32750 : 1D;
32751 : 3D;
32752 : 3D;
32753 : 3D;
32754 : 3D;
32755 : 3D;
32756 : 3D;
32757 : 3D;
32758 : 3D;
32759 : 3D;
32760 : 3D;
32761 : 1D;
32762 : 1D;
32763 : 1D;
32764 : 1D;
32765 : 1D;
32766 : 1D;
32767 : 1D;
32768 : 1D;
32769 : 1D;
32770 : 1D;
32771 : 3D;
32772 : 3D;
32773 : 3D;
32774 : 3D;
32775 : 3D;
32776 : 3D;
32777 : 3D;
32778 : 3D;
32779 : 3D;
32780 : 3D;
32781 : 1D;
32782 : 1D;
32783 : 1D;
32784 : 1D;
32785 : 1D;
32786 : 1D;
32787 : 1D;
32788 : 1D;
32789 : 1D;
32790 : 1D;
32791 : 3D;
32792 : 3D;
32793 : 3D;
32794 : 3D;
32795 : 3D;
32796 : 3D;
32797 : 3D;
32798 : 3D;
32799 : 3D;
32800 : 3D;
32801 : 1D;
32802 : 1D;
32803 : 1D;
32804 : 1D;
32805 : 1D;
32806 : 1D;
32807 : 1D;
32808 : 1D;
32809 : 1D;
32810 : 1D;
32811 : 3D;
32812 : 3D;
32813 : 3D;
32814 : 3D;
32815 : 3D;
32816 : 3D;
32817 : 3D;
32818 : 3D;
32819 : 3D;
32820 : 3D;
32821 : 1D;
32822 : 1D;
32823 : 1D;
32824 : 1D;
32825 : 1D;
32826 : 1D;
32827 : 1D;
32828 : 1D;
32829 : 1D;
32830 : 1D;
32831 : 1D;
32832 : 3D;
32833 : 3D;
32834 : 3D;
32835 : 3D;
32836 : 3D;
32837 : 3D;
32838 : 3D;
32839 : 3D;
32840 : 3D;
32841 : 3D;
32842 : 1D;
32843 : 1D;
32844 : 1D;
32845 : 1D;
32846 : 1D;
32847 : 1D;
32848 : 1D;
32849 : 1D;
32850 : 1D;
32851 : 1D;
32852 : 3D;
32853 : 3D;
32854 : 3D;
32855 : 3D;
32856 : 3D;
32857 : 3D;
32858 : 3D;
32859 : 3D;
32860 : 3D;
32861 : 3D;
32862 : 1D;
32863 : 1D;
32864 : 1D;
32865 : 1D;
32866 : 1D;
32867 : 1D;
32868 : 1D;
32869 : 1D;
32870 : 1D;
32871 : 1D;
32872 : 3D;
32873 : 3D;
32874 : 3D;
32875 : 3D;
32876 : 3D;
32877 : 3D;
32878 : 3D;
32879 : 3D;
32880 : 3D;
32881 : 3D;
32882 : 1D;
32883 : 1D;
32884 : 1D;
32885 : 1D;
32886 : 1D;
32887 : 1D;
32888 : 1D;
32889 : 1D;
32890 : 1D;
32891 : 1D;
32892 : 3D;
32893 : 3D;
32894 : 3D;
32895 : 3D;
32896 : 3D;
32897 : 3D;
32898 : 3D;
32899 : 3D;
32900 : 3D;
32901 : 3D;
32902 : 1D;
32903 : 1D;
32904 : 1D;
32905 : 1D;
32906 : 1D;
32907 : 1D;
32908 : 1D;
32909 : 1D;
32910 : 1D;
32911 : 1D;
32912 : 3D;
32913 : 3D;
32914 : 3D;
32915 : 3D;
32916 : 3D;
32917 : 3D;
32918 : 3D;
32919 : 3D;
32920 : 3D;
32921 : 3D;
32922 : 1D;
32923 : 1D;
32924 : 1D;
32925 : 1D;
32926 : 1D;
32927 : 1D;
32928 : 1D;
32929 : 1D;
32930 : 1D;
32931 : 1D;
32932 : 3D;
32933 : 3D;
32934 : 3D;
32935 : 3D;
32936 : 3D;
32937 : 3D;
32938 : 3D;
32939 : 3D;
32940 : 3D;
32941 : 3D;
32942 : 3D;
32943 : 1D;
32944 : 1D;
32945 : 1D;
32946 : 1D;
32947 : 1D;
32948 : 1D;
32949 : 1D;
32950 : 1D;
32951 : 1D;
32952 : 1D;
32953 : 14;
32954 : 14;
32955 : 14;
32956 : 14;
32957 : 14;
32958 : 14;
32959 : 14;
32960 : 10;
32961 : 10;
32962 : 10;
32963 : 10;
32964 : 10;
32965 : 10;
32966 : 10;
32967 : 10;
32968 : 10;
32969 : 10;
32970 : 3D;
32971 : 3D;
32972 : 3D;
32973 : 3D;
32974 : 3D;
32975 : 3D;
32976 : 3D;
32977 : 3D;
32978 : 3D;
32979 : 3D;
32980 : 1D;
32981 : 1D;
32982 : 1D;
32983 : 1D;
32984 : 1D;
32985 : 1D;
32986 : 1D;
32987 : 1D;
32988 : 1D;
32989 : 1D;
32990 : 3D;
32991 : 3D;
32992 : 3D;
32993 : 3D;
32994 : 3D;
32995 : 3D;
32996 : 3D;
32997 : 3D;
32998 : 3D;
32999 : 3D;
33000 : 1D;
33001 : 1D;
33002 : 1D;
33003 : 1D;
33004 : 1D;
33005 : 1D;
33006 : 1D;
33007 : 1D;
33008 : 1D;
33009 : 1D;
33010 : 3D;
33011 : 3D;
33012 : 3D;
33013 : 3D;
33014 : 3D;
33015 : 3D;
33016 : 3D;
33017 : 3D;
33018 : 3D;
33019 : 3D;
33020 : 1D;
33021 : 1D;
33022 : 1D;
33023 : 1D;
33024 : 1D;
33025 : 1D;
33026 : 1D;
33027 : 1D;
33028 : 1D;
33029 : 1D;
33030 : 3D;
33031 : 3D;
33032 : 3D;
33033 : 3D;
33034 : 3D;
33035 : 3D;
33036 : 3D;
33037 : 3D;
33038 : 3D;
33039 : 3D;
33040 : 3D;
33041 : 1D;
33042 : 1D;
33043 : 1D;
33044 : 1D;
33045 : 1D;
33046 : 1D;
33047 : 1D;
33048 : 1D;
33049 : 1D;
33050 : 1D;
33051 : 3D;
33052 : 3D;
33053 : 3D;
33054 : 3D;
33055 : 3D;
33056 : 3D;
33057 : 3D;
33058 : 3D;
33059 : 3D;
33060 : 3D;
33061 : 1D;
33062 : 1D;
33063 : 1D;
33064 : 1D;
33065 : 1D;
33066 : 1D;
33067 : 1D;
33068 : 1D;
33069 : 1D;
33070 : 1D;
33071 : 3D;
33072 : 3D;
33073 : 3D;
33074 : 3D;
33075 : 3D;
33076 : 3D;
33077 : 3D;
33078 : 3D;
33079 : 3D;
33080 : 3D;
33081 : 1D;
33082 : 1D;
33083 : 1D;
33084 : 1D;
33085 : 1D;
33086 : 1D;
33087 : 1D;
33088 : 1D;
33089 : 1D;
33090 : 1D;
33091 : 3D;
33092 : 3D;
33093 : 3D;
33094 : 3D;
33095 : 3D;
33096 : 3D;
33097 : 3D;
33098 : 3D;
33099 : 3D;
33100 : 3D;
33101 : 1D;
33102 : 1D;
33103 : 1D;
33104 : 1D;
33105 : 1D;
33106 : 1D;
33107 : 1D;
33108 : 1D;
33109 : 1D;
33110 : 1D;
33111 : 3D;
33112 : 3D;
33113 : 3D;
33114 : 3D;
33115 : 3D;
33116 : 3D;
33117 : 3D;
33118 : 3D;
33119 : 3D;
33120 : 3D;
33121 : 1D;
33122 : 1D;
33123 : 1D;
33124 : 1D;
33125 : 1D;
33126 : 1D;
33127 : 1D;
33128 : 1D;
33129 : 1D;
33130 : 1D;
33131 : 3D;
33132 : 3D;
33133 : 3D;
33134 : 3D;
33135 : 3D;
33136 : 3D;
33137 : 3D;
33138 : 3D;
33139 : 3D;
33140 : 3D;
33141 : 1D;
33142 : 1D;
33143 : 1D;
33144 : 1D;
33145 : 1D;
33146 : 1D;
33147 : 1D;
33148 : 1D;
33149 : 1D;
33150 : 1D;
33151 : 1D;
33152 : 3D;
33153 : 3D;
33154 : 3D;
33155 : 3D;
33156 : 3D;
33157 : 3D;
33158 : 3D;
33159 : 3D;
33160 : 3D;
33161 : 3D;
33162 : 1D;
33163 : 1D;
33164 : 1D;
33165 : 1D;
33166 : 1D;
33167 : 1D;
33168 : 1D;
33169 : 1D;
33170 : 1D;
33171 : 1D;
33172 : 3D;
33173 : 3D;
33174 : 3D;
33175 : 3D;
33176 : 3D;
33177 : 3D;
33178 : 3D;
33179 : 3D;
33180 : 3D;
33181 : 3D;
33182 : 1D;
33183 : 1D;
33184 : 1D;
33185 : 1D;
33186 : 1D;
33187 : 1D;
33188 : 1D;
33189 : 1D;
33190 : 1D;
33191 : 1D;
33192 : 3D;
33193 : 3D;
33194 : 3D;
33195 : 3D;
33196 : 3D;
33197 : 3D;
33198 : 3D;
33199 : 3D;
33200 : 3D;
33201 : 3D;
33202 : 1D;
33203 : 1D;
33204 : 1D;
33205 : 1D;
33206 : 1D;
33207 : 1D;
33208 : 1D;
33209 : 1D;
33210 : 1D;
33211 : 1D;
33212 : 3D;
33213 : 3D;
33214 : 3D;
33215 : 3D;
33216 : 3D;
33217 : 3D;
33218 : 3D;
33219 : 3D;
33220 : 3D;
33221 : 3D;
33222 : 1D;
33223 : 1D;
33224 : 1D;
33225 : 1D;
33226 : 1D;
33227 : 1D;
33228 : 1D;
33229 : 1D;
33230 : 1D;
33231 : 1D;
33232 : 3D;
33233 : 3D;
33234 : 3D;
33235 : 3D;
33236 : 3D;
33237 : 3D;
33238 : 3D;
33239 : 3D;
33240 : 3D;
33241 : 3D;
33242 : 1D;
33243 : 1D;
33244 : 1D;
33245 : 1D;
33246 : 1D;
33247 : 1D;
33248 : 1D;
33249 : 1D;
33250 : 1D;
33251 : 1D;
33252 : 3D;
33253 : 3D;
33254 : 3D;
33255 : 3D;
33256 : 3D;
33257 : 3D;
33258 : 3D;
33259 : 3D;
33260 : 3D;
33261 : 3D;
33262 : 3D;
33263 : 1D;
33264 : 1D;
33265 : 1D;
33266 : 1D;
33267 : 1D;
33268 : 1D;
33269 : 1D;
33270 : 1D;
33271 : 1D;
33272 : 1D;
33273 : 14;
33274 : 14;
33275 : 14;
33276 : 14;
33277 : 14;
33278 : 14;
33279 : 14;
33280 : 10;
33281 : 10;
33282 : 10;
33283 : 10;
33284 : 10;
33285 : 10;
33286 : 10;
33287 : 10;
33288 : 10;
33289 : 10;
33290 : 3D;
33291 : 3D;
33292 : 3D;
33293 : 3D;
33294 : 3D;
33295 : 3D;
33296 : 3D;
33297 : 3D;
33298 : 3D;
33299 : 3D;
33300 : 1D;
33301 : 1D;
33302 : 1D;
33303 : 1D;
33304 : 1D;
33305 : 1D;
33306 : 1D;
33307 : 1D;
33308 : 1D;
33309 : 1D;
33310 : 3D;
33311 : 3D;
33312 : 3D;
33313 : 3D;
33314 : 3D;
33315 : 3D;
33316 : 3D;
33317 : 3D;
33318 : 3D;
33319 : 3D;
33320 : 1D;
33321 : 1D;
33322 : 1D;
33323 : 1D;
33324 : 1D;
33325 : 1D;
33326 : 1D;
33327 : 1D;
33328 : 1D;
33329 : 1D;
33330 : 3D;
33331 : 3D;
33332 : 3D;
33333 : 3D;
33334 : 3D;
33335 : 3D;
33336 : 3D;
33337 : 3D;
33338 : 3D;
33339 : 3D;
33340 : 1D;
33341 : 1D;
33342 : 1D;
33343 : 1D;
33344 : 1D;
33345 : 1D;
33346 : 1D;
33347 : 1D;
33348 : 1D;
33349 : 1D;
33350 : 3D;
33351 : 3D;
33352 : 3D;
33353 : 3D;
33354 : 3D;
33355 : 3D;
33356 : 3D;
33357 : 3D;
33358 : 3D;
33359 : 3D;
33360 : 3D;
33361 : 1D;
33362 : 1D;
33363 : 1D;
33364 : 1D;
33365 : 1D;
33366 : 1D;
33367 : 1D;
33368 : 1D;
33369 : 1D;
33370 : 1D;
33371 : 3D;
33372 : 3D;
33373 : 3D;
33374 : 3D;
33375 : 3D;
33376 : 3D;
33377 : 3D;
33378 : 3D;
33379 : 3D;
33380 : 3D;
33381 : 1D;
33382 : 1D;
33383 : 1D;
33384 : 1D;
33385 : 1D;
33386 : 1D;
33387 : 1D;
33388 : 1D;
33389 : 1D;
33390 : 1D;
33391 : 3D;
33392 : 3D;
33393 : 3D;
33394 : 3D;
33395 : 3D;
33396 : 3D;
33397 : 3D;
33398 : 3D;
33399 : 3D;
33400 : 3D;
33401 : 1D;
33402 : 1D;
33403 : 1D;
33404 : 1D;
33405 : 1D;
33406 : 1D;
33407 : 1D;
33408 : 1D;
33409 : 1D;
33410 : 1D;
33411 : 3D;
33412 : 3D;
33413 : 3D;
33414 : 3D;
33415 : 3D;
33416 : 3D;
33417 : 3D;
33418 : 3D;
33419 : 3D;
33420 : 3D;
33421 : 1D;
33422 : 1D;
33423 : 1D;
33424 : 1D;
33425 : 1D;
33426 : 1D;
33427 : 1D;
33428 : 1D;
33429 : 1D;
33430 : 1D;
33431 : 3D;
33432 : 3D;
33433 : 3D;
33434 : 3D;
33435 : 3D;
33436 : 3D;
33437 : 3D;
33438 : 3D;
33439 : 3D;
33440 : 3D;
33441 : 1D;
33442 : 1D;
33443 : 1D;
33444 : 1D;
33445 : 1D;
33446 : 1D;
33447 : 1D;
33448 : 1D;
33449 : 1D;
33450 : 1D;
33451 : 3D;
33452 : 3D;
33453 : 3D;
33454 : 3D;
33455 : 3D;
33456 : 3D;
33457 : 3D;
33458 : 3D;
33459 : 3D;
33460 : 3D;
33461 : 1D;
33462 : 1D;
33463 : 1D;
33464 : 1D;
33465 : 1D;
33466 : 1D;
33467 : 1D;
33468 : 1D;
33469 : 1D;
33470 : 1D;
33471 : 1D;
33472 : 3D;
33473 : 3D;
33474 : 3D;
33475 : 3D;
33476 : 3D;
33477 : 3D;
33478 : 3D;
33479 : 3D;
33480 : 3D;
33481 : 3D;
33482 : 1D;
33483 : 1D;
33484 : 1D;
33485 : 1D;
33486 : 1D;
33487 : 1D;
33488 : 1D;
33489 : 1D;
33490 : 1D;
33491 : 1D;
33492 : 3D;
33493 : 3D;
33494 : 3D;
33495 : 3D;
33496 : 3D;
33497 : 3D;
33498 : 3D;
33499 : 3D;
33500 : 3D;
33501 : 3D;
33502 : 1D;
33503 : 1D;
33504 : 1D;
33505 : 1D;
33506 : 1D;
33507 : 1D;
33508 : 1D;
33509 : 1D;
33510 : 1D;
33511 : 1D;
33512 : 3D;
33513 : 3D;
33514 : 3D;
33515 : 3D;
33516 : 3D;
33517 : 3D;
33518 : 3D;
33519 : 3D;
33520 : 3D;
33521 : 3D;
33522 : 1D;
33523 : 1D;
33524 : 1D;
33525 : 1D;
33526 : 1D;
33527 : 1D;
33528 : 1D;
33529 : 1D;
33530 : 1D;
33531 : 1D;
33532 : 3D;
33533 : 3D;
33534 : 3D;
33535 : 3D;
33536 : 3D;
33537 : 3D;
33538 : 3D;
33539 : 3D;
33540 : 3D;
33541 : 3D;
33542 : 1D;
33543 : 1D;
33544 : 1D;
33545 : 1D;
33546 : 1D;
33547 : 1D;
33548 : 1D;
33549 : 1D;
33550 : 1D;
33551 : 1D;
33552 : 3D;
33553 : 3D;
33554 : 3D;
33555 : 3D;
33556 : 3D;
33557 : 3D;
33558 : 3D;
33559 : 3D;
33560 : 3D;
33561 : 3D;
33562 : 1D;
33563 : 1D;
33564 : 1D;
33565 : 1D;
33566 : 1D;
33567 : 1D;
33568 : 1D;
33569 : 1D;
33570 : 1D;
33571 : 1D;
33572 : 3D;
33573 : 3D;
33574 : 3D;
33575 : 3D;
33576 : 3D;
33577 : 3D;
33578 : 3D;
33579 : 3D;
33580 : 3D;
33581 : 3D;
33582 : 3D;
33583 : 1D;
33584 : 1D;
33585 : 1D;
33586 : 1D;
33587 : 1D;
33588 : 1D;
33589 : 1D;
33590 : 1D;
33591 : 1D;
33592 : 1D;
33593 : 14;
33594 : 14;
33595 : 14;
33596 : 14;
33597 : 14;
33598 : 14;
33599 : 14;
33600 : 10;
33601 : 10;
33602 : 10;
33603 : 10;
33604 : 10;
33605 : 10;
33606 : 10;
33607 : 10;
33608 : 10;
33609 : 10;
33610 : 3D;
33611 : 3D;
33612 : 3D;
33613 : 3D;
33614 : 3D;
33615 : 3D;
33616 : 3D;
33617 : 3D;
33618 : 3D;
33619 : 3D;
33620 : 1D;
33621 : 1D;
33622 : 1D;
33623 : 1D;
33624 : 1D;
33625 : 1D;
33626 : 1D;
33627 : 1D;
33628 : 1D;
33629 : 1D;
33630 : 3D;
33631 : 3D;
33632 : 3D;
33633 : 3D;
33634 : 3D;
33635 : 3D;
33636 : 3D;
33637 : 3D;
33638 : 3D;
33639 : 3D;
33640 : 1D;
33641 : 1D;
33642 : 1D;
33643 : 1D;
33644 : 1D;
33645 : 1D;
33646 : 1D;
33647 : 1D;
33648 : 1D;
33649 : 1D;
33650 : 3D;
33651 : 3D;
33652 : 3D;
33653 : 3D;
33654 : 3D;
33655 : 3D;
33656 : 3D;
33657 : 3D;
33658 : 3D;
33659 : 3D;
33660 : 1D;
33661 : 1D;
33662 : 1D;
33663 : 1D;
33664 : 1D;
33665 : 1D;
33666 : 1D;
33667 : 1D;
33668 : 1D;
33669 : 1D;
33670 : 3D;
33671 : 3D;
33672 : 3D;
33673 : 3D;
33674 : 3D;
33675 : 3D;
33676 : 3D;
33677 : 3D;
33678 : 3D;
33679 : 3D;
33680 : 3D;
33681 : 1D;
33682 : 1D;
33683 : 1D;
33684 : 1D;
33685 : 1D;
33686 : 1D;
33687 : 1D;
33688 : 1D;
33689 : 1D;
33690 : 1D;
33691 : 3D;
33692 : 3D;
33693 : 3D;
33694 : 3D;
33695 : 3D;
33696 : 3D;
33697 : 3D;
33698 : 3D;
33699 : 3D;
33700 : 3D;
33701 : 1D;
33702 : 1D;
33703 : 1D;
33704 : 1D;
33705 : 1D;
33706 : 1D;
33707 : 1D;
33708 : 1D;
33709 : 1D;
33710 : 1D;
33711 : 3D;
33712 : 3D;
33713 : 3D;
33714 : 3D;
33715 : 3D;
33716 : 3D;
33717 : 3D;
33718 : 3D;
33719 : 3D;
33720 : 3D;
33721 : 1D;
33722 : 1D;
33723 : 1D;
33724 : 1D;
33725 : 1D;
33726 : 1D;
33727 : 1D;
33728 : 1D;
33729 : 1D;
33730 : 1D;
33731 : 3D;
33732 : 3D;
33733 : 3D;
33734 : 3D;
33735 : 3D;
33736 : 3D;
33737 : 3D;
33738 : 3D;
33739 : 3D;
33740 : 3D;
33741 : 1D;
33742 : 1D;
33743 : 1D;
33744 : 1D;
33745 : 1D;
33746 : 1D;
33747 : 1D;
33748 : 1D;
33749 : 1D;
33750 : 1D;
33751 : 3D;
33752 : 3D;
33753 : 3D;
33754 : 3D;
33755 : 3D;
33756 : 3D;
33757 : 3D;
33758 : 3D;
33759 : 3D;
33760 : 3D;
33761 : 1D;
33762 : 1D;
33763 : 1D;
33764 : 1D;
33765 : 1D;
33766 : 1D;
33767 : 1D;
33768 : 1D;
33769 : 1D;
33770 : 1D;
33771 : 3D;
33772 : 3D;
33773 : 3D;
33774 : 3D;
33775 : 3D;
33776 : 3D;
33777 : 3D;
33778 : 3D;
33779 : 3D;
33780 : 3D;
33781 : 1D;
33782 : 1D;
33783 : 1D;
33784 : 1D;
33785 : 1D;
33786 : 1D;
33787 : 1D;
33788 : 1D;
33789 : 1D;
33790 : 1D;
33791 : 1D;
33792 : 3D;
33793 : 3D;
33794 : 3D;
33795 : 3D;
33796 : 3D;
33797 : 3D;
33798 : 3D;
33799 : 3D;
33800 : 3D;
33801 : 3D;
33802 : 1D;
33803 : 1D;
33804 : 1D;
33805 : 1D;
33806 : 1D;
33807 : 1D;
33808 : 1D;
33809 : 1D;
33810 : 1D;
33811 : 1D;
33812 : 3D;
33813 : 3D;
33814 : 3D;
33815 : 3D;
33816 : 3D;
33817 : 3D;
33818 : 3D;
33819 : 3D;
33820 : 3D;
33821 : 3D;
33822 : 1D;
33823 : 1D;
33824 : 1D;
33825 : 1D;
33826 : 1D;
33827 : 1D;
33828 : 1D;
33829 : 1D;
33830 : 1D;
33831 : 1D;
33832 : 3D;
33833 : 3D;
33834 : 3D;
33835 : 3D;
33836 : 3D;
33837 : 3D;
33838 : 3D;
33839 : 3D;
33840 : 3D;
33841 : 3D;
33842 : 1D;
33843 : 1D;
33844 : 1D;
33845 : 1D;
33846 : 1D;
33847 : 1D;
33848 : 1D;
33849 : 1D;
33850 : 1D;
33851 : 1D;
33852 : 3D;
33853 : 3D;
33854 : 3D;
33855 : 3D;
33856 : 3D;
33857 : 3D;
33858 : 3D;
33859 : 3D;
33860 : 3D;
33861 : 3D;
33862 : 1D;
33863 : 1D;
33864 : 1D;
33865 : 1D;
33866 : 1D;
33867 : 1D;
33868 : 1D;
33869 : 1D;
33870 : 1D;
33871 : 1D;
33872 : 3D;
33873 : 3D;
33874 : 3D;
33875 : 3D;
33876 : 3D;
33877 : 3D;
33878 : 3D;
33879 : 3D;
33880 : 3D;
33881 : 3D;
33882 : 1D;
33883 : 1D;
33884 : 1D;
33885 : 1D;
33886 : 1D;
33887 : 1D;
33888 : 1D;
33889 : 1D;
33890 : 1D;
33891 : 1D;
33892 : 3D;
33893 : 3D;
33894 : 3D;
33895 : 3D;
33896 : 3D;
33897 : 3D;
33898 : 3D;
33899 : 3D;
33900 : 3D;
33901 : 3D;
33902 : 3D;
33903 : 1D;
33904 : 1D;
33905 : 1D;
33906 : 1D;
33907 : 1D;
33908 : 1D;
33909 : 1D;
33910 : 1D;
33911 : 1D;
33912 : 1D;
33913 : 14;
33914 : 14;
33915 : 14;
33916 : 14;
33917 : 14;
33918 : 14;
33919 : 14;
33920 : 10;
33921 : 10;
33922 : 10;
33923 : 10;
33924 : 10;
33925 : 10;
33926 : 10;
33927 : 10;
33928 : 10;
33929 : 10;
33930 : 3D;
33931 : 3D;
33932 : 3D;
33933 : 3D;
33934 : 3D;
33935 : 3D;
33936 : 3D;
33937 : 3D;
33938 : 3D;
33939 : 3D;
33940 : 1D;
33941 : 1D;
33942 : 1D;
33943 : 1D;
33944 : 1D;
33945 : 1D;
33946 : 1D;
33947 : 1D;
33948 : 1D;
33949 : 1D;
33950 : 3D;
33951 : 3D;
33952 : 3D;
33953 : 3D;
33954 : 3D;
33955 : 3D;
33956 : 3D;
33957 : 3D;
33958 : 3D;
33959 : 3D;
33960 : 1D;
33961 : 1D;
33962 : 1D;
33963 : 1D;
33964 : 1D;
33965 : 1D;
33966 : 1D;
33967 : 1D;
33968 : 1D;
33969 : 1D;
33970 : 3D;
33971 : 3D;
33972 : 3D;
33973 : 3D;
33974 : 3D;
33975 : 3D;
33976 : 3D;
33977 : 3D;
33978 : 3D;
33979 : 3D;
33980 : 1D;
33981 : 1D;
33982 : 1D;
33983 : 1D;
33984 : 1D;
33985 : 1D;
33986 : 1D;
33987 : 1D;
33988 : 1D;
33989 : 1D;
33990 : 3D;
33991 : 3D;
33992 : 3D;
33993 : 3D;
33994 : 3D;
33995 : 3D;
33996 : 3D;
33997 : 3D;
33998 : 3D;
33999 : 3D;
34000 : 3D;
34001 : 1D;
34002 : 1D;
34003 : 1D;
34004 : 1D;
34005 : 1D;
34006 : 1D;
34007 : 1D;
34008 : 1D;
34009 : 1D;
34010 : 1D;
34011 : 3D;
34012 : 3D;
34013 : 3D;
34014 : 3D;
34015 : 3D;
34016 : 3D;
34017 : 3D;
34018 : 3D;
34019 : 3D;
34020 : 3D;
34021 : 1D;
34022 : 1D;
34023 : 1D;
34024 : 1D;
34025 : 1D;
34026 : 1D;
34027 : 1D;
34028 : 1D;
34029 : 1D;
34030 : 1D;
34031 : 3D;
34032 : 3D;
34033 : 3D;
34034 : 3D;
34035 : 3D;
34036 : 3D;
34037 : 3D;
34038 : 3D;
34039 : 3D;
34040 : 3D;
34041 : 1D;
34042 : 1D;
34043 : 1D;
34044 : 1D;
34045 : 1D;
34046 : 1D;
34047 : 1D;
34048 : 1D;
34049 : 1D;
34050 : 1D;
34051 : 3D;
34052 : 3D;
34053 : 3D;
34054 : 3D;
34055 : 3D;
34056 : 3D;
34057 : 3D;
34058 : 3D;
34059 : 3D;
34060 : 3D;
34061 : 1D;
34062 : 1D;
34063 : 1D;
34064 : 1D;
34065 : 1D;
34066 : 1D;
34067 : 1D;
34068 : 1D;
34069 : 1D;
34070 : 1D;
34071 : 3D;
34072 : 3D;
34073 : 3D;
34074 : 3D;
34075 : 3D;
34076 : 3D;
34077 : 3D;
34078 : 3D;
34079 : 3D;
34080 : 3D;
34081 : 1D;
34082 : 1D;
34083 : 1D;
34084 : 1D;
34085 : 1D;
34086 : 1D;
34087 : 1D;
34088 : 1D;
34089 : 1D;
34090 : 1D;
34091 : 3D;
34092 : 3D;
34093 : 3D;
34094 : 3D;
34095 : 3D;
34096 : 3D;
34097 : 3D;
34098 : 3D;
34099 : 3D;
34100 : 3D;
34101 : 1D;
34102 : 1D;
34103 : 1D;
34104 : 1D;
34105 : 1D;
34106 : 1D;
34107 : 1D;
34108 : 1D;
34109 : 1D;
34110 : 1D;
34111 : 1D;
34112 : 3D;
34113 : 3D;
34114 : 3D;
34115 : 3D;
34116 : 3D;
34117 : 3D;
34118 : 3D;
34119 : 3D;
34120 : 3D;
34121 : 3D;
34122 : 1D;
34123 : 1D;
34124 : 1D;
34125 : 1D;
34126 : 1D;
34127 : 1D;
34128 : 1D;
34129 : 1D;
34130 : 1D;
34131 : 1D;
34132 : 3D;
34133 : 3D;
34134 : 3D;
34135 : 3D;
34136 : 3D;
34137 : 3D;
34138 : 3D;
34139 : 3D;
34140 : 3D;
34141 : 3D;
34142 : 1D;
34143 : 1D;
34144 : 1D;
34145 : 1D;
34146 : 1D;
34147 : 1D;
34148 : 1D;
34149 : 1D;
34150 : 1D;
34151 : 1D;
34152 : 3D;
34153 : 3D;
34154 : 3D;
34155 : 3D;
34156 : 3D;
34157 : 3D;
34158 : 3D;
34159 : 3D;
34160 : 3D;
34161 : 3D;
34162 : 1D;
34163 : 1D;
34164 : 1D;
34165 : 1D;
34166 : 1D;
34167 : 1D;
34168 : 1D;
34169 : 1D;
34170 : 1D;
34171 : 1D;
34172 : 3D;
34173 : 3D;
34174 : 3D;
34175 : 3D;
34176 : 3D;
34177 : 3D;
34178 : 3D;
34179 : 3D;
34180 : 3D;
34181 : 3D;
34182 : 1D;
34183 : 1D;
34184 : 1D;
34185 : 1D;
34186 : 1D;
34187 : 1D;
34188 : 1D;
34189 : 1D;
34190 : 1D;
34191 : 1D;
34192 : 3D;
34193 : 3D;
34194 : 3D;
34195 : 3D;
34196 : 3D;
34197 : 3D;
34198 : 3D;
34199 : 3D;
34200 : 3D;
34201 : 3D;
34202 : 1D;
34203 : 1D;
34204 : 1D;
34205 : 1D;
34206 : 1D;
34207 : 1D;
34208 : 1D;
34209 : 1D;
34210 : 1D;
34211 : 1D;
34212 : 3D;
34213 : 3D;
34214 : 3D;
34215 : 3D;
34216 : 3D;
34217 : 3D;
34218 : 3D;
34219 : 3D;
34220 : 3D;
34221 : 3D;
34222 : 3D;
34223 : 1D;
34224 : 1D;
34225 : 1D;
34226 : 1D;
34227 : 1D;
34228 : 1D;
34229 : 1D;
34230 : 1D;
34231 : 1D;
34232 : 1D;
34233 : 14;
34234 : 14;
34235 : 14;
34236 : 14;
34237 : 14;
34238 : 14;
34239 : 14;
34240 : 10;
34241 : 10;
34242 : 10;
34243 : 10;
34244 : 10;
34245 : 10;
34246 : 10;
34247 : 10;
34248 : 10;
34249 : 10;
34250 : 3D;
34251 : 3D;
34252 : 3D;
34253 : 3D;
34254 : 3D;
34255 : 3D;
34256 : 3D;
34257 : 3D;
34258 : 3D;
34259 : 3D;
34260 : 1D;
34261 : 1D;
34262 : 1D;
34263 : 1D;
34264 : 1D;
34265 : 1D;
34266 : 1D;
34267 : 1D;
34268 : 1D;
34269 : 1D;
34270 : 3D;
34271 : 3D;
34272 : 3D;
34273 : 3D;
34274 : 3D;
34275 : 3D;
34276 : 3D;
34277 : 3D;
34278 : 3D;
34279 : 3D;
34280 : 1D;
34281 : 1D;
34282 : 1D;
34283 : 1D;
34284 : 1D;
34285 : 1D;
34286 : 1D;
34287 : 1D;
34288 : 1D;
34289 : 1D;
34290 : 3D;
34291 : 3D;
34292 : 3D;
34293 : 3D;
34294 : 3D;
34295 : 3D;
34296 : 3D;
34297 : 3D;
34298 : 3D;
34299 : 3D;
34300 : 1D;
34301 : 1D;
34302 : 1D;
34303 : 1D;
34304 : 1D;
34305 : 1D;
34306 : 1D;
34307 : 1D;
34308 : 1D;
34309 : 1D;
34310 : 3D;
34311 : 3D;
34312 : 3D;
34313 : 3D;
34314 : 3D;
34315 : 3D;
34316 : 3D;
34317 : 3D;
34318 : 3D;
34319 : 3D;
34320 : 3D;
34321 : 1D;
34322 : 1D;
34323 : 1D;
34324 : 1D;
34325 : 1D;
34326 : 1D;
34327 : 1D;
34328 : 1D;
34329 : 1D;
34330 : 1D;
34331 : 3D;
34332 : 3D;
34333 : 3D;
34334 : 3D;
34335 : 3D;
34336 : 3D;
34337 : 3D;
34338 : 3D;
34339 : 3D;
34340 : 3D;
34341 : 1D;
34342 : 1D;
34343 : 1D;
34344 : 1D;
34345 : 1D;
34346 : 1D;
34347 : 1D;
34348 : 1D;
34349 : 1D;
34350 : 1D;
34351 : 3D;
34352 : 3D;
34353 : 3D;
34354 : 3D;
34355 : 3D;
34356 : 3D;
34357 : 3D;
34358 : 3D;
34359 : 3D;
34360 : 3D;
34361 : 1D;
34362 : 1D;
34363 : 1D;
34364 : 1D;
34365 : 1D;
34366 : 1D;
34367 : 1D;
34368 : 1D;
34369 : 1D;
34370 : 1D;
34371 : 3D;
34372 : 3D;
34373 : 3D;
34374 : 3D;
34375 : 3D;
34376 : 3D;
34377 : 3D;
34378 : 3D;
34379 : 3D;
34380 : 3D;
34381 : 1D;
34382 : 1D;
34383 : 1D;
34384 : 1D;
34385 : 1D;
34386 : 1D;
34387 : 1D;
34388 : 1D;
34389 : 1D;
34390 : 1D;
34391 : 3D;
34392 : 3D;
34393 : 3D;
34394 : 3D;
34395 : 3D;
34396 : 3D;
34397 : 3D;
34398 : 3D;
34399 : 3D;
34400 : 3D;
34401 : 1D;
34402 : 1D;
34403 : 1D;
34404 : 1D;
34405 : 1D;
34406 : 1D;
34407 : 1D;
34408 : 1D;
34409 : 1D;
34410 : 1D;
34411 : 3D;
34412 : 3D;
34413 : 3D;
34414 : 3D;
34415 : 3D;
34416 : 3D;
34417 : 3D;
34418 : 3D;
34419 : 3D;
34420 : 3D;
34421 : 1D;
34422 : 1D;
34423 : 1D;
34424 : 1D;
34425 : 1D;
34426 : 1D;
34427 : 1D;
34428 : 1D;
34429 : 1D;
34430 : 1D;
34431 : 1D;
34432 : 3D;
34433 : 3D;
34434 : 3D;
34435 : 3D;
34436 : 3D;
34437 : 3D;
34438 : 3D;
34439 : 3D;
34440 : 3D;
34441 : 3D;
34442 : 1D;
34443 : 1D;
34444 : 1D;
34445 : 1D;
34446 : 1D;
34447 : 1D;
34448 : 1D;
34449 : 1D;
34450 : 1D;
34451 : 1D;
34452 : 3D;
34453 : 3D;
34454 : 3D;
34455 : 3D;
34456 : 3D;
34457 : 3D;
34458 : 3D;
34459 : 3D;
34460 : 3D;
34461 : 3D;
34462 : 1D;
34463 : 1D;
34464 : 1D;
34465 : 1D;
34466 : 1D;
34467 : 1D;
34468 : 1D;
34469 : 1D;
34470 : 1D;
34471 : 1D;
34472 : 3D;
34473 : 3D;
34474 : 3D;
34475 : 3D;
34476 : 3D;
34477 : 3D;
34478 : 3D;
34479 : 3D;
34480 : 3D;
34481 : 3D;
34482 : 1D;
34483 : 1D;
34484 : 1D;
34485 : 1D;
34486 : 1D;
34487 : 1D;
34488 : 1D;
34489 : 1D;
34490 : 1D;
34491 : 1D;
34492 : 3D;
34493 : 3D;
34494 : 3D;
34495 : 3D;
34496 : 3D;
34497 : 3D;
34498 : 3D;
34499 : 3D;
34500 : 3D;
34501 : 3D;
34502 : 1D;
34503 : 1D;
34504 : 1D;
34505 : 1D;
34506 : 1D;
34507 : 1D;
34508 : 1D;
34509 : 1D;
34510 : 1D;
34511 : 1D;
34512 : 3D;
34513 : 3D;
34514 : 3D;
34515 : 3D;
34516 : 3D;
34517 : 3D;
34518 : 3D;
34519 : 3D;
34520 : 3D;
34521 : 3D;
34522 : 1D;
34523 : 1D;
34524 : 1D;
34525 : 1D;
34526 : 1D;
34527 : 1D;
34528 : 1D;
34529 : 1D;
34530 : 1D;
34531 : 1D;
34532 : 3D;
34533 : 3D;
34534 : 3D;
34535 : 3D;
34536 : 3D;
34537 : 3D;
34538 : 3D;
34539 : 3D;
34540 : 3D;
34541 : 3D;
34542 : 3D;
34543 : 1D;
34544 : 1D;
34545 : 1D;
34546 : 1D;
34547 : 1D;
34548 : 1D;
34549 : 1D;
34550 : 1D;
34551 : 1D;
34552 : 1D;
34553 : 14;
34554 : 14;
34555 : 14;
34556 : 14;
34557 : 14;
34558 : 14;
34559 : 14;
34560 : 10;
34561 : 10;
34562 : 10;
34563 : 10;
34564 : 10;
34565 : 10;
34566 : 10;
34567 : 10;
34568 : 10;
34569 : 10;
34570 : 3D;
34571 : 3D;
34572 : 3D;
34573 : 3D;
34574 : 3D;
34575 : 3D;
34576 : 3D;
34577 : 3D;
34578 : 3D;
34579 : 3D;
34580 : 1D;
34581 : 1D;
34582 : 1D;
34583 : 1D;
34584 : 1D;
34585 : 1D;
34586 : 1D;
34587 : 1D;
34588 : 1D;
34589 : 1D;
34590 : 3D;
34591 : 3D;
34592 : 3D;
34593 : 3D;
34594 : 3D;
34595 : 3D;
34596 : 3D;
34597 : 3D;
34598 : 3D;
34599 : 3D;
34600 : 1D;
34601 : 1D;
34602 : 1D;
34603 : 1D;
34604 : 1D;
34605 : 1D;
34606 : 1D;
34607 : 1D;
34608 : 1D;
34609 : 1D;
34610 : 3D;
34611 : 3D;
34612 : 3D;
34613 : 3D;
34614 : 3D;
34615 : 3D;
34616 : 3D;
34617 : 3D;
34618 : 3D;
34619 : 3D;
34620 : 1D;
34621 : 1D;
34622 : 1D;
34623 : 1D;
34624 : 1D;
34625 : 1D;
34626 : 1D;
34627 : 1D;
34628 : 1D;
34629 : 1D;
34630 : 3D;
34631 : 3D;
34632 : 3D;
34633 : 3D;
34634 : 3D;
34635 : 3D;
34636 : 3D;
34637 : 3D;
34638 : 3D;
34639 : 3D;
34640 : 3D;
34641 : 1D;
34642 : 1D;
34643 : 1D;
34644 : 1D;
34645 : 1D;
34646 : 1D;
34647 : 1D;
34648 : 1D;
34649 : 1D;
34650 : 1D;
34651 : 3D;
34652 : 3D;
34653 : 3D;
34654 : 3D;
34655 : 3D;
34656 : 3D;
34657 : 3D;
34658 : 3D;
34659 : 3D;
34660 : 3D;
34661 : 1D;
34662 : 1D;
34663 : 1D;
34664 : 1D;
34665 : 1D;
34666 : 1D;
34667 : 1D;
34668 : 1D;
34669 : 1D;
34670 : 1D;
34671 : 3D;
34672 : 3D;
34673 : 3D;
34674 : 3D;
34675 : 3D;
34676 : 3D;
34677 : 3D;
34678 : 3D;
34679 : 3D;
34680 : 3D;
34681 : 1D;
34682 : 1D;
34683 : 1D;
34684 : 1D;
34685 : 1D;
34686 : 1D;
34687 : 1D;
34688 : 1D;
34689 : 1D;
34690 : 1D;
34691 : 3D;
34692 : 3D;
34693 : 3D;
34694 : 3D;
34695 : 3D;
34696 : 3D;
34697 : 3D;
34698 : 3D;
34699 : 3D;
34700 : 3D;
34701 : 1D;
34702 : 1D;
34703 : 1D;
34704 : 1D;
34705 : 1D;
34706 : 1D;
34707 : 1D;
34708 : 1D;
34709 : 1D;
34710 : 1D;
34711 : 3D;
34712 : 3D;
34713 : 3D;
34714 : 3D;
34715 : 3D;
34716 : 3D;
34717 : 3D;
34718 : 3D;
34719 : 3D;
34720 : 3D;
34721 : 1D;
34722 : 1D;
34723 : 1D;
34724 : 1D;
34725 : 1D;
34726 : 1D;
34727 : 1D;
34728 : 1D;
34729 : 1D;
34730 : 1D;
34731 : 3D;
34732 : 3D;
34733 : 3D;
34734 : 3D;
34735 : 3D;
34736 : 3D;
34737 : 3D;
34738 : 3D;
34739 : 3D;
34740 : 3D;
34741 : 1D;
34742 : 1D;
34743 : 1D;
34744 : 1D;
34745 : 1D;
34746 : 1D;
34747 : 1D;
34748 : 1D;
34749 : 1D;
34750 : 1D;
34751 : 1D;
34752 : 3D;
34753 : 3D;
34754 : 3D;
34755 : 3D;
34756 : 3D;
34757 : 3D;
34758 : 3D;
34759 : 3D;
34760 : 3D;
34761 : 3D;
34762 : 1D;
34763 : 1D;
34764 : 1D;
34765 : 1D;
34766 : 1D;
34767 : 1D;
34768 : 1D;
34769 : 1D;
34770 : 1D;
34771 : 1D;
34772 : 3D;
34773 : 3D;
34774 : 3D;
34775 : 3D;
34776 : 3D;
34777 : 3D;
34778 : 3D;
34779 : 3D;
34780 : 3D;
34781 : 3D;
34782 : 1D;
34783 : 1D;
34784 : 1D;
34785 : 1D;
34786 : 1D;
34787 : 1D;
34788 : 1D;
34789 : 1D;
34790 : 1D;
34791 : 1D;
34792 : 3D;
34793 : 3D;
34794 : 3D;
34795 : 3D;
34796 : 3D;
34797 : 3D;
34798 : 3D;
34799 : 3D;
34800 : 3D;
34801 : 3D;
34802 : 1D;
34803 : 1D;
34804 : 1D;
34805 : 1D;
34806 : 1D;
34807 : 1D;
34808 : 1D;
34809 : 1D;
34810 : 1D;
34811 : 1D;
34812 : 3D;
34813 : 3D;
34814 : 3D;
34815 : 3D;
34816 : 3D;
34817 : 3D;
34818 : 3D;
34819 : 3D;
34820 : 3D;
34821 : 3D;
34822 : 1D;
34823 : 1D;
34824 : 1D;
34825 : 1D;
34826 : 1D;
34827 : 1D;
34828 : 1D;
34829 : 1D;
34830 : 1D;
34831 : 1D;
34832 : 3D;
34833 : 3D;
34834 : 3D;
34835 : 3D;
34836 : 3D;
34837 : 3D;
34838 : 3D;
34839 : 3D;
34840 : 3D;
34841 : 3D;
34842 : 1D;
34843 : 1D;
34844 : 1D;
34845 : 1D;
34846 : 1D;
34847 : 1D;
34848 : 1D;
34849 : 1D;
34850 : 1D;
34851 : 1D;
34852 : 3D;
34853 : 3D;
34854 : 3D;
34855 : 3D;
34856 : 3D;
34857 : 3D;
34858 : 3D;
34859 : 3D;
34860 : 3D;
34861 : 3D;
34862 : 3D;
34863 : 1D;
34864 : 1D;
34865 : 1D;
34866 : 1D;
34867 : 1D;
34868 : 1D;
34869 : 1D;
34870 : 1D;
34871 : 1D;
34872 : 1D;
34873 : 14;
34874 : 14;
34875 : 14;
34876 : 14;
34877 : 14;
34878 : 14;
34879 : 14;
34880 : 10;
34881 : 10;
34882 : 10;
34883 : 10;
34884 : 10;
34885 : 10;
34886 : 10;
34887 : 10;
34888 : 10;
34889 : 10;
34890 : 3D;
34891 : 3D;
34892 : 3D;
34893 : 3D;
34894 : 3D;
34895 : 3D;
34896 : 3D;
34897 : 3D;
34898 : 3D;
34899 : 3D;
34900 : 1D;
34901 : 1D;
34902 : 1D;
34903 : 1D;
34904 : 1D;
34905 : 1D;
34906 : 1D;
34907 : 1D;
34908 : 1D;
34909 : 1D;
34910 : 3D;
34911 : 3D;
34912 : 3D;
34913 : 3D;
34914 : 3D;
34915 : 3D;
34916 : 3D;
34917 : 3D;
34918 : 3D;
34919 : 3D;
34920 : 1D;
34921 : 1D;
34922 : 1D;
34923 : 1D;
34924 : 1D;
34925 : 1D;
34926 : 1D;
34927 : 1D;
34928 : 1D;
34929 : 1D;
34930 : 3D;
34931 : 3D;
34932 : 3D;
34933 : 3D;
34934 : 3D;
34935 : 3D;
34936 : 3D;
34937 : 3D;
34938 : 3D;
34939 : 3D;
34940 : 1D;
34941 : 1D;
34942 : 1D;
34943 : 1D;
34944 : 1D;
34945 : 1D;
34946 : 1D;
34947 : 1D;
34948 : 1D;
34949 : 1D;
34950 : 3D;
34951 : 3D;
34952 : 3D;
34953 : 3D;
34954 : 3D;
34955 : 3D;
34956 : 3D;
34957 : 3D;
34958 : 3D;
34959 : 3D;
34960 : 3D;
34961 : 1D;
34962 : 1D;
34963 : 1D;
34964 : 1D;
34965 : 1D;
34966 : 1D;
34967 : 1D;
34968 : 1D;
34969 : 1D;
34970 : 1D;
34971 : 3D;
34972 : 3D;
34973 : 3D;
34974 : 3D;
34975 : 3D;
34976 : 3D;
34977 : 3D;
34978 : 3D;
34979 : 3D;
34980 : 3D;
34981 : 1D;
34982 : 1D;
34983 : 1D;
34984 : 1D;
34985 : 1D;
34986 : 1D;
34987 : 1D;
34988 : 1D;
34989 : 1D;
34990 : 1D;
34991 : 3D;
34992 : 3D;
34993 : 3D;
34994 : 3D;
34995 : 3D;
34996 : 3D;
34997 : 3D;
34998 : 3D;
34999 : 3D;
35000 : 3D;
35001 : 1D;
35002 : 1D;
35003 : 1D;
35004 : 1D;
35005 : 1D;
35006 : 1D;
35007 : 1D;
35008 : 1D;
35009 : 1D;
35010 : 1D;
35011 : 3D;
35012 : 3D;
35013 : 3D;
35014 : 3D;
35015 : 3D;
35016 : 3D;
35017 : 3D;
35018 : 3D;
35019 : 3D;
35020 : 3D;
35021 : 1D;
35022 : 1D;
35023 : 1D;
35024 : 1D;
35025 : 1D;
35026 : 1D;
35027 : 1D;
35028 : 1D;
35029 : 1D;
35030 : 1D;
35031 : 3D;
35032 : 3D;
35033 : 3D;
35034 : 3D;
35035 : 3D;
35036 : 3D;
35037 : 3D;
35038 : 3D;
35039 : 3D;
35040 : 3D;
35041 : 1D;
35042 : 1D;
35043 : 1D;
35044 : 1D;
35045 : 1D;
35046 : 1D;
35047 : 1D;
35048 : 1D;
35049 : 1D;
35050 : 1D;
35051 : 3D;
35052 : 3D;
35053 : 3D;
35054 : 3D;
35055 : 3D;
35056 : 3D;
35057 : 3D;
35058 : 3D;
35059 : 3D;
35060 : 3D;
35061 : 1D;
35062 : 1D;
35063 : 1D;
35064 : 1D;
35065 : 1D;
35066 : 1D;
35067 : 1D;
35068 : 1D;
35069 : 1D;
35070 : 1D;
35071 : 1D;
35072 : 3D;
35073 : 3D;
35074 : 3D;
35075 : 3D;
35076 : 3D;
35077 : 3D;
35078 : 3D;
35079 : 3D;
35080 : 3D;
35081 : 3D;
35082 : 1D;
35083 : 1D;
35084 : 1D;
35085 : 1D;
35086 : 1D;
35087 : 1D;
35088 : 1D;
35089 : 1D;
35090 : 1D;
35091 : 1D;
35092 : 3D;
35093 : 3D;
35094 : 3D;
35095 : 3D;
35096 : 3D;
35097 : 3D;
35098 : 3D;
35099 : 3D;
35100 : 3D;
35101 : 3D;
35102 : 1D;
35103 : 1D;
35104 : 1D;
35105 : 1D;
35106 : 1D;
35107 : 1D;
35108 : 1D;
35109 : 1D;
35110 : 1D;
35111 : 1D;
35112 : 3D;
35113 : 3D;
35114 : 3D;
35115 : 3D;
35116 : 3D;
35117 : 3D;
35118 : 3D;
35119 : 3D;
35120 : 3D;
35121 : 3D;
35122 : 1D;
35123 : 1D;
35124 : 1D;
35125 : 1D;
35126 : 1D;
35127 : 1D;
35128 : 1D;
35129 : 1D;
35130 : 1D;
35131 : 1D;
35132 : 3D;
35133 : 3D;
35134 : 3D;
35135 : 3D;
35136 : 3D;
35137 : 3D;
35138 : 3D;
35139 : 3D;
35140 : 3D;
35141 : 3D;
35142 : 1D;
35143 : 1D;
35144 : 1D;
35145 : 1D;
35146 : 1D;
35147 : 1D;
35148 : 1D;
35149 : 1D;
35150 : 1D;
35151 : 1D;
35152 : 3D;
35153 : 3D;
35154 : 3D;
35155 : 3D;
35156 : 3D;
35157 : 3D;
35158 : 3D;
35159 : 3D;
35160 : 3D;
35161 : 3D;
35162 : 1D;
35163 : 1D;
35164 : 1D;
35165 : 1D;
35166 : 1D;
35167 : 1D;
35168 : 1D;
35169 : 1D;
35170 : 1D;
35171 : 1D;
35172 : 3D;
35173 : 3D;
35174 : 3D;
35175 : 3D;
35176 : 3D;
35177 : 3D;
35178 : 3D;
35179 : 3D;
35180 : 3D;
35181 : 3D;
35182 : 3D;
35183 : 1D;
35184 : 1D;
35185 : 1D;
35186 : 1D;
35187 : 1D;
35188 : 1D;
35189 : 1D;
35190 : 1D;
35191 : 1D;
35192 : 1D;
35193 : 14;
35194 : 14;
35195 : 14;
35196 : 14;
35197 : 14;
35198 : 14;
35199 : 14;
35200 : 10;
35201 : 10;
35202 : 10;
35203 : 10;
35204 : 10;
35205 : 10;
35206 : 10;
35207 : 10;
35208 : 10;
35209 : 10;
35210 : 3D;
35211 : 3D;
35212 : 3D;
35213 : 3D;
35214 : 3D;
35215 : 3D;
35216 : 3D;
35217 : 3D;
35218 : 3D;
35219 : 3D;
35220 : 1D;
35221 : 1D;
35222 : 1D;
35223 : 1D;
35224 : 1D;
35225 : 1D;
35226 : 1D;
35227 : 1D;
35228 : 1D;
35229 : 1D;
35230 : 3D;
35231 : 3D;
35232 : 3D;
35233 : 3D;
35234 : 3D;
35235 : 3D;
35236 : 3D;
35237 : 3D;
35238 : 3D;
35239 : 3D;
35240 : 1D;
35241 : 1D;
35242 : 1D;
35243 : 1D;
35244 : 1D;
35245 : 1D;
35246 : 1D;
35247 : 1D;
35248 : 1D;
35249 : 1D;
35250 : 3D;
35251 : 3D;
35252 : 3D;
35253 : 3D;
35254 : 3D;
35255 : 3D;
35256 : 3D;
35257 : 3D;
35258 : 3D;
35259 : 3D;
35260 : 1D;
35261 : 1D;
35262 : 1D;
35263 : 1D;
35264 : 1D;
35265 : 1D;
35266 : 1D;
35267 : 1D;
35268 : 1D;
35269 : 1D;
35270 : 3D;
35271 : 3D;
35272 : 3D;
35273 : 3D;
35274 : 3D;
35275 : 3D;
35276 : 3D;
35277 : 3D;
35278 : 3D;
35279 : 3D;
35280 : 3D;
35281 : 1D;
35282 : 1D;
35283 : 1D;
35284 : 1D;
35285 : 1D;
35286 : 1D;
35287 : 1D;
35288 : 1D;
35289 : 1D;
35290 : 1D;
35291 : 3D;
35292 : 3D;
35293 : 3D;
35294 : 3D;
35295 : 3D;
35296 : 3D;
35297 : 3D;
35298 : 3D;
35299 : 3D;
35300 : 3D;
35301 : 1D;
35302 : 1D;
35303 : 1D;
35304 : 1D;
35305 : 1D;
35306 : 1D;
35307 : 1D;
35308 : 1D;
35309 : 1D;
35310 : 1D;
35311 : 3D;
35312 : 3D;
35313 : 3D;
35314 : 3D;
35315 : 3D;
35316 : 3D;
35317 : 3D;
35318 : 3D;
35319 : 3D;
35320 : 3D;
35321 : 1D;
35322 : 1D;
35323 : 1D;
35324 : 1D;
35325 : 1D;
35326 : 1D;
35327 : 1D;
35328 : 1D;
35329 : 1D;
35330 : 1D;
35331 : 3D;
35332 : 3D;
35333 : 3D;
35334 : 3D;
35335 : 3D;
35336 : 3D;
35337 : 3D;
35338 : 3D;
35339 : 3D;
35340 : 3D;
35341 : 1D;
35342 : 1D;
35343 : 1D;
35344 : 1D;
35345 : 1D;
35346 : 1D;
35347 : 1D;
35348 : 1D;
35349 : 1D;
35350 : 1D;
35351 : 3D;
35352 : 3D;
35353 : 3D;
35354 : 3D;
35355 : 3D;
35356 : 3D;
35357 : 3D;
35358 : 3D;
35359 : 3D;
35360 : 3D;
35361 : 1D;
35362 : 1D;
35363 : 1D;
35364 : 1D;
35365 : 1D;
35366 : 1D;
35367 : 1D;
35368 : 1D;
35369 : 1D;
35370 : 1D;
35371 : 3D;
35372 : 3D;
35373 : 3D;
35374 : 3D;
35375 : 3D;
35376 : 3D;
35377 : 3D;
35378 : 3D;
35379 : 3D;
35380 : 3D;
35381 : 1D;
35382 : 1D;
35383 : 1D;
35384 : 1D;
35385 : 1D;
35386 : 1D;
35387 : 1D;
35388 : 1D;
35389 : 1D;
35390 : 1D;
35391 : 1D;
35392 : 3D;
35393 : 3D;
35394 : 3D;
35395 : 3D;
35396 : 3D;
35397 : 3D;
35398 : 3D;
35399 : 3D;
35400 : 3D;
35401 : 3D;
35402 : 1D;
35403 : 1D;
35404 : 1D;
35405 : 1D;
35406 : 1D;
35407 : 1D;
35408 : 1D;
35409 : 1D;
35410 : 1D;
35411 : 1D;
35412 : 3D;
35413 : 3D;
35414 : 3D;
35415 : 3D;
35416 : 3D;
35417 : 3D;
35418 : 3D;
35419 : 3D;
35420 : 3D;
35421 : 3D;
35422 : 1D;
35423 : 1D;
35424 : 1D;
35425 : 1D;
35426 : 1D;
35427 : 1D;
35428 : 1D;
35429 : 1D;
35430 : 1D;
35431 : 1D;
35432 : 3D;
35433 : 3D;
35434 : 3D;
35435 : 3D;
35436 : 3D;
35437 : 3D;
35438 : 3D;
35439 : 3D;
35440 : 3D;
35441 : 3D;
35442 : 1D;
35443 : 1D;
35444 : 1D;
35445 : 1D;
35446 : 1D;
35447 : 1D;
35448 : 1D;
35449 : 1D;
35450 : 1D;
35451 : 1D;
35452 : 3D;
35453 : 3D;
35454 : 3D;
35455 : 3D;
35456 : 3D;
35457 : 3D;
35458 : 3D;
35459 : 3D;
35460 : 3D;
35461 : 3D;
35462 : 1D;
35463 : 1D;
35464 : 1D;
35465 : 1D;
35466 : 1D;
35467 : 1D;
35468 : 1D;
35469 : 1D;
35470 : 1D;
35471 : 1D;
35472 : 3D;
35473 : 3D;
35474 : 3D;
35475 : 3D;
35476 : 3D;
35477 : 3D;
35478 : 3D;
35479 : 3D;
35480 : 3D;
35481 : 3D;
35482 : 1D;
35483 : 1D;
35484 : 1D;
35485 : 1D;
35486 : 1D;
35487 : 1D;
35488 : 1D;
35489 : 1D;
35490 : 1D;
35491 : 1D;
35492 : 3D;
35493 : 3D;
35494 : 3D;
35495 : 3D;
35496 : 3D;
35497 : 3D;
35498 : 3D;
35499 : 3D;
35500 : 3D;
35501 : 3D;
35502 : 3D;
35503 : 1D;
35504 : 1D;
35505 : 1D;
35506 : 1D;
35507 : 1D;
35508 : 1D;
35509 : 1D;
35510 : 1D;
35511 : 1D;
35512 : 1D;
35513 : 14;
35514 : 14;
35515 : 14;
35516 : 14;
35517 : 14;
35518 : 14;
35519 : 14;
35520 : 14;
35521 : 14;
35522 : 14;
35523 : 14;
35524 : 14;
35525 : 14;
35526 : 14;
35527 : 14;
35528 : 14;
35529 : 14;
35530 : 1D;
35531 : 1D;
35532 : 1D;
35533 : 1D;
35534 : 1D;
35535 : 1D;
35536 : 1D;
35537 : 1D;
35538 : 1D;
35539 : 1D;
35540 : 3D;
35541 : 3D;
35542 : 3D;
35543 : 3D;
35544 : 3D;
35545 : 3D;
35546 : 3D;
35547 : 3D;
35548 : 3D;
35549 : 3D;
35550 : 1D;
35551 : 1D;
35552 : 1D;
35553 : 1D;
35554 : 1D;
35555 : 1D;
35556 : 1D;
35557 : 1D;
35558 : 1D;
35559 : 1D;
35560 : 3D;
35561 : 3D;
35562 : 3D;
35563 : 3D;
35564 : 3D;
35565 : 3D;
35566 : 3D;
35567 : 3D;
35568 : 3D;
35569 : 3D;
35570 : 1D;
35571 : 1D;
35572 : 1D;
35573 : 1D;
35574 : 1D;
35575 : 1D;
35576 : 1D;
35577 : 1D;
35578 : 1D;
35579 : 1D;
35580 : 3D;
35581 : 3D;
35582 : 3D;
35583 : 3D;
35584 : 3D;
35585 : 3D;
35586 : 3D;
35587 : 3D;
35588 : 3D;
35589 : 3D;
35590 : 1D;
35591 : 1D;
35592 : 1D;
35593 : 1D;
35594 : 1D;
35595 : 1D;
35596 : 1D;
35597 : 1D;
35598 : 1D;
35599 : 1D;
35600 : 1D;
35601 : 3D;
35602 : 3D;
35603 : 3D;
35604 : 3D;
35605 : 3D;
35606 : 3D;
35607 : 3D;
35608 : 3D;
35609 : 3D;
35610 : 3D;
35611 : 1D;
35612 : 1D;
35613 : 1D;
35614 : 1D;
35615 : 1D;
35616 : 1D;
35617 : 1D;
35618 : 1D;
35619 : 1D;
35620 : 1D;
35621 : 3D;
35622 : 3D;
35623 : 3D;
35624 : 3D;
35625 : 3D;
35626 : 3D;
35627 : 3D;
35628 : 3D;
35629 : 3D;
35630 : 3D;
35631 : 1D;
35632 : 1D;
35633 : 1D;
35634 : 1D;
35635 : 1D;
35636 : 1D;
35637 : 1D;
35638 : 1D;
35639 : 1D;
35640 : 1D;
35641 : 3D;
35642 : 3D;
35643 : 3D;
35644 : 3D;
35645 : 3D;
35646 : 3D;
35647 : 3D;
35648 : 3D;
35649 : 3D;
35650 : 3D;
35651 : 1D;
35652 : 1D;
35653 : 1D;
35654 : 1D;
35655 : 1D;
35656 : 1D;
35657 : 1D;
35658 : 1D;
35659 : 1D;
35660 : 1D;
35661 : 3D;
35662 : 3D;
35663 : 3D;
35664 : 3D;
35665 : 3D;
35666 : 3D;
35667 : 3D;
35668 : 3D;
35669 : 3D;
35670 : 3D;
35671 : 1D;
35672 : 1D;
35673 : 1D;
35674 : 1D;
35675 : 1D;
35676 : 1D;
35677 : 1D;
35678 : 1D;
35679 : 1D;
35680 : 1D;
35681 : 3D;
35682 : 3D;
35683 : 3D;
35684 : 3D;
35685 : 3D;
35686 : 3D;
35687 : 3D;
35688 : 3D;
35689 : 3D;
35690 : 3D;
35691 : 1D;
35692 : 1D;
35693 : 1D;
35694 : 1D;
35695 : 1D;
35696 : 1D;
35697 : 1D;
35698 : 1D;
35699 : 1D;
35700 : 1D;
35701 : 3D;
35702 : 3D;
35703 : 3D;
35704 : 3D;
35705 : 3D;
35706 : 3D;
35707 : 3D;
35708 : 3D;
35709 : 3D;
35710 : 3D;
35711 : 3D;
35712 : 1D;
35713 : 1D;
35714 : 1D;
35715 : 1D;
35716 : 1D;
35717 : 1D;
35718 : 1D;
35719 : 1D;
35720 : 1D;
35721 : 1D;
35722 : 3D;
35723 : 3D;
35724 : 3D;
35725 : 3D;
35726 : 3D;
35727 : 3D;
35728 : 3D;
35729 : 3D;
35730 : 3D;
35731 : 3D;
35732 : 1D;
35733 : 1D;
35734 : 1D;
35735 : 1D;
35736 : 1D;
35737 : 1D;
35738 : 1D;
35739 : 1D;
35740 : 1D;
35741 : 1D;
35742 : 3D;
35743 : 3D;
35744 : 3D;
35745 : 3D;
35746 : 3D;
35747 : 3D;
35748 : 3D;
35749 : 3D;
35750 : 3D;
35751 : 3D;
35752 : 1D;
35753 : 1D;
35754 : 1D;
35755 : 1D;
35756 : 1D;
35757 : 1D;
35758 : 1D;
35759 : 1D;
35760 : 1D;
35761 : 1D;
35762 : 3D;
35763 : 3D;
35764 : 3D;
35765 : 3D;
35766 : 3D;
35767 : 3D;
35768 : 3D;
35769 : 3D;
35770 : 3D;
35771 : 3D;
35772 : 1D;
35773 : 1D;
35774 : 1D;
35775 : 1D;
35776 : 1D;
35777 : 1D;
35778 : 1D;
35779 : 1D;
35780 : 1D;
35781 : 1D;
35782 : 3D;
35783 : 3D;
35784 : 3D;
35785 : 3D;
35786 : 3D;
35787 : 3D;
35788 : 3D;
35789 : 3D;
35790 : 3D;
35791 : 3D;
35792 : 1D;
35793 : 1D;
35794 : 1D;
35795 : 1D;
35796 : 1D;
35797 : 1D;
35798 : 1D;
35799 : 1D;
35800 : 1D;
35801 : 1D;
35802 : 3D;
35803 : 3D;
35804 : 3D;
35805 : 3D;
35806 : 3D;
35807 : 3D;
35808 : 3D;
35809 : 3D;
35810 : 3D;
35811 : 3D;
35812 : 1D;
35813 : 1D;
35814 : 1D;
35815 : 1D;
35816 : 1D;
35817 : 1D;
35818 : 1D;
35819 : 1D;
35820 : 1D;
35821 : 1D;
35822 : 1D;
35823 : 3D;
35824 : 3D;
35825 : 3D;
35826 : 3D;
35827 : 3D;
35828 : 3D;
35829 : 3D;
35830 : 3D;
35831 : 3D;
35832 : 3D;
35833 : 10;
35834 : 10;
35835 : 10;
35836 : 10;
35837 : 10;
35838 : 10;
35839 : 10;
35840 : 14;
35841 : 14;
35842 : 14;
35843 : 14;
35844 : 14;
35845 : 14;
35846 : 14;
35847 : 14;
35848 : 14;
35849 : 14;
35850 : 1D;
35851 : 1D;
35852 : 1D;
35853 : 1D;
35854 : 1D;
35855 : 1D;
35856 : 1D;
35857 : 1D;
35858 : 1D;
35859 : 1D;
35860 : 3D;
35861 : 3D;
35862 : 3D;
35863 : 3D;
35864 : 3D;
35865 : 3D;
35866 : 3D;
35867 : 3D;
35868 : 3D;
35869 : 3D;
35870 : 1D;
35871 : 1D;
35872 : 1D;
35873 : 1D;
35874 : 1D;
35875 : 1D;
35876 : 1D;
35877 : 1D;
35878 : 1D;
35879 : 1D;
35880 : 3D;
35881 : 3D;
35882 : 3D;
35883 : 3D;
35884 : 3D;
35885 : 3D;
35886 : 3D;
35887 : 3D;
35888 : 3D;
35889 : 3D;
35890 : 1D;
35891 : 1D;
35892 : 1D;
35893 : 1D;
35894 : 1D;
35895 : 1D;
35896 : 1D;
35897 : 1D;
35898 : 1D;
35899 : 1D;
35900 : 3D;
35901 : 3D;
35902 : 3D;
35903 : 3D;
35904 : 3D;
35905 : 3D;
35906 : 3D;
35907 : 3D;
35908 : 3D;
35909 : 3D;
35910 : 1D;
35911 : 1D;
35912 : 1D;
35913 : 1D;
35914 : 1D;
35915 : 1D;
35916 : 1D;
35917 : 1D;
35918 : 1D;
35919 : 1D;
35920 : 1D;
35921 : 3D;
35922 : 3D;
35923 : 3D;
35924 : 3D;
35925 : 3D;
35926 : 3D;
35927 : 3D;
35928 : 3D;
35929 : 3D;
35930 : 3D;
35931 : 1D;
35932 : 1D;
35933 : 1D;
35934 : 1D;
35935 : 1D;
35936 : 1D;
35937 : 1D;
35938 : 1D;
35939 : 1D;
35940 : 1D;
35941 : 3D;
35942 : 3D;
35943 : 3D;
35944 : 3D;
35945 : 3D;
35946 : 3D;
35947 : 3D;
35948 : 3D;
35949 : 3D;
35950 : 3D;
35951 : 1D;
35952 : 1D;
35953 : 1D;
35954 : 1D;
35955 : 1D;
35956 : 1D;
35957 : 1D;
35958 : 1D;
35959 : 1D;
35960 : 1D;
35961 : 3D;
35962 : 3D;
35963 : 3D;
35964 : 3D;
35965 : 3D;
35966 : 3D;
35967 : 3D;
35968 : 3D;
35969 : 3D;
35970 : 3D;
35971 : 1D;
35972 : 1D;
35973 : 1D;
35974 : 1D;
35975 : 1D;
35976 : 1D;
35977 : 1D;
35978 : 1D;
35979 : 1D;
35980 : 1D;
35981 : 3D;
35982 : 3D;
35983 : 3D;
35984 : 3D;
35985 : 3D;
35986 : 3D;
35987 : 3D;
35988 : 3D;
35989 : 3D;
35990 : 3D;
35991 : 1D;
35992 : 1D;
35993 : 1D;
35994 : 1D;
35995 : 1D;
35996 : 1D;
35997 : 1D;
35998 : 1D;
35999 : 1D;
36000 : 1D;
36001 : 3D;
36002 : 3D;
36003 : 3D;
36004 : 3D;
36005 : 3D;
36006 : 3D;
36007 : 3D;
36008 : 3D;
36009 : 3D;
36010 : 3D;
36011 : 1D;
36012 : 1D;
36013 : 1D;
36014 : 1D;
36015 : 1D;
36016 : 1D;
36017 : 1D;
36018 : 1D;
36019 : 1D;
36020 : 1D;
36021 : 3D;
36022 : 3D;
36023 : 3D;
36024 : 3D;
36025 : 3D;
36026 : 3D;
36027 : 3D;
36028 : 3D;
36029 : 3D;
36030 : 3D;
36031 : 3D;
36032 : 1D;
36033 : 1D;
36034 : 1D;
36035 : 1D;
36036 : 1D;
36037 : 1D;
36038 : 1D;
36039 : 1D;
36040 : 1D;
36041 : 1D;
36042 : 3D;
36043 : 3D;
36044 : 3D;
36045 : 3D;
36046 : 3D;
36047 : 3D;
36048 : 3D;
36049 : 3D;
36050 : 3D;
36051 : 3D;
36052 : 1D;
36053 : 1D;
36054 : 1D;
36055 : 1D;
36056 : 1D;
36057 : 1D;
36058 : 1D;
36059 : 1D;
36060 : 1D;
36061 : 1D;
36062 : 3D;
36063 : 3D;
36064 : 3D;
36065 : 3D;
36066 : 3D;
36067 : 3D;
36068 : 3D;
36069 : 3D;
36070 : 3D;
36071 : 3D;
36072 : 1D;
36073 : 1D;
36074 : 1D;
36075 : 1D;
36076 : 1D;
36077 : 1D;
36078 : 1D;
36079 : 1D;
36080 : 1D;
36081 : 1D;
36082 : 3D;
36083 : 3D;
36084 : 3D;
36085 : 3D;
36086 : 3D;
36087 : 3D;
36088 : 3D;
36089 : 3D;
36090 : 3D;
36091 : 3D;
36092 : 1D;
36093 : 1D;
36094 : 1D;
36095 : 1D;
36096 : 1D;
36097 : 1D;
36098 : 1D;
36099 : 1D;
36100 : 1D;
36101 : 1D;
36102 : 3D;
36103 : 3D;
36104 : 3D;
36105 : 3D;
36106 : 3D;
36107 : 3D;
36108 : 3D;
36109 : 3D;
36110 : 3D;
36111 : 3D;
36112 : 1D;
36113 : 1D;
36114 : 1D;
36115 : 1D;
36116 : 1D;
36117 : 1D;
36118 : 1D;
36119 : 1D;
36120 : 1D;
36121 : 1D;
36122 : 3D;
36123 : 3D;
36124 : 3D;
36125 : 3D;
36126 : 3D;
36127 : 3D;
36128 : 3D;
36129 : 3D;
36130 : 3D;
36131 : 3D;
36132 : 1D;
36133 : 1D;
36134 : 1D;
36135 : 1D;
36136 : 1D;
36137 : 1D;
36138 : 1D;
36139 : 1D;
36140 : 1D;
36141 : 1D;
36142 : 1D;
36143 : 3D;
36144 : 3D;
36145 : 3D;
36146 : 3D;
36147 : 3D;
36148 : 3D;
36149 : 3D;
36150 : 3D;
36151 : 3D;
36152 : 3D;
36153 : 10;
36154 : 10;
36155 : 10;
36156 : 10;
36157 : 10;
36158 : 10;
36159 : 10;
36160 : 14;
36161 : 14;
36162 : 14;
36163 : 14;
36164 : 14;
36165 : 14;
36166 : 14;
36167 : 14;
36168 : 14;
36169 : 14;
36170 : 1D;
36171 : 1D;
36172 : 1D;
36173 : 1D;
36174 : 1D;
36175 : 1D;
36176 : 1D;
36177 : 1D;
36178 : 1D;
36179 : 1D;
36180 : 3D;
36181 : 3D;
36182 : 3D;
36183 : 3D;
36184 : 3D;
36185 : 3D;
36186 : 3D;
36187 : 3D;
36188 : 3D;
36189 : 3D;
36190 : 1D;
36191 : 1D;
36192 : 1D;
36193 : 1D;
36194 : 1D;
36195 : 1D;
36196 : 1D;
36197 : 1D;
36198 : 1D;
36199 : 1D;
36200 : 3D;
36201 : 3D;
36202 : 3D;
36203 : 3D;
36204 : 3D;
36205 : 3D;
36206 : 3D;
36207 : 3D;
36208 : 3D;
36209 : 3D;
36210 : 1D;
36211 : 1D;
36212 : 1D;
36213 : 1D;
36214 : 1D;
36215 : 1D;
36216 : 1D;
36217 : 1D;
36218 : 1D;
36219 : 1D;
36220 : 3D;
36221 : 3D;
36222 : 3D;
36223 : 3D;
36224 : 3D;
36225 : 3D;
36226 : 3D;
36227 : 3D;
36228 : 3D;
36229 : 3D;
36230 : 1D;
36231 : 1D;
36232 : 1D;
36233 : 1D;
36234 : 1D;
36235 : 1D;
36236 : 1D;
36237 : 1D;
36238 : 1D;
36239 : 1D;
36240 : 1D;
36241 : 3D;
36242 : 3D;
36243 : 3D;
36244 : 3D;
36245 : 3D;
36246 : 3D;
36247 : 3D;
36248 : 3D;
36249 : 3D;
36250 : 3D;
36251 : 1D;
36252 : 1D;
36253 : 1D;
36254 : 1D;
36255 : 1D;
36256 : 1D;
36257 : 1D;
36258 : 1D;
36259 : 1D;
36260 : 1D;
36261 : 3D;
36262 : 3D;
36263 : 3D;
36264 : 3D;
36265 : 3D;
36266 : 3D;
36267 : 3D;
36268 : 3D;
36269 : 3D;
36270 : 3D;
36271 : 1D;
36272 : 1D;
36273 : 1D;
36274 : 1D;
36275 : 1D;
36276 : 1D;
36277 : 1D;
36278 : 1D;
36279 : 1D;
36280 : 1D;
36281 : 3D;
36282 : 3D;
36283 : 3D;
36284 : 3D;
36285 : 3D;
36286 : 3D;
36287 : 3D;
36288 : 3D;
36289 : 3D;
36290 : 3D;
36291 : 1D;
36292 : 1D;
36293 : 1D;
36294 : 1D;
36295 : 1D;
36296 : 1D;
36297 : 1D;
36298 : 1D;
36299 : 1D;
36300 : 1D;
36301 : 3D;
36302 : 3D;
36303 : 3D;
36304 : 3D;
36305 : 3D;
36306 : 3D;
36307 : 3D;
36308 : 3D;
36309 : 3D;
36310 : 3D;
36311 : 1D;
36312 : 1D;
36313 : 1D;
36314 : 1D;
36315 : 1D;
36316 : 1D;
36317 : 1D;
36318 : 1D;
36319 : 1D;
36320 : 1D;
36321 : 3D;
36322 : 3D;
36323 : 3D;
36324 : 3D;
36325 : 3D;
36326 : 3D;
36327 : 3D;
36328 : 3D;
36329 : 3D;
36330 : 3D;
36331 : 1D;
36332 : 1D;
36333 : 1D;
36334 : 1D;
36335 : 1D;
36336 : 1D;
36337 : 1D;
36338 : 1D;
36339 : 1D;
36340 : 1D;
36341 : 3D;
36342 : 3D;
36343 : 3D;
36344 : 3D;
36345 : 3D;
36346 : 3D;
36347 : 3D;
36348 : 3D;
36349 : 3D;
36350 : 3D;
36351 : 3D;
36352 : 1D;
36353 : 1D;
36354 : 1D;
36355 : 1D;
36356 : 1D;
36357 : 1D;
36358 : 1D;
36359 : 1D;
36360 : 1D;
36361 : 1D;
36362 : 3D;
36363 : 3D;
36364 : 3D;
36365 : 3D;
36366 : 3D;
36367 : 3D;
36368 : 3D;
36369 : 3D;
36370 : 3D;
36371 : 3D;
36372 : 1D;
36373 : 1D;
36374 : 1D;
36375 : 1D;
36376 : 1D;
36377 : 1D;
36378 : 1D;
36379 : 1D;
36380 : 1D;
36381 : 1D;
36382 : 3D;
36383 : 3D;
36384 : 3D;
36385 : 3D;
36386 : 3D;
36387 : 3D;
36388 : 3D;
36389 : 3D;
36390 : 3D;
36391 : 3D;
36392 : 1D;
36393 : 1D;
36394 : 1D;
36395 : 1D;
36396 : 1D;
36397 : 1D;
36398 : 1D;
36399 : 1D;
36400 : 1D;
36401 : 1D;
36402 : 3D;
36403 : 3D;
36404 : 3D;
36405 : 3D;
36406 : 3D;
36407 : 3D;
36408 : 3D;
36409 : 3D;
36410 : 3D;
36411 : 3D;
36412 : 1D;
36413 : 1D;
36414 : 1D;
36415 : 1D;
36416 : 1D;
36417 : 1D;
36418 : 1D;
36419 : 1D;
36420 : 1D;
36421 : 1D;
36422 : 3D;
36423 : 3D;
36424 : 3D;
36425 : 3D;
36426 : 3D;
36427 : 3D;
36428 : 3D;
36429 : 3D;
36430 : 3D;
36431 : 3D;
36432 : 1D;
36433 : 1D;
36434 : 1D;
36435 : 1D;
36436 : 1D;
36437 : 1D;
36438 : 1D;
36439 : 1D;
36440 : 1D;
36441 : 1D;
36442 : 3D;
36443 : 3D;
36444 : 3D;
36445 : 3D;
36446 : 3D;
36447 : 3D;
36448 : 3D;
36449 : 3D;
36450 : 3D;
36451 : 3D;
36452 : 1D;
36453 : 1D;
36454 : 1D;
36455 : 1D;
36456 : 1D;
36457 : 1D;
36458 : 1D;
36459 : 1D;
36460 : 1D;
36461 : 1D;
36462 : 1D;
36463 : 3D;
36464 : 3D;
36465 : 3D;
36466 : 3D;
36467 : 3D;
36468 : 3D;
36469 : 3D;
36470 : 3D;
36471 : 3D;
36472 : 3D;
36473 : 10;
36474 : 10;
36475 : 10;
36476 : 10;
36477 : 10;
36478 : 10;
36479 : 10;
36480 : 14;
36481 : 14;
36482 : 14;
36483 : 14;
36484 : 14;
36485 : 14;
36486 : 14;
36487 : 14;
36488 : 14;
36489 : 14;
36490 : 1D;
36491 : 1D;
36492 : 1D;
36493 : 1D;
36494 : 1D;
36495 : 1D;
36496 : 1D;
36497 : 1D;
36498 : 1D;
36499 : 1D;
36500 : 3D;
36501 : 3D;
36502 : 3D;
36503 : 3D;
36504 : 3D;
36505 : 3D;
36506 : 3D;
36507 : 3D;
36508 : 3D;
36509 : 3D;
36510 : 1D;
36511 : 1D;
36512 : 1D;
36513 : 1D;
36514 : 1D;
36515 : 1D;
36516 : 1D;
36517 : 1D;
36518 : 1D;
36519 : 1D;
36520 : 3D;
36521 : 3D;
36522 : 3D;
36523 : 3D;
36524 : 3D;
36525 : 3D;
36526 : 3D;
36527 : 3D;
36528 : 3D;
36529 : 3D;
36530 : 1D;
36531 : 1D;
36532 : 1D;
36533 : 1D;
36534 : 1D;
36535 : 1D;
36536 : 1D;
36537 : 1D;
36538 : 1D;
36539 : 1D;
36540 : 3D;
36541 : 3D;
36542 : 3D;
36543 : 3D;
36544 : 3D;
36545 : 3D;
36546 : 3D;
36547 : 3D;
36548 : 3D;
36549 : 3D;
36550 : 1D;
36551 : 1D;
36552 : 1D;
36553 : 1D;
36554 : 1D;
36555 : 1D;
36556 : 1D;
36557 : 1D;
36558 : 1D;
36559 : 1D;
36560 : 1D;
36561 : 3D;
36562 : 3D;
36563 : 3D;
36564 : 3D;
36565 : 3D;
36566 : 3D;
36567 : 3D;
36568 : 3D;
36569 : 3D;
36570 : 3D;
36571 : 1D;
36572 : 1D;
36573 : 1D;
36574 : 1D;
36575 : 1D;
36576 : 1D;
36577 : 1D;
36578 : 1D;
36579 : 1D;
36580 : 1D;
36581 : 3D;
36582 : 3D;
36583 : 3D;
36584 : 3D;
36585 : 3D;
36586 : 3D;
36587 : 3D;
36588 : 3D;
36589 : 3D;
36590 : 3D;
36591 : 1D;
36592 : 1D;
36593 : 1D;
36594 : 1D;
36595 : 1D;
36596 : 1D;
36597 : 1D;
36598 : 1D;
36599 : 1D;
36600 : 1D;
36601 : 3D;
36602 : 3D;
36603 : 3D;
36604 : 3D;
36605 : 3D;
36606 : 3D;
36607 : 3D;
36608 : 3D;
36609 : 3D;
36610 : 3D;
36611 : 1D;
36612 : 1D;
36613 : 1D;
36614 : 1D;
36615 : 1D;
36616 : 1D;
36617 : 1D;
36618 : 1D;
36619 : 1D;
36620 : 1D;
36621 : 3D;
36622 : 3D;
36623 : 3D;
36624 : 3D;
36625 : 3D;
36626 : 3D;
36627 : 3D;
36628 : 3D;
36629 : 3D;
36630 : 3D;
36631 : 1D;
36632 : 1D;
36633 : 1D;
36634 : 1D;
36635 : 1D;
36636 : 1D;
36637 : 1D;
36638 : 1D;
36639 : 1D;
36640 : 1D;
36641 : 3D;
36642 : 3D;
36643 : 3D;
36644 : 3D;
36645 : 3D;
36646 : 3D;
36647 : 3D;
36648 : 3D;
36649 : 3D;
36650 : 3D;
36651 : 1D;
36652 : 1D;
36653 : 1D;
36654 : 1D;
36655 : 1D;
36656 : 1D;
36657 : 1D;
36658 : 1D;
36659 : 1D;
36660 : 1D;
36661 : 3D;
36662 : 3D;
36663 : 3D;
36664 : 3D;
36665 : 3D;
36666 : 3D;
36667 : 3D;
36668 : 3D;
36669 : 3D;
36670 : 3D;
36671 : 3D;
36672 : 1D;
36673 : 1D;
36674 : 1D;
36675 : 1D;
36676 : 1D;
36677 : 1D;
36678 : 1D;
36679 : 1D;
36680 : 1D;
36681 : 1D;
36682 : 3D;
36683 : 3D;
36684 : 3D;
36685 : 3D;
36686 : 3D;
36687 : 3D;
36688 : 3D;
36689 : 3D;
36690 : 3D;
36691 : 3D;
36692 : 1D;
36693 : 1D;
36694 : 1D;
36695 : 1D;
36696 : 1D;
36697 : 1D;
36698 : 1D;
36699 : 1D;
36700 : 1D;
36701 : 1D;
36702 : 3D;
36703 : 3D;
36704 : 3D;
36705 : 3D;
36706 : 3D;
36707 : 3D;
36708 : 3D;
36709 : 3D;
36710 : 3D;
36711 : 3D;
36712 : 1D;
36713 : 1D;
36714 : 1D;
36715 : 1D;
36716 : 1D;
36717 : 1D;
36718 : 1D;
36719 : 1D;
36720 : 1D;
36721 : 1D;
36722 : 3D;
36723 : 3D;
36724 : 3D;
36725 : 3D;
36726 : 3D;
36727 : 3D;
36728 : 3D;
36729 : 3D;
36730 : 3D;
36731 : 3D;
36732 : 1D;
36733 : 1D;
36734 : 1D;
36735 : 1D;
36736 : 1D;
36737 : 1D;
36738 : 1D;
36739 : 1D;
36740 : 1D;
36741 : 1D;
36742 : 3D;
36743 : 3D;
36744 : 3D;
36745 : 3D;
36746 : 3D;
36747 : 3D;
36748 : 3D;
36749 : 3D;
36750 : 3D;
36751 : 3D;
36752 : 1D;
36753 : 1D;
36754 : 1D;
36755 : 1D;
36756 : 1D;
36757 : 1D;
36758 : 1D;
36759 : 1D;
36760 : 1D;
36761 : 1D;
36762 : 3D;
36763 : 3D;
36764 : 3D;
36765 : 3D;
36766 : 3D;
36767 : 3D;
36768 : 3D;
36769 : 3D;
36770 : 3D;
36771 : 3D;
36772 : 1D;
36773 : 1D;
36774 : 1D;
36775 : 1D;
36776 : 1D;
36777 : 1D;
36778 : 1D;
36779 : 1D;
36780 : 1D;
36781 : 1D;
36782 : 1D;
36783 : 3D;
36784 : 3D;
36785 : 3D;
36786 : 3D;
36787 : 3D;
36788 : 3D;
36789 : 3D;
36790 : 3D;
36791 : 3D;
36792 : 3D;
36793 : 10;
36794 : 10;
36795 : 10;
36796 : 10;
36797 : 10;
36798 : 10;
36799 : 10;
36800 : 14;
36801 : 14;
36802 : 14;
36803 : 14;
36804 : 14;
36805 : 14;
36806 : 14;
36807 : 14;
36808 : 14;
36809 : 14;
36810 : 1D;
36811 : 1D;
36812 : 1D;
36813 : 1D;
36814 : 1D;
36815 : 1D;
36816 : 1D;
36817 : 1D;
36818 : 1D;
36819 : 1D;
36820 : 3D;
36821 : 3D;
36822 : 3D;
36823 : 3D;
36824 : 3D;
36825 : 3D;
36826 : 3D;
36827 : 3D;
36828 : 3D;
36829 : 3D;
36830 : 1D;
36831 : 1D;
36832 : 1D;
36833 : 1D;
36834 : 1D;
36835 : 1D;
36836 : 1D;
36837 : 1D;
36838 : 1D;
36839 : 1D;
36840 : 3D;
36841 : 3D;
36842 : 3D;
36843 : 3D;
36844 : 3D;
36845 : 3D;
36846 : 3D;
36847 : 3D;
36848 : 3D;
36849 : 3D;
36850 : 1D;
36851 : 1D;
36852 : 1D;
36853 : 1D;
36854 : 1D;
36855 : 1D;
36856 : 1D;
36857 : 1D;
36858 : 1D;
36859 : 1D;
36860 : 3D;
36861 : 3D;
36862 : 3D;
36863 : 3D;
36864 : 3D;
36865 : 3D;
36866 : 3D;
36867 : 3D;
36868 : 3D;
36869 : 3D;
36870 : 1D;
36871 : 1D;
36872 : 1D;
36873 : 1D;
36874 : 1D;
36875 : 1D;
36876 : 1D;
36877 : 1D;
36878 : 1D;
36879 : 1D;
36880 : 1D;
36881 : 3D;
36882 : 3D;
36883 : 3D;
36884 : 3D;
36885 : 3D;
36886 : 3D;
36887 : 3D;
36888 : 3D;
36889 : 3D;
36890 : 3D;
36891 : 1D;
36892 : 1D;
36893 : 1D;
36894 : 1D;
36895 : 1D;
36896 : 1D;
36897 : 1D;
36898 : 1D;
36899 : 1D;
36900 : 1D;
36901 : 3D;
36902 : 3D;
36903 : 3D;
36904 : 3D;
36905 : 3D;
36906 : 3D;
36907 : 3D;
36908 : 3D;
36909 : 3D;
36910 : 3D;
36911 : 1D;
36912 : 1D;
36913 : 1D;
36914 : 1D;
36915 : 1D;
36916 : 1D;
36917 : 1D;
36918 : 1D;
36919 : 1D;
36920 : 1D;
36921 : 3D;
36922 : 3D;
36923 : 3D;
36924 : 3D;
36925 : 3D;
36926 : 3D;
36927 : 3D;
36928 : 3D;
36929 : 3D;
36930 : 3D;
36931 : 1D;
36932 : 1D;
36933 : 1D;
36934 : 1D;
36935 : 1D;
36936 : 1D;
36937 : 1D;
36938 : 1D;
36939 : 1D;
36940 : 1D;
36941 : 3D;
36942 : 3D;
36943 : 3D;
36944 : 3D;
36945 : 3D;
36946 : 3D;
36947 : 3D;
36948 : 3D;
36949 : 3D;
36950 : 3D;
36951 : 1D;
36952 : 1D;
36953 : 1D;
36954 : 1D;
36955 : 1D;
36956 : 1D;
36957 : 1D;
36958 : 1D;
36959 : 1D;
36960 : 1D;
36961 : 3D;
36962 : 3D;
36963 : 3D;
36964 : 3D;
36965 : 3D;
36966 : 3D;
36967 : 3D;
36968 : 3D;
36969 : 3D;
36970 : 3D;
36971 : 1D;
36972 : 1D;
36973 : 1D;
36974 : 1D;
36975 : 1D;
36976 : 1D;
36977 : 1D;
36978 : 1D;
36979 : 1D;
36980 : 1D;
36981 : 3D;
36982 : 3D;
36983 : 3D;
36984 : 3D;
36985 : 3D;
36986 : 3D;
36987 : 3D;
36988 : 3D;
36989 : 3D;
36990 : 3D;
36991 : 3D;
36992 : 1D;
36993 : 1D;
36994 : 1D;
36995 : 1D;
36996 : 1D;
36997 : 1D;
36998 : 1D;
36999 : 1D;
37000 : 1D;
37001 : 1D;
37002 : 3D;
37003 : 3D;
37004 : 3D;
37005 : 3D;
37006 : 3D;
37007 : 3D;
37008 : 3D;
37009 : 3D;
37010 : 3D;
37011 : 3D;
37012 : 1D;
37013 : 1D;
37014 : 1D;
37015 : 1D;
37016 : 1D;
37017 : 1D;
37018 : 1D;
37019 : 1D;
37020 : 1D;
37021 : 1D;
37022 : 3D;
37023 : 3D;
37024 : 3D;
37025 : 3D;
37026 : 3D;
37027 : 3D;
37028 : 3D;
37029 : 3D;
37030 : 3D;
37031 : 3D;
37032 : 1D;
37033 : 1D;
37034 : 1D;
37035 : 1D;
37036 : 1D;
37037 : 1D;
37038 : 1D;
37039 : 1D;
37040 : 1D;
37041 : 1D;
37042 : 3D;
37043 : 3D;
37044 : 3D;
37045 : 3D;
37046 : 3D;
37047 : 3D;
37048 : 3D;
37049 : 3D;
37050 : 3D;
37051 : 3D;
37052 : 1D;
37053 : 1D;
37054 : 1D;
37055 : 1D;
37056 : 1D;
37057 : 1D;
37058 : 1D;
37059 : 1D;
37060 : 1D;
37061 : 1D;
37062 : 3D;
37063 : 3D;
37064 : 3D;
37065 : 3D;
37066 : 3D;
37067 : 3D;
37068 : 3D;
37069 : 3D;
37070 : 3D;
37071 : 3D;
37072 : 1D;
37073 : 1D;
37074 : 1D;
37075 : 1D;
37076 : 1D;
37077 : 1D;
37078 : 1D;
37079 : 1D;
37080 : 1D;
37081 : 1D;
37082 : 3D;
37083 : 3D;
37084 : 3D;
37085 : 3D;
37086 : 3D;
37087 : 3D;
37088 : 3D;
37089 : 3D;
37090 : 3D;
37091 : 3D;
37092 : 1D;
37093 : 1D;
37094 : 1D;
37095 : 1D;
37096 : 1D;
37097 : 1D;
37098 : 1D;
37099 : 1D;
37100 : 1D;
37101 : 1D;
37102 : 1D;
37103 : 3D;
37104 : 3D;
37105 : 3D;
37106 : 3D;
37107 : 3D;
37108 : 3D;
37109 : 3D;
37110 : 3D;
37111 : 3D;
37112 : 3D;
37113 : 10;
37114 : 10;
37115 : 10;
37116 : 10;
37117 : 10;
37118 : 10;
37119 : 10;
37120 : 14;
37121 : 14;
37122 : 14;
37123 : 14;
37124 : 14;
37125 : 14;
37126 : 14;
37127 : 14;
37128 : 14;
37129 : 14;
37130 : 1D;
37131 : 1D;
37132 : 1D;
37133 : 1D;
37134 : 1D;
37135 : 1D;
37136 : 1D;
37137 : 1D;
37138 : 1D;
37139 : 1D;
37140 : 3D;
37141 : 3D;
37142 : 3D;
37143 : 3D;
37144 : 3D;
37145 : 3D;
37146 : 3D;
37147 : 3D;
37148 : 3D;
37149 : 3D;
37150 : 1D;
37151 : 1D;
37152 : 1D;
37153 : 1D;
37154 : 1D;
37155 : 1D;
37156 : 1D;
37157 : 1D;
37158 : 1D;
37159 : 1D;
37160 : 3D;
37161 : 3D;
37162 : 3D;
37163 : 3D;
37164 : 3D;
37165 : 3D;
37166 : 3D;
37167 : 3D;
37168 : 3D;
37169 : 3D;
37170 : 1D;
37171 : 1D;
37172 : 1D;
37173 : 1D;
37174 : 1D;
37175 : 1D;
37176 : 1D;
37177 : 1D;
37178 : 1D;
37179 : 1D;
37180 : 3D;
37181 : 3D;
37182 : 3D;
37183 : 3D;
37184 : 3D;
37185 : 3D;
37186 : 3D;
37187 : 3D;
37188 : 3D;
37189 : 3D;
37190 : 1D;
37191 : 1D;
37192 : 1D;
37193 : 1D;
37194 : 1D;
37195 : 1D;
37196 : 1D;
37197 : 1D;
37198 : 1D;
37199 : 1D;
37200 : 1D;
37201 : 3D;
37202 : 3D;
37203 : 3D;
37204 : 3D;
37205 : 3D;
37206 : 3D;
37207 : 3D;
37208 : 3D;
37209 : 3D;
37210 : 3D;
37211 : 1D;
37212 : 1D;
37213 : 1D;
37214 : 1D;
37215 : 1D;
37216 : 1D;
37217 : 1D;
37218 : 1D;
37219 : 1D;
37220 : 1D;
37221 : 3D;
37222 : 3D;
37223 : 3D;
37224 : 3D;
37225 : 3D;
37226 : 3D;
37227 : 3D;
37228 : 3D;
37229 : 3D;
37230 : 3D;
37231 : 1D;
37232 : 1D;
37233 : 1D;
37234 : 1D;
37235 : 1D;
37236 : 1D;
37237 : 1D;
37238 : 1D;
37239 : 1D;
37240 : 1D;
37241 : 3D;
37242 : 3D;
37243 : 3D;
37244 : 3D;
37245 : 3D;
37246 : 3D;
37247 : 3D;
37248 : 3D;
37249 : 3D;
37250 : 3D;
37251 : 1D;
37252 : 1D;
37253 : 1D;
37254 : 1D;
37255 : 1D;
37256 : 1D;
37257 : 1D;
37258 : 1D;
37259 : 1D;
37260 : 1D;
37261 : 3D;
37262 : 3D;
37263 : 3D;
37264 : 3D;
37265 : 3D;
37266 : 3D;
37267 : 3D;
37268 : 3D;
37269 : 3D;
37270 : 3D;
37271 : 1D;
37272 : 1D;
37273 : 1D;
37274 : 1D;
37275 : 1D;
37276 : 1D;
37277 : 1D;
37278 : 1D;
37279 : 1D;
37280 : 1D;
37281 : 3D;
37282 : 3D;
37283 : 3D;
37284 : 3D;
37285 : 3D;
37286 : 3D;
37287 : 3D;
37288 : 3D;
37289 : 3D;
37290 : 3D;
37291 : 1D;
37292 : 1D;
37293 : 1D;
37294 : 1D;
37295 : 1D;
37296 : 1D;
37297 : 1D;
37298 : 1D;
37299 : 1D;
37300 : 1D;
37301 : 3D;
37302 : 3D;
37303 : 3D;
37304 : 3D;
37305 : 3D;
37306 : 3D;
37307 : 3D;
37308 : 3D;
37309 : 3D;
37310 : 3D;
37311 : 3D;
37312 : 1D;
37313 : 1D;
37314 : 1D;
37315 : 1D;
37316 : 1D;
37317 : 1D;
37318 : 1D;
37319 : 1D;
37320 : 1D;
37321 : 1D;
37322 : 3D;
37323 : 3D;
37324 : 3D;
37325 : 3D;
37326 : 3D;
37327 : 3D;
37328 : 3D;
37329 : 3D;
37330 : 3D;
37331 : 3D;
37332 : 1D;
37333 : 1D;
37334 : 1D;
37335 : 1D;
37336 : 1D;
37337 : 1D;
37338 : 1D;
37339 : 1D;
37340 : 1D;
37341 : 1D;
37342 : 3D;
37343 : 3D;
37344 : 3D;
37345 : 3D;
37346 : 3D;
37347 : 3D;
37348 : 3D;
37349 : 3D;
37350 : 3D;
37351 : 3D;
37352 : 1D;
37353 : 1D;
37354 : 1D;
37355 : 1D;
37356 : 1D;
37357 : 1D;
37358 : 1D;
37359 : 1D;
37360 : 1D;
37361 : 1D;
37362 : 3D;
37363 : 3D;
37364 : 3D;
37365 : 3D;
37366 : 3D;
37367 : 3D;
37368 : 3D;
37369 : 3D;
37370 : 3D;
37371 : 3D;
37372 : 1D;
37373 : 1D;
37374 : 1D;
37375 : 1D;
37376 : 1D;
37377 : 1D;
37378 : 1D;
37379 : 1D;
37380 : 1D;
37381 : 1D;
37382 : 3D;
37383 : 3D;
37384 : 3D;
37385 : 3D;
37386 : 3D;
37387 : 3D;
37388 : 3D;
37389 : 3D;
37390 : 3D;
37391 : 3D;
37392 : 1D;
37393 : 1D;
37394 : 1D;
37395 : 1D;
37396 : 1D;
37397 : 1D;
37398 : 1D;
37399 : 1D;
37400 : 1D;
37401 : 1D;
37402 : 3D;
37403 : 3D;
37404 : 3D;
37405 : 3D;
37406 : 3D;
37407 : 3D;
37408 : 3D;
37409 : 3D;
37410 : 3D;
37411 : 3D;
37412 : 1D;
37413 : 1D;
37414 : 1D;
37415 : 1D;
37416 : 1D;
37417 : 1D;
37418 : 1D;
37419 : 1D;
37420 : 1D;
37421 : 1D;
37422 : 1D;
37423 : 3D;
37424 : 3D;
37425 : 3D;
37426 : 3D;
37427 : 3D;
37428 : 3D;
37429 : 3D;
37430 : 3D;
37431 : 3D;
37432 : 3D;
37433 : 10;
37434 : 10;
37435 : 10;
37436 : 10;
37437 : 10;
37438 : 10;
37439 : 10;
37440 : 14;
37441 : 14;
37442 : 14;
37443 : 14;
37444 : 14;
37445 : 14;
37446 : 14;
37447 : 14;
37448 : 14;
37449 : 14;
37450 : 1D;
37451 : 1D;
37452 : 1D;
37453 : 1D;
37454 : 1D;
37455 : 1D;
37456 : 1D;
37457 : 1D;
37458 : 1D;
37459 : 1D;
37460 : 3D;
37461 : 3D;
37462 : 3D;
37463 : 3D;
37464 : 3D;
37465 : 3D;
37466 : 3D;
37467 : 3D;
37468 : 3D;
37469 : 3D;
37470 : 1D;
37471 : 1D;
37472 : 1D;
37473 : 1D;
37474 : 1D;
37475 : 1D;
37476 : 1D;
37477 : 1D;
37478 : 1D;
37479 : 1D;
37480 : 3D;
37481 : 3D;
37482 : 3D;
37483 : 3D;
37484 : 3D;
37485 : 3D;
37486 : 3D;
37487 : 3D;
37488 : 3D;
37489 : 3D;
37490 : 1D;
37491 : 1D;
37492 : 1D;
37493 : 1D;
37494 : 1D;
37495 : 1D;
37496 : 1D;
37497 : 1D;
37498 : 1D;
37499 : 1D;
37500 : 3D;
37501 : 3D;
37502 : 3D;
37503 : 3D;
37504 : 3D;
37505 : 3D;
37506 : 3D;
37507 : 3D;
37508 : 3D;
37509 : 3D;
37510 : 1D;
37511 : 1D;
37512 : 1D;
37513 : 1D;
37514 : 1D;
37515 : 1D;
37516 : 1D;
37517 : 1D;
37518 : 1D;
37519 : 1D;
37520 : 1D;
37521 : 3D;
37522 : 3D;
37523 : 3D;
37524 : 3D;
37525 : 3D;
37526 : 3D;
37527 : 3D;
37528 : 3D;
37529 : 3D;
37530 : 3D;
37531 : 1D;
37532 : 1D;
37533 : 1D;
37534 : 1D;
37535 : 1D;
37536 : 1D;
37537 : 1D;
37538 : 1D;
37539 : 1D;
37540 : 1D;
37541 : 3D;
37542 : 3D;
37543 : 3D;
37544 : 3D;
37545 : 3D;
37546 : 3D;
37547 : 3D;
37548 : 3D;
37549 : 3D;
37550 : 3D;
37551 : 1D;
37552 : 1D;
37553 : 1D;
37554 : 1D;
37555 : 1D;
37556 : 1D;
37557 : 1D;
37558 : 1D;
37559 : 1D;
37560 : 1D;
37561 : 3D;
37562 : 3D;
37563 : 3D;
37564 : 3D;
37565 : 3D;
37566 : 3D;
37567 : 3D;
37568 : 3D;
37569 : 3D;
37570 : 3D;
37571 : 1D;
37572 : 1D;
37573 : 1D;
37574 : 1D;
37575 : 1D;
37576 : 1D;
37577 : 1D;
37578 : 1D;
37579 : 1D;
37580 : 1D;
37581 : 3D;
37582 : 3D;
37583 : 3D;
37584 : 3D;
37585 : 3D;
37586 : 3D;
37587 : 3D;
37588 : 3D;
37589 : 3D;
37590 : 3D;
37591 : 1D;
37592 : 1D;
37593 : 1D;
37594 : 1D;
37595 : 1D;
37596 : 1D;
37597 : 1D;
37598 : 1D;
37599 : 1D;
37600 : 1D;
37601 : 3D;
37602 : 3D;
37603 : 3D;
37604 : 3D;
37605 : 3D;
37606 : 3D;
37607 : 3D;
37608 : 3D;
37609 : 3D;
37610 : 3D;
37611 : 1D;
37612 : 1D;
37613 : 1D;
37614 : 1D;
37615 : 1D;
37616 : 1D;
37617 : 1D;
37618 : 1D;
37619 : 1D;
37620 : 1D;
37621 : 3D;
37622 : 3D;
37623 : 3D;
37624 : 3D;
37625 : 3D;
37626 : 3D;
37627 : 3D;
37628 : 3D;
37629 : 3D;
37630 : 3D;
37631 : 3D;
37632 : 1D;
37633 : 1D;
37634 : 1D;
37635 : 1D;
37636 : 1D;
37637 : 1D;
37638 : 1D;
37639 : 1D;
37640 : 1D;
37641 : 1D;
37642 : 3D;
37643 : 3D;
37644 : 3D;
37645 : 3D;
37646 : 3D;
37647 : 3D;
37648 : 3D;
37649 : 3D;
37650 : 3D;
37651 : 3D;
37652 : 1D;
37653 : 1D;
37654 : 1D;
37655 : 1D;
37656 : 1D;
37657 : 1D;
37658 : 1D;
37659 : 1D;
37660 : 1D;
37661 : 1D;
37662 : 3D;
37663 : 3D;
37664 : 3D;
37665 : 3D;
37666 : 3D;
37667 : 3D;
37668 : 3D;
37669 : 3D;
37670 : 3D;
37671 : 3D;
37672 : 1D;
37673 : 1D;
37674 : 1D;
37675 : 1D;
37676 : 1D;
37677 : 1D;
37678 : 1D;
37679 : 1D;
37680 : 1D;
37681 : 1D;
37682 : 3D;
37683 : 3D;
37684 : 3D;
37685 : 3D;
37686 : 3D;
37687 : 3D;
37688 : 3D;
37689 : 3D;
37690 : 3D;
37691 : 3D;
37692 : 1D;
37693 : 1D;
37694 : 1D;
37695 : 1D;
37696 : 1D;
37697 : 1D;
37698 : 1D;
37699 : 1D;
37700 : 1D;
37701 : 1D;
37702 : 3D;
37703 : 3D;
37704 : 3D;
37705 : 3D;
37706 : 3D;
37707 : 3D;
37708 : 3D;
37709 : 3D;
37710 : 3D;
37711 : 3D;
37712 : 1D;
37713 : 1D;
37714 : 1D;
37715 : 1D;
37716 : 1D;
37717 : 1D;
37718 : 1D;
37719 : 1D;
37720 : 1D;
37721 : 1D;
37722 : 3D;
37723 : 3D;
37724 : 3D;
37725 : 3D;
37726 : 3D;
37727 : 3D;
37728 : 3D;
37729 : 3D;
37730 : 3D;
37731 : 3D;
37732 : 1D;
37733 : 1D;
37734 : 1D;
37735 : 1D;
37736 : 1D;
37737 : 1D;
37738 : 1D;
37739 : 1D;
37740 : 1D;
37741 : 1D;
37742 : 1D;
37743 : 3D;
37744 : 3D;
37745 : 3D;
37746 : 3D;
37747 : 3D;
37748 : 3D;
37749 : 3D;
37750 : 3D;
37751 : 3D;
37752 : 3D;
37753 : 10;
37754 : 10;
37755 : 10;
37756 : 10;
37757 : 10;
37758 : 10;
37759 : 10;
37760 : 14;
37761 : 14;
37762 : 14;
37763 : 14;
37764 : 14;
37765 : 14;
37766 : 14;
37767 : 14;
37768 : 14;
37769 : 14;
37770 : 1D;
37771 : 1D;
37772 : 1D;
37773 : 1D;
37774 : 1D;
37775 : 1D;
37776 : 1D;
37777 : 1D;
37778 : 1D;
37779 : 1D;
37780 : 3D;
37781 : 3D;
37782 : 3D;
37783 : 3D;
37784 : 3D;
37785 : 3D;
37786 : 3D;
37787 : 3D;
37788 : 3D;
37789 : 3D;
37790 : 1D;
37791 : 1D;
37792 : 1D;
37793 : 1D;
37794 : 1D;
37795 : 1D;
37796 : 1D;
37797 : 1D;
37798 : 1D;
37799 : 1D;
37800 : 3D;
37801 : 3D;
37802 : 3D;
37803 : 3D;
37804 : 3D;
37805 : 3D;
37806 : 3D;
37807 : 3D;
37808 : 3D;
37809 : 3D;
37810 : 1D;
37811 : 1D;
37812 : 1D;
37813 : 1D;
37814 : 1D;
37815 : 1D;
37816 : 1D;
37817 : 1D;
37818 : 1D;
37819 : 1D;
37820 : 3D;
37821 : 3D;
37822 : 3D;
37823 : 3D;
37824 : 3D;
37825 : 3D;
37826 : 3D;
37827 : 3D;
37828 : 3D;
37829 : 3D;
37830 : 1D;
37831 : 1D;
37832 : 1D;
37833 : 1D;
37834 : 1D;
37835 : 1D;
37836 : 1D;
37837 : 1D;
37838 : 1D;
37839 : 1D;
37840 : 1D;
37841 : 3D;
37842 : 3D;
37843 : 3D;
37844 : 3D;
37845 : 3D;
37846 : 3D;
37847 : 3D;
37848 : 3D;
37849 : 3D;
37850 : 3D;
37851 : 1D;
37852 : 1D;
37853 : 1D;
37854 : 1D;
37855 : 1D;
37856 : 1D;
37857 : 1D;
37858 : 1D;
37859 : 1D;
37860 : 1D;
37861 : 3D;
37862 : 3D;
37863 : 3D;
37864 : 3D;
37865 : 3D;
37866 : 3D;
37867 : 3D;
37868 : 3D;
37869 : 3D;
37870 : 3D;
37871 : 1D;
37872 : 1D;
37873 : 1D;
37874 : 1D;
37875 : 1D;
37876 : 1D;
37877 : 1D;
37878 : 1D;
37879 : 1D;
37880 : 1D;
37881 : 3D;
37882 : 3D;
37883 : 3D;
37884 : 3D;
37885 : 3D;
37886 : 3D;
37887 : 3D;
37888 : 3D;
37889 : 3D;
37890 : 3D;
37891 : 1D;
37892 : 1D;
37893 : 1D;
37894 : 1D;
37895 : 1D;
37896 : 1D;
37897 : 1D;
37898 : 1D;
37899 : 1D;
37900 : 1D;
37901 : 3D;
37902 : 3D;
37903 : 3D;
37904 : 3D;
37905 : 3D;
37906 : 3D;
37907 : 3D;
37908 : 3D;
37909 : 3D;
37910 : 3D;
37911 : 1D;
37912 : 1D;
37913 : 1D;
37914 : 1D;
37915 : 1D;
37916 : 1D;
37917 : 1D;
37918 : 1D;
37919 : 1D;
37920 : 1D;
37921 : 3D;
37922 : 3D;
37923 : 3D;
37924 : 3D;
37925 : 3D;
37926 : 3D;
37927 : 3D;
37928 : 3D;
37929 : 3D;
37930 : 3D;
37931 : 1D;
37932 : 1D;
37933 : 1D;
37934 : 1D;
37935 : 1D;
37936 : 1D;
37937 : 1D;
37938 : 1D;
37939 : 1D;
37940 : 1D;
37941 : 3D;
37942 : 3D;
37943 : 3D;
37944 : 3D;
37945 : 3D;
37946 : 3D;
37947 : 3D;
37948 : 3D;
37949 : 3D;
37950 : 3D;
37951 : 3D;
37952 : 1D;
37953 : 1D;
37954 : 1D;
37955 : 1D;
37956 : 1D;
37957 : 1D;
37958 : 1D;
37959 : 1D;
37960 : 1D;
37961 : 1D;
37962 : 3D;
37963 : 3D;
37964 : 3D;
37965 : 3D;
37966 : 3D;
37967 : 3D;
37968 : 3D;
37969 : 3D;
37970 : 3D;
37971 : 3D;
37972 : 1D;
37973 : 1D;
37974 : 1D;
37975 : 1D;
37976 : 1D;
37977 : 1D;
37978 : 1D;
37979 : 1D;
37980 : 1D;
37981 : 1D;
37982 : 3D;
37983 : 3D;
37984 : 3D;
37985 : 3D;
37986 : 3D;
37987 : 3D;
37988 : 3D;
37989 : 3D;
37990 : 3D;
37991 : 3D;
37992 : 1D;
37993 : 1D;
37994 : 1D;
37995 : 1D;
37996 : 1D;
37997 : 1D;
37998 : 1D;
37999 : 1D;
38000 : 1D;
38001 : 1D;
38002 : 3D;
38003 : 3D;
38004 : 3D;
38005 : 3D;
38006 : 3D;
38007 : 3D;
38008 : 3D;
38009 : 3D;
38010 : 3D;
38011 : 3D;
38012 : 1D;
38013 : 1D;
38014 : 1D;
38015 : 1D;
38016 : 1D;
38017 : 1D;
38018 : 1D;
38019 : 1D;
38020 : 1D;
38021 : 1D;
38022 : 3D;
38023 : 3D;
38024 : 3D;
38025 : 3D;
38026 : 3D;
38027 : 3D;
38028 : 3D;
38029 : 3D;
38030 : 3D;
38031 : 3D;
38032 : 1D;
38033 : 1D;
38034 : 1D;
38035 : 1D;
38036 : 1D;
38037 : 1D;
38038 : 1D;
38039 : 1D;
38040 : 1D;
38041 : 1D;
38042 : 3D;
38043 : 3D;
38044 : 3D;
38045 : 3D;
38046 : 3D;
38047 : 3D;
38048 : 3D;
38049 : 3D;
38050 : 3D;
38051 : 3D;
38052 : 1D;
38053 : 1D;
38054 : 1D;
38055 : 1D;
38056 : 1D;
38057 : 1D;
38058 : 1D;
38059 : 1D;
38060 : 1D;
38061 : 1D;
38062 : 1D;
38063 : 3D;
38064 : 3D;
38065 : 3D;
38066 : 3D;
38067 : 3D;
38068 : 3D;
38069 : 3D;
38070 : 3D;
38071 : 3D;
38072 : 3D;
38073 : 10;
38074 : 10;
38075 : 10;
38076 : 10;
38077 : 10;
38078 : 10;
38079 : 10;
38080 : 14;
38081 : 14;
38082 : 14;
38083 : 14;
38084 : 14;
38085 : 14;
38086 : 14;
38087 : 14;
38088 : 14;
38089 : 14;
38090 : 1D;
38091 : 1D;
38092 : 1D;
38093 : 1D;
38094 : 1D;
38095 : 1D;
38096 : 1D;
38097 : 1D;
38098 : 1D;
38099 : 1D;
38100 : 3D;
38101 : 3D;
38102 : 3D;
38103 : 3D;
38104 : 3D;
38105 : 3D;
38106 : 3D;
38107 : 3D;
38108 : 3D;
38109 : 3D;
38110 : 1D;
38111 : 1D;
38112 : 1D;
38113 : 1D;
38114 : 1D;
38115 : 1D;
38116 : 1D;
38117 : 1D;
38118 : 1D;
38119 : 1D;
38120 : 3D;
38121 : 3D;
38122 : 3D;
38123 : 3D;
38124 : 3D;
38125 : 3D;
38126 : 3D;
38127 : 3D;
38128 : 3D;
38129 : 3D;
38130 : 1D;
38131 : 1D;
38132 : 1D;
38133 : 1D;
38134 : 1D;
38135 : 1D;
38136 : 1D;
38137 : 1D;
38138 : 1D;
38139 : 1D;
38140 : 3D;
38141 : 3D;
38142 : 3D;
38143 : 3D;
38144 : 3D;
38145 : 3D;
38146 : 3D;
38147 : 3D;
38148 : 3D;
38149 : 3D;
38150 : 1D;
38151 : 1D;
38152 : 1D;
38153 : 1D;
38154 : 1D;
38155 : 1D;
38156 : 1D;
38157 : 1D;
38158 : 1D;
38159 : 1D;
38160 : 1D;
38161 : 3D;
38162 : 3D;
38163 : 3D;
38164 : 3D;
38165 : 3D;
38166 : 3D;
38167 : 3D;
38168 : 3D;
38169 : 3D;
38170 : 3D;
38171 : 1D;
38172 : 1D;
38173 : 1D;
38174 : 1D;
38175 : 1D;
38176 : 1D;
38177 : 1D;
38178 : 1D;
38179 : 1D;
38180 : 1D;
38181 : 3D;
38182 : 3D;
38183 : 3D;
38184 : 3D;
38185 : 3D;
38186 : 3D;
38187 : 3D;
38188 : 3D;
38189 : 3D;
38190 : 3D;
38191 : 1D;
38192 : 1D;
38193 : 1D;
38194 : 1D;
38195 : 1D;
38196 : 1D;
38197 : 1D;
38198 : 1D;
38199 : 1D;
38200 : 1D;
38201 : 3D;
38202 : 3D;
38203 : 3D;
38204 : 3D;
38205 : 3D;
38206 : 3D;
38207 : 3D;
38208 : 3D;
38209 : 3D;
38210 : 3D;
38211 : 1D;
38212 : 1D;
38213 : 1D;
38214 : 1D;
38215 : 1D;
38216 : 1D;
38217 : 1D;
38218 : 1D;
38219 : 1D;
38220 : 1D;
38221 : 3D;
38222 : 3D;
38223 : 3D;
38224 : 3D;
38225 : 3D;
38226 : 3D;
38227 : 3D;
38228 : 3D;
38229 : 3D;
38230 : 3D;
38231 : 1D;
38232 : 1D;
38233 : 1D;
38234 : 1D;
38235 : 1D;
38236 : 1D;
38237 : 1D;
38238 : 1D;
38239 : 1D;
38240 : 1D;
38241 : 3D;
38242 : 3D;
38243 : 3D;
38244 : 3D;
38245 : 3D;
38246 : 3D;
38247 : 3D;
38248 : 3D;
38249 : 3D;
38250 : 3D;
38251 : 1D;
38252 : 1D;
38253 : 1D;
38254 : 1D;
38255 : 1D;
38256 : 1D;
38257 : 1D;
38258 : 1D;
38259 : 1D;
38260 : 1D;
38261 : 3D;
38262 : 3D;
38263 : 3D;
38264 : 3D;
38265 : 3D;
38266 : 3D;
38267 : 3D;
38268 : 3D;
38269 : 3D;
38270 : 3D;
38271 : 3D;
38272 : 1D;
38273 : 1D;
38274 : 1D;
38275 : 1D;
38276 : 1D;
38277 : 1D;
38278 : 1D;
38279 : 1D;
38280 : 1D;
38281 : 1D;
38282 : 3D;
38283 : 3D;
38284 : 3D;
38285 : 3D;
38286 : 3D;
38287 : 3D;
38288 : 3D;
38289 : 3D;
38290 : 3D;
38291 : 3D;
38292 : 1D;
38293 : 1D;
38294 : 1D;
38295 : 1D;
38296 : 1D;
38297 : 1D;
38298 : 1D;
38299 : 1D;
38300 : 1D;
38301 : 1D;
38302 : 3D;
38303 : 3D;
38304 : 3D;
38305 : 3D;
38306 : 3D;
38307 : 3D;
38308 : 3D;
38309 : 3D;
38310 : 3D;
38311 : 3D;
38312 : 1D;
38313 : 1D;
38314 : 1D;
38315 : 1D;
38316 : 1D;
38317 : 1D;
38318 : 1D;
38319 : 1D;
38320 : 1D;
38321 : 1D;
38322 : 3D;
38323 : 3D;
38324 : 3D;
38325 : 3D;
38326 : 3D;
38327 : 3D;
38328 : 3D;
38329 : 3D;
38330 : 3D;
38331 : 3D;
38332 : 1D;
38333 : 1D;
38334 : 1D;
38335 : 1D;
38336 : 1D;
38337 : 1D;
38338 : 1D;
38339 : 1D;
38340 : 1D;
38341 : 1D;
38342 : 3D;
38343 : 3D;
38344 : 3D;
38345 : 3D;
38346 : 3D;
38347 : 3D;
38348 : 3D;
38349 : 3D;
38350 : 3D;
38351 : 3D;
38352 : 1D;
38353 : 1D;
38354 : 1D;
38355 : 1D;
38356 : 1D;
38357 : 1D;
38358 : 1D;
38359 : 1D;
38360 : 1D;
38361 : 1D;
38362 : 3D;
38363 : 3D;
38364 : 3D;
38365 : 3D;
38366 : 3D;
38367 : 3D;
38368 : 3D;
38369 : 3D;
38370 : 3D;
38371 : 3D;
38372 : 1D;
38373 : 1D;
38374 : 1D;
38375 : 1D;
38376 : 1D;
38377 : 1D;
38378 : 1D;
38379 : 1D;
38380 : 1D;
38381 : 1D;
38382 : 1D;
38383 : 3D;
38384 : 3D;
38385 : 3D;
38386 : 3D;
38387 : 3D;
38388 : 3D;
38389 : 3D;
38390 : 3D;
38391 : 3D;
38392 : 3D;
38393 : 10;
38394 : 10;
38395 : 10;
38396 : 10;
38397 : 10;
38398 : 10;
38399 : 10;
38400 : 10;
38401 : 10;
38402 : 10;
38403 : 10;
38404 : 10;
38405 : 10;
38406 : 10;
38407 : 10;
38408 : 10;
38409 : 10;
38410 : 3D;
38411 : 3D;
38412 : 3D;
38413 : 3D;
38414 : 3D;
38415 : 3D;
38416 : 3D;
38417 : 3D;
38418 : 3D;
38419 : 3D;
38420 : 1D;
38421 : 1D;
38422 : 1D;
38423 : 1D;
38424 : 1D;
38425 : 1D;
38426 : 1D;
38427 : 1D;
38428 : 1D;
38429 : 1D;
38430 : 3D;
38431 : 3D;
38432 : 3D;
38433 : 3D;
38434 : 3D;
38435 : 3D;
38436 : 3D;
38437 : 3D;
38438 : 3D;
38439 : 3D;
38440 : 1D;
38441 : 1D;
38442 : 1D;
38443 : 1D;
38444 : 1D;
38445 : 1D;
38446 : 1D;
38447 : 1D;
38448 : 1D;
38449 : 1D;
38450 : 3D;
38451 : 3D;
38452 : 3D;
38453 : 3D;
38454 : 3D;
38455 : 3D;
38456 : 3D;
38457 : 3D;
38458 : 3D;
38459 : 3D;
38460 : 1D;
38461 : 1D;
38462 : 1D;
38463 : 1D;
38464 : 1D;
38465 : 1D;
38466 : 1D;
38467 : 1D;
38468 : 1D;
38469 : 1D;
38470 : 3D;
38471 : 3D;
38472 : 3D;
38473 : 3D;
38474 : 3D;
38475 : 3D;
38476 : 3D;
38477 : 3D;
38478 : 3D;
38479 : 3D;
38480 : 3D;
38481 : 1D;
38482 : 1D;
38483 : 1D;
38484 : 1D;
38485 : 1D;
38486 : 1D;
38487 : 1D;
38488 : 1D;
38489 : 1D;
38490 : 1D;
38491 : 3D;
38492 : 3D;
38493 : 3D;
38494 : 3D;
38495 : 3D;
38496 : 3D;
38497 : 3D;
38498 : 3D;
38499 : 3D;
38500 : 3D;
38501 : 1D;
38502 : 1D;
38503 : 1D;
38504 : 1D;
38505 : 1D;
38506 : 1D;
38507 : 1D;
38508 : 1D;
38509 : 1D;
38510 : 1D;
38511 : 3D;
38512 : 3D;
38513 : 3D;
38514 : 3D;
38515 : 3D;
38516 : 3D;
38517 : 3D;
38518 : 3D;
38519 : 3D;
38520 : 3D;
38521 : 1D;
38522 : 1D;
38523 : 1D;
38524 : 1D;
38525 : 1D;
38526 : 1D;
38527 : 1D;
38528 : 1D;
38529 : 1D;
38530 : 1D;
38531 : 3D;
38532 : 3D;
38533 : 3D;
38534 : 3D;
38535 : 3D;
38536 : 3D;
38537 : 3D;
38538 : 3D;
38539 : 3D;
38540 : 3D;
38541 : 1D;
38542 : 1D;
38543 : 1D;
38544 : 1D;
38545 : 1D;
38546 : 1D;
38547 : 1D;
38548 : 1D;
38549 : 1D;
38550 : 1D;
38551 : 3D;
38552 : 3D;
38553 : 3D;
38554 : 3D;
38555 : 3D;
38556 : 3D;
38557 : 3D;
38558 : 3D;
38559 : 3D;
38560 : 3D;
38561 : 1D;
38562 : 1D;
38563 : 1D;
38564 : 1D;
38565 : 1D;
38566 : 1D;
38567 : 1D;
38568 : 1D;
38569 : 1D;
38570 : 1D;
38571 : 3D;
38572 : 3D;
38573 : 3D;
38574 : 3D;
38575 : 3D;
38576 : 3D;
38577 : 3D;
38578 : 3D;
38579 : 3D;
38580 : 3D;
38581 : 1D;
38582 : 1D;
38583 : 1D;
38584 : 1D;
38585 : 1D;
38586 : 1D;
38587 : 1D;
38588 : 1D;
38589 : 1D;
38590 : 1D;
38591 : 1D;
38592 : 3D;
38593 : 3D;
38594 : 3D;
38595 : 3D;
38596 : 3D;
38597 : 3D;
38598 : 3D;
38599 : 3D;
38600 : 3D;
38601 : 3D;
38602 : 1D;
38603 : 1D;
38604 : 1D;
38605 : 1D;
38606 : 1D;
38607 : 1D;
38608 : 1D;
38609 : 1D;
38610 : 1D;
38611 : 1D;
38612 : 3D;
38613 : 3D;
38614 : 3D;
38615 : 3D;
38616 : 3D;
38617 : 3D;
38618 : 3D;
38619 : 3D;
38620 : 3D;
38621 : 3D;
38622 : 1D;
38623 : 1D;
38624 : 1D;
38625 : 1D;
38626 : 1D;
38627 : 1D;
38628 : 1D;
38629 : 1D;
38630 : 1D;
38631 : 1D;
38632 : 3D;
38633 : 3D;
38634 : 3D;
38635 : 3D;
38636 : 3D;
38637 : 3D;
38638 : 3D;
38639 : 3D;
38640 : 3D;
38641 : 3D;
38642 : 1D;
38643 : 1D;
38644 : 1D;
38645 : 1D;
38646 : 1D;
38647 : 1D;
38648 : 1D;
38649 : 1D;
38650 : 1D;
38651 : 1D;
38652 : 3D;
38653 : 3D;
38654 : 3D;
38655 : 3D;
38656 : 3D;
38657 : 3D;
38658 : 3D;
38659 : 3D;
38660 : 3D;
38661 : 3D;
38662 : 1D;
38663 : 1D;
38664 : 1D;
38665 : 1D;
38666 : 1D;
38667 : 1D;
38668 : 1D;
38669 : 1D;
38670 : 1D;
38671 : 1D;
38672 : 3D;
38673 : 3D;
38674 : 3D;
38675 : 3D;
38676 : 3D;
38677 : 3D;
38678 : 3D;
38679 : 3D;
38680 : 3D;
38681 : 3D;
38682 : 1D;
38683 : 1D;
38684 : 1D;
38685 : 1D;
38686 : 1D;
38687 : 1D;
38688 : 1D;
38689 : 1D;
38690 : 1D;
38691 : 1D;
38692 : 3D;
38693 : 3D;
38694 : 3D;
38695 : 3D;
38696 : 3D;
38697 : 3D;
38698 : 3D;
38699 : 3D;
38700 : 3D;
38701 : 3D;
38702 : 3D;
38703 : 1D;
38704 : 1D;
38705 : 1D;
38706 : 1D;
38707 : 1D;
38708 : 1D;
38709 : 1D;
38710 : 1D;
38711 : 1D;
38712 : 1D;
38713 : 14;
38714 : 14;
38715 : 14;
38716 : 14;
38717 : 14;
38718 : 14;
38719 : 14;
38720 : 10;
38721 : 10;
38722 : 10;
38723 : 10;
38724 : 10;
38725 : 10;
38726 : 10;
38727 : 10;
38728 : 10;
38729 : 10;
38730 : 3D;
38731 : 3D;
38732 : 3D;
38733 : 3D;
38734 : 3D;
38735 : 3D;
38736 : 3D;
38737 : 3D;
38738 : 3D;
38739 : 3D;
38740 : 1D;
38741 : 1D;
38742 : 1D;
38743 : 1D;
38744 : 1D;
38745 : 1D;
38746 : 1D;
38747 : 1D;
38748 : 1D;
38749 : 1D;
38750 : 3D;
38751 : 3D;
38752 : 3D;
38753 : 3D;
38754 : 3D;
38755 : 3D;
38756 : 3D;
38757 : 3D;
38758 : 3D;
38759 : 3D;
38760 : 1D;
38761 : 1D;
38762 : 1D;
38763 : 1D;
38764 : 1D;
38765 : 1D;
38766 : 1D;
38767 : 1D;
38768 : 1D;
38769 : 1D;
38770 : 3D;
38771 : 3D;
38772 : 3D;
38773 : 3D;
38774 : 3D;
38775 : 3D;
38776 : 3D;
38777 : 3D;
38778 : 3D;
38779 : 3D;
38780 : 1D;
38781 : 1D;
38782 : 1D;
38783 : 1D;
38784 : 1D;
38785 : 1D;
38786 : 1D;
38787 : 1D;
38788 : 1D;
38789 : 1D;
38790 : 3D;
38791 : 3D;
38792 : 3D;
38793 : 3D;
38794 : 3D;
38795 : 3D;
38796 : 3D;
38797 : 3D;
38798 : 3D;
38799 : 3D;
38800 : 3D;
38801 : 1D;
38802 : 1D;
38803 : 1D;
38804 : 1D;
38805 : 1D;
38806 : 1D;
38807 : 1D;
38808 : 1D;
38809 : 1D;
38810 : 1D;
38811 : 3D;
38812 : 3D;
38813 : 3D;
38814 : 3D;
38815 : 3D;
38816 : 3D;
38817 : 3D;
38818 : 3D;
38819 : 3D;
38820 : 3D;
38821 : 1D;
38822 : 1D;
38823 : 1D;
38824 : 1D;
38825 : 1D;
38826 : 1D;
38827 : 1D;
38828 : 1D;
38829 : 1D;
38830 : 1D;
38831 : 3D;
38832 : 3D;
38833 : 3D;
38834 : 3D;
38835 : 3D;
38836 : 3D;
38837 : 3D;
38838 : 3D;
38839 : 3D;
38840 : 3D;
38841 : 1D;
38842 : 1D;
38843 : 1D;
38844 : 1D;
38845 : 1D;
38846 : 1D;
38847 : 1D;
38848 : 1D;
38849 : 1D;
38850 : 1D;
38851 : 3D;
38852 : 3D;
38853 : 3D;
38854 : 3D;
38855 : 3D;
38856 : 3D;
38857 : 3D;
38858 : 3D;
38859 : 3D;
38860 : 3D;
38861 : 1D;
38862 : 1D;
38863 : 1D;
38864 : 1D;
38865 : 1D;
38866 : 1D;
38867 : 1D;
38868 : 1D;
38869 : 1D;
38870 : 1D;
38871 : 3D;
38872 : 3D;
38873 : 3D;
38874 : 3D;
38875 : 3D;
38876 : 3D;
38877 : 3D;
38878 : 3D;
38879 : 3D;
38880 : 3D;
38881 : 1D;
38882 : 1D;
38883 : 1D;
38884 : 1D;
38885 : 1D;
38886 : 1D;
38887 : 1D;
38888 : 1D;
38889 : 1D;
38890 : 1D;
38891 : 3D;
38892 : 3D;
38893 : 3D;
38894 : 3D;
38895 : 3D;
38896 : 3D;
38897 : 3D;
38898 : 3D;
38899 : 3D;
38900 : 3D;
38901 : 1D;
38902 : 1D;
38903 : 1D;
38904 : 1D;
38905 : 1D;
38906 : 1D;
38907 : 1D;
38908 : 1D;
38909 : 1D;
38910 : 1D;
38911 : 1D;
38912 : 3D;
38913 : 3D;
38914 : 3D;
38915 : 3D;
38916 : 3D;
38917 : 3D;
38918 : 3D;
38919 : 3D;
38920 : 3D;
38921 : 3D;
38922 : 1D;
38923 : 1D;
38924 : 1D;
38925 : 1D;
38926 : 1D;
38927 : 1D;
38928 : 1D;
38929 : 1D;
38930 : 1D;
38931 : 1D;
38932 : 3D;
38933 : 3D;
38934 : 3D;
38935 : 3D;
38936 : 3D;
38937 : 3D;
38938 : 3D;
38939 : 3D;
38940 : 3D;
38941 : 3D;
38942 : 1D;
38943 : 1D;
38944 : 1D;
38945 : 1D;
38946 : 1D;
38947 : 1D;
38948 : 1D;
38949 : 1D;
38950 : 1D;
38951 : 1D;
38952 : 3D;
38953 : 3D;
38954 : 3D;
38955 : 3D;
38956 : 3D;
38957 : 3D;
38958 : 3D;
38959 : 3D;
38960 : 3D;
38961 : 3D;
38962 : 1D;
38963 : 1D;
38964 : 1D;
38965 : 1D;
38966 : 1D;
38967 : 1D;
38968 : 1D;
38969 : 1D;
38970 : 1D;
38971 : 1D;
38972 : 3D;
38973 : 3D;
38974 : 3D;
38975 : 3D;
38976 : 3D;
38977 : 3D;
38978 : 3D;
38979 : 3D;
38980 : 3D;
38981 : 3D;
38982 : 1D;
38983 : 1D;
38984 : 1D;
38985 : 1D;
38986 : 1D;
38987 : 1D;
38988 : 1D;
38989 : 1D;
38990 : 1D;
38991 : 1D;
38992 : 3D;
38993 : 3D;
38994 : 3D;
38995 : 3D;
38996 : 3D;
38997 : 3D;
38998 : 3D;
38999 : 3D;
39000 : 3D;
39001 : 3D;
39002 : 1D;
39003 : 1D;
39004 : 1D;
39005 : 1D;
39006 : 1D;
39007 : 1D;
39008 : 1D;
39009 : 1D;
39010 : 1D;
39011 : 1D;
39012 : 3D;
39013 : 3D;
39014 : 3D;
39015 : 3D;
39016 : 3D;
39017 : 3D;
39018 : 3D;
39019 : 3D;
39020 : 3D;
39021 : 3D;
39022 : 3D;
39023 : 1D;
39024 : 1D;
39025 : 1D;
39026 : 1D;
39027 : 1D;
39028 : 1D;
39029 : 1D;
39030 : 1D;
39031 : 1D;
39032 : 1D;
39033 : 14;
39034 : 14;
39035 : 14;
39036 : 14;
39037 : 14;
39038 : 14;
39039 : 14;
39040 : 10;
39041 : 10;
39042 : 10;
39043 : 10;
39044 : 10;
39045 : 10;
39046 : 10;
39047 : 10;
39048 : 10;
39049 : 10;
39050 : 3D;
39051 : 3D;
39052 : 3D;
39053 : 3D;
39054 : 3D;
39055 : 3D;
39056 : 3D;
39057 : 3D;
39058 : 3D;
39059 : 3D;
39060 : 1D;
39061 : 1D;
39062 : 1D;
39063 : 1D;
39064 : 1D;
39065 : 1D;
39066 : 1D;
39067 : 1D;
39068 : 1D;
39069 : 1D;
39070 : 3D;
39071 : 3D;
39072 : 3D;
39073 : 3D;
39074 : 3D;
39075 : 3D;
39076 : 3D;
39077 : 3D;
39078 : 3D;
39079 : 3D;
39080 : 1D;
39081 : 1D;
39082 : 1D;
39083 : 1D;
39084 : 1D;
39085 : 1D;
39086 : 1D;
39087 : 1D;
39088 : 1D;
39089 : 1D;
39090 : 3D;
39091 : 3D;
39092 : 3D;
39093 : 3D;
39094 : 3D;
39095 : 3D;
39096 : 3D;
39097 : 3D;
39098 : 3D;
39099 : 3D;
39100 : 1D;
39101 : 1D;
39102 : 1D;
39103 : 1D;
39104 : 1D;
39105 : 1D;
39106 : 1D;
39107 : 1D;
39108 : 1D;
39109 : 1D;
39110 : 3D;
39111 : 3D;
39112 : 3D;
39113 : 3D;
39114 : 3D;
39115 : 3D;
39116 : 3D;
39117 : 3D;
39118 : 3D;
39119 : 3D;
39120 : 3D;
39121 : 1D;
39122 : 1D;
39123 : 1D;
39124 : 1D;
39125 : 1D;
39126 : 1D;
39127 : 1D;
39128 : 1D;
39129 : 1D;
39130 : 1D;
39131 : 3D;
39132 : 3D;
39133 : 3D;
39134 : 3D;
39135 : 3D;
39136 : 3D;
39137 : 3D;
39138 : 3D;
39139 : 3D;
39140 : 3D;
39141 : 1D;
39142 : 1D;
39143 : 1D;
39144 : 1D;
39145 : 1D;
39146 : 1D;
39147 : 1D;
39148 : 1D;
39149 : 1D;
39150 : 1D;
39151 : 3D;
39152 : 3D;
39153 : 3D;
39154 : 3D;
39155 : 3D;
39156 : 3D;
39157 : 3D;
39158 : 3D;
39159 : 3D;
39160 : 3D;
39161 : 1D;
39162 : 1D;
39163 : 1D;
39164 : 1D;
39165 : 1D;
39166 : 1D;
39167 : 1D;
39168 : 1D;
39169 : 1D;
39170 : 1D;
39171 : 3D;
39172 : 3D;
39173 : 3D;
39174 : 3D;
39175 : 3D;
39176 : 3D;
39177 : 3D;
39178 : 3D;
39179 : 3D;
39180 : 3D;
39181 : 1D;
39182 : 1D;
39183 : 1D;
39184 : 1D;
39185 : 1D;
39186 : 1D;
39187 : 1D;
39188 : 1D;
39189 : 1D;
39190 : 1D;
39191 : 3D;
39192 : 3D;
39193 : 3D;
39194 : 3D;
39195 : 3D;
39196 : 3D;
39197 : 3D;
39198 : 3D;
39199 : 3D;
39200 : 3D;
39201 : 1D;
39202 : 1D;
39203 : 1D;
39204 : 1D;
39205 : 1D;
39206 : 1D;
39207 : 1D;
39208 : 1D;
39209 : 1D;
39210 : 1D;
39211 : 3D;
39212 : 3D;
39213 : 3D;
39214 : 3D;
39215 : 3D;
39216 : 3D;
39217 : 3D;
39218 : 3D;
39219 : 3D;
39220 : 3D;
39221 : 1D;
39222 : 1D;
39223 : 1D;
39224 : 1D;
39225 : 1D;
39226 : 1D;
39227 : 1D;
39228 : 1D;
39229 : 1D;
39230 : 1D;
39231 : 1D;
39232 : 3D;
39233 : 3D;
39234 : 3D;
39235 : 3D;
39236 : 3D;
39237 : 3D;
39238 : 3D;
39239 : 3D;
39240 : 3D;
39241 : 3D;
39242 : 1D;
39243 : 1D;
39244 : 1D;
39245 : 1D;
39246 : 1D;
39247 : 1D;
39248 : 1D;
39249 : 1D;
39250 : 1D;
39251 : 1D;
39252 : 3D;
39253 : 3D;
39254 : 3D;
39255 : 3D;
39256 : 3D;
39257 : 3D;
39258 : 3D;
39259 : 3D;
39260 : 3D;
39261 : 3D;
39262 : 1D;
39263 : 1D;
39264 : 1D;
39265 : 1D;
39266 : 1D;
39267 : 1D;
39268 : 1D;
39269 : 1D;
39270 : 1D;
39271 : 1D;
39272 : 3D;
39273 : 3D;
39274 : 3D;
39275 : 3D;
39276 : 3D;
39277 : 3D;
39278 : 3D;
39279 : 3D;
39280 : 3D;
39281 : 3D;
39282 : 1D;
39283 : 1D;
39284 : 1D;
39285 : 1D;
39286 : 1D;
39287 : 1D;
39288 : 1D;
39289 : 1D;
39290 : 1D;
39291 : 1D;
39292 : 3D;
39293 : 3D;
39294 : 3D;
39295 : 3D;
39296 : 3D;
39297 : 3D;
39298 : 3D;
39299 : 3D;
39300 : 3D;
39301 : 3D;
39302 : 1D;
39303 : 1D;
39304 : 1D;
39305 : 1D;
39306 : 1D;
39307 : 1D;
39308 : 1D;
39309 : 1D;
39310 : 1D;
39311 : 1D;
39312 : 3D;
39313 : 3D;
39314 : 3D;
39315 : 3D;
39316 : 3D;
39317 : 3D;
39318 : 3D;
39319 : 3D;
39320 : 3D;
39321 : 3D;
39322 : 1D;
39323 : 1D;
39324 : 1D;
39325 : 1D;
39326 : 1D;
39327 : 1D;
39328 : 1D;
39329 : 1D;
39330 : 1D;
39331 : 1D;
39332 : 3D;
39333 : 3D;
39334 : 3D;
39335 : 3D;
39336 : 3D;
39337 : 3D;
39338 : 3D;
39339 : 3D;
39340 : 3D;
39341 : 3D;
39342 : 3D;
39343 : 1D;
39344 : 1D;
39345 : 1D;
39346 : 1D;
39347 : 1D;
39348 : 1D;
39349 : 1D;
39350 : 1D;
39351 : 1D;
39352 : 1D;
39353 : 14;
39354 : 14;
39355 : 14;
39356 : 14;
39357 : 14;
39358 : 14;
39359 : 14;
39360 : 10;
39361 : 10;
39362 : 10;
39363 : 10;
39364 : 10;
39365 : 10;
39366 : 10;
39367 : 10;
39368 : 10;
39369 : 10;
39370 : 3D;
39371 : 3D;
39372 : 3D;
39373 : 3D;
39374 : 3D;
39375 : 3D;
39376 : 3D;
39377 : 3D;
39378 : 3D;
39379 : 3D;
39380 : 1D;
39381 : 1D;
39382 : 1D;
39383 : 1D;
39384 : 1D;
39385 : 1D;
39386 : 1D;
39387 : 1D;
39388 : 1D;
39389 : 1D;
39390 : 3D;
39391 : 3D;
39392 : 3D;
39393 : 3D;
39394 : 3D;
39395 : 3D;
39396 : 3D;
39397 : 3D;
39398 : 3D;
39399 : 3D;
39400 : 1D;
39401 : 1D;
39402 : 1D;
39403 : 1D;
39404 : 1D;
39405 : 1D;
39406 : 1D;
39407 : 1D;
39408 : 1D;
39409 : 1D;
39410 : 3D;
39411 : 3D;
39412 : 3D;
39413 : 3D;
39414 : 3D;
39415 : 3D;
39416 : 3D;
39417 : 3D;
39418 : 3D;
39419 : 3D;
39420 : 1D;
39421 : 1D;
39422 : 1D;
39423 : 1D;
39424 : 1D;
39425 : 1D;
39426 : 1D;
39427 : 1D;
39428 : 1D;
39429 : 1D;
39430 : 3D;
39431 : 3D;
39432 : 3D;
39433 : 3D;
39434 : 3D;
39435 : 3D;
39436 : 3D;
39437 : 3D;
39438 : 3D;
39439 : 3D;
39440 : 3D;
39441 : 1D;
39442 : 1D;
39443 : 1D;
39444 : 1D;
39445 : 1D;
39446 : 1D;
39447 : 1D;
39448 : 1D;
39449 : 1D;
39450 : 1D;
39451 : 3D;
39452 : 3D;
39453 : 3D;
39454 : 3D;
39455 : 3D;
39456 : 3D;
39457 : 3D;
39458 : 3D;
39459 : 3D;
39460 : 3D;
39461 : 1D;
39462 : 1D;
39463 : 1D;
39464 : 1D;
39465 : 1D;
39466 : 1D;
39467 : 1D;
39468 : 1D;
39469 : 1D;
39470 : 1D;
39471 : 3D;
39472 : 3D;
39473 : 3D;
39474 : 3D;
39475 : 3D;
39476 : 3D;
39477 : 3D;
39478 : 3D;
39479 : 3D;
39480 : 3D;
39481 : 1D;
39482 : 1D;
39483 : 1D;
39484 : 1D;
39485 : 1D;
39486 : 1D;
39487 : 1D;
39488 : 1D;
39489 : 1D;
39490 : 1D;
39491 : 3D;
39492 : 3D;
39493 : 3D;
39494 : 3D;
39495 : 3D;
39496 : 3D;
39497 : 3D;
39498 : 3D;
39499 : 3D;
39500 : 3D;
39501 : 1D;
39502 : 1D;
39503 : 1D;
39504 : 1D;
39505 : 1D;
39506 : 1D;
39507 : 1D;
39508 : 1D;
39509 : 1D;
39510 : 1D;
39511 : 3D;
39512 : 3D;
39513 : 3D;
39514 : 3D;
39515 : 3D;
39516 : 3D;
39517 : 3D;
39518 : 3D;
39519 : 3D;
39520 : 3D;
39521 : 1D;
39522 : 1D;
39523 : 1D;
39524 : 1D;
39525 : 1D;
39526 : 1D;
39527 : 1D;
39528 : 1D;
39529 : 1D;
39530 : 1D;
39531 : 3D;
39532 : 3D;
39533 : 3D;
39534 : 3D;
39535 : 3D;
39536 : 3D;
39537 : 3D;
39538 : 3D;
39539 : 3D;
39540 : 3D;
39541 : 1D;
39542 : 1D;
39543 : 1D;
39544 : 1D;
39545 : 1D;
39546 : 1D;
39547 : 1D;
39548 : 1D;
39549 : 1D;
39550 : 1D;
39551 : 1D;
39552 : 3D;
39553 : 3D;
39554 : 3D;
39555 : 3D;
39556 : 3D;
39557 : 3D;
39558 : 3D;
39559 : 3D;
39560 : 3D;
39561 : 3D;
39562 : 1D;
39563 : 1D;
39564 : 1D;
39565 : 1D;
39566 : 1D;
39567 : 1D;
39568 : 1D;
39569 : 1D;
39570 : 1D;
39571 : 1D;
39572 : 3D;
39573 : 3D;
39574 : 3D;
39575 : 3D;
39576 : 3D;
39577 : 3D;
39578 : 3D;
39579 : 3D;
39580 : 3D;
39581 : 3D;
39582 : 1D;
39583 : 1D;
39584 : 1D;
39585 : 1D;
39586 : 1D;
39587 : 1D;
39588 : 1D;
39589 : 1D;
39590 : 1D;
39591 : 1D;
39592 : 3D;
39593 : 3D;
39594 : 3D;
39595 : 3D;
39596 : 3D;
39597 : 3D;
39598 : 3D;
39599 : 3D;
39600 : 3D;
39601 : 3D;
39602 : 1D;
39603 : 1D;
39604 : 1D;
39605 : 1D;
39606 : 1D;
39607 : 1D;
39608 : 1D;
39609 : 1D;
39610 : 1D;
39611 : 1D;
39612 : 3D;
39613 : 3D;
39614 : 3D;
39615 : 3D;
39616 : 3D;
39617 : 3D;
39618 : 3D;
39619 : 3D;
39620 : 3D;
39621 : 3D;
39622 : 1D;
39623 : 1D;
39624 : 1D;
39625 : 1D;
39626 : 1D;
39627 : 1D;
39628 : 1D;
39629 : 1D;
39630 : 1D;
39631 : 1D;
39632 : 3D;
39633 : 3D;
39634 : 3D;
39635 : 3D;
39636 : 3D;
39637 : 3D;
39638 : 3D;
39639 : 3D;
39640 : 3D;
39641 : 3D;
39642 : 1D;
39643 : 1D;
39644 : 1D;
39645 : 1D;
39646 : 1D;
39647 : 1D;
39648 : 1D;
39649 : 1D;
39650 : 1D;
39651 : 1D;
39652 : 3D;
39653 : 3D;
39654 : 3D;
39655 : 3D;
39656 : 3D;
39657 : 3D;
39658 : 3D;
39659 : 3D;
39660 : 3D;
39661 : 3D;
39662 : 3D;
39663 : 1D;
39664 : 1D;
39665 : 1D;
39666 : 1D;
39667 : 1D;
39668 : 1D;
39669 : 1D;
39670 : 1D;
39671 : 1D;
39672 : 1D;
39673 : 14;
39674 : 14;
39675 : 14;
39676 : 14;
39677 : 14;
39678 : 14;
39679 : 14;
39680 : 10;
39681 : 10;
39682 : 10;
39683 : 10;
39684 : 10;
39685 : 10;
39686 : 10;
39687 : 10;
39688 : 10;
39689 : 10;
39690 : 3D;
39691 : 3D;
39692 : 3D;
39693 : 3D;
39694 : 3D;
39695 : 3D;
39696 : 3D;
39697 : 3D;
39698 : 3D;
39699 : 3D;
39700 : 1D;
39701 : 1D;
39702 : 1D;
39703 : 1D;
39704 : 1D;
39705 : 1D;
39706 : 1D;
39707 : 1D;
39708 : 1D;
39709 : 1D;
39710 : 3D;
39711 : 3D;
39712 : 3D;
39713 : 3D;
39714 : 3D;
39715 : 3D;
39716 : 3D;
39717 : 3D;
39718 : 3D;
39719 : 3D;
39720 : 1D;
39721 : 1D;
39722 : 1D;
39723 : 1D;
39724 : 1D;
39725 : 1D;
39726 : 1D;
39727 : 1D;
39728 : 1D;
39729 : 1D;
39730 : 3D;
39731 : 3D;
39732 : 3D;
39733 : 3D;
39734 : 3D;
39735 : 3D;
39736 : 3D;
39737 : 3D;
39738 : 3D;
39739 : 3D;
39740 : 1D;
39741 : 1D;
39742 : 1D;
39743 : 1D;
39744 : 1D;
39745 : 1D;
39746 : 1D;
39747 : 1D;
39748 : 1D;
39749 : 1D;
39750 : 3D;
39751 : 3D;
39752 : 3D;
39753 : 3D;
39754 : 3D;
39755 : 3D;
39756 : 3D;
39757 : 3D;
39758 : 3D;
39759 : 3D;
39760 : 3D;
39761 : 1D;
39762 : 1D;
39763 : 1D;
39764 : 1D;
39765 : 1D;
39766 : 1D;
39767 : 1D;
39768 : 1D;
39769 : 1D;
39770 : 1D;
39771 : 3D;
39772 : 3D;
39773 : 3D;
39774 : 3D;
39775 : 3D;
39776 : 3D;
39777 : 3D;
39778 : 3D;
39779 : 3D;
39780 : 3D;
39781 : 1D;
39782 : 1D;
39783 : 1D;
39784 : 1D;
39785 : 1D;
39786 : 1D;
39787 : 1D;
39788 : 1D;
39789 : 1D;
39790 : 1D;
39791 : 3D;
39792 : 3D;
39793 : 3D;
39794 : 3D;
39795 : 3D;
39796 : 3D;
39797 : 3D;
39798 : 3D;
39799 : 3D;
39800 : 3D;
39801 : 1D;
39802 : 1D;
39803 : 1D;
39804 : 1D;
39805 : 1D;
39806 : 1D;
39807 : 1D;
39808 : 1D;
39809 : 1D;
39810 : 1D;
39811 : 3D;
39812 : 3D;
39813 : 3D;
39814 : 3D;
39815 : 3D;
39816 : 3D;
39817 : 3D;
39818 : 3D;
39819 : 3D;
39820 : 3D;
39821 : 1D;
39822 : 1D;
39823 : 1D;
39824 : 1D;
39825 : 1D;
39826 : 1D;
39827 : 1D;
39828 : 1D;
39829 : 1D;
39830 : 1D;
39831 : 3D;
39832 : 3D;
39833 : 3D;
39834 : 3D;
39835 : 3D;
39836 : 3D;
39837 : 3D;
39838 : 3D;
39839 : 3D;
39840 : 3D;
39841 : 1D;
39842 : 1D;
39843 : 1D;
39844 : 1D;
39845 : 1D;
39846 : 1D;
39847 : 1D;
39848 : 1D;
39849 : 1D;
39850 : 1D;
39851 : 3D;
39852 : 3D;
39853 : 3D;
39854 : 3D;
39855 : 3D;
39856 : 3D;
39857 : 3D;
39858 : 3D;
39859 : 3D;
39860 : 3D;
39861 : 1D;
39862 : 1D;
39863 : 1D;
39864 : 1D;
39865 : 1D;
39866 : 1D;
39867 : 1D;
39868 : 1D;
39869 : 1D;
39870 : 1D;
39871 : 1D;
39872 : 3D;
39873 : 3D;
39874 : 3D;
39875 : 3D;
39876 : 3D;
39877 : 3D;
39878 : 3D;
39879 : 3D;
39880 : 3D;
39881 : 3D;
39882 : 1D;
39883 : 1D;
39884 : 1D;
39885 : 1D;
39886 : 1D;
39887 : 1D;
39888 : 1D;
39889 : 1D;
39890 : 1D;
39891 : 1D;
39892 : 3D;
39893 : 3D;
39894 : 3D;
39895 : 3D;
39896 : 3D;
39897 : 3D;
39898 : 3D;
39899 : 3D;
39900 : 3D;
39901 : 3D;
39902 : 1D;
39903 : 1D;
39904 : 1D;
39905 : 1D;
39906 : 1D;
39907 : 1D;
39908 : 1D;
39909 : 1D;
39910 : 1D;
39911 : 1D;
39912 : 3D;
39913 : 3D;
39914 : 3D;
39915 : 3D;
39916 : 3D;
39917 : 3D;
39918 : 3D;
39919 : 3D;
39920 : 3D;
39921 : 3D;
39922 : 1D;
39923 : 1D;
39924 : 1D;
39925 : 1D;
39926 : 1D;
39927 : 1D;
39928 : 1D;
39929 : 1D;
39930 : 1D;
39931 : 1D;
39932 : 3D;
39933 : 3D;
39934 : 3D;
39935 : 3D;
39936 : 3D;
39937 : 3D;
39938 : 3D;
39939 : 3D;
39940 : 3D;
39941 : 3D;
39942 : 1D;
39943 : 1D;
39944 : 1D;
39945 : 1D;
39946 : 1D;
39947 : 1D;
39948 : 1D;
39949 : 1D;
39950 : 1D;
39951 : 1D;
39952 : 3D;
39953 : 3D;
39954 : 3D;
39955 : 3D;
39956 : 3D;
39957 : 3D;
39958 : 3D;
39959 : 3D;
39960 : 3D;
39961 : 3D;
39962 : 1D;
39963 : 1D;
39964 : 1D;
39965 : 1D;
39966 : 1D;
39967 : 1D;
39968 : 1D;
39969 : 1D;
39970 : 1D;
39971 : 1D;
39972 : 3D;
39973 : 3D;
39974 : 3D;
39975 : 3D;
39976 : 3D;
39977 : 3D;
39978 : 3D;
39979 : 3D;
39980 : 3D;
39981 : 3D;
39982 : 3D;
39983 : 1D;
39984 : 1D;
39985 : 1D;
39986 : 1D;
39987 : 1D;
39988 : 1D;
39989 : 1D;
39990 : 1D;
39991 : 1D;
39992 : 1D;
39993 : 14;
39994 : 14;
39995 : 14;
39996 : 14;
39997 : 14;
39998 : 14;
39999 : 14;
40000 : 10;
40001 : 10;
40002 : 10;
40003 : 10;
40004 : 10;
40005 : 10;
40006 : 10;
40007 : 10;
40008 : 10;
40009 : 10;
40010 : 3D;
40011 : 3D;
40012 : 3D;
40013 : 3D;
40014 : 3D;
40015 : 3D;
40016 : 3D;
40017 : 3D;
40018 : 3D;
40019 : 3D;
40020 : 1D;
40021 : 1D;
40022 : 1D;
40023 : 1D;
40024 : 1D;
40025 : 1D;
40026 : 1D;
40027 : 1D;
40028 : 1D;
40029 : 1D;
40030 : 3D;
40031 : 3D;
40032 : 3D;
40033 : 3D;
40034 : 3D;
40035 : 3D;
40036 : 3D;
40037 : 3D;
40038 : 3D;
40039 : 3D;
40040 : 1D;
40041 : 1D;
40042 : 1D;
40043 : 1D;
40044 : 1D;
40045 : 1D;
40046 : 1D;
40047 : 1D;
40048 : 1D;
40049 : 1D;
40050 : 3D;
40051 : 3D;
40052 : 3D;
40053 : 3D;
40054 : 3D;
40055 : 3D;
40056 : 3D;
40057 : 3D;
40058 : 3D;
40059 : 3D;
40060 : 1D;
40061 : 1D;
40062 : 1D;
40063 : 1D;
40064 : 1D;
40065 : 1D;
40066 : 1D;
40067 : 1D;
40068 : 1D;
40069 : 1D;
40070 : 3D;
40071 : 3D;
40072 : 3D;
40073 : 3D;
40074 : 3D;
40075 : 3D;
40076 : 3D;
40077 : 3D;
40078 : 3D;
40079 : 3D;
40080 : 3D;
40081 : 1D;
40082 : 1D;
40083 : 1D;
40084 : 1D;
40085 : 1D;
40086 : 1D;
40087 : 1D;
40088 : 1D;
40089 : 1D;
40090 : 1D;
40091 : 3D;
40092 : 3D;
40093 : 3D;
40094 : 3D;
40095 : 3D;
40096 : 3D;
40097 : 3D;
40098 : 3D;
40099 : 3D;
40100 : 3D;
40101 : 1D;
40102 : 1D;
40103 : 1D;
40104 : 1D;
40105 : 1D;
40106 : 1D;
40107 : 1D;
40108 : 1D;
40109 : 1D;
40110 : 1D;
40111 : 3D;
40112 : 3D;
40113 : 3D;
40114 : 3D;
40115 : 3D;
40116 : 3D;
40117 : 3D;
40118 : 3D;
40119 : 3D;
40120 : 3D;
40121 : 1D;
40122 : 1D;
40123 : 1D;
40124 : 1D;
40125 : 1D;
40126 : 1D;
40127 : 1D;
40128 : 1D;
40129 : 1D;
40130 : 1D;
40131 : 3D;
40132 : 3D;
40133 : 3D;
40134 : 3D;
40135 : 3D;
40136 : 3D;
40137 : 3D;
40138 : 3D;
40139 : 3D;
40140 : 3D;
40141 : 1D;
40142 : 1D;
40143 : 1D;
40144 : 1D;
40145 : 1D;
40146 : 1D;
40147 : 1D;
40148 : 1D;
40149 : 1D;
40150 : 1D;
40151 : 3D;
40152 : 3D;
40153 : 3D;
40154 : 3D;
40155 : 3D;
40156 : 3D;
40157 : 3D;
40158 : 3D;
40159 : 3D;
40160 : 3D;
40161 : 1D;
40162 : 1D;
40163 : 1D;
40164 : 1D;
40165 : 1D;
40166 : 1D;
40167 : 1D;
40168 : 1D;
40169 : 1D;
40170 : 1D;
40171 : 3D;
40172 : 3D;
40173 : 3D;
40174 : 3D;
40175 : 3D;
40176 : 3D;
40177 : 3D;
40178 : 3D;
40179 : 3D;
40180 : 3D;
40181 : 1D;
40182 : 1D;
40183 : 1D;
40184 : 1D;
40185 : 1D;
40186 : 1D;
40187 : 1D;
40188 : 1D;
40189 : 1D;
40190 : 1D;
40191 : 1D;
40192 : 3D;
40193 : 3D;
40194 : 3D;
40195 : 3D;
40196 : 3D;
40197 : 3D;
40198 : 3D;
40199 : 3D;
40200 : 3D;
40201 : 3D;
40202 : 1D;
40203 : 1D;
40204 : 1D;
40205 : 1D;
40206 : 1D;
40207 : 1D;
40208 : 1D;
40209 : 1D;
40210 : 1D;
40211 : 1D;
40212 : 3D;
40213 : 3D;
40214 : 3D;
40215 : 3D;
40216 : 3D;
40217 : 3D;
40218 : 3D;
40219 : 3D;
40220 : 3D;
40221 : 3D;
40222 : 1D;
40223 : 1D;
40224 : 1D;
40225 : 1D;
40226 : 1D;
40227 : 1D;
40228 : 1D;
40229 : 1D;
40230 : 1D;
40231 : 1D;
40232 : 3D;
40233 : 3D;
40234 : 3D;
40235 : 3D;
40236 : 3D;
40237 : 3D;
40238 : 3D;
40239 : 3D;
40240 : 3D;
40241 : 3D;
40242 : 1D;
40243 : 1D;
40244 : 1D;
40245 : 1D;
40246 : 1D;
40247 : 1D;
40248 : 1D;
40249 : 1D;
40250 : 1D;
40251 : 1D;
40252 : 3D;
40253 : 3D;
40254 : 3D;
40255 : 3D;
40256 : 3D;
40257 : 3D;
40258 : 3D;
40259 : 3D;
40260 : 3D;
40261 : 3D;
40262 : 1D;
40263 : 1D;
40264 : 1D;
40265 : 1D;
40266 : 1D;
40267 : 1D;
40268 : 1D;
40269 : 1D;
40270 : 1D;
40271 : 1D;
40272 : 3D;
40273 : 3D;
40274 : 3D;
40275 : 3D;
40276 : 3D;
40277 : 3D;
40278 : 3D;
40279 : 3D;
40280 : 3D;
40281 : 3D;
40282 : 1D;
40283 : 1D;
40284 : 1D;
40285 : 1D;
40286 : 1D;
40287 : 1D;
40288 : 1D;
40289 : 1D;
40290 : 1D;
40291 : 1D;
40292 : 3D;
40293 : 3D;
40294 : 3D;
40295 : 3D;
40296 : 3D;
40297 : 3D;
40298 : 3D;
40299 : 3D;
40300 : 3D;
40301 : 3D;
40302 : 3D;
40303 : 1D;
40304 : 1D;
40305 : 1D;
40306 : 1D;
40307 : 1D;
40308 : 1D;
40309 : 1D;
40310 : 1D;
40311 : 1D;
40312 : 1D;
40313 : 14;
40314 : 14;
40315 : 14;
40316 : 14;
40317 : 14;
40318 : 14;
40319 : 14;
40320 : 10;
40321 : 10;
40322 : 10;
40323 : 10;
40324 : 10;
40325 : 10;
40326 : 10;
40327 : 10;
40328 : 10;
40329 : 10;
40330 : 3D;
40331 : 3D;
40332 : 3D;
40333 : 3D;
40334 : 3D;
40335 : 3D;
40336 : 3D;
40337 : 3D;
40338 : 3D;
40339 : 3D;
40340 : 1D;
40341 : 1D;
40342 : 1D;
40343 : 1D;
40344 : 1D;
40345 : 1D;
40346 : 1D;
40347 : 1D;
40348 : 1D;
40349 : 1D;
40350 : 3D;
40351 : 3D;
40352 : 3D;
40353 : 3D;
40354 : 3D;
40355 : 3D;
40356 : 3D;
40357 : 3D;
40358 : 3D;
40359 : 3D;
40360 : 1D;
40361 : 1D;
40362 : 1D;
40363 : 1D;
40364 : 1D;
40365 : 1D;
40366 : 1D;
40367 : 1D;
40368 : 1D;
40369 : 1D;
40370 : 3D;
40371 : 3D;
40372 : 3D;
40373 : 3D;
40374 : 3D;
40375 : 3D;
40376 : 3D;
40377 : 3D;
40378 : 3D;
40379 : 3D;
40380 : 1D;
40381 : 1D;
40382 : 1D;
40383 : 1D;
40384 : 1D;
40385 : 1D;
40386 : 1D;
40387 : 1D;
40388 : 1D;
40389 : 1D;
40390 : 3D;
40391 : 3D;
40392 : 3D;
40393 : 3D;
40394 : 3D;
40395 : 3D;
40396 : 3D;
40397 : 3D;
40398 : 3D;
40399 : 3D;
40400 : 3D;
40401 : 1D;
40402 : 1D;
40403 : 1D;
40404 : 1D;
40405 : 1D;
40406 : 1D;
40407 : 1D;
40408 : 1D;
40409 : 1D;
40410 : 1D;
40411 : 3D;
40412 : 3D;
40413 : 3D;
40414 : 3D;
40415 : 3D;
40416 : 3D;
40417 : 3D;
40418 : 3D;
40419 : 3D;
40420 : 3D;
40421 : 1D;
40422 : 1D;
40423 : 1D;
40424 : 1D;
40425 : 1D;
40426 : 1D;
40427 : 1D;
40428 : 1D;
40429 : 1D;
40430 : 1D;
40431 : 3D;
40432 : 3D;
40433 : 3D;
40434 : 3D;
40435 : 3D;
40436 : 3D;
40437 : 3D;
40438 : 3D;
40439 : 3D;
40440 : 3D;
40441 : 1D;
40442 : 1D;
40443 : 1D;
40444 : 1D;
40445 : 1D;
40446 : 1D;
40447 : 1D;
40448 : 1D;
40449 : 1D;
40450 : 1D;
40451 : 3D;
40452 : 3D;
40453 : 3D;
40454 : 3D;
40455 : 3D;
40456 : 3D;
40457 : 3D;
40458 : 3D;
40459 : 3D;
40460 : 3D;
40461 : 1D;
40462 : 1D;
40463 : 1D;
40464 : 1D;
40465 : 1D;
40466 : 1D;
40467 : 1D;
40468 : 1D;
40469 : 1D;
40470 : 1D;
40471 : 3D;
40472 : 3D;
40473 : 3D;
40474 : 3D;
40475 : 3D;
40476 : 3D;
40477 : 3D;
40478 : 3D;
40479 : 3D;
40480 : 3D;
40481 : 1D;
40482 : 1D;
40483 : 1D;
40484 : 1D;
40485 : 1D;
40486 : 1D;
40487 : 1D;
40488 : 1D;
40489 : 1D;
40490 : 1D;
40491 : 3D;
40492 : 3D;
40493 : 3D;
40494 : 3D;
40495 : 3D;
40496 : 3D;
40497 : 3D;
40498 : 3D;
40499 : 3D;
40500 : 3D;
40501 : 1D;
40502 : 1D;
40503 : 1D;
40504 : 1D;
40505 : 1D;
40506 : 1D;
40507 : 1D;
40508 : 1D;
40509 : 1D;
40510 : 1D;
40511 : 1D;
40512 : 3D;
40513 : 3D;
40514 : 3D;
40515 : 3D;
40516 : 3D;
40517 : 3D;
40518 : 3D;
40519 : 3D;
40520 : 3D;
40521 : 3D;
40522 : 1D;
40523 : 1D;
40524 : 1D;
40525 : 1D;
40526 : 1D;
40527 : 1D;
40528 : 1D;
40529 : 1D;
40530 : 1D;
40531 : 1D;
40532 : 3D;
40533 : 3D;
40534 : 3D;
40535 : 3D;
40536 : 3D;
40537 : 3D;
40538 : 3D;
40539 : 3D;
40540 : 3D;
40541 : 3D;
40542 : 1D;
40543 : 1D;
40544 : 1D;
40545 : 1D;
40546 : 1D;
40547 : 1D;
40548 : 1D;
40549 : 1D;
40550 : 1D;
40551 : 1D;
40552 : 3D;
40553 : 3D;
40554 : 3D;
40555 : 3D;
40556 : 3D;
40557 : 3D;
40558 : 3D;
40559 : 3D;
40560 : 3D;
40561 : 3D;
40562 : 1D;
40563 : 1D;
40564 : 1D;
40565 : 1D;
40566 : 1D;
40567 : 1D;
40568 : 1D;
40569 : 1D;
40570 : 1D;
40571 : 1D;
40572 : 3D;
40573 : 3D;
40574 : 3D;
40575 : 3D;
40576 : 3D;
40577 : 3D;
40578 : 3D;
40579 : 3D;
40580 : 3D;
40581 : 3D;
40582 : 1D;
40583 : 1D;
40584 : 1D;
40585 : 1D;
40586 : 1D;
40587 : 1D;
40588 : 1D;
40589 : 1D;
40590 : 1D;
40591 : 1D;
40592 : 3D;
40593 : 3D;
40594 : 3D;
40595 : 3D;
40596 : 3D;
40597 : 3D;
40598 : 3D;
40599 : 3D;
40600 : 3D;
40601 : 3D;
40602 : 1D;
40603 : 1D;
40604 : 1D;
40605 : 1D;
40606 : 1D;
40607 : 1D;
40608 : 1D;
40609 : 1D;
40610 : 1D;
40611 : 1D;
40612 : 3D;
40613 : 3D;
40614 : 3D;
40615 : 3D;
40616 : 3D;
40617 : 3D;
40618 : 3D;
40619 : 3D;
40620 : 3D;
40621 : 3D;
40622 : 3D;
40623 : 1D;
40624 : 1D;
40625 : 1D;
40626 : 1D;
40627 : 1D;
40628 : 1D;
40629 : 1D;
40630 : 1D;
40631 : 1D;
40632 : 1D;
40633 : 14;
40634 : 14;
40635 : 14;
40636 : 14;
40637 : 14;
40638 : 14;
40639 : 14;
40640 : 10;
40641 : 10;
40642 : 10;
40643 : 10;
40644 : 10;
40645 : 10;
40646 : 10;
40647 : 10;
40648 : 10;
40649 : 10;
40650 : 3D;
40651 : 3D;
40652 : 3D;
40653 : 3D;
40654 : 3D;
40655 : 3D;
40656 : 3D;
40657 : 3D;
40658 : 3D;
40659 : 3D;
40660 : 1D;
40661 : 1D;
40662 : 1D;
40663 : 1D;
40664 : 1D;
40665 : 1D;
40666 : 1D;
40667 : 1D;
40668 : 1D;
40669 : 1D;
40670 : 3D;
40671 : 3D;
40672 : 3D;
40673 : 3D;
40674 : 3D;
40675 : 3D;
40676 : 3D;
40677 : 3D;
40678 : 3D;
40679 : 3D;
40680 : 1D;
40681 : 1D;
40682 : 1D;
40683 : 1D;
40684 : 1D;
40685 : 1D;
40686 : 1D;
40687 : 1D;
40688 : 1D;
40689 : 1D;
40690 : 3D;
40691 : 3D;
40692 : 3D;
40693 : 3D;
40694 : 3D;
40695 : 3D;
40696 : 3D;
40697 : 3D;
40698 : 3D;
40699 : 3D;
40700 : 1D;
40701 : 1D;
40702 : 1D;
40703 : 1D;
40704 : 1D;
40705 : 1D;
40706 : 1D;
40707 : 1D;
40708 : 1D;
40709 : 1D;
40710 : 3D;
40711 : 3D;
40712 : 3D;
40713 : 3D;
40714 : 3D;
40715 : 3D;
40716 : 3D;
40717 : 3D;
40718 : 3D;
40719 : 3D;
40720 : 3D;
40721 : 1D;
40722 : 1D;
40723 : 1D;
40724 : 1D;
40725 : 1D;
40726 : 1D;
40727 : 1D;
40728 : 1D;
40729 : 1D;
40730 : 1D;
40731 : 3D;
40732 : 3D;
40733 : 3D;
40734 : 3D;
40735 : 3D;
40736 : 3D;
40737 : 3D;
40738 : 3D;
40739 : 3D;
40740 : 3D;
40741 : 1D;
40742 : 1D;
40743 : 1D;
40744 : 1D;
40745 : 1D;
40746 : 1D;
40747 : 1D;
40748 : 1D;
40749 : 1D;
40750 : 1D;
40751 : 3D;
40752 : 3D;
40753 : 3D;
40754 : 3D;
40755 : 3D;
40756 : 3D;
40757 : 3D;
40758 : 3D;
40759 : 3D;
40760 : 3D;
40761 : 1D;
40762 : 1D;
40763 : 1D;
40764 : 1D;
40765 : 1D;
40766 : 1D;
40767 : 1D;
40768 : 1D;
40769 : 1D;
40770 : 1D;
40771 : 3D;
40772 : 3D;
40773 : 3D;
40774 : 3D;
40775 : 3D;
40776 : 3D;
40777 : 3D;
40778 : 3D;
40779 : 3D;
40780 : 3D;
40781 : 1D;
40782 : 1D;
40783 : 1D;
40784 : 1D;
40785 : 1D;
40786 : 1D;
40787 : 1D;
40788 : 1D;
40789 : 1D;
40790 : 1D;
40791 : 3D;
40792 : 3D;
40793 : 3D;
40794 : 3D;
40795 : 3D;
40796 : 3D;
40797 : 3D;
40798 : 3D;
40799 : 3D;
40800 : 3D;
40801 : 1D;
40802 : 1D;
40803 : 1D;
40804 : 1D;
40805 : 1D;
40806 : 1D;
40807 : 1D;
40808 : 1D;
40809 : 1D;
40810 : 1D;
40811 : 3D;
40812 : 3D;
40813 : 3D;
40814 : 3D;
40815 : 3D;
40816 : 3D;
40817 : 3D;
40818 : 3D;
40819 : 3D;
40820 : 3D;
40821 : 1D;
40822 : 1D;
40823 : 1D;
40824 : 1D;
40825 : 1D;
40826 : 1D;
40827 : 1D;
40828 : 1D;
40829 : 1D;
40830 : 1D;
40831 : 1D;
40832 : 3D;
40833 : 3D;
40834 : 3D;
40835 : 3D;
40836 : 3D;
40837 : 3D;
40838 : 3D;
40839 : 3D;
40840 : 3D;
40841 : 3D;
40842 : 1D;
40843 : 1D;
40844 : 1D;
40845 : 1D;
40846 : 1D;
40847 : 1D;
40848 : 1D;
40849 : 1D;
40850 : 1D;
40851 : 1D;
40852 : 3D;
40853 : 3D;
40854 : 3D;
40855 : 3D;
40856 : 3D;
40857 : 3D;
40858 : 3D;
40859 : 3D;
40860 : 3D;
40861 : 3D;
40862 : 1D;
40863 : 1D;
40864 : 1D;
40865 : 1D;
40866 : 1D;
40867 : 1D;
40868 : 1D;
40869 : 1D;
40870 : 1D;
40871 : 1D;
40872 : 3D;
40873 : 3D;
40874 : 3D;
40875 : 3D;
40876 : 3D;
40877 : 3D;
40878 : 3D;
40879 : 3D;
40880 : 3D;
40881 : 3D;
40882 : 1D;
40883 : 1D;
40884 : 1D;
40885 : 1D;
40886 : 1D;
40887 : 1D;
40888 : 1D;
40889 : 1D;
40890 : 1D;
40891 : 1D;
40892 : 3D;
40893 : 3D;
40894 : 3D;
40895 : 3D;
40896 : 3D;
40897 : 3D;
40898 : 3D;
40899 : 3D;
40900 : 3D;
40901 : 3D;
40902 : 1D;
40903 : 1D;
40904 : 1D;
40905 : 1D;
40906 : 1D;
40907 : 1D;
40908 : 1D;
40909 : 1D;
40910 : 1D;
40911 : 1D;
40912 : 3D;
40913 : 3D;
40914 : 3D;
40915 : 3D;
40916 : 3D;
40917 : 3D;
40918 : 3D;
40919 : 3D;
40920 : 3D;
40921 : 3D;
40922 : 1D;
40923 : 1D;
40924 : 1D;
40925 : 1D;
40926 : 1D;
40927 : 1D;
40928 : 1D;
40929 : 1D;
40930 : 1D;
40931 : 1D;
40932 : 3D;
40933 : 3D;
40934 : 3D;
40935 : 3D;
40936 : 3D;
40937 : 3D;
40938 : 3D;
40939 : 3D;
40940 : 3D;
40941 : 3D;
40942 : 3D;
40943 : 1D;
40944 : 1D;
40945 : 1D;
40946 : 1D;
40947 : 1D;
40948 : 1D;
40949 : 1D;
40950 : 1D;
40951 : 1D;
40952 : 1D;
40953 : 14;
40954 : 14;
40955 : 14;
40956 : 14;
40957 : 14;
40958 : 14;
40959 : 14;
40960 : 10;
40961 : 10;
40962 : 10;
40963 : 10;
40964 : 10;
40965 : 10;
40966 : 10;
40967 : 10;
40968 : 10;
40969 : 10;
40970 : 3D;
40971 : 3D;
40972 : 3D;
40973 : 3D;
40974 : 3D;
40975 : 3D;
40976 : 3D;
40977 : 3D;
40978 : 3D;
40979 : 3D;
40980 : 1D;
40981 : 1D;
40982 : 1D;
40983 : 1D;
40984 : 1D;
40985 : 1D;
40986 : 1D;
40987 : 1D;
40988 : 1D;
40989 : 1D;
40990 : 3D;
40991 : 3D;
40992 : 3D;
40993 : 3D;
40994 : 3D;
40995 : 3D;
40996 : 3D;
40997 : 3D;
40998 : 3D;
40999 : 3D;
41000 : 1D;
41001 : 1D;
41002 : 1D;
41003 : 1D;
41004 : 1D;
41005 : 1D;
41006 : 1D;
41007 : 1D;
41008 : 1D;
41009 : 1D;
41010 : 3D;
41011 : 3D;
41012 : 3D;
41013 : 3D;
41014 : 3D;
41015 : 3D;
41016 : 3D;
41017 : 3D;
41018 : 3D;
41019 : 3D;
41020 : 1D;
41021 : 1D;
41022 : 1D;
41023 : 1D;
41024 : 1D;
41025 : 1D;
41026 : 1D;
41027 : 1D;
41028 : 1D;
41029 : 1D;
41030 : 3D;
41031 : 3D;
41032 : 3D;
41033 : 3D;
41034 : 3D;
41035 : 3D;
41036 : 3D;
41037 : 3D;
41038 : 3D;
41039 : 3D;
41040 : 3D;
41041 : 1D;
41042 : 1D;
41043 : 1D;
41044 : 1D;
41045 : 1D;
41046 : 1D;
41047 : 1D;
41048 : 1D;
41049 : 1D;
41050 : 1D;
41051 : 3D;
41052 : 3D;
41053 : 3D;
41054 : 3D;
41055 : 3D;
41056 : 3D;
41057 : 3D;
41058 : 3D;
41059 : 3D;
41060 : 3D;
41061 : 1D;
41062 : 1D;
41063 : 1D;
41064 : 1D;
41065 : 1D;
41066 : 1D;
41067 : 1D;
41068 : 1D;
41069 : 1D;
41070 : 1D;
41071 : 3D;
41072 : 3D;
41073 : 3D;
41074 : 3D;
41075 : 3D;
41076 : 3D;
41077 : 3D;
41078 : 3D;
41079 : 3D;
41080 : 3D;
41081 : 1D;
41082 : 1D;
41083 : 1D;
41084 : 1D;
41085 : 1D;
41086 : 1D;
41087 : 1D;
41088 : 1D;
41089 : 1D;
41090 : 1D;
41091 : 3D;
41092 : 3D;
41093 : 3D;
41094 : 3D;
41095 : 3D;
41096 : 3D;
41097 : 3D;
41098 : 3D;
41099 : 3D;
41100 : 3D;
41101 : 1D;
41102 : 1D;
41103 : 1D;
41104 : 1D;
41105 : 1D;
41106 : 1D;
41107 : 1D;
41108 : 1D;
41109 : 1D;
41110 : 1D;
41111 : 3D;
41112 : 3D;
41113 : 3D;
41114 : 3D;
41115 : 3D;
41116 : 3D;
41117 : 3D;
41118 : 3D;
41119 : 3D;
41120 : 3D;
41121 : 1D;
41122 : 1D;
41123 : 1D;
41124 : 1D;
41125 : 1D;
41126 : 1D;
41127 : 1D;
41128 : 1D;
41129 : 1D;
41130 : 1D;
41131 : 3D;
41132 : 3D;
41133 : 3D;
41134 : 3D;
41135 : 3D;
41136 : 3D;
41137 : 3D;
41138 : 3D;
41139 : 3D;
41140 : 3D;
41141 : 1D;
41142 : 1D;
41143 : 1D;
41144 : 1D;
41145 : 1D;
41146 : 1D;
41147 : 1D;
41148 : 1D;
41149 : 1D;
41150 : 1D;
41151 : 1D;
41152 : 3D;
41153 : 3D;
41154 : 3D;
41155 : 3D;
41156 : 3D;
41157 : 3D;
41158 : 3D;
41159 : 3D;
41160 : 3D;
41161 : 3D;
41162 : 1D;
41163 : 1D;
41164 : 1D;
41165 : 1D;
41166 : 1D;
41167 : 1D;
41168 : 1D;
41169 : 1D;
41170 : 1D;
41171 : 1D;
41172 : 3D;
41173 : 3D;
41174 : 3D;
41175 : 3D;
41176 : 3D;
41177 : 3D;
41178 : 3D;
41179 : 3D;
41180 : 3D;
41181 : 3D;
41182 : 1D;
41183 : 1D;
41184 : 1D;
41185 : 1D;
41186 : 1D;
41187 : 1D;
41188 : 1D;
41189 : 1D;
41190 : 1D;
41191 : 1D;
41192 : 3D;
41193 : 3D;
41194 : 3D;
41195 : 3D;
41196 : 3D;
41197 : 3D;
41198 : 3D;
41199 : 3D;
41200 : 3D;
41201 : 3D;
41202 : 1D;
41203 : 1D;
41204 : 1D;
41205 : 1D;
41206 : 1D;
41207 : 1D;
41208 : 1D;
41209 : 1D;
41210 : 1D;
41211 : 1D;
41212 : 3D;
41213 : 3D;
41214 : 3D;
41215 : 3D;
41216 : 3D;
41217 : 3D;
41218 : 3D;
41219 : 3D;
41220 : 3D;
41221 : 3D;
41222 : 1D;
41223 : 1D;
41224 : 1D;
41225 : 1D;
41226 : 1D;
41227 : 1D;
41228 : 1D;
41229 : 1D;
41230 : 1D;
41231 : 1D;
41232 : 3D;
41233 : 3D;
41234 : 3D;
41235 : 3D;
41236 : 3D;
41237 : 3D;
41238 : 3D;
41239 : 3D;
41240 : 3D;
41241 : 3D;
41242 : 1D;
41243 : 1D;
41244 : 1D;
41245 : 1D;
41246 : 1D;
41247 : 1D;
41248 : 1D;
41249 : 1D;
41250 : 1D;
41251 : 1D;
41252 : 3D;
41253 : 3D;
41254 : 3D;
41255 : 3D;
41256 : 3D;
41257 : 3D;
41258 : 3D;
41259 : 3D;
41260 : 3D;
41261 : 3D;
41262 : 3D;
41263 : 1D;
41264 : 1D;
41265 : 1D;
41266 : 1D;
41267 : 1D;
41268 : 1D;
41269 : 1D;
41270 : 1D;
41271 : 1D;
41272 : 1D;
41273 : 14;
41274 : 14;
41275 : 14;
41276 : 14;
41277 : 14;
41278 : 14;
41279 : 14;
41280 : 10;
41281 : 10;
41282 : 10;
41283 : 10;
41284 : 10;
41285 : 10;
41286 : 10;
41287 : 10;
41288 : 10;
41289 : 10;
41290 : 3D;
41291 : 3D;
41292 : 3D;
41293 : 3D;
41294 : 3D;
41295 : 3D;
41296 : 3D;
41297 : 3D;
41298 : 3D;
41299 : 3D;
41300 : 1D;
41301 : 1D;
41302 : 1D;
41303 : 1D;
41304 : 1D;
41305 : 1D;
41306 : 1D;
41307 : 1D;
41308 : 1D;
41309 : 1D;
41310 : 3D;
41311 : 3D;
41312 : 3D;
41313 : 3D;
41314 : 3D;
41315 : 3D;
41316 : 3D;
41317 : 3D;
41318 : 3D;
41319 : 3D;
41320 : 1D;
41321 : 1D;
41322 : 1D;
41323 : 1D;
41324 : 1D;
41325 : 1D;
41326 : 1D;
41327 : 1D;
41328 : 1D;
41329 : 1D;
41330 : 3D;
41331 : 3D;
41332 : 3D;
41333 : 3D;
41334 : 3D;
41335 : 3D;
41336 : 3D;
41337 : 3D;
41338 : 3D;
41339 : 3D;
41340 : 1D;
41341 : 1D;
41342 : 1D;
41343 : 1D;
41344 : 1D;
41345 : 1D;
41346 : 1D;
41347 : 1D;
41348 : 1D;
41349 : 1D;
41350 : 3D;
41351 : 3D;
41352 : 3D;
41353 : 3D;
41354 : 3D;
41355 : 3D;
41356 : 3D;
41357 : 3D;
41358 : 3D;
41359 : 3D;
41360 : 3D;
41361 : 1D;
41362 : 1D;
41363 : 1D;
41364 : 1D;
41365 : 1D;
41366 : 1D;
41367 : 1D;
41368 : 1D;
41369 : 1D;
41370 : 1D;
41371 : 3D;
41372 : 3D;
41373 : 3D;
41374 : 3D;
41375 : 3D;
41376 : 3D;
41377 : 3D;
41378 : 3D;
41379 : 3D;
41380 : 3D;
41381 : 1D;
41382 : 1D;
41383 : 1D;
41384 : 1D;
41385 : 1D;
41386 : 1D;
41387 : 1D;
41388 : 1D;
41389 : 1D;
41390 : 1D;
41391 : 3D;
41392 : 3D;
41393 : 3D;
41394 : 3D;
41395 : 3D;
41396 : 3D;
41397 : 3D;
41398 : 3D;
41399 : 3D;
41400 : 3D;
41401 : 1D;
41402 : 1D;
41403 : 1D;
41404 : 1D;
41405 : 1D;
41406 : 1D;
41407 : 1D;
41408 : 1D;
41409 : 1D;
41410 : 1D;
41411 : 3D;
41412 : 3D;
41413 : 3D;
41414 : 3D;
41415 : 3D;
41416 : 3D;
41417 : 3D;
41418 : 3D;
41419 : 3D;
41420 : 3D;
41421 : 1D;
41422 : 1D;
41423 : 1D;
41424 : 1D;
41425 : 1D;
41426 : 1D;
41427 : 1D;
41428 : 1D;
41429 : 1D;
41430 : 1D;
41431 : 3D;
41432 : 3D;
41433 : 3D;
41434 : 3D;
41435 : 3D;
41436 : 3D;
41437 : 3D;
41438 : 3D;
41439 : 3D;
41440 : 3D;
41441 : 1D;
41442 : 1D;
41443 : 1D;
41444 : 1D;
41445 : 1D;
41446 : 1D;
41447 : 1D;
41448 : 1D;
41449 : 1D;
41450 : 1D;
41451 : 3D;
41452 : 3D;
41453 : 3D;
41454 : 3D;
41455 : 3D;
41456 : 3D;
41457 : 3D;
41458 : 3D;
41459 : 3D;
41460 : 3D;
41461 : 1D;
41462 : 1D;
41463 : 1D;
41464 : 1D;
41465 : 1D;
41466 : 1D;
41467 : 1D;
41468 : 1D;
41469 : 1D;
41470 : 1D;
41471 : 1D;
41472 : 3D;
41473 : 3D;
41474 : 3D;
41475 : 3D;
41476 : 3D;
41477 : 3D;
41478 : 3D;
41479 : 3D;
41480 : 3D;
41481 : 3D;
41482 : 1D;
41483 : 1D;
41484 : 1D;
41485 : 1D;
41486 : 1D;
41487 : 1D;
41488 : 1D;
41489 : 1D;
41490 : 1D;
41491 : 1D;
41492 : 3D;
41493 : 3D;
41494 : 3D;
41495 : 3D;
41496 : 3D;
41497 : 3D;
41498 : 3D;
41499 : 3D;
41500 : 3D;
41501 : 3D;
41502 : 1D;
41503 : 1D;
41504 : 1D;
41505 : 1D;
41506 : 1D;
41507 : 1D;
41508 : 1D;
41509 : 1D;
41510 : 1D;
41511 : 1D;
41512 : 3D;
41513 : 3D;
41514 : 3D;
41515 : 3D;
41516 : 3D;
41517 : 3D;
41518 : 3D;
41519 : 3D;
41520 : 3D;
41521 : 3D;
41522 : 1D;
41523 : 1D;
41524 : 1D;
41525 : 1D;
41526 : 1D;
41527 : 1D;
41528 : 1D;
41529 : 1D;
41530 : 1D;
41531 : 1D;
41532 : 3D;
41533 : 3D;
41534 : 3D;
41535 : 3D;
41536 : 3D;
41537 : 3D;
41538 : 3D;
41539 : 3D;
41540 : 3D;
41541 : 3D;
41542 : 1D;
41543 : 1D;
41544 : 1D;
41545 : 1D;
41546 : 1D;
41547 : 1D;
41548 : 1D;
41549 : 1D;
41550 : 1D;
41551 : 1D;
41552 : 3D;
41553 : 3D;
41554 : 3D;
41555 : 3D;
41556 : 3D;
41557 : 3D;
41558 : 3D;
41559 : 3D;
41560 : 3D;
41561 : 3D;
41562 : 1D;
41563 : 1D;
41564 : 1D;
41565 : 1D;
41566 : 1D;
41567 : 1D;
41568 : 1D;
41569 : 1D;
41570 : 1D;
41571 : 1D;
41572 : 3D;
41573 : 3D;
41574 : 3D;
41575 : 3D;
41576 : 3D;
41577 : 3D;
41578 : 3D;
41579 : 3D;
41580 : 3D;
41581 : 3D;
41582 : 3D;
41583 : 1D;
41584 : 1D;
41585 : 1D;
41586 : 1D;
41587 : 1D;
41588 : 1D;
41589 : 1D;
41590 : 1D;
41591 : 1D;
41592 : 1D;
41593 : 14;
41594 : 14;
41595 : 14;
41596 : 14;
41597 : 14;
41598 : 14;
41599 : 14;
41600 : 14;
41601 : 14;
41602 : 14;
41603 : 14;
41604 : 14;
41605 : 14;
41606 : 14;
41607 : 14;
41608 : 14;
41609 : 14;
41610 : 1D;
41611 : 1D;
41612 : 1D;
41613 : 1D;
41614 : 1D;
41615 : 1D;
41616 : 1D;
41617 : 1D;
41618 : 1D;
41619 : 1D;
41620 : 3D;
41621 : 3D;
41622 : 3D;
41623 : 3D;
41624 : 3D;
41625 : 3D;
41626 : 3D;
41627 : 3D;
41628 : 3D;
41629 : 3D;
41630 : 1D;
41631 : 1D;
41632 : 1D;
41633 : 1D;
41634 : 1D;
41635 : 1D;
41636 : 1D;
41637 : 1D;
41638 : 1D;
41639 : 1D;
41640 : 3D;
41641 : 3D;
41642 : 3D;
41643 : 3D;
41644 : 3D;
41645 : 3D;
41646 : 3D;
41647 : 3D;
41648 : 3D;
41649 : 3D;
41650 : 1D;
41651 : 1D;
41652 : 1D;
41653 : 1D;
41654 : 1D;
41655 : 1D;
41656 : 1D;
41657 : 1D;
41658 : 1D;
41659 : 1D;
41660 : 3D;
41661 : 3D;
41662 : 3D;
41663 : 3D;
41664 : 3D;
41665 : 3D;
41666 : 3D;
41667 : 3D;
41668 : 3D;
41669 : 3D;
41670 : 1D;
41671 : 1D;
41672 : 1D;
41673 : 1D;
41674 : 1D;
41675 : 1D;
41676 : 1D;
41677 : 1D;
41678 : 1D;
41679 : 1D;
41680 : 1D;
41681 : 3D;
41682 : 3D;
41683 : 3D;
41684 : 3D;
41685 : 3D;
41686 : 3D;
41687 : 3D;
41688 : 3D;
41689 : 3D;
41690 : 3D;
41691 : 1D;
41692 : 1D;
41693 : 1D;
41694 : 1D;
41695 : 1D;
41696 : 1D;
41697 : 1D;
41698 : 1D;
41699 : 1D;
41700 : 1D;
41701 : 3D;
41702 : 3D;
41703 : 3D;
41704 : 3D;
41705 : 3D;
41706 : 3D;
41707 : 3D;
41708 : 3D;
41709 : 3D;
41710 : 3D;
41711 : 1D;
41712 : 1D;
41713 : 1D;
41714 : 1D;
41715 : 1D;
41716 : 1D;
41717 : 1D;
41718 : 1D;
41719 : 1D;
41720 : 1D;
41721 : 3D;
41722 : 3D;
41723 : 3D;
41724 : 3D;
41725 : 3D;
41726 : 3D;
41727 : 3D;
41728 : 3D;
41729 : 3D;
41730 : 3D;
41731 : 1D;
41732 : 1D;
41733 : 1D;
41734 : 1D;
41735 : 1D;
41736 : 1D;
41737 : 1D;
41738 : 1D;
41739 : 1D;
41740 : 1D;
41741 : 3D;
41742 : 3D;
41743 : 3D;
41744 : 3D;
41745 : 3D;
41746 : 3D;
41747 : 3D;
41748 : 3D;
41749 : 3D;
41750 : 3D;
41751 : 1D;
41752 : 1D;
41753 : 1D;
41754 : 1D;
41755 : 1D;
41756 : 1D;
41757 : 1D;
41758 : 1D;
41759 : 1D;
41760 : 1D;
41761 : 3D;
41762 : 3D;
41763 : 3D;
41764 : 3D;
41765 : 3D;
41766 : 3D;
41767 : 3D;
41768 : 3D;
41769 : 3D;
41770 : 3D;
41771 : 1D;
41772 : 1D;
41773 : 1D;
41774 : 1D;
41775 : 1D;
41776 : 1D;
41777 : 1D;
41778 : 1D;
41779 : 1D;
41780 : 1D;
41781 : 3D;
41782 : 3D;
41783 : 3D;
41784 : 3D;
41785 : 3D;
41786 : 3D;
41787 : 3D;
41788 : 3D;
41789 : 3D;
41790 : 3D;
41791 : 3D;
41792 : 1D;
41793 : 1D;
41794 : 1D;
41795 : 1D;
41796 : 1D;
41797 : 1D;
41798 : 1D;
41799 : 1D;
41800 : 1D;
41801 : 1D;
41802 : 3D;
41803 : 3D;
41804 : 3D;
41805 : 3D;
41806 : 3D;
41807 : 3D;
41808 : 3D;
41809 : 3D;
41810 : 3D;
41811 : 3D;
41812 : 1D;
41813 : 1D;
41814 : 1D;
41815 : 1D;
41816 : 1D;
41817 : 1D;
41818 : 1D;
41819 : 1D;
41820 : 1D;
41821 : 1D;
41822 : 3D;
41823 : 3D;
41824 : 3D;
41825 : 3D;
41826 : 3D;
41827 : 3D;
41828 : 3D;
41829 : 3D;
41830 : 3D;
41831 : 3D;
41832 : 1D;
41833 : 1D;
41834 : 1D;
41835 : 1D;
41836 : 1D;
41837 : 1D;
41838 : 1D;
41839 : 1D;
41840 : 1D;
41841 : 1D;
41842 : 3D;
41843 : 3D;
41844 : 3D;
41845 : 3D;
41846 : 3D;
41847 : 3D;
41848 : 3D;
41849 : 3D;
41850 : 3D;
41851 : 3D;
41852 : 1D;
41853 : 1D;
41854 : 1D;
41855 : 1D;
41856 : 1D;
41857 : 1D;
41858 : 1D;
41859 : 1D;
41860 : 1D;
41861 : 1D;
41862 : 3D;
41863 : 3D;
41864 : 3D;
41865 : 3D;
41866 : 3D;
41867 : 3D;
41868 : 3D;
41869 : 3D;
41870 : 3D;
41871 : 3D;
41872 : 1D;
41873 : 1D;
41874 : 1D;
41875 : 1D;
41876 : 1D;
41877 : 1D;
41878 : 1D;
41879 : 1D;
41880 : 1D;
41881 : 1D;
41882 : 3D;
41883 : 3D;
41884 : 3D;
41885 : 3D;
41886 : 3D;
41887 : 3D;
41888 : 3D;
41889 : 3D;
41890 : 3D;
41891 : 3D;
41892 : 1D;
41893 : 1D;
41894 : 1D;
41895 : 1D;
41896 : 1D;
41897 : 1D;
41898 : 1D;
41899 : 1D;
41900 : 1D;
41901 : 1D;
41902 : 1D;
41903 : 3D;
41904 : 3D;
41905 : 3D;
41906 : 3D;
41907 : 3D;
41908 : 3D;
41909 : 3D;
41910 : 3D;
41911 : 3D;
41912 : 3D;
41913 : 10;
41914 : 10;
41915 : 10;
41916 : 10;
41917 : 10;
41918 : 10;
41919 : 10;
41920 : 14;
41921 : 14;
41922 : 14;
41923 : 14;
41924 : 14;
41925 : 14;
41926 : 14;
41927 : 14;
41928 : 14;
41929 : 14;
41930 : 1D;
41931 : 1D;
41932 : 1D;
41933 : 1D;
41934 : 1D;
41935 : 1D;
41936 : 1D;
41937 : 1D;
41938 : 1D;
41939 : 1D;
41940 : 3D;
41941 : 3D;
41942 : 3D;
41943 : 3D;
41944 : 3D;
41945 : 3D;
41946 : 3D;
41947 : 3D;
41948 : 3D;
41949 : 3D;
41950 : 1D;
41951 : 1D;
41952 : 1D;
41953 : 1D;
41954 : 1D;
41955 : 1D;
41956 : 1D;
41957 : 1D;
41958 : 1D;
41959 : 1D;
41960 : 3D;
41961 : 3D;
41962 : 3D;
41963 : 3D;
41964 : 3D;
41965 : 3D;
41966 : 3D;
41967 : 3D;
41968 : 3D;
41969 : 3D;
41970 : 1D;
41971 : 1D;
41972 : 1D;
41973 : 1D;
41974 : 1D;
41975 : 1D;
41976 : 1D;
41977 : 1D;
41978 : 1D;
41979 : 1D;
41980 : 3D;
41981 : 3D;
41982 : 3D;
41983 : 3D;
41984 : 3D;
41985 : 3D;
41986 : 3D;
41987 : 3D;
41988 : 3D;
41989 : 3D;
41990 : 1D;
41991 : 1D;
41992 : 1D;
41993 : 1D;
41994 : 1D;
41995 : 1D;
41996 : 1D;
41997 : 1D;
41998 : 1D;
41999 : 1D;
42000 : 1D;
42001 : 3D;
42002 : 3D;
42003 : 3D;
42004 : 3D;
42005 : 3D;
42006 : 3D;
42007 : 3D;
42008 : 3D;
42009 : 3D;
42010 : 3D;
42011 : 1D;
42012 : 1D;
42013 : 1D;
42014 : 1D;
42015 : 1D;
42016 : 1D;
42017 : 1D;
42018 : 1D;
42019 : 1D;
42020 : 1D;
42021 : 3D;
42022 : 3D;
42023 : 3D;
42024 : 3D;
42025 : 3D;
42026 : 3D;
42027 : 3D;
42028 : 3D;
42029 : 3D;
42030 : 3D;
42031 : 1D;
42032 : 1D;
42033 : 1D;
42034 : 1D;
42035 : 1D;
42036 : 1D;
42037 : 1D;
42038 : 1D;
42039 : 1D;
42040 : 1D;
42041 : 3D;
42042 : 3D;
42043 : 3D;
42044 : 3D;
42045 : 3D;
42046 : 3D;
42047 : 3D;
42048 : 3D;
42049 : 3D;
42050 : 3D;
42051 : 1D;
42052 : 1D;
42053 : 1D;
42054 : 1D;
42055 : 1D;
42056 : 1D;
42057 : 1D;
42058 : 1D;
42059 : 1D;
42060 : 1D;
42061 : 3D;
42062 : 3D;
42063 : 3D;
42064 : 3D;
42065 : 3D;
42066 : 3D;
42067 : 3D;
42068 : 3D;
42069 : 3D;
42070 : 3D;
42071 : 1D;
42072 : 1D;
42073 : 1D;
42074 : 1D;
42075 : 1D;
42076 : 1D;
42077 : 1D;
42078 : 1D;
42079 : 1D;
42080 : 1D;
42081 : 3D;
42082 : 3D;
42083 : 3D;
42084 : 3D;
42085 : 3D;
42086 : 3D;
42087 : 3D;
42088 : 3D;
42089 : 3D;
42090 : 3D;
42091 : 1D;
42092 : 1D;
42093 : 1D;
42094 : 1D;
42095 : 1D;
42096 : 1D;
42097 : 1D;
42098 : 1D;
42099 : 1D;
42100 : 1D;
42101 : 3D;
42102 : 3D;
42103 : 3D;
42104 : 3D;
42105 : 3D;
42106 : 3D;
42107 : 3D;
42108 : 3D;
42109 : 3D;
42110 : 3D;
42111 : 3D;
42112 : 1D;
42113 : 1D;
42114 : 1D;
42115 : 1D;
42116 : 1D;
42117 : 1D;
42118 : 1D;
42119 : 1D;
42120 : 1D;
42121 : 1D;
42122 : 3D;
42123 : 3D;
42124 : 3D;
42125 : 3D;
42126 : 3D;
42127 : 3D;
42128 : 3D;
42129 : 3D;
42130 : 3D;
42131 : 3D;
42132 : 1D;
42133 : 1D;
42134 : 1D;
42135 : 1D;
42136 : 1D;
42137 : 1D;
42138 : 1D;
42139 : 1D;
42140 : 1D;
42141 : 1D;
42142 : 3D;
42143 : 3D;
42144 : 3D;
42145 : 3D;
42146 : 3D;
42147 : 3D;
42148 : 3D;
42149 : 3D;
42150 : 3D;
42151 : 3D;
42152 : 1D;
42153 : 1D;
42154 : 1D;
42155 : 1D;
42156 : 1D;
42157 : 1D;
42158 : 1D;
42159 : 1D;
42160 : 1D;
42161 : 1D;
42162 : 3D;
42163 : 3D;
42164 : 3D;
42165 : 3D;
42166 : 3D;
42167 : 3D;
42168 : 3D;
42169 : 3D;
42170 : 3D;
42171 : 3D;
42172 : 1D;
42173 : 1D;
42174 : 1D;
42175 : 1D;
42176 : 1D;
42177 : 1D;
42178 : 1D;
42179 : 1D;
42180 : 1D;
42181 : 1D;
42182 : 3D;
42183 : 3D;
42184 : 3D;
42185 : 3D;
42186 : 3D;
42187 : 3D;
42188 : 3D;
42189 : 3D;
42190 : 3D;
42191 : 3D;
42192 : 1D;
42193 : 1D;
42194 : 1D;
42195 : 1D;
42196 : 1D;
42197 : 1D;
42198 : 1D;
42199 : 1D;
42200 : 1D;
42201 : 1D;
42202 : 3D;
42203 : 3D;
42204 : 3D;
42205 : 3D;
42206 : 3D;
42207 : 3D;
42208 : 3D;
42209 : 3D;
42210 : 3D;
42211 : 3D;
42212 : 1D;
42213 : 1D;
42214 : 1D;
42215 : 1D;
42216 : 1D;
42217 : 1D;
42218 : 1D;
42219 : 1D;
42220 : 1D;
42221 : 1D;
42222 : 1D;
42223 : 3D;
42224 : 3D;
42225 : 3D;
42226 : 3D;
42227 : 3D;
42228 : 3D;
42229 : 3D;
42230 : 3D;
42231 : 3D;
42232 : 3D;
42233 : 10;
42234 : 10;
42235 : 10;
42236 : 10;
42237 : 10;
42238 : 10;
42239 : 10;
42240 : 14;
42241 : 14;
42242 : 14;
42243 : 14;
42244 : 14;
42245 : 14;
42246 : 14;
42247 : 14;
42248 : 14;
42249 : 14;
42250 : 1D;
42251 : 1D;
42252 : 1D;
42253 : 1D;
42254 : 1D;
42255 : 1D;
42256 : 1D;
42257 : 1D;
42258 : 1D;
42259 : 1D;
42260 : 3D;
42261 : 3D;
42262 : 3D;
42263 : 3D;
42264 : 3D;
42265 : 3D;
42266 : 3D;
42267 : 3D;
42268 : 3D;
42269 : 3D;
42270 : 1D;
42271 : 1D;
42272 : 1D;
42273 : 1D;
42274 : 1D;
42275 : 1D;
42276 : 1D;
42277 : 1D;
42278 : 1D;
42279 : 1D;
42280 : 3D;
42281 : 3D;
42282 : 3D;
42283 : 3D;
42284 : 3D;
42285 : 3D;
42286 : 3D;
42287 : 3D;
42288 : 3D;
42289 : 3D;
42290 : 1D;
42291 : 1D;
42292 : 1D;
42293 : 1D;
42294 : 1D;
42295 : 1D;
42296 : 1D;
42297 : 1D;
42298 : 1D;
42299 : 1D;
42300 : 3D;
42301 : 3D;
42302 : 3D;
42303 : 3D;
42304 : 3D;
42305 : 3D;
42306 : 3D;
42307 : 3D;
42308 : 3D;
42309 : 3D;
42310 : 1D;
42311 : 1D;
42312 : 1D;
42313 : 1D;
42314 : 1D;
42315 : 1D;
42316 : 1D;
42317 : 1D;
42318 : 1D;
42319 : 1D;
42320 : 1D;
42321 : 3D;
42322 : 3D;
42323 : 3D;
42324 : 3D;
42325 : 3D;
42326 : 3D;
42327 : 3D;
42328 : 3D;
42329 : 3D;
42330 : 3D;
42331 : 1D;
42332 : 1D;
42333 : 1D;
42334 : 1D;
42335 : 1D;
42336 : 1D;
42337 : 1D;
42338 : 1D;
42339 : 1D;
42340 : 1D;
42341 : 3D;
42342 : 3D;
42343 : 3D;
42344 : 3D;
42345 : 3D;
42346 : 3D;
42347 : 3D;
42348 : 3D;
42349 : 3D;
42350 : 3D;
42351 : 1D;
42352 : 1D;
42353 : 1D;
42354 : 1D;
42355 : 1D;
42356 : 1D;
42357 : 1D;
42358 : 1D;
42359 : 1D;
42360 : 1D;
42361 : 3D;
42362 : 3D;
42363 : 3D;
42364 : 3D;
42365 : 3D;
42366 : 3D;
42367 : 3D;
42368 : 3D;
42369 : 3D;
42370 : 3D;
42371 : 1D;
42372 : 1D;
42373 : 1D;
42374 : 1D;
42375 : 1D;
42376 : 1D;
42377 : 1D;
42378 : 1D;
42379 : 1D;
42380 : 1D;
42381 : 3D;
42382 : 3D;
42383 : 3D;
42384 : 3D;
42385 : 3D;
42386 : 3D;
42387 : 3D;
42388 : 3D;
42389 : 3D;
42390 : 3D;
42391 : 1D;
42392 : 1D;
42393 : 1D;
42394 : 1D;
42395 : 1D;
42396 : 1D;
42397 : 1D;
42398 : 1D;
42399 : 1D;
42400 : 1D;
42401 : 3D;
42402 : 3D;
42403 : 3D;
42404 : 3D;
42405 : 3D;
42406 : 3D;
42407 : 3D;
42408 : 3D;
42409 : 3D;
42410 : 3D;
42411 : 1D;
42412 : 1D;
42413 : 1D;
42414 : 1D;
42415 : 1D;
42416 : 1D;
42417 : 1D;
42418 : 1D;
42419 : 1D;
42420 : 1D;
42421 : 3D;
42422 : 3D;
42423 : 3D;
42424 : 3D;
42425 : 3D;
42426 : 3D;
42427 : 3D;
42428 : 3D;
42429 : 3D;
42430 : 3D;
42431 : 3D;
42432 : 1D;
42433 : 1D;
42434 : 1D;
42435 : 1D;
42436 : 1D;
42437 : 1D;
42438 : 1D;
42439 : 1D;
42440 : 1D;
42441 : 1D;
42442 : 3D;
42443 : 3D;
42444 : 3D;
42445 : 3D;
42446 : 3D;
42447 : 3D;
42448 : 3D;
42449 : 3D;
42450 : 3D;
42451 : 3D;
42452 : 1D;
42453 : 1D;
42454 : 1D;
42455 : 1D;
42456 : 1D;
42457 : 1D;
42458 : 1D;
42459 : 1D;
42460 : 1D;
42461 : 1D;
42462 : 3D;
42463 : 3D;
42464 : 3D;
42465 : 3D;
42466 : 3D;
42467 : 3D;
42468 : 3D;
42469 : 3D;
42470 : 3D;
42471 : 3D;
42472 : 1D;
42473 : 1D;
42474 : 1D;
42475 : 1D;
42476 : 1D;
42477 : 1D;
42478 : 1D;
42479 : 1D;
42480 : 1D;
42481 : 1D;
42482 : 3D;
42483 : 3D;
42484 : 3D;
42485 : 3D;
42486 : 3D;
42487 : 3D;
42488 : 3D;
42489 : 3D;
42490 : 3D;
42491 : 3D;
42492 : 1D;
42493 : 1D;
42494 : 1D;
42495 : 1D;
42496 : 1D;
42497 : 1D;
42498 : 1D;
42499 : 1D;
42500 : 1D;
42501 : 1D;
42502 : 3D;
42503 : 3D;
42504 : 3D;
42505 : 3D;
42506 : 3D;
42507 : 3D;
42508 : 3D;
42509 : 3D;
42510 : 3D;
42511 : 3D;
42512 : 1D;
42513 : 1D;
42514 : 1D;
42515 : 1D;
42516 : 1D;
42517 : 1D;
42518 : 1D;
42519 : 1D;
42520 : 1D;
42521 : 1D;
42522 : 3D;
42523 : 3D;
42524 : 3D;
42525 : 3D;
42526 : 3D;
42527 : 3D;
42528 : 3D;
42529 : 3D;
42530 : 3D;
42531 : 3D;
42532 : 1D;
42533 : 1D;
42534 : 1D;
42535 : 1D;
42536 : 1D;
42537 : 1D;
42538 : 1D;
42539 : 1D;
42540 : 1D;
42541 : 1D;
42542 : 1D;
42543 : 3D;
42544 : 3D;
42545 : 3D;
42546 : 3D;
42547 : 3D;
42548 : 3D;
42549 : 3D;
42550 : 3D;
42551 : 3D;
42552 : 3D;
42553 : 10;
42554 : 10;
42555 : 10;
42556 : 10;
42557 : 10;
42558 : 10;
42559 : 10;
42560 : 14;
42561 : 14;
42562 : 14;
42563 : 14;
42564 : 14;
42565 : 14;
42566 : 14;
42567 : 14;
42568 : 14;
42569 : 14;
42570 : 1D;
42571 : 1D;
42572 : 1D;
42573 : 1D;
42574 : 1D;
42575 : 1D;
42576 : 1D;
42577 : 1D;
42578 : 1D;
42579 : 1D;
42580 : 3D;
42581 : 3D;
42582 : 3D;
42583 : 3D;
42584 : 3D;
42585 : 3D;
42586 : 3D;
42587 : 3D;
42588 : 3D;
42589 : 3D;
42590 : 1D;
42591 : 1D;
42592 : 1D;
42593 : 1D;
42594 : 1D;
42595 : 1D;
42596 : 1D;
42597 : 1D;
42598 : 1D;
42599 : 1D;
42600 : 3D;
42601 : 3D;
42602 : 3D;
42603 : 3D;
42604 : 3D;
42605 : 3D;
42606 : 3D;
42607 : 3D;
42608 : 3D;
42609 : 3D;
42610 : 1D;
42611 : 1D;
42612 : 1D;
42613 : 1D;
42614 : 1D;
42615 : 1D;
42616 : 1D;
42617 : 1D;
42618 : 1D;
42619 : 1D;
42620 : 3D;
42621 : 3D;
42622 : 3D;
42623 : 3D;
42624 : 3D;
42625 : 3D;
42626 : 3D;
42627 : 3D;
42628 : 3D;
42629 : 3D;
42630 : 1D;
42631 : 1D;
42632 : 1D;
42633 : 1D;
42634 : 1D;
42635 : 1D;
42636 : 1D;
42637 : 1D;
42638 : 1D;
42639 : 1D;
42640 : 1D;
42641 : 3D;
42642 : 3D;
42643 : 3D;
42644 : 3D;
42645 : 3D;
42646 : 3D;
42647 : 3D;
42648 : 3D;
42649 : 3D;
42650 : 3D;
42651 : 1D;
42652 : 1D;
42653 : 1D;
42654 : 1D;
42655 : 1D;
42656 : 1D;
42657 : 1D;
42658 : 1D;
42659 : 1D;
42660 : 1D;
42661 : 3D;
42662 : 3D;
42663 : 3D;
42664 : 3D;
42665 : 3D;
42666 : 3D;
42667 : 3D;
42668 : 3D;
42669 : 3D;
42670 : 3D;
42671 : 1D;
42672 : 1D;
42673 : 1D;
42674 : 1D;
42675 : 1D;
42676 : 1D;
42677 : 1D;
42678 : 1D;
42679 : 1D;
42680 : 1D;
42681 : 3D;
42682 : 3D;
42683 : 3D;
42684 : 3D;
42685 : 3D;
42686 : 3D;
42687 : 3D;
42688 : 3D;
42689 : 3D;
42690 : 3D;
42691 : 1D;
42692 : 1D;
42693 : 1D;
42694 : 1D;
42695 : 1D;
42696 : 1D;
42697 : 1D;
42698 : 1D;
42699 : 1D;
42700 : 1D;
42701 : 3D;
42702 : 3D;
42703 : 3D;
42704 : 3D;
42705 : 3D;
42706 : 3D;
42707 : 3D;
42708 : 3D;
42709 : 3D;
42710 : 3D;
42711 : 1D;
42712 : 1D;
42713 : 1D;
42714 : 1D;
42715 : 1D;
42716 : 1D;
42717 : 1D;
42718 : 1D;
42719 : 1D;
42720 : 1D;
42721 : 3D;
42722 : 3D;
42723 : 3D;
42724 : 3D;
42725 : 3D;
42726 : 3D;
42727 : 3D;
42728 : 3D;
42729 : 3D;
42730 : 3D;
42731 : 1D;
42732 : 1D;
42733 : 1D;
42734 : 1D;
42735 : 1D;
42736 : 1D;
42737 : 1D;
42738 : 1D;
42739 : 1D;
42740 : 1D;
42741 : 3D;
42742 : 3D;
42743 : 3D;
42744 : 3D;
42745 : 3D;
42746 : 3D;
42747 : 3D;
42748 : 3D;
42749 : 3D;
42750 : 3D;
42751 : 3D;
42752 : 1D;
42753 : 1D;
42754 : 1D;
42755 : 1D;
42756 : 1D;
42757 : 1D;
42758 : 1D;
42759 : 1D;
42760 : 1D;
42761 : 1D;
42762 : 3D;
42763 : 3D;
42764 : 3D;
42765 : 3D;
42766 : 3D;
42767 : 3D;
42768 : 3D;
42769 : 3D;
42770 : 3D;
42771 : 3D;
42772 : 1D;
42773 : 1D;
42774 : 1D;
42775 : 1D;
42776 : 1D;
42777 : 1D;
42778 : 1D;
42779 : 1D;
42780 : 1D;
42781 : 1D;
42782 : 3D;
42783 : 3D;
42784 : 3D;
42785 : 3D;
42786 : 3D;
42787 : 3D;
42788 : 3D;
42789 : 3D;
42790 : 3D;
42791 : 3D;
42792 : 1D;
42793 : 1D;
42794 : 1D;
42795 : 1D;
42796 : 1D;
42797 : 1D;
42798 : 1D;
42799 : 1D;
42800 : 1D;
42801 : 1D;
42802 : 3D;
42803 : 3D;
42804 : 3D;
42805 : 3D;
42806 : 3D;
42807 : 3D;
42808 : 3D;
42809 : 3D;
42810 : 3D;
42811 : 3D;
42812 : 1D;
42813 : 1D;
42814 : 1D;
42815 : 1D;
42816 : 1D;
42817 : 1D;
42818 : 1D;
42819 : 1D;
42820 : 1D;
42821 : 1D;
42822 : 3D;
42823 : 3D;
42824 : 3D;
42825 : 3D;
42826 : 3D;
42827 : 3D;
42828 : 3D;
42829 : 3D;
42830 : 3D;
42831 : 3D;
42832 : 1D;
42833 : 1D;
42834 : 1D;
42835 : 1D;
42836 : 1D;
42837 : 1D;
42838 : 1D;
42839 : 1D;
42840 : 1D;
42841 : 1D;
42842 : 3D;
42843 : 3D;
42844 : 3D;
42845 : 3D;
42846 : 3D;
42847 : 3D;
42848 : 3D;
42849 : 3D;
42850 : 3D;
42851 : 3D;
42852 : 1D;
42853 : 1D;
42854 : 1D;
42855 : 1D;
42856 : 1D;
42857 : 1D;
42858 : 1D;
42859 : 1D;
42860 : 1D;
42861 : 1D;
42862 : 1D;
42863 : 3D;
42864 : 3D;
42865 : 3D;
42866 : 3D;
42867 : 3D;
42868 : 3D;
42869 : 3D;
42870 : 3D;
42871 : 3D;
42872 : 3D;
42873 : 10;
42874 : 10;
42875 : 10;
42876 : 10;
42877 : 10;
42878 : 10;
42879 : 10;
42880 : 14;
42881 : 14;
42882 : 14;
42883 : 14;
42884 : 14;
42885 : 14;
42886 : 14;
42887 : 14;
42888 : 14;
42889 : 14;
42890 : 1D;
42891 : 1D;
42892 : 1D;
42893 : 1D;
42894 : 1D;
42895 : 1D;
42896 : 1D;
42897 : 1D;
42898 : 1D;
42899 : 1D;
42900 : 3D;
42901 : 3D;
42902 : 3D;
42903 : 3D;
42904 : 3D;
42905 : 3D;
42906 : 3D;
42907 : 3D;
42908 : 3D;
42909 : 3D;
42910 : 1D;
42911 : 1D;
42912 : 1D;
42913 : 1D;
42914 : 1D;
42915 : 1D;
42916 : 1D;
42917 : 1D;
42918 : 1D;
42919 : 1D;
42920 : 3D;
42921 : 3D;
42922 : 3D;
42923 : 3D;
42924 : 3D;
42925 : 3D;
42926 : 3D;
42927 : 3D;
42928 : 3D;
42929 : 3D;
42930 : 1D;
42931 : 1D;
42932 : 1D;
42933 : 1D;
42934 : 1D;
42935 : 1D;
42936 : 1D;
42937 : 1D;
42938 : 1D;
42939 : 1D;
42940 : 3D;
42941 : 3D;
42942 : 3D;
42943 : 3D;
42944 : 3D;
42945 : 3D;
42946 : 3D;
42947 : 3D;
42948 : 3D;
42949 : 3D;
42950 : 1D;
42951 : 1D;
42952 : 1D;
42953 : 1D;
42954 : 1D;
42955 : 1D;
42956 : 1D;
42957 : 1D;
42958 : 1D;
42959 : 1D;
42960 : 1D;
42961 : 3D;
42962 : 3D;
42963 : 3D;
42964 : 3D;
42965 : 3D;
42966 : 3D;
42967 : 3D;
42968 : 3D;
42969 : 3D;
42970 : 3D;
42971 : 1D;
42972 : 1D;
42973 : 1D;
42974 : 1D;
42975 : 1D;
42976 : 1D;
42977 : 1D;
42978 : 1D;
42979 : 1D;
42980 : 1D;
42981 : 3D;
42982 : 3D;
42983 : 3D;
42984 : 3D;
42985 : 3D;
42986 : 3D;
42987 : 3D;
42988 : 3D;
42989 : 3D;
42990 : 3D;
42991 : 1D;
42992 : 1D;
42993 : 1D;
42994 : 1D;
42995 : 1D;
42996 : 1D;
42997 : 1D;
42998 : 1D;
42999 : 1D;
43000 : 1D;
43001 : 3D;
43002 : 3D;
43003 : 3D;
43004 : 3D;
43005 : 3D;
43006 : 3D;
43007 : 3D;
43008 : 3D;
43009 : 3D;
43010 : 3D;
43011 : 1D;
43012 : 1D;
43013 : 1D;
43014 : 1D;
43015 : 1D;
43016 : 1D;
43017 : 1D;
43018 : 1D;
43019 : 1D;
43020 : 1D;
43021 : 3D;
43022 : 3D;
43023 : 3D;
43024 : 3D;
43025 : 3D;
43026 : 3D;
43027 : 3D;
43028 : 3D;
43029 : 3D;
43030 : 3D;
43031 : 1D;
43032 : 1D;
43033 : 1D;
43034 : 1D;
43035 : 1D;
43036 : 1D;
43037 : 1D;
43038 : 1D;
43039 : 1D;
43040 : 1D;
43041 : 3D;
43042 : 3D;
43043 : 3D;
43044 : 3D;
43045 : 3D;
43046 : 3D;
43047 : 3D;
43048 : 3D;
43049 : 3D;
43050 : 3D;
43051 : 1D;
43052 : 1D;
43053 : 1D;
43054 : 1D;
43055 : 1D;
43056 : 1D;
43057 : 1D;
43058 : 1D;
43059 : 1D;
43060 : 1D;
43061 : 3D;
43062 : 3D;
43063 : 3D;
43064 : 3D;
43065 : 3D;
43066 : 3D;
43067 : 3D;
43068 : 3D;
43069 : 3D;
43070 : 3D;
43071 : 3D;
43072 : 1D;
43073 : 1D;
43074 : 1D;
43075 : 1D;
43076 : 1D;
43077 : 1D;
43078 : 1D;
43079 : 1D;
43080 : 1D;
43081 : 1D;
43082 : 3D;
43083 : 3D;
43084 : 3D;
43085 : 3D;
43086 : 3D;
43087 : 3D;
43088 : 3D;
43089 : 3D;
43090 : 3D;
43091 : 3D;
43092 : 1D;
43093 : 1D;
43094 : 1D;
43095 : 1D;
43096 : 1D;
43097 : 1D;
43098 : 1D;
43099 : 1D;
43100 : 1D;
43101 : 1D;
43102 : 3D;
43103 : 3D;
43104 : 3D;
43105 : 3D;
43106 : 3D;
43107 : 3D;
43108 : 3D;
43109 : 3D;
43110 : 3D;
43111 : 3D;
43112 : 1D;
43113 : 1D;
43114 : 1D;
43115 : 1D;
43116 : 1D;
43117 : 1D;
43118 : 1D;
43119 : 1D;
43120 : 1D;
43121 : 1D;
43122 : 3D;
43123 : 3D;
43124 : 3D;
43125 : 3D;
43126 : 3D;
43127 : 3D;
43128 : 3D;
43129 : 3D;
43130 : 3D;
43131 : 3D;
43132 : 1D;
43133 : 1D;
43134 : 1D;
43135 : 1D;
43136 : 1D;
43137 : 1D;
43138 : 1D;
43139 : 1D;
43140 : 1D;
43141 : 1D;
43142 : 3D;
43143 : 3D;
43144 : 3D;
43145 : 3D;
43146 : 3D;
43147 : 3D;
43148 : 3D;
43149 : 3D;
43150 : 3D;
43151 : 3D;
43152 : 1D;
43153 : 1D;
43154 : 1D;
43155 : 1D;
43156 : 1D;
43157 : 1D;
43158 : 1D;
43159 : 1D;
43160 : 1D;
43161 : 1D;
43162 : 3D;
43163 : 3D;
43164 : 3D;
43165 : 3D;
43166 : 3D;
43167 : 3D;
43168 : 3D;
43169 : 3D;
43170 : 3D;
43171 : 3D;
43172 : 1D;
43173 : 1D;
43174 : 1D;
43175 : 1D;
43176 : 1D;
43177 : 1D;
43178 : 1D;
43179 : 1D;
43180 : 1D;
43181 : 1D;
43182 : 1D;
43183 : 3D;
43184 : 3D;
43185 : 3D;
43186 : 3D;
43187 : 3D;
43188 : 3D;
43189 : 3D;
43190 : 3D;
43191 : 3D;
43192 : 3D;
43193 : 10;
43194 : 10;
43195 : 10;
43196 : 10;
43197 : 10;
43198 : 10;
43199 : 10;
43200 : 14;
43201 : 14;
43202 : 14;
43203 : 14;
43204 : 14;
43205 : 14;
43206 : 14;
43207 : 14;
43208 : 14;
43209 : 14;
43210 : 1D;
43211 : 1D;
43212 : 1D;
43213 : 1D;
43214 : 1D;
43215 : 1D;
43216 : 1D;
43217 : 1D;
43218 : 1D;
43219 : 1D;
43220 : 3D;
43221 : 3D;
43222 : 3D;
43223 : 3D;
43224 : 3D;
43225 : 3D;
43226 : 3D;
43227 : 3D;
43228 : 3D;
43229 : 3D;
43230 : 1D;
43231 : 1D;
43232 : 1D;
43233 : 1D;
43234 : 1D;
43235 : 1D;
43236 : 1D;
43237 : 1D;
43238 : 1D;
43239 : 1D;
43240 : 3D;
43241 : 3D;
43242 : 3D;
43243 : 3D;
43244 : 3D;
43245 : 3D;
43246 : 3D;
43247 : 3D;
43248 : 3D;
43249 : 3D;
43250 : 1D;
43251 : 1D;
43252 : 1D;
43253 : 1D;
43254 : 1D;
43255 : 1D;
43256 : 1D;
43257 : 1D;
43258 : 1D;
43259 : 1D;
43260 : 3D;
43261 : 3D;
43262 : 3D;
43263 : 3D;
43264 : 3D;
43265 : 3D;
43266 : 3D;
43267 : 3D;
43268 : 3D;
43269 : 3D;
43270 : 1D;
43271 : 1D;
43272 : 1D;
43273 : 1D;
43274 : 1D;
43275 : 1D;
43276 : 1D;
43277 : 1D;
43278 : 1D;
43279 : 1D;
43280 : 1D;
43281 : 3D;
43282 : 3D;
43283 : 3D;
43284 : 3D;
43285 : 3D;
43286 : 3D;
43287 : 3D;
43288 : 3D;
43289 : 3D;
43290 : 3D;
43291 : 1D;
43292 : 1D;
43293 : 1D;
43294 : 1D;
43295 : 1D;
43296 : 1D;
43297 : 1D;
43298 : 1D;
43299 : 1D;
43300 : 1D;
43301 : 3D;
43302 : 3D;
43303 : 3D;
43304 : 3D;
43305 : 3D;
43306 : 3D;
43307 : 3D;
43308 : 3D;
43309 : 3D;
43310 : 3D;
43311 : 1D;
43312 : 1D;
43313 : 1D;
43314 : 1D;
43315 : 1D;
43316 : 1D;
43317 : 1D;
43318 : 1D;
43319 : 1D;
43320 : 1D;
43321 : 3D;
43322 : 3D;
43323 : 3D;
43324 : 3D;
43325 : 3D;
43326 : 3D;
43327 : 3D;
43328 : 3D;
43329 : 3D;
43330 : 3D;
43331 : 1D;
43332 : 1D;
43333 : 1D;
43334 : 1D;
43335 : 1D;
43336 : 1D;
43337 : 1D;
43338 : 1D;
43339 : 1D;
43340 : 1D;
43341 : 3D;
43342 : 3D;
43343 : 3D;
43344 : 3D;
43345 : 3D;
43346 : 3D;
43347 : 3D;
43348 : 3D;
43349 : 3D;
43350 : 3D;
43351 : 1D;
43352 : 1D;
43353 : 1D;
43354 : 1D;
43355 : 1D;
43356 : 1D;
43357 : 1D;
43358 : 1D;
43359 : 1D;
43360 : 1D;
43361 : 3D;
43362 : 3D;
43363 : 3D;
43364 : 3D;
43365 : 3D;
43366 : 3D;
43367 : 3D;
43368 : 3D;
43369 : 3D;
43370 : 3D;
43371 : 1D;
43372 : 1D;
43373 : 1D;
43374 : 1D;
43375 : 1D;
43376 : 1D;
43377 : 1D;
43378 : 1D;
43379 : 1D;
43380 : 1D;
43381 : 3D;
43382 : 3D;
43383 : 3D;
43384 : 3D;
43385 : 3D;
43386 : 3D;
43387 : 3D;
43388 : 3D;
43389 : 3D;
43390 : 3D;
43391 : 3D;
43392 : 1D;
43393 : 1D;
43394 : 1D;
43395 : 1D;
43396 : 1D;
43397 : 1D;
43398 : 1D;
43399 : 1D;
43400 : 1D;
43401 : 1D;
43402 : 3D;
43403 : 3D;
43404 : 3D;
43405 : 3D;
43406 : 3D;
43407 : 3D;
43408 : 3D;
43409 : 3D;
43410 : 3D;
43411 : 3D;
43412 : 1D;
43413 : 1D;
43414 : 1D;
43415 : 1D;
43416 : 1D;
43417 : 1D;
43418 : 1D;
43419 : 1D;
43420 : 1D;
43421 : 1D;
43422 : 3D;
43423 : 3D;
43424 : 3D;
43425 : 3D;
43426 : 3D;
43427 : 3D;
43428 : 3D;
43429 : 3D;
43430 : 3D;
43431 : 3D;
43432 : 1D;
43433 : 1D;
43434 : 1D;
43435 : 1D;
43436 : 1D;
43437 : 1D;
43438 : 1D;
43439 : 1D;
43440 : 1D;
43441 : 1D;
43442 : 3D;
43443 : 3D;
43444 : 3D;
43445 : 3D;
43446 : 3D;
43447 : 3D;
43448 : 3D;
43449 : 3D;
43450 : 3D;
43451 : 3D;
43452 : 1D;
43453 : 1D;
43454 : 1D;
43455 : 1D;
43456 : 1D;
43457 : 1D;
43458 : 1D;
43459 : 1D;
43460 : 1D;
43461 : 1D;
43462 : 3D;
43463 : 3D;
43464 : 3D;
43465 : 3D;
43466 : 3D;
43467 : 3D;
43468 : 3D;
43469 : 3D;
43470 : 3D;
43471 : 3D;
43472 : 1D;
43473 : 1D;
43474 : 1D;
43475 : 1D;
43476 : 1D;
43477 : 1D;
43478 : 1D;
43479 : 1D;
43480 : 1D;
43481 : 1D;
43482 : 3D;
43483 : 3D;
43484 : 3D;
43485 : 3D;
43486 : 3D;
43487 : 3D;
43488 : 3D;
43489 : 3D;
43490 : 3D;
43491 : 3D;
43492 : 1D;
43493 : 1D;
43494 : 1D;
43495 : 1D;
43496 : 1D;
43497 : 1D;
43498 : 1D;
43499 : 1D;
43500 : 1D;
43501 : 1D;
43502 : 1D;
43503 : 3D;
43504 : 3D;
43505 : 3D;
43506 : 3D;
43507 : 3D;
43508 : 3D;
43509 : 3D;
43510 : 3D;
43511 : 3D;
43512 : 3D;
43513 : 10;
43514 : 10;
43515 : 10;
43516 : 10;
43517 : 10;
43518 : 10;
43519 : 10;
43520 : 14;
43521 : 14;
43522 : 14;
43523 : 14;
43524 : 14;
43525 : 14;
43526 : 14;
43527 : 14;
43528 : 14;
43529 : 14;
43530 : 1D;
43531 : 1D;
43532 : 1D;
43533 : 1D;
43534 : 1D;
43535 : 1D;
43536 : 1D;
43537 : 1D;
43538 : 1D;
43539 : 1D;
43540 : 3D;
43541 : 3D;
43542 : 3D;
43543 : 3D;
43544 : 3D;
43545 : 3D;
43546 : 3D;
43547 : 3D;
43548 : 3D;
43549 : 3D;
43550 : 1D;
43551 : 1D;
43552 : 1D;
43553 : 1D;
43554 : 1D;
43555 : 1D;
43556 : 1D;
43557 : 1D;
43558 : 1D;
43559 : 1D;
43560 : 3D;
43561 : 3D;
43562 : 3D;
43563 : 3D;
43564 : 3D;
43565 : 3D;
43566 : 3D;
43567 : 3D;
43568 : 3D;
43569 : 3D;
43570 : 1D;
43571 : 1D;
43572 : 1D;
43573 : 1D;
43574 : 1D;
43575 : 1D;
43576 : 1D;
43577 : 1D;
43578 : 1D;
43579 : 1D;
43580 : 3D;
43581 : 3D;
43582 : 3D;
43583 : 3D;
43584 : 3D;
43585 : 3D;
43586 : 3D;
43587 : 3D;
43588 : 3D;
43589 : 3D;
43590 : 1D;
43591 : 1D;
43592 : 1D;
43593 : 1D;
43594 : 1D;
43595 : 1D;
43596 : 1D;
43597 : 1D;
43598 : 1D;
43599 : 1D;
43600 : 1D;
43601 : 3D;
43602 : 3D;
43603 : 3D;
43604 : 3D;
43605 : 3D;
43606 : 3D;
43607 : 3D;
43608 : 3D;
43609 : 3D;
43610 : 3D;
43611 : 1D;
43612 : 1D;
43613 : 1D;
43614 : 1D;
43615 : 1D;
43616 : 1D;
43617 : 1D;
43618 : 1D;
43619 : 1D;
43620 : 1D;
43621 : 3D;
43622 : 3D;
43623 : 3D;
43624 : 3D;
43625 : 3D;
43626 : 3D;
43627 : 3D;
43628 : 3D;
43629 : 3D;
43630 : 3D;
43631 : 1D;
43632 : 1D;
43633 : 1D;
43634 : 1D;
43635 : 1D;
43636 : 1D;
43637 : 1D;
43638 : 1D;
43639 : 1D;
43640 : 1D;
43641 : 3D;
43642 : 3D;
43643 : 3D;
43644 : 3D;
43645 : 3D;
43646 : 3D;
43647 : 3D;
43648 : 3D;
43649 : 3D;
43650 : 3D;
43651 : 1D;
43652 : 1D;
43653 : 1D;
43654 : 1D;
43655 : 1D;
43656 : 1D;
43657 : 1D;
43658 : 1D;
43659 : 1D;
43660 : 1D;
43661 : 3D;
43662 : 3D;
43663 : 3D;
43664 : 3D;
43665 : 3D;
43666 : 3D;
43667 : 3D;
43668 : 3D;
43669 : 3D;
43670 : 3D;
43671 : 1D;
43672 : 1D;
43673 : 1D;
43674 : 1D;
43675 : 1D;
43676 : 1D;
43677 : 1D;
43678 : 1D;
43679 : 1D;
43680 : 1D;
43681 : 3D;
43682 : 3D;
43683 : 3D;
43684 : 3D;
43685 : 3D;
43686 : 3D;
43687 : 3D;
43688 : 3D;
43689 : 3D;
43690 : 3D;
43691 : 1D;
43692 : 1D;
43693 : 1D;
43694 : 1D;
43695 : 1D;
43696 : 1D;
43697 : 1D;
43698 : 1D;
43699 : 1D;
43700 : 1D;
43701 : 3D;
43702 : 3D;
43703 : 3D;
43704 : 3D;
43705 : 3D;
43706 : 3D;
43707 : 3D;
43708 : 3D;
43709 : 3D;
43710 : 3D;
43711 : 3D;
43712 : 1D;
43713 : 1D;
43714 : 1D;
43715 : 1D;
43716 : 1D;
43717 : 1D;
43718 : 1D;
43719 : 1D;
43720 : 1D;
43721 : 1D;
43722 : 3D;
43723 : 3D;
43724 : 3D;
43725 : 3D;
43726 : 3D;
43727 : 3D;
43728 : 3D;
43729 : 3D;
43730 : 3D;
43731 : 3D;
43732 : 1D;
43733 : 1D;
43734 : 1D;
43735 : 1D;
43736 : 1D;
43737 : 1D;
43738 : 1D;
43739 : 1D;
43740 : 1D;
43741 : 1D;
43742 : 3D;
43743 : 3D;
43744 : 3D;
43745 : 3D;
43746 : 3D;
43747 : 3D;
43748 : 3D;
43749 : 3D;
43750 : 3D;
43751 : 3D;
43752 : 1D;
43753 : 1D;
43754 : 1D;
43755 : 1D;
43756 : 1D;
43757 : 1D;
43758 : 1D;
43759 : 1D;
43760 : 1D;
43761 : 1D;
43762 : 3D;
43763 : 3D;
43764 : 3D;
43765 : 3D;
43766 : 3D;
43767 : 3D;
43768 : 3D;
43769 : 3D;
43770 : 3D;
43771 : 3D;
43772 : 1D;
43773 : 1D;
43774 : 1D;
43775 : 1D;
43776 : 1D;
43777 : 1D;
43778 : 1D;
43779 : 1D;
43780 : 1D;
43781 : 1D;
43782 : 3D;
43783 : 3D;
43784 : 3D;
43785 : 3D;
43786 : 3D;
43787 : 3D;
43788 : 3D;
43789 : 3D;
43790 : 3D;
43791 : 3D;
43792 : 1D;
43793 : 1D;
43794 : 1D;
43795 : 1D;
43796 : 1D;
43797 : 1D;
43798 : 1D;
43799 : 1D;
43800 : 1D;
43801 : 1D;
43802 : 3D;
43803 : 3D;
43804 : 3D;
43805 : 3D;
43806 : 3D;
43807 : 3D;
43808 : 3D;
43809 : 3D;
43810 : 3D;
43811 : 3D;
43812 : 1D;
43813 : 1D;
43814 : 1D;
43815 : 1D;
43816 : 1D;
43817 : 1D;
43818 : 1D;
43819 : 1D;
43820 : 1D;
43821 : 1D;
43822 : 1D;
43823 : 3D;
43824 : 3D;
43825 : 3D;
43826 : 3D;
43827 : 3D;
43828 : 3D;
43829 : 3D;
43830 : 3D;
43831 : 3D;
43832 : 3D;
43833 : 10;
43834 : 10;
43835 : 10;
43836 : 10;
43837 : 10;
43838 : 10;
43839 : 10;
43840 : 14;
43841 : 14;
43842 : 14;
43843 : 14;
43844 : 14;
43845 : 14;
43846 : 14;
43847 : 14;
43848 : 14;
43849 : 14;
43850 : 1D;
43851 : 1D;
43852 : 1D;
43853 : 1D;
43854 : 1D;
43855 : 1D;
43856 : 1D;
43857 : 1D;
43858 : 1D;
43859 : 1D;
43860 : 3D;
43861 : 3D;
43862 : 3D;
43863 : 3D;
43864 : 3D;
43865 : 3D;
43866 : 3D;
43867 : 3D;
43868 : 3D;
43869 : 3D;
43870 : 1D;
43871 : 1D;
43872 : 1D;
43873 : 1D;
43874 : 1D;
43875 : 1D;
43876 : 1D;
43877 : 1D;
43878 : 1D;
43879 : 1D;
43880 : 3D;
43881 : 3D;
43882 : 3D;
43883 : 3D;
43884 : 3D;
43885 : 3D;
43886 : 3D;
43887 : 3D;
43888 : 3D;
43889 : 3D;
43890 : 1D;
43891 : 1D;
43892 : 1D;
43893 : 1D;
43894 : 1D;
43895 : 1D;
43896 : 1D;
43897 : 1D;
43898 : 1D;
43899 : 1D;
43900 : 3D;
43901 : 3D;
43902 : 3D;
43903 : 3D;
43904 : 3D;
43905 : 3D;
43906 : 3D;
43907 : 3D;
43908 : 3D;
43909 : 3D;
43910 : 1D;
43911 : 1D;
43912 : 1D;
43913 : 1D;
43914 : 1D;
43915 : 1D;
43916 : 1D;
43917 : 1D;
43918 : 1D;
43919 : 1D;
43920 : 1D;
43921 : 3D;
43922 : 3D;
43923 : 3D;
43924 : 3D;
43925 : 3D;
43926 : 3D;
43927 : 3D;
43928 : 3D;
43929 : 3D;
43930 : 3D;
43931 : 1D;
43932 : 1D;
43933 : 1D;
43934 : 1D;
43935 : 1D;
43936 : 1D;
43937 : 1D;
43938 : 1D;
43939 : 1D;
43940 : 1D;
43941 : 3D;
43942 : 3D;
43943 : 3D;
43944 : 3D;
43945 : 3D;
43946 : 3D;
43947 : 3D;
43948 : 3D;
43949 : 3D;
43950 : 3D;
43951 : 1D;
43952 : 1D;
43953 : 1D;
43954 : 1D;
43955 : 1D;
43956 : 1D;
43957 : 1D;
43958 : 1D;
43959 : 1D;
43960 : 1D;
43961 : 3D;
43962 : 3D;
43963 : 3D;
43964 : 3D;
43965 : 3D;
43966 : 3D;
43967 : 3D;
43968 : 3D;
43969 : 3D;
43970 : 3D;
43971 : 1D;
43972 : 1D;
43973 : 1D;
43974 : 1D;
43975 : 1D;
43976 : 1D;
43977 : 1D;
43978 : 1D;
43979 : 1D;
43980 : 1D;
43981 : 3D;
43982 : 3D;
43983 : 3D;
43984 : 3D;
43985 : 3D;
43986 : 3D;
43987 : 3D;
43988 : 3D;
43989 : 3D;
43990 : 3D;
43991 : 1D;
43992 : 1D;
43993 : 1D;
43994 : 1D;
43995 : 1D;
43996 : 1D;
43997 : 1D;
43998 : 1D;
43999 : 1D;
44000 : 1D;
44001 : 3D;
44002 : 3D;
44003 : 3D;
44004 : 3D;
44005 : 3D;
44006 : 3D;
44007 : 3D;
44008 : 3D;
44009 : 3D;
44010 : 3D;
44011 : 1D;
44012 : 1D;
44013 : 1D;
44014 : 1D;
44015 : 1D;
44016 : 1D;
44017 : 1D;
44018 : 1D;
44019 : 1D;
44020 : 1D;
44021 : 3D;
44022 : 3D;
44023 : 3D;
44024 : 3D;
44025 : 3D;
44026 : 3D;
44027 : 3D;
44028 : 3D;
44029 : 3D;
44030 : 3D;
44031 : 3D;
44032 : 1D;
44033 : 1D;
44034 : 1D;
44035 : 1D;
44036 : 1D;
44037 : 1D;
44038 : 1D;
44039 : 1D;
44040 : 1D;
44041 : 1D;
44042 : 3D;
44043 : 3D;
44044 : 3D;
44045 : 3D;
44046 : 3D;
44047 : 3D;
44048 : 3D;
44049 : 3D;
44050 : 3D;
44051 : 3D;
44052 : 1D;
44053 : 1D;
44054 : 1D;
44055 : 1D;
44056 : 1D;
44057 : 1D;
44058 : 1D;
44059 : 1D;
44060 : 1D;
44061 : 1D;
44062 : 3D;
44063 : 3D;
44064 : 3D;
44065 : 3D;
44066 : 3D;
44067 : 3D;
44068 : 3D;
44069 : 3D;
44070 : 3D;
44071 : 3D;
44072 : 1D;
44073 : 1D;
44074 : 1D;
44075 : 1D;
44076 : 1D;
44077 : 1D;
44078 : 1D;
44079 : 1D;
44080 : 1D;
44081 : 1D;
44082 : 3D;
44083 : 3D;
44084 : 3D;
44085 : 3D;
44086 : 3D;
44087 : 3D;
44088 : 3D;
44089 : 3D;
44090 : 3D;
44091 : 3D;
44092 : 1D;
44093 : 1D;
44094 : 1D;
44095 : 1D;
44096 : 1D;
44097 : 1D;
44098 : 1D;
44099 : 1D;
44100 : 1D;
44101 : 1D;
44102 : 3D;
44103 : 3D;
44104 : 3D;
44105 : 3D;
44106 : 3D;
44107 : 3D;
44108 : 3D;
44109 : 3D;
44110 : 3D;
44111 : 3D;
44112 : 1D;
44113 : 1D;
44114 : 1D;
44115 : 1D;
44116 : 1D;
44117 : 1D;
44118 : 1D;
44119 : 1D;
44120 : 1D;
44121 : 1D;
44122 : 3D;
44123 : 3D;
44124 : 3D;
44125 : 3D;
44126 : 3D;
44127 : 3D;
44128 : 3D;
44129 : 3D;
44130 : 3D;
44131 : 3D;
44132 : 1D;
44133 : 1D;
44134 : 1D;
44135 : 1D;
44136 : 1D;
44137 : 1D;
44138 : 1D;
44139 : 1D;
44140 : 1D;
44141 : 1D;
44142 : 1D;
44143 : 3D;
44144 : 3D;
44145 : 3D;
44146 : 3D;
44147 : 3D;
44148 : 3D;
44149 : 3D;
44150 : 3D;
44151 : 3D;
44152 : 3D;
44153 : 10;
44154 : 10;
44155 : 10;
44156 : 10;
44157 : 10;
44158 : 10;
44159 : 10;
44160 : 14;
44161 : 14;
44162 : 14;
44163 : 14;
44164 : 14;
44165 : 14;
44166 : 14;
44167 : 14;
44168 : 14;
44169 : 14;
44170 : 1D;
44171 : 1D;
44172 : 1D;
44173 : 1D;
44174 : 1D;
44175 : 1D;
44176 : 1D;
44177 : 1D;
44178 : 1D;
44179 : 1D;
44180 : 3D;
44181 : 3D;
44182 : 3D;
44183 : 3D;
44184 : 3D;
44185 : 3D;
44186 : 3D;
44187 : 3D;
44188 : 3D;
44189 : 3D;
44190 : 1D;
44191 : 1D;
44192 : 1D;
44193 : 1D;
44194 : 1D;
44195 : 1D;
44196 : 1D;
44197 : 1D;
44198 : 1D;
44199 : 1D;
44200 : 3D;
44201 : 3D;
44202 : 3D;
44203 : 3D;
44204 : 3D;
44205 : 3D;
44206 : 3D;
44207 : 3D;
44208 : 3D;
44209 : 3D;
44210 : 1D;
44211 : 1D;
44212 : 1D;
44213 : 1D;
44214 : 1D;
44215 : 1D;
44216 : 1D;
44217 : 1D;
44218 : 1D;
44219 : 1D;
44220 : 3D;
44221 : 3D;
44222 : 3D;
44223 : 3D;
44224 : 3D;
44225 : 3D;
44226 : 3D;
44227 : 3D;
44228 : 3D;
44229 : 3D;
44230 : 1D;
44231 : 1D;
44232 : 1D;
44233 : 1D;
44234 : 1D;
44235 : 1D;
44236 : 1D;
44237 : 1D;
44238 : 1D;
44239 : 1D;
44240 : 1D;
44241 : 3D;
44242 : 3D;
44243 : 3D;
44244 : 3D;
44245 : 3D;
44246 : 3D;
44247 : 3D;
44248 : 3D;
44249 : 3D;
44250 : 3D;
44251 : 1D;
44252 : 1D;
44253 : 1D;
44254 : 1D;
44255 : 1D;
44256 : 1D;
44257 : 1D;
44258 : 1D;
44259 : 1D;
44260 : 1D;
44261 : 3D;
44262 : 3D;
44263 : 3D;
44264 : 3D;
44265 : 3D;
44266 : 3D;
44267 : 3D;
44268 : 3D;
44269 : 3D;
44270 : 3D;
44271 : 1D;
44272 : 1D;
44273 : 1D;
44274 : 1D;
44275 : 1D;
44276 : 1D;
44277 : 1D;
44278 : 1D;
44279 : 1D;
44280 : 1D;
44281 : 3D;
44282 : 3D;
44283 : 3D;
44284 : 3D;
44285 : 3D;
44286 : 3D;
44287 : 3D;
44288 : 3D;
44289 : 3D;
44290 : 3D;
44291 : 1D;
44292 : 1D;
44293 : 1D;
44294 : 1D;
44295 : 1D;
44296 : 1D;
44297 : 1D;
44298 : 1D;
44299 : 1D;
44300 : 1D;
44301 : 3D;
44302 : 3D;
44303 : 3D;
44304 : 3D;
44305 : 3D;
44306 : 3D;
44307 : 3D;
44308 : 3D;
44309 : 3D;
44310 : 3D;
44311 : 1D;
44312 : 1D;
44313 : 1D;
44314 : 1D;
44315 : 1D;
44316 : 1D;
44317 : 1D;
44318 : 1D;
44319 : 1D;
44320 : 1D;
44321 : 3D;
44322 : 3D;
44323 : 3D;
44324 : 3D;
44325 : 3D;
44326 : 3D;
44327 : 3D;
44328 : 3D;
44329 : 3D;
44330 : 3D;
44331 : 1D;
44332 : 1D;
44333 : 1D;
44334 : 1D;
44335 : 1D;
44336 : 1D;
44337 : 1D;
44338 : 1D;
44339 : 1D;
44340 : 1D;
44341 : 3D;
44342 : 3D;
44343 : 3D;
44344 : 3D;
44345 : 3D;
44346 : 3D;
44347 : 3D;
44348 : 3D;
44349 : 3D;
44350 : 3D;
44351 : 3D;
44352 : 1D;
44353 : 1D;
44354 : 1D;
44355 : 1D;
44356 : 1D;
44357 : 1D;
44358 : 1D;
44359 : 1D;
44360 : 1D;
44361 : 1D;
44362 : 3D;
44363 : 3D;
44364 : 3D;
44365 : 3D;
44366 : 3D;
44367 : 3D;
44368 : 3D;
44369 : 3D;
44370 : 3D;
44371 : 3D;
44372 : 1D;
44373 : 1D;
44374 : 1D;
44375 : 1D;
44376 : 1D;
44377 : 1D;
44378 : 1D;
44379 : 1D;
44380 : 1D;
44381 : 1D;
44382 : 3D;
44383 : 3D;
44384 : 3D;
44385 : 3D;
44386 : 3D;
44387 : 3D;
44388 : 3D;
44389 : 3D;
44390 : 3D;
44391 : 3D;
44392 : 1D;
44393 : 1D;
44394 : 1D;
44395 : 1D;
44396 : 1D;
44397 : 1D;
44398 : 1D;
44399 : 1D;
44400 : 1D;
44401 : 1D;
44402 : 3D;
44403 : 3D;
44404 : 3D;
44405 : 3D;
44406 : 3D;
44407 : 3D;
44408 : 3D;
44409 : 3D;
44410 : 3D;
44411 : 3D;
44412 : 1D;
44413 : 1D;
44414 : 1D;
44415 : 1D;
44416 : 1D;
44417 : 1D;
44418 : 1D;
44419 : 1D;
44420 : 1D;
44421 : 1D;
44422 : 3D;
44423 : 3D;
44424 : 3D;
44425 : 3D;
44426 : 3D;
44427 : 3D;
44428 : 3D;
44429 : 3D;
44430 : 3D;
44431 : 3D;
44432 : 1D;
44433 : 1D;
44434 : 1D;
44435 : 1D;
44436 : 1D;
44437 : 1D;
44438 : 1D;
44439 : 1D;
44440 : 1D;
44441 : 1D;
44442 : 3D;
44443 : 3D;
44444 : 3D;
44445 : 3D;
44446 : 3D;
44447 : 3D;
44448 : 3D;
44449 : 3D;
44450 : 3D;
44451 : 3D;
44452 : 1D;
44453 : 1D;
44454 : 1D;
44455 : 1D;
44456 : 1D;
44457 : 1D;
44458 : 1D;
44459 : 1D;
44460 : 1D;
44461 : 1D;
44462 : 1D;
44463 : 3D;
44464 : 3D;
44465 : 3D;
44466 : 3D;
44467 : 3D;
44468 : 3D;
44469 : 3D;
44470 : 3D;
44471 : 3D;
44472 : 3D;
44473 : 10;
44474 : 10;
44475 : 10;
44476 : 10;
44477 : 10;
44478 : 10;
44479 : 10;
44480 : 14;
44481 : 14;
44482 : 14;
44483 : 14;
44484 : 14;
44485 : 14;
44486 : 14;
44487 : 14;
44488 : 14;
44489 : 14;
44490 : 1D;
44491 : 1D;
44492 : 1D;
44493 : 1D;
44494 : 1D;
44495 : 1D;
44496 : 1D;
44497 : 1D;
44498 : 1D;
44499 : 1D;
44500 : 3D;
44501 : 3D;
44502 : 3D;
44503 : 3D;
44504 : 3D;
44505 : 3D;
44506 : 3D;
44507 : 3D;
44508 : 3D;
44509 : 3D;
44510 : 1D;
44511 : 1D;
44512 : 1D;
44513 : 1D;
44514 : 1D;
44515 : 1D;
44516 : 1D;
44517 : 1D;
44518 : 1D;
44519 : 1D;
44520 : 3D;
44521 : 3D;
44522 : 3D;
44523 : 3D;
44524 : 3D;
44525 : 3D;
44526 : 3D;
44527 : 3D;
44528 : 3D;
44529 : 3D;
44530 : 1D;
44531 : 1D;
44532 : 1D;
44533 : 1D;
44534 : 1D;
44535 : 1D;
44536 : 1D;
44537 : 1D;
44538 : 1D;
44539 : 1D;
44540 : 3D;
44541 : 3D;
44542 : 3D;
44543 : 3D;
44544 : 3D;
44545 : 3D;
44546 : 3D;
44547 : 3D;
44548 : 3D;
44549 : 3D;
44550 : 1D;
44551 : 1D;
44552 : 1D;
44553 : 1D;
44554 : 1D;
44555 : 1D;
44556 : 1D;
44557 : 1D;
44558 : 1D;
44559 : 1D;
44560 : 1D;
44561 : 3D;
44562 : 3D;
44563 : 3D;
44564 : 3D;
44565 : 3D;
44566 : 3D;
44567 : 3D;
44568 : 3D;
44569 : 3D;
44570 : 3D;
44571 : 1D;
44572 : 1D;
44573 : 1D;
44574 : 1D;
44575 : 1D;
44576 : 1D;
44577 : 1D;
44578 : 1D;
44579 : 1D;
44580 : 1D;
44581 : 3D;
44582 : 3D;
44583 : 3D;
44584 : 3D;
44585 : 3D;
44586 : 3D;
44587 : 3D;
44588 : 3D;
44589 : 3D;
44590 : 3D;
44591 : 1D;
44592 : 1D;
44593 : 1D;
44594 : 1D;
44595 : 1D;
44596 : 1D;
44597 : 1D;
44598 : 1D;
44599 : 1D;
44600 : 1D;
44601 : 3D;
44602 : 3D;
44603 : 3D;
44604 : 3D;
44605 : 3D;
44606 : 3D;
44607 : 3D;
44608 : 3D;
44609 : 3D;
44610 : 3D;
44611 : 1D;
44612 : 1D;
44613 : 1D;
44614 : 1D;
44615 : 1D;
44616 : 1D;
44617 : 1D;
44618 : 1D;
44619 : 1D;
44620 : 1D;
44621 : 3D;
44622 : 3D;
44623 : 3D;
44624 : 3D;
44625 : 3D;
44626 : 3D;
44627 : 3D;
44628 : 3D;
44629 : 3D;
44630 : 3D;
44631 : 1D;
44632 : 1D;
44633 : 1D;
44634 : 1D;
44635 : 1D;
44636 : 1D;
44637 : 1D;
44638 : 1D;
44639 : 1D;
44640 : 1D;
44641 : 3D;
44642 : 3D;
44643 : 3D;
44644 : 3D;
44645 : 3D;
44646 : 3D;
44647 : 3D;
44648 : 3D;
44649 : 3D;
44650 : 3D;
44651 : 1D;
44652 : 1D;
44653 : 1D;
44654 : 1D;
44655 : 1D;
44656 : 1D;
44657 : 1D;
44658 : 1D;
44659 : 1D;
44660 : 1D;
44661 : 3D;
44662 : 3D;
44663 : 3D;
44664 : 3D;
44665 : 3D;
44666 : 3D;
44667 : 3D;
44668 : 3D;
44669 : 3D;
44670 : 3D;
44671 : 3D;
44672 : 1D;
44673 : 1D;
44674 : 1D;
44675 : 1D;
44676 : 1D;
44677 : 1D;
44678 : 1D;
44679 : 1D;
44680 : 1D;
44681 : 1D;
44682 : 3D;
44683 : 3D;
44684 : 3D;
44685 : 3D;
44686 : 3D;
44687 : 3D;
44688 : 3D;
44689 : 3D;
44690 : 3D;
44691 : 3D;
44692 : 1D;
44693 : 1D;
44694 : 1D;
44695 : 1D;
44696 : 1D;
44697 : 1D;
44698 : 1D;
44699 : 1D;
44700 : 1D;
44701 : 1D;
44702 : 3D;
44703 : 3D;
44704 : 3D;
44705 : 3D;
44706 : 3D;
44707 : 3D;
44708 : 3D;
44709 : 3D;
44710 : 3D;
44711 : 3D;
44712 : 1D;
44713 : 1D;
44714 : 1D;
44715 : 1D;
44716 : 1D;
44717 : 1D;
44718 : 1D;
44719 : 1D;
44720 : 1D;
44721 : 1D;
44722 : 3D;
44723 : 3D;
44724 : 3D;
44725 : 3D;
44726 : 3D;
44727 : 3D;
44728 : 3D;
44729 : 3D;
44730 : 3D;
44731 : 3D;
44732 : 1D;
44733 : 1D;
44734 : 1D;
44735 : 1D;
44736 : 1D;
44737 : 1D;
44738 : 1D;
44739 : 1D;
44740 : 1D;
44741 : 1D;
44742 : 3D;
44743 : 3D;
44744 : 3D;
44745 : 3D;
44746 : 3D;
44747 : 3D;
44748 : 3D;
44749 : 3D;
44750 : 3D;
44751 : 3D;
44752 : 1D;
44753 : 1D;
44754 : 1D;
44755 : 1D;
44756 : 1D;
44757 : 1D;
44758 : 1D;
44759 : 1D;
44760 : 1D;
44761 : 1D;
44762 : 3D;
44763 : 3D;
44764 : 3D;
44765 : 3D;
44766 : 3D;
44767 : 3D;
44768 : 3D;
44769 : 3D;
44770 : 3D;
44771 : 3D;
44772 : 1D;
44773 : 1D;
44774 : 1D;
44775 : 1D;
44776 : 1D;
44777 : 1D;
44778 : 1D;
44779 : 1D;
44780 : 1D;
44781 : 1D;
44782 : 1D;
44783 : 3D;
44784 : 3D;
44785 : 3D;
44786 : 3D;
44787 : 3D;
44788 : 3D;
44789 : 3D;
44790 : 3D;
44791 : 3D;
44792 : 3D;
44793 : 10;
44794 : 10;
44795 : 10;
44796 : 10;
44797 : 10;
44798 : 10;
44799 : 10;
44800 : 10;
44801 : 10;
44802 : 10;
44803 : 10;
44804 : 10;
44805 : 10;
44806 : 10;
44807 : 10;
44808 : 10;
44809 : 10;
44810 : 3D;
44811 : 3D;
44812 : 3D;
44813 : 3D;
44814 : 3D;
44815 : 3D;
44816 : 3D;
44817 : 3D;
44818 : 3D;
44819 : 3D;
44820 : 1D;
44821 : 1D;
44822 : 1D;
44823 : 1D;
44824 : 1D;
44825 : 1D;
44826 : 1D;
44827 : 1D;
44828 : 1D;
44829 : 1D;
44830 : 3D;
44831 : 3D;
44832 : 3D;
44833 : 3D;
44834 : 3D;
44835 : 3D;
44836 : 3D;
44837 : 3D;
44838 : 3D;
44839 : 3D;
44840 : 1D;
44841 : 1D;
44842 : 1D;
44843 : 1D;
44844 : 1D;
44845 : 1D;
44846 : 1D;
44847 : 1D;
44848 : 1D;
44849 : 1D;
44850 : 3D;
44851 : 3D;
44852 : 3D;
44853 : 3D;
44854 : 3D;
44855 : 3D;
44856 : 3D;
44857 : 3D;
44858 : 3D;
44859 : 3D;
44860 : 1D;
44861 : 1D;
44862 : 1D;
44863 : 1D;
44864 : 1D;
44865 : 1D;
44866 : 1D;
44867 : 1D;
44868 : 1D;
44869 : 1D;
44870 : 3D;
44871 : 3D;
44872 : 3D;
44873 : 3D;
44874 : 3D;
44875 : 3D;
44876 : 3D;
44877 : 3D;
44878 : 3D;
44879 : 3D;
44880 : 3D;
44881 : 1D;
44882 : 1D;
44883 : 1D;
44884 : 1D;
44885 : 1D;
44886 : 1D;
44887 : 1D;
44888 : 1D;
44889 : 1D;
44890 : 1D;
44891 : 3D;
44892 : 3D;
44893 : 3D;
44894 : 3D;
44895 : 3D;
44896 : 3D;
44897 : 3D;
44898 : 3D;
44899 : 3D;
44900 : 3D;
44901 : 1D;
44902 : 1D;
44903 : 1D;
44904 : 1D;
44905 : 1D;
44906 : 1D;
44907 : 1D;
44908 : 1D;
44909 : 1D;
44910 : 1D;
44911 : 3D;
44912 : 3D;
44913 : 3D;
44914 : 3D;
44915 : 3D;
44916 : 3D;
44917 : 3D;
44918 : 3D;
44919 : 3D;
44920 : 3D;
44921 : 1D;
44922 : 1D;
44923 : 1D;
44924 : 1D;
44925 : 1D;
44926 : 1D;
44927 : 1D;
44928 : 1D;
44929 : 1D;
44930 : 1D;
44931 : 3D;
44932 : 3D;
44933 : 3D;
44934 : 3D;
44935 : 3D;
44936 : 3D;
44937 : 3D;
44938 : 3D;
44939 : 3D;
44940 : 3D;
44941 : 1D;
44942 : 1D;
44943 : 1D;
44944 : 1D;
44945 : 1D;
44946 : 1D;
44947 : 1D;
44948 : 1D;
44949 : 1D;
44950 : 1D;
44951 : 3D;
44952 : 3D;
44953 : 3D;
44954 : 3D;
44955 : 3D;
44956 : 3D;
44957 : 3D;
44958 : 3D;
44959 : 3D;
44960 : 3D;
44961 : 1D;
44962 : 1D;
44963 : 1D;
44964 : 1D;
44965 : 1D;
44966 : 1D;
44967 : 1D;
44968 : 1D;
44969 : 1D;
44970 : 1D;
44971 : 3D;
44972 : 3D;
44973 : 3D;
44974 : 3D;
44975 : 3D;
44976 : 3D;
44977 : 3D;
44978 : 3D;
44979 : 3D;
44980 : 3D;
44981 : 1D;
44982 : 1D;
44983 : 1D;
44984 : 1D;
44985 : 1D;
44986 : 1D;
44987 : 1D;
44988 : 1D;
44989 : 1D;
44990 : 1D;
44991 : 1D;
44992 : 3D;
44993 : 3D;
44994 : 3D;
44995 : 3D;
44996 : 3D;
44997 : 3D;
44998 : 3D;
44999 : 3D;
45000 : 3D;
45001 : 3D;
45002 : 1D;
45003 : 1D;
45004 : 1D;
45005 : 1D;
45006 : 1D;
45007 : 1D;
45008 : 1D;
45009 : 1D;
45010 : 1D;
45011 : 1D;
45012 : 3D;
45013 : 3D;
45014 : 3D;
45015 : 3D;
45016 : 3D;
45017 : 3D;
45018 : 3D;
45019 : 3D;
45020 : 3D;
45021 : 3D;
45022 : 1D;
45023 : 1D;
45024 : 1D;
45025 : 1D;
45026 : 1D;
45027 : 1D;
45028 : 1D;
45029 : 1D;
45030 : 1D;
45031 : 1D;
45032 : 3D;
45033 : 3D;
45034 : 3D;
45035 : 3D;
45036 : 3D;
45037 : 3D;
45038 : 3D;
45039 : 3D;
45040 : 3D;
45041 : 3D;
45042 : 1D;
45043 : 1D;
45044 : 1D;
45045 : 1D;
45046 : 1D;
45047 : 1D;
45048 : 1D;
45049 : 1D;
45050 : 1D;
45051 : 1D;
45052 : 3D;
45053 : 3D;
45054 : 3D;
45055 : 3D;
45056 : 3D;
45057 : 3D;
45058 : 3D;
45059 : 3D;
45060 : 3D;
45061 : 3D;
45062 : 1D;
45063 : 1D;
45064 : 1D;
45065 : 1D;
45066 : 1D;
45067 : 1D;
45068 : 1D;
45069 : 1D;
45070 : 1D;
45071 : 1D;
45072 : 3D;
45073 : 3D;
45074 : 3D;
45075 : 3D;
45076 : 3D;
45077 : 3D;
45078 : 3D;
45079 : 3D;
45080 : 3D;
45081 : 3D;
45082 : 1D;
45083 : 1D;
45084 : 1D;
45085 : 1D;
45086 : 1D;
45087 : 1D;
45088 : 1D;
45089 : 1D;
45090 : 1D;
45091 : 1D;
45092 : 3D;
45093 : 3D;
45094 : 3D;
45095 : 3D;
45096 : 3D;
45097 : 3D;
45098 : 3D;
45099 : 3D;
45100 : 3D;
45101 : 3D;
45102 : 3D;
45103 : 1D;
45104 : 1D;
45105 : 1D;
45106 : 1D;
45107 : 1D;
45108 : 1D;
45109 : 1D;
45110 : 1D;
45111 : 1D;
45112 : 1D;
45113 : 14;
45114 : 14;
45115 : 14;
45116 : 14;
45117 : 14;
45118 : 14;
45119 : 14;
45120 : 10;
45121 : 10;
45122 : 10;
45123 : 10;
45124 : 10;
45125 : 10;
45126 : 10;
45127 : 10;
45128 : 10;
45129 : 10;
45130 : 3D;
45131 : 3D;
45132 : 3D;
45133 : 3D;
45134 : 3D;
45135 : 3D;
45136 : 3D;
45137 : 3D;
45138 : 3D;
45139 : 3D;
45140 : 1D;
45141 : 1D;
45142 : 1D;
45143 : 1D;
45144 : 1D;
45145 : 1D;
45146 : 1D;
45147 : 1D;
45148 : 1D;
45149 : 1D;
45150 : 3D;
45151 : 3D;
45152 : 3D;
45153 : 3D;
45154 : 3D;
45155 : 3D;
45156 : 3D;
45157 : 3D;
45158 : 3D;
45159 : 3D;
45160 : 1D;
45161 : 1D;
45162 : 1D;
45163 : 1D;
45164 : 1D;
45165 : 1D;
45166 : 1D;
45167 : 1D;
45168 : 1D;
45169 : 1D;
45170 : 3D;
45171 : 3D;
45172 : 3D;
45173 : 3D;
45174 : 3D;
45175 : 3D;
45176 : 3D;
45177 : 3D;
45178 : 3D;
45179 : 3D;
45180 : 1D;
45181 : 1D;
45182 : 1D;
45183 : 1D;
45184 : 1D;
45185 : 1D;
45186 : 1D;
45187 : 1D;
45188 : 1D;
45189 : 1D;
45190 : 3D;
45191 : 3D;
45192 : 3D;
45193 : 3D;
45194 : 3D;
45195 : 3D;
45196 : 3D;
45197 : 3D;
45198 : 3D;
45199 : 3D;
45200 : 3D;
45201 : 1D;
45202 : 1D;
45203 : 1D;
45204 : 1D;
45205 : 1D;
45206 : 1D;
45207 : 1D;
45208 : 1D;
45209 : 1D;
45210 : 1D;
45211 : 3D;
45212 : 3D;
45213 : 3D;
45214 : 3D;
45215 : 3D;
45216 : 3D;
45217 : 3D;
45218 : 3D;
45219 : 3D;
45220 : 3D;
45221 : 1D;
45222 : 1D;
45223 : 1D;
45224 : 1D;
45225 : 1D;
45226 : 1D;
45227 : 1D;
45228 : 1D;
45229 : 1D;
45230 : 1D;
45231 : 3D;
45232 : 3D;
45233 : 3D;
45234 : 3D;
45235 : 3D;
45236 : 3D;
45237 : 3D;
45238 : 3D;
45239 : 3D;
45240 : 3D;
45241 : 1D;
45242 : 1D;
45243 : 1D;
45244 : 1D;
45245 : 1D;
45246 : 1D;
45247 : 1D;
45248 : 1D;
45249 : 1D;
45250 : 1D;
45251 : 3D;
45252 : 3D;
45253 : 3D;
45254 : 3D;
45255 : 3D;
45256 : 3D;
45257 : 3D;
45258 : 3D;
45259 : 3D;
45260 : 3D;
45261 : 1D;
45262 : 1D;
45263 : 1D;
45264 : 1D;
45265 : 1D;
45266 : 1D;
45267 : 1D;
45268 : 1D;
45269 : 1D;
45270 : 1D;
45271 : 3D;
45272 : 3D;
45273 : 3D;
45274 : 3D;
45275 : 3D;
45276 : 3D;
45277 : 3D;
45278 : 3D;
45279 : 3D;
45280 : 3D;
45281 : 1D;
45282 : 1D;
45283 : 1D;
45284 : 1D;
45285 : 1D;
45286 : 1D;
45287 : 1D;
45288 : 1D;
45289 : 1D;
45290 : 1D;
45291 : 3D;
45292 : 3D;
45293 : 3D;
45294 : 3D;
45295 : 3D;
45296 : 3D;
45297 : 3D;
45298 : 3D;
45299 : 3D;
45300 : 3D;
45301 : 1D;
45302 : 1D;
45303 : 1D;
45304 : 1D;
45305 : 1D;
45306 : 1D;
45307 : 1D;
45308 : 1D;
45309 : 1D;
45310 : 1D;
45311 : 1D;
45312 : 3D;
45313 : 3D;
45314 : 3D;
45315 : 3D;
45316 : 3D;
45317 : 3D;
45318 : 3D;
45319 : 3D;
45320 : 3D;
45321 : 3D;
45322 : 1D;
45323 : 1D;
45324 : 1D;
45325 : 1D;
45326 : 1D;
45327 : 1D;
45328 : 1D;
45329 : 1D;
45330 : 1D;
45331 : 1D;
45332 : 3D;
45333 : 3D;
45334 : 3D;
45335 : 3D;
45336 : 3D;
45337 : 3D;
45338 : 3D;
45339 : 3D;
45340 : 3D;
45341 : 3D;
45342 : 1D;
45343 : 1D;
45344 : 1D;
45345 : 1D;
45346 : 1D;
45347 : 1D;
45348 : 1D;
45349 : 1D;
45350 : 1D;
45351 : 1D;
45352 : 3D;
45353 : 3D;
45354 : 3D;
45355 : 3D;
45356 : 3D;
45357 : 3D;
45358 : 3D;
45359 : 3D;
45360 : 3D;
45361 : 3D;
45362 : 1D;
45363 : 1D;
45364 : 1D;
45365 : 1D;
45366 : 1D;
45367 : 1D;
45368 : 1D;
45369 : 1D;
45370 : 1D;
45371 : 1D;
45372 : 3D;
45373 : 3D;
45374 : 3D;
45375 : 3D;
45376 : 3D;
45377 : 3D;
45378 : 3D;
45379 : 3D;
45380 : 3D;
45381 : 3D;
45382 : 1D;
45383 : 1D;
45384 : 1D;
45385 : 1D;
45386 : 1D;
45387 : 1D;
45388 : 1D;
45389 : 1D;
45390 : 1D;
45391 : 1D;
45392 : 3D;
45393 : 3D;
45394 : 3D;
45395 : 3D;
45396 : 3D;
45397 : 3D;
45398 : 3D;
45399 : 3D;
45400 : 3D;
45401 : 3D;
45402 : 1D;
45403 : 1D;
45404 : 1D;
45405 : 1D;
45406 : 1D;
45407 : 1D;
45408 : 1D;
45409 : 1D;
45410 : 1D;
45411 : 1D;
45412 : 3D;
45413 : 3D;
45414 : 3D;
45415 : 3D;
45416 : 3D;
45417 : 3D;
45418 : 3D;
45419 : 3D;
45420 : 3D;
45421 : 3D;
45422 : 3D;
45423 : 1D;
45424 : 1D;
45425 : 1D;
45426 : 1D;
45427 : 1D;
45428 : 1D;
45429 : 1D;
45430 : 1D;
45431 : 1D;
45432 : 1D;
45433 : 14;
45434 : 14;
45435 : 14;
45436 : 14;
45437 : 14;
45438 : 14;
45439 : 14;
45440 : 10;
45441 : 10;
45442 : 10;
45443 : 10;
45444 : 10;
45445 : 10;
45446 : 10;
45447 : 10;
45448 : 10;
45449 : 10;
45450 : 3D;
45451 : 3D;
45452 : 3D;
45453 : 3D;
45454 : 3D;
45455 : 3D;
45456 : 3D;
45457 : 3D;
45458 : 3D;
45459 : 3D;
45460 : 1D;
45461 : 1D;
45462 : 1D;
45463 : 1D;
45464 : 1D;
45465 : 1D;
45466 : 1D;
45467 : 1D;
45468 : 1D;
45469 : 1D;
45470 : 3D;
45471 : 3D;
45472 : 3D;
45473 : 3D;
45474 : 3D;
45475 : 3D;
45476 : 3D;
45477 : 3D;
45478 : 3D;
45479 : 3D;
45480 : 1D;
45481 : 1D;
45482 : 1D;
45483 : 1D;
45484 : 1D;
45485 : 1D;
45486 : 1D;
45487 : 1D;
45488 : 1D;
45489 : 1D;
45490 : 3D;
45491 : 3D;
45492 : 3D;
45493 : 3D;
45494 : 3D;
45495 : 3D;
45496 : 3D;
45497 : 3D;
45498 : 3D;
45499 : 3D;
45500 : 1D;
45501 : 1D;
45502 : 1D;
45503 : 1D;
45504 : 1D;
45505 : 1D;
45506 : 1D;
45507 : 1D;
45508 : 1D;
45509 : 1D;
45510 : 3D;
45511 : 3D;
45512 : 3D;
45513 : 3D;
45514 : 3D;
45515 : 3D;
45516 : 3D;
45517 : 3D;
45518 : 3D;
45519 : 3D;
45520 : 3D;
45521 : 1D;
45522 : 1D;
45523 : 1D;
45524 : 1D;
45525 : 1D;
45526 : 1D;
45527 : 1D;
45528 : 1D;
45529 : 1D;
45530 : 1D;
45531 : 3D;
45532 : 3D;
45533 : 3D;
45534 : 3D;
45535 : 3D;
45536 : 3D;
45537 : 3D;
45538 : 3D;
45539 : 3D;
45540 : 3D;
45541 : 1D;
45542 : 1D;
45543 : 1D;
45544 : 1D;
45545 : 1D;
45546 : 1D;
45547 : 1D;
45548 : 1D;
45549 : 1D;
45550 : 1D;
45551 : 3D;
45552 : 3D;
45553 : 3D;
45554 : 3D;
45555 : 3D;
45556 : 3D;
45557 : 3D;
45558 : 3D;
45559 : 3D;
45560 : 3D;
45561 : 1D;
45562 : 1D;
45563 : 1D;
45564 : 1D;
45565 : 1D;
45566 : 1D;
45567 : 1D;
45568 : 1D;
45569 : 1D;
45570 : 1D;
45571 : 3D;
45572 : 3D;
45573 : 3D;
45574 : 3D;
45575 : 3D;
45576 : 3D;
45577 : 3D;
45578 : 3D;
45579 : 3D;
45580 : 3D;
45581 : 1D;
45582 : 1D;
45583 : 1D;
45584 : 1D;
45585 : 1D;
45586 : 1D;
45587 : 1D;
45588 : 1D;
45589 : 1D;
45590 : 1D;
45591 : 3D;
45592 : 3D;
45593 : 3D;
45594 : 3D;
45595 : 3D;
45596 : 3D;
45597 : 3D;
45598 : 3D;
45599 : 3D;
45600 : 3D;
45601 : 1D;
45602 : 1D;
45603 : 1D;
45604 : 1D;
45605 : 1D;
45606 : 1D;
45607 : 1D;
45608 : 1D;
45609 : 1D;
45610 : 1D;
45611 : 3D;
45612 : 3D;
45613 : 3D;
45614 : 3D;
45615 : 3D;
45616 : 3D;
45617 : 3D;
45618 : 3D;
45619 : 3D;
45620 : 3D;
45621 : 1D;
45622 : 1D;
45623 : 1D;
45624 : 1D;
45625 : 1D;
45626 : 1D;
45627 : 1D;
45628 : 1D;
45629 : 1D;
45630 : 1D;
45631 : 1D;
45632 : 3D;
45633 : 3D;
45634 : 3D;
45635 : 3D;
45636 : 3D;
45637 : 3D;
45638 : 3D;
45639 : 3D;
45640 : 3D;
45641 : 3D;
45642 : 1D;
45643 : 1D;
45644 : 1D;
45645 : 1D;
45646 : 1D;
45647 : 1D;
45648 : 1D;
45649 : 1D;
45650 : 1D;
45651 : 1D;
45652 : 3D;
45653 : 3D;
45654 : 3D;
45655 : 3D;
45656 : 3D;
45657 : 3D;
45658 : 3D;
45659 : 3D;
45660 : 3D;
45661 : 3D;
45662 : 1D;
45663 : 1D;
45664 : 1D;
45665 : 1D;
45666 : 1D;
45667 : 1D;
45668 : 1D;
45669 : 1D;
45670 : 1D;
45671 : 1D;
45672 : 3D;
45673 : 3D;
45674 : 3D;
45675 : 3D;
45676 : 3D;
45677 : 3D;
45678 : 3D;
45679 : 3D;
45680 : 3D;
45681 : 3D;
45682 : 1D;
45683 : 1D;
45684 : 1D;
45685 : 1D;
45686 : 1D;
45687 : 1D;
45688 : 1D;
45689 : 1D;
45690 : 1D;
45691 : 1D;
45692 : 3D;
45693 : 3D;
45694 : 3D;
45695 : 3D;
45696 : 3D;
45697 : 3D;
45698 : 3D;
45699 : 3D;
45700 : 3D;
45701 : 3D;
45702 : 1D;
45703 : 1D;
45704 : 1D;
45705 : 1D;
45706 : 1D;
45707 : 1D;
45708 : 1D;
45709 : 1D;
45710 : 1D;
45711 : 1D;
45712 : 3D;
45713 : 3D;
45714 : 3D;
45715 : 3D;
45716 : 3D;
45717 : 3D;
45718 : 3D;
45719 : 3D;
45720 : 3D;
45721 : 3D;
45722 : 1D;
45723 : 1D;
45724 : 1D;
45725 : 1D;
45726 : 1D;
45727 : 1D;
45728 : 1D;
45729 : 1D;
45730 : 1D;
45731 : 1D;
45732 : 3D;
45733 : 3D;
45734 : 3D;
45735 : 3D;
45736 : 3D;
45737 : 3D;
45738 : 3D;
45739 : 3D;
45740 : 3D;
45741 : 3D;
45742 : 3D;
45743 : 1D;
45744 : 1D;
45745 : 1D;
45746 : 1D;
45747 : 1D;
45748 : 1D;
45749 : 1D;
45750 : 1D;
45751 : 1D;
45752 : 1D;
45753 : 14;
45754 : 14;
45755 : 14;
45756 : 14;
45757 : 14;
45758 : 14;
45759 : 14;
45760 : 10;
45761 : 10;
45762 : 10;
45763 : 10;
45764 : 10;
45765 : 10;
45766 : 10;
45767 : 10;
45768 : 10;
45769 : 10;
45770 : 3D;
45771 : 3D;
45772 : 3D;
45773 : 3D;
45774 : 3D;
45775 : 3D;
45776 : 3D;
45777 : 3D;
45778 : 3D;
45779 : 3D;
45780 : 1D;
45781 : 1D;
45782 : 1D;
45783 : 1D;
45784 : 1D;
45785 : 1D;
45786 : 1D;
45787 : 1D;
45788 : 1D;
45789 : 1D;
45790 : 3D;
45791 : 3D;
45792 : 3D;
45793 : 3D;
45794 : 3D;
45795 : 3D;
45796 : 3D;
45797 : 3D;
45798 : 3D;
45799 : 3D;
45800 : 1D;
45801 : 1D;
45802 : 1D;
45803 : 1D;
45804 : 1D;
45805 : 1D;
45806 : 1D;
45807 : 1D;
45808 : 1D;
45809 : 1D;
45810 : 3D;
45811 : 3D;
45812 : 3D;
45813 : 3D;
45814 : 3D;
45815 : 3D;
45816 : 3D;
45817 : 3D;
45818 : 3D;
45819 : 3D;
45820 : 1D;
45821 : 1D;
45822 : 1D;
45823 : 1D;
45824 : 1D;
45825 : 1D;
45826 : 1D;
45827 : 1D;
45828 : 1D;
45829 : 1D;
45830 : 3D;
45831 : 3D;
45832 : 3D;
45833 : 3D;
45834 : 3D;
45835 : 3D;
45836 : 3D;
45837 : 3D;
45838 : 3D;
45839 : 3D;
45840 : 3D;
45841 : 1D;
45842 : 1D;
45843 : 1D;
45844 : 1D;
45845 : 1D;
45846 : 1D;
45847 : 1D;
45848 : 1D;
45849 : 1D;
45850 : 1D;
45851 : 3D;
45852 : 3D;
45853 : 3D;
45854 : 3D;
45855 : 3D;
45856 : 3D;
45857 : 3D;
45858 : 3D;
45859 : 3D;
45860 : 3D;
45861 : 1D;
45862 : 1D;
45863 : 1D;
45864 : 1D;
45865 : 1D;
45866 : 1D;
45867 : 1D;
45868 : 1D;
45869 : 1D;
45870 : 1D;
45871 : 3D;
45872 : 3D;
45873 : 3D;
45874 : 3D;
45875 : 3D;
45876 : 3D;
45877 : 3D;
45878 : 3D;
45879 : 3D;
45880 : 3D;
45881 : 1D;
45882 : 1D;
45883 : 1D;
45884 : 1D;
45885 : 1D;
45886 : 1D;
45887 : 1D;
45888 : 1D;
45889 : 1D;
45890 : 1D;
45891 : 3D;
45892 : 3D;
45893 : 3D;
45894 : 3D;
45895 : 3D;
45896 : 3D;
45897 : 3D;
45898 : 3D;
45899 : 3D;
45900 : 3D;
45901 : 1D;
45902 : 1D;
45903 : 1D;
45904 : 1D;
45905 : 1D;
45906 : 1D;
45907 : 1D;
45908 : 1D;
45909 : 1D;
45910 : 1D;
45911 : 3D;
45912 : 3D;
45913 : 3D;
45914 : 3D;
45915 : 3D;
45916 : 3D;
45917 : 3D;
45918 : 3D;
45919 : 3D;
45920 : 3D;
45921 : 1D;
45922 : 1D;
45923 : 1D;
45924 : 1D;
45925 : 1D;
45926 : 1D;
45927 : 1D;
45928 : 1D;
45929 : 1D;
45930 : 1D;
45931 : 3D;
45932 : 3D;
45933 : 3D;
45934 : 3D;
45935 : 3D;
45936 : 3D;
45937 : 3D;
45938 : 3D;
45939 : 3D;
45940 : 3D;
45941 : 1D;
45942 : 1D;
45943 : 1D;
45944 : 1D;
45945 : 1D;
45946 : 1D;
45947 : 1D;
45948 : 1D;
45949 : 1D;
45950 : 1D;
45951 : 1D;
45952 : 3D;
45953 : 3D;
45954 : 3D;
45955 : 3D;
45956 : 3D;
45957 : 3D;
45958 : 3D;
45959 : 3D;
45960 : 3D;
45961 : 3D;
45962 : 1D;
45963 : 1D;
45964 : 1D;
45965 : 1D;
45966 : 1D;
45967 : 1D;
45968 : 1D;
45969 : 1D;
45970 : 1D;
45971 : 1D;
45972 : 3D;
45973 : 3D;
45974 : 3D;
45975 : 3D;
45976 : 3D;
45977 : 3D;
45978 : 3D;
45979 : 3D;
45980 : 3D;
45981 : 3D;
45982 : 1D;
45983 : 1D;
45984 : 1D;
45985 : 1D;
45986 : 1D;
45987 : 1D;
45988 : 1D;
45989 : 1D;
45990 : 1D;
45991 : 1D;
45992 : 3D;
45993 : 3D;
45994 : 3D;
45995 : 3D;
45996 : 3D;
45997 : 3D;
45998 : 3D;
45999 : 3D;
46000 : 3D;
46001 : 3D;
46002 : 1D;
46003 : 1D;
46004 : 1D;
46005 : 1D;
46006 : 1D;
46007 : 1D;
46008 : 1D;
46009 : 1D;
46010 : 1D;
46011 : 1D;
46012 : 3D;
46013 : 3D;
46014 : 3D;
46015 : 3D;
46016 : 3D;
46017 : 3D;
46018 : 3D;
46019 : 3D;
46020 : 3D;
46021 : 3D;
46022 : 1D;
46023 : 1D;
46024 : 1D;
46025 : 1D;
46026 : 1D;
46027 : 1D;
46028 : 1D;
46029 : 1D;
46030 : 1D;
46031 : 1D;
46032 : 3D;
46033 : 3D;
46034 : 3D;
46035 : 3D;
46036 : 3D;
46037 : 3D;
46038 : 3D;
46039 : 3D;
46040 : 3D;
46041 : 3D;
46042 : 1D;
46043 : 1D;
46044 : 1D;
46045 : 1D;
46046 : 1D;
46047 : 1D;
46048 : 1D;
46049 : 1D;
46050 : 1D;
46051 : 1D;
46052 : 3D;
46053 : 3D;
46054 : 3D;
46055 : 3D;
46056 : 3D;
46057 : 3D;
46058 : 3D;
46059 : 3D;
46060 : 3D;
46061 : 3D;
46062 : 3D;
46063 : 1D;
46064 : 1D;
46065 : 1D;
46066 : 1D;
46067 : 1D;
46068 : 1D;
46069 : 1D;
46070 : 1D;
46071 : 1D;
46072 : 1D;
46073 : 14;
46074 : 14;
46075 : 14;
46076 : 14;
46077 : 14;
46078 : 14;
46079 : 14;
46080 : 10;
46081 : 10;
46082 : 10;
46083 : 10;
46084 : 10;
46085 : 10;
46086 : 10;
46087 : 10;
46088 : 10;
46089 : 10;
46090 : 3D;
46091 : 3D;
46092 : 3D;
46093 : 3D;
46094 : 3D;
46095 : 3D;
46096 : 3D;
46097 : 3D;
46098 : 3D;
46099 : 3D;
46100 : 1D;
46101 : 1D;
46102 : 1D;
46103 : 1D;
46104 : 1D;
46105 : 1D;
46106 : 1D;
46107 : 1D;
46108 : 1D;
46109 : 1D;
46110 : 3D;
46111 : 3D;
46112 : 3D;
46113 : 3D;
46114 : 3D;
46115 : 3D;
46116 : 3D;
46117 : 3D;
46118 : 3D;
46119 : 3D;
46120 : 1D;
46121 : 1D;
46122 : 1D;
46123 : 1D;
46124 : 1D;
46125 : 1D;
46126 : 1D;
46127 : 1D;
46128 : 1D;
46129 : 1D;
46130 : 3D;
46131 : 3D;
46132 : 3D;
46133 : 3D;
46134 : 3D;
46135 : 3D;
46136 : 3D;
46137 : 3D;
46138 : 3D;
46139 : 3D;
46140 : 1D;
46141 : 1D;
46142 : 1D;
46143 : 1D;
46144 : 1D;
46145 : 1D;
46146 : 1D;
46147 : 1D;
46148 : 1D;
46149 : 1D;
46150 : 3D;
46151 : 3D;
46152 : 3D;
46153 : 3D;
46154 : 3D;
46155 : 3D;
46156 : 3D;
46157 : 3D;
46158 : 3D;
46159 : 3D;
46160 : 3D;
46161 : 1D;
46162 : 1D;
46163 : 1D;
46164 : 1D;
46165 : 1D;
46166 : 1D;
46167 : 1D;
46168 : 1D;
46169 : 1D;
46170 : 1D;
46171 : 3D;
46172 : 3D;
46173 : 3D;
46174 : 3D;
46175 : 3D;
46176 : 3D;
46177 : 3D;
46178 : 3D;
46179 : 3D;
46180 : 3D;
46181 : 1D;
46182 : 1D;
46183 : 1D;
46184 : 1D;
46185 : 1D;
46186 : 1D;
46187 : 1D;
46188 : 1D;
46189 : 1D;
46190 : 1D;
46191 : 3D;
46192 : 3D;
46193 : 3D;
46194 : 3D;
46195 : 3D;
46196 : 3D;
46197 : 3D;
46198 : 3D;
46199 : 3D;
46200 : 3D;
46201 : 1D;
46202 : 1D;
46203 : 1D;
46204 : 1D;
46205 : 1D;
46206 : 1D;
46207 : 1D;
46208 : 1D;
46209 : 1D;
46210 : 1D;
46211 : 3D;
46212 : 3D;
46213 : 3D;
46214 : 3D;
46215 : 3D;
46216 : 3D;
46217 : 3D;
46218 : 3D;
46219 : 3D;
46220 : 3D;
46221 : 1D;
46222 : 1D;
46223 : 1D;
46224 : 1D;
46225 : 1D;
46226 : 1D;
46227 : 1D;
46228 : 1D;
46229 : 1D;
46230 : 1D;
46231 : 3D;
46232 : 3D;
46233 : 3D;
46234 : 3D;
46235 : 3D;
46236 : 3D;
46237 : 3D;
46238 : 3D;
46239 : 3D;
46240 : 3D;
46241 : 1D;
46242 : 1D;
46243 : 1D;
46244 : 1D;
46245 : 1D;
46246 : 1D;
46247 : 1D;
46248 : 1D;
46249 : 1D;
46250 : 1D;
46251 : 3D;
46252 : 3D;
46253 : 3D;
46254 : 3D;
46255 : 3D;
46256 : 3D;
46257 : 3D;
46258 : 3D;
46259 : 3D;
46260 : 3D;
46261 : 1D;
46262 : 1D;
46263 : 1D;
46264 : 1D;
46265 : 1D;
46266 : 1D;
46267 : 1D;
46268 : 1D;
46269 : 1D;
46270 : 1D;
46271 : 1D;
46272 : 3D;
46273 : 3D;
46274 : 3D;
46275 : 3D;
46276 : 3D;
46277 : 3D;
46278 : 3D;
46279 : 3D;
46280 : 3D;
46281 : 3D;
46282 : 1D;
46283 : 1D;
46284 : 1D;
46285 : 1D;
46286 : 1D;
46287 : 1D;
46288 : 1D;
46289 : 1D;
46290 : 1D;
46291 : 1D;
46292 : 3D;
46293 : 3D;
46294 : 3D;
46295 : 3D;
46296 : 3D;
46297 : 3D;
46298 : 3D;
46299 : 3D;
46300 : 3D;
46301 : 3D;
46302 : 1D;
46303 : 1D;
46304 : 1D;
46305 : 1D;
46306 : 1D;
46307 : 1D;
46308 : 1D;
46309 : 1D;
46310 : 1D;
46311 : 1D;
46312 : 3D;
46313 : 3D;
46314 : 3D;
46315 : 3D;
46316 : 3D;
46317 : 3D;
46318 : 3D;
46319 : 3D;
46320 : 3D;
46321 : 3D;
46322 : 1D;
46323 : 1D;
46324 : 1D;
46325 : 1D;
46326 : 1D;
46327 : 1D;
46328 : 1D;
46329 : 1D;
46330 : 1D;
46331 : 1D;
46332 : 3D;
46333 : 3D;
46334 : 3D;
46335 : 3D;
46336 : 3D;
46337 : 3D;
46338 : 3D;
46339 : 3D;
46340 : 3D;
46341 : 3D;
46342 : 1D;
46343 : 1D;
46344 : 1D;
46345 : 1D;
46346 : 1D;
46347 : 1D;
46348 : 1D;
46349 : 1D;
46350 : 1D;
46351 : 1D;
46352 : 3D;
46353 : 3D;
46354 : 3D;
46355 : 3D;
46356 : 3D;
46357 : 3D;
46358 : 3D;
46359 : 3D;
46360 : 3D;
46361 : 3D;
46362 : 1D;
46363 : 1D;
46364 : 1D;
46365 : 1D;
46366 : 1D;
46367 : 1D;
46368 : 1D;
46369 : 1D;
46370 : 1D;
46371 : 1D;
46372 : 3D;
46373 : 3D;
46374 : 3D;
46375 : 3D;
46376 : 3D;
46377 : 3D;
46378 : 3D;
46379 : 3D;
46380 : 3D;
46381 : 3D;
46382 : 3D;
46383 : 1D;
46384 : 1D;
46385 : 1D;
46386 : 1D;
46387 : 1D;
46388 : 1D;
46389 : 1D;
46390 : 1D;
46391 : 1D;
46392 : 1D;
46393 : 14;
46394 : 14;
46395 : 14;
46396 : 14;
46397 : 14;
46398 : 14;
46399 : 14;
46400 : 10;
46401 : 10;
46402 : 10;
46403 : 10;
46404 : 10;
46405 : 10;
46406 : 10;
46407 : 10;
46408 : 10;
46409 : 10;
46410 : 3D;
46411 : 3D;
46412 : 3D;
46413 : 3D;
46414 : 3D;
46415 : 3D;
46416 : 3D;
46417 : 3D;
46418 : 3D;
46419 : 3D;
46420 : 1D;
46421 : 1D;
46422 : 1D;
46423 : 1D;
46424 : 1D;
46425 : 1D;
46426 : 1D;
46427 : 1D;
46428 : 1D;
46429 : 1D;
46430 : 3D;
46431 : 3D;
46432 : 3D;
46433 : 3D;
46434 : 3D;
46435 : 3D;
46436 : 3D;
46437 : 3D;
46438 : 3D;
46439 : 3D;
46440 : 1D;
46441 : 1D;
46442 : 1D;
46443 : 1D;
46444 : 1D;
46445 : 1D;
46446 : 1D;
46447 : 1D;
46448 : 1D;
46449 : 1D;
46450 : 3D;
46451 : 3D;
46452 : 3D;
46453 : 3D;
46454 : 3D;
46455 : 3D;
46456 : 3D;
46457 : 3D;
46458 : 3D;
46459 : 3D;
46460 : 1D;
46461 : 1D;
46462 : 1D;
46463 : 1D;
46464 : 1D;
46465 : 1D;
46466 : 1D;
46467 : 1D;
46468 : 1D;
46469 : 1D;
46470 : 3D;
46471 : 3D;
46472 : 3D;
46473 : 3D;
46474 : 3D;
46475 : 3D;
46476 : 3D;
46477 : 3D;
46478 : 3D;
46479 : 3D;
46480 : 3D;
46481 : 1D;
46482 : 1D;
46483 : 1D;
46484 : 1D;
46485 : 1D;
46486 : 1D;
46487 : 1D;
46488 : 1D;
46489 : 1D;
46490 : 1D;
46491 : 3D;
46492 : 3D;
46493 : 3D;
46494 : 3D;
46495 : 3D;
46496 : 3D;
46497 : 3D;
46498 : 3D;
46499 : 3D;
46500 : 3D;
46501 : 1D;
46502 : 1D;
46503 : 1D;
46504 : 1D;
46505 : 1D;
46506 : 1D;
46507 : 1D;
46508 : 1D;
46509 : 1D;
46510 : 1D;
46511 : 3D;
46512 : 3D;
46513 : 3D;
46514 : 3D;
46515 : 3D;
46516 : 3D;
46517 : 3D;
46518 : 3D;
46519 : 3D;
46520 : 3D;
46521 : 1D;
46522 : 1D;
46523 : 1D;
46524 : 1D;
46525 : 1D;
46526 : 1D;
46527 : 1D;
46528 : 1D;
46529 : 1D;
46530 : 1D;
46531 : 3D;
46532 : 3D;
46533 : 3D;
46534 : 3D;
46535 : 3D;
46536 : 3D;
46537 : 3D;
46538 : 3D;
46539 : 3D;
46540 : 3D;
46541 : 1D;
46542 : 1D;
46543 : 1D;
46544 : 1D;
46545 : 1D;
46546 : 1D;
46547 : 1D;
46548 : 1D;
46549 : 1D;
46550 : 1D;
46551 : 3D;
46552 : 3D;
46553 : 3D;
46554 : 3D;
46555 : 3D;
46556 : 3D;
46557 : 3D;
46558 : 3D;
46559 : 3D;
46560 : 3D;
46561 : 1D;
46562 : 1D;
46563 : 1D;
46564 : 1D;
46565 : 1D;
46566 : 1D;
46567 : 1D;
46568 : 1D;
46569 : 1D;
46570 : 1D;
46571 : 3D;
46572 : 3D;
46573 : 3D;
46574 : 3D;
46575 : 3D;
46576 : 3D;
46577 : 3D;
46578 : 3D;
46579 : 3D;
46580 : 3D;
46581 : 1D;
46582 : 1D;
46583 : 1D;
46584 : 1D;
46585 : 1D;
46586 : 1D;
46587 : 1D;
46588 : 1D;
46589 : 1D;
46590 : 1D;
46591 : 1D;
46592 : 3D;
46593 : 3D;
46594 : 3D;
46595 : 3D;
46596 : 3D;
46597 : 3D;
46598 : 3D;
46599 : 3D;
46600 : 3D;
46601 : 3D;
46602 : 1D;
46603 : 1D;
46604 : 1D;
46605 : 1D;
46606 : 1D;
46607 : 1D;
46608 : 1D;
46609 : 1D;
46610 : 1D;
46611 : 1D;
46612 : 3D;
46613 : 3D;
46614 : 3D;
46615 : 3D;
46616 : 3D;
46617 : 3D;
46618 : 3D;
46619 : 3D;
46620 : 3D;
46621 : 3D;
46622 : 1D;
46623 : 1D;
46624 : 1D;
46625 : 1D;
46626 : 1D;
46627 : 1D;
46628 : 1D;
46629 : 1D;
46630 : 1D;
46631 : 1D;
46632 : 3D;
46633 : 3D;
46634 : 3D;
46635 : 3D;
46636 : 3D;
46637 : 3D;
46638 : 3D;
46639 : 3D;
46640 : 3D;
46641 : 3D;
46642 : 1D;
46643 : 1D;
46644 : 1D;
46645 : 1D;
46646 : 1D;
46647 : 1D;
46648 : 1D;
46649 : 1D;
46650 : 1D;
46651 : 1D;
46652 : 3D;
46653 : 3D;
46654 : 3D;
46655 : 3D;
46656 : 3D;
46657 : 3D;
46658 : 3D;
46659 : 3D;
46660 : 3D;
46661 : 3D;
46662 : 1D;
46663 : 1D;
46664 : 1D;
46665 : 1D;
46666 : 1D;
46667 : 1D;
46668 : 1D;
46669 : 1D;
46670 : 1D;
46671 : 1D;
46672 : 3D;
46673 : 3D;
46674 : 3D;
46675 : 3D;
46676 : 3D;
46677 : 3D;
46678 : 3D;
46679 : 3D;
46680 : 3D;
46681 : 3D;
46682 : 1D;
46683 : 1D;
46684 : 1D;
46685 : 1D;
46686 : 1D;
46687 : 1D;
46688 : 1D;
46689 : 1D;
46690 : 1D;
46691 : 1D;
46692 : 3D;
46693 : 3D;
46694 : 3D;
46695 : 3D;
46696 : 3D;
46697 : 3D;
46698 : 3D;
46699 : 3D;
46700 : 3D;
46701 : 3D;
46702 : 3D;
46703 : 1D;
46704 : 1D;
46705 : 1D;
46706 : 1D;
46707 : 1D;
46708 : 1D;
46709 : 1D;
46710 : 1D;
46711 : 1D;
46712 : 1D;
46713 : 14;
46714 : 14;
46715 : 14;
46716 : 14;
46717 : 14;
46718 : 14;
46719 : 14;
46720 : 10;
46721 : 10;
46722 : 10;
46723 : 10;
46724 : 10;
46725 : 10;
46726 : 10;
46727 : 10;
46728 : 10;
46729 : 10;
46730 : 3D;
46731 : 3D;
46732 : 3D;
46733 : 3D;
46734 : 3D;
46735 : 3D;
46736 : 3D;
46737 : 3D;
46738 : 3D;
46739 : 3D;
46740 : 1D;
46741 : 1D;
46742 : 1D;
46743 : 1D;
46744 : 1D;
46745 : 1D;
46746 : 1D;
46747 : 1D;
46748 : 1D;
46749 : 1D;
46750 : 3D;
46751 : 3D;
46752 : 3D;
46753 : 3D;
46754 : 3D;
46755 : 3D;
46756 : 3D;
46757 : 3D;
46758 : 3D;
46759 : 3D;
46760 : 1D;
46761 : 1D;
46762 : 1D;
46763 : 1D;
46764 : 1D;
46765 : 1D;
46766 : 1D;
46767 : 1D;
46768 : 1D;
46769 : 1D;
46770 : 3D;
46771 : 3D;
46772 : 3D;
46773 : 3D;
46774 : 3D;
46775 : 3D;
46776 : 3D;
46777 : 3D;
46778 : 3D;
46779 : 3D;
46780 : 1D;
46781 : 1D;
46782 : 1D;
46783 : 1D;
46784 : 1D;
46785 : 1D;
46786 : 1D;
46787 : 1D;
46788 : 1D;
46789 : 1D;
46790 : 3D;
46791 : 3D;
46792 : 3D;
46793 : 3D;
46794 : 3D;
46795 : 3D;
46796 : 3D;
46797 : 3D;
46798 : 3D;
46799 : 3D;
46800 : 3D;
46801 : 1D;
46802 : 1D;
46803 : 1D;
46804 : 1D;
46805 : 1D;
46806 : 1D;
46807 : 1D;
46808 : 1D;
46809 : 1D;
46810 : 1D;
46811 : 3D;
46812 : 3D;
46813 : 3D;
46814 : 3D;
46815 : 3D;
46816 : 3D;
46817 : 3D;
46818 : 3D;
46819 : 3D;
46820 : 3D;
46821 : 1D;
46822 : 1D;
46823 : 1D;
46824 : 1D;
46825 : 1D;
46826 : 1D;
46827 : 1D;
46828 : 1D;
46829 : 1D;
46830 : 1D;
46831 : 3D;
46832 : 3D;
46833 : 3D;
46834 : 3D;
46835 : 3D;
46836 : 3D;
46837 : 3D;
46838 : 3D;
46839 : 3D;
46840 : 3D;
46841 : 1D;
46842 : 1D;
46843 : 1D;
46844 : 1D;
46845 : 1D;
46846 : 1D;
46847 : 1D;
46848 : 1D;
46849 : 1D;
46850 : 1D;
46851 : 3D;
46852 : 3D;
46853 : 3D;
46854 : 3D;
46855 : 3D;
46856 : 3D;
46857 : 3D;
46858 : 3D;
46859 : 3D;
46860 : 3D;
46861 : 1D;
46862 : 1D;
46863 : 1D;
46864 : 1D;
46865 : 1D;
46866 : 1D;
46867 : 1D;
46868 : 1D;
46869 : 1D;
46870 : 1D;
46871 : 3D;
46872 : 3D;
46873 : 3D;
46874 : 3D;
46875 : 3D;
46876 : 3D;
46877 : 3D;
46878 : 3D;
46879 : 3D;
46880 : 3D;
46881 : 1D;
46882 : 1D;
46883 : 1D;
46884 : 1D;
46885 : 1D;
46886 : 1D;
46887 : 1D;
46888 : 1D;
46889 : 1D;
46890 : 1D;
46891 : 3D;
46892 : 3D;
46893 : 3D;
46894 : 3D;
46895 : 3D;
46896 : 3D;
46897 : 3D;
46898 : 3D;
46899 : 3D;
46900 : 3D;
46901 : 1D;
46902 : 1D;
46903 : 1D;
46904 : 1D;
46905 : 1D;
46906 : 1D;
46907 : 1D;
46908 : 1D;
46909 : 1D;
46910 : 1D;
46911 : 1D;
46912 : 3D;
46913 : 3D;
46914 : 3D;
46915 : 3D;
46916 : 3D;
46917 : 3D;
46918 : 3D;
46919 : 3D;
46920 : 3D;
46921 : 3D;
46922 : 1D;
46923 : 1D;
46924 : 1D;
46925 : 1D;
46926 : 1D;
46927 : 1D;
46928 : 1D;
46929 : 1D;
46930 : 1D;
46931 : 1D;
46932 : 3D;
46933 : 3D;
46934 : 3D;
46935 : 3D;
46936 : 3D;
46937 : 3D;
46938 : 3D;
46939 : 3D;
46940 : 3D;
46941 : 3D;
46942 : 1D;
46943 : 1D;
46944 : 1D;
46945 : 1D;
46946 : 1D;
46947 : 1D;
46948 : 1D;
46949 : 1D;
46950 : 1D;
46951 : 1D;
46952 : 3D;
46953 : 3D;
46954 : 3D;
46955 : 3D;
46956 : 3D;
46957 : 3D;
46958 : 3D;
46959 : 3D;
46960 : 3D;
46961 : 3D;
46962 : 1D;
46963 : 1D;
46964 : 1D;
46965 : 1D;
46966 : 1D;
46967 : 1D;
46968 : 1D;
46969 : 1D;
46970 : 1D;
46971 : 1D;
46972 : 3D;
46973 : 3D;
46974 : 3D;
46975 : 3D;
46976 : 3D;
46977 : 3D;
46978 : 3D;
46979 : 3D;
46980 : 3D;
46981 : 3D;
46982 : 1D;
46983 : 1D;
46984 : 1D;
46985 : 1D;
46986 : 1D;
46987 : 1D;
46988 : 1D;
46989 : 1D;
46990 : 1D;
46991 : 1D;
46992 : 3D;
46993 : 3D;
46994 : 3D;
46995 : 3D;
46996 : 3D;
46997 : 3D;
46998 : 3D;
46999 : 3D;
47000 : 3D;
47001 : 3D;
47002 : 1D;
47003 : 1D;
47004 : 1D;
47005 : 1D;
47006 : 1D;
47007 : 1D;
47008 : 1D;
47009 : 1D;
47010 : 1D;
47011 : 1D;
47012 : 3D;
47013 : 3D;
47014 : 3D;
47015 : 3D;
47016 : 3D;
47017 : 3D;
47018 : 3D;
47019 : 3D;
47020 : 3D;
47021 : 3D;
47022 : 3D;
47023 : 1D;
47024 : 1D;
47025 : 1D;
47026 : 1D;
47027 : 1D;
47028 : 1D;
47029 : 1D;
47030 : 1D;
47031 : 1D;
47032 : 1D;
47033 : 14;
47034 : 14;
47035 : 14;
47036 : 14;
47037 : 14;
47038 : 14;
47039 : 14;
47040 : 10;
47041 : 10;
47042 : 10;
47043 : 10;
47044 : 10;
47045 : 10;
47046 : 10;
47047 : 10;
47048 : 10;
47049 : 10;
47050 : 3D;
47051 : 3D;
47052 : 3D;
47053 : 3D;
47054 : 3D;
47055 : 3D;
47056 : 3D;
47057 : 3D;
47058 : 3D;
47059 : 3D;
47060 : 1D;
47061 : 1D;
47062 : 1D;
47063 : 1D;
47064 : 1D;
47065 : 1D;
47066 : 1D;
47067 : 1D;
47068 : 1D;
47069 : 1D;
47070 : 3D;
47071 : 3D;
47072 : 3D;
47073 : 3D;
47074 : 3D;
47075 : 3D;
47076 : 3D;
47077 : 3D;
47078 : 3D;
47079 : 3D;
47080 : 1D;
47081 : 1D;
47082 : 1D;
47083 : 1D;
47084 : 1D;
47085 : 1D;
47086 : 1D;
47087 : 1D;
47088 : 1D;
47089 : 1D;
47090 : 3D;
47091 : 3D;
47092 : 3D;
47093 : 3D;
47094 : 3D;
47095 : 3D;
47096 : 3D;
47097 : 3D;
47098 : 3D;
47099 : 3D;
47100 : 1D;
47101 : 1D;
47102 : 1D;
47103 : 1D;
47104 : 1D;
47105 : 1D;
47106 : 1D;
47107 : 1D;
47108 : 1D;
47109 : 1D;
47110 : 3D;
47111 : 3D;
47112 : 3D;
47113 : 3D;
47114 : 3D;
47115 : 3D;
47116 : 3D;
47117 : 3D;
47118 : 3D;
47119 : 3D;
47120 : 3D;
47121 : 1D;
47122 : 1D;
47123 : 1D;
47124 : 1D;
47125 : 1D;
47126 : 1D;
47127 : 1D;
47128 : 1D;
47129 : 1D;
47130 : 1D;
47131 : 3D;
47132 : 3D;
47133 : 3D;
47134 : 3D;
47135 : 3D;
47136 : 3D;
47137 : 3D;
47138 : 3D;
47139 : 3D;
47140 : 3D;
47141 : 1D;
47142 : 1D;
47143 : 1D;
47144 : 1D;
47145 : 1D;
47146 : 1D;
47147 : 1D;
47148 : 1D;
47149 : 1D;
47150 : 1D;
47151 : 3D;
47152 : 3D;
47153 : 3D;
47154 : 3D;
47155 : 3D;
47156 : 3D;
47157 : 3D;
47158 : 3D;
47159 : 3D;
47160 : 3D;
47161 : 1D;
47162 : 1D;
47163 : 1D;
47164 : 1D;
47165 : 1D;
47166 : 1D;
47167 : 1D;
47168 : 1D;
47169 : 1D;
47170 : 1D;
47171 : 3D;
47172 : 3D;
47173 : 3D;
47174 : 3D;
47175 : 3D;
47176 : 3D;
47177 : 3D;
47178 : 3D;
47179 : 3D;
47180 : 3D;
47181 : 1D;
47182 : 1D;
47183 : 1D;
47184 : 1D;
47185 : 1D;
47186 : 1D;
47187 : 1D;
47188 : 1D;
47189 : 1D;
47190 : 1D;
47191 : 3D;
47192 : 3D;
47193 : 3D;
47194 : 3D;
47195 : 3D;
47196 : 3D;
47197 : 3D;
47198 : 3D;
47199 : 3D;
47200 : 3D;
47201 : 1D;
47202 : 1D;
47203 : 1D;
47204 : 1D;
47205 : 1D;
47206 : 1D;
47207 : 1D;
47208 : 1D;
47209 : 1D;
47210 : 1D;
47211 : 3D;
47212 : 3D;
47213 : 3D;
47214 : 3D;
47215 : 3D;
47216 : 3D;
47217 : 3D;
47218 : 3D;
47219 : 3D;
47220 : 3D;
47221 : 1D;
47222 : 1D;
47223 : 1D;
47224 : 1D;
47225 : 1D;
47226 : 1D;
47227 : 1D;
47228 : 1D;
47229 : 1D;
47230 : 1D;
47231 : 1D;
47232 : 3D;
47233 : 3D;
47234 : 3D;
47235 : 3D;
47236 : 3D;
47237 : 3D;
47238 : 3D;
47239 : 3D;
47240 : 3D;
47241 : 3D;
47242 : 1D;
47243 : 1D;
47244 : 1D;
47245 : 1D;
47246 : 1D;
47247 : 1D;
47248 : 1D;
47249 : 1D;
47250 : 1D;
47251 : 1D;
47252 : 3D;
47253 : 3D;
47254 : 3D;
47255 : 3D;
47256 : 3D;
47257 : 3D;
47258 : 3D;
47259 : 3D;
47260 : 3D;
47261 : 3D;
47262 : 1D;
47263 : 1D;
47264 : 1D;
47265 : 1D;
47266 : 1D;
47267 : 1D;
47268 : 1D;
47269 : 1D;
47270 : 1D;
47271 : 1D;
47272 : 3D;
47273 : 3D;
47274 : 3D;
47275 : 3D;
47276 : 3D;
47277 : 3D;
47278 : 3D;
47279 : 3D;
47280 : 3D;
47281 : 3D;
47282 : 1D;
47283 : 1D;
47284 : 1D;
47285 : 1D;
47286 : 1D;
47287 : 1D;
47288 : 1D;
47289 : 1D;
47290 : 1D;
47291 : 1D;
47292 : 3D;
47293 : 3D;
47294 : 3D;
47295 : 3D;
47296 : 3D;
47297 : 3D;
47298 : 3D;
47299 : 3D;
47300 : 3D;
47301 : 3D;
47302 : 1D;
47303 : 1D;
47304 : 1D;
47305 : 1D;
47306 : 1D;
47307 : 1D;
47308 : 1D;
47309 : 1D;
47310 : 1D;
47311 : 1D;
47312 : 3D;
47313 : 3D;
47314 : 3D;
47315 : 3D;
47316 : 3D;
47317 : 3D;
47318 : 3D;
47319 : 3D;
47320 : 3D;
47321 : 3D;
47322 : 1D;
47323 : 1D;
47324 : 1D;
47325 : 1D;
47326 : 1D;
47327 : 1D;
47328 : 1D;
47329 : 1D;
47330 : 1D;
47331 : 1D;
47332 : 3D;
47333 : 3D;
47334 : 3D;
47335 : 3D;
47336 : 3D;
47337 : 3D;
47338 : 3D;
47339 : 3D;
47340 : 3D;
47341 : 3D;
47342 : 3D;
47343 : 1D;
47344 : 1D;
47345 : 1D;
47346 : 1D;
47347 : 1D;
47348 : 1D;
47349 : 1D;
47350 : 1D;
47351 : 1D;
47352 : 1D;
47353 : 14;
47354 : 14;
47355 : 14;
47356 : 14;
47357 : 14;
47358 : 14;
47359 : 14;
47360 : 10;
47361 : 10;
47362 : 10;
47363 : 10;
47364 : 10;
47365 : 10;
47366 : 10;
47367 : 10;
47368 : 10;
47369 : 10;
47370 : 3D;
47371 : 3D;
47372 : 3D;
47373 : 3D;
47374 : 3D;
47375 : 3D;
47376 : 3D;
47377 : 3D;
47378 : 3D;
47379 : 3D;
47380 : 1D;
47381 : 1D;
47382 : 1D;
47383 : 1D;
47384 : 1D;
47385 : 1D;
47386 : 1D;
47387 : 1D;
47388 : 1D;
47389 : 1D;
47390 : 3D;
47391 : 3D;
47392 : 3D;
47393 : 3D;
47394 : 3D;
47395 : 3D;
47396 : 3D;
47397 : 3D;
47398 : 3D;
47399 : 3D;
47400 : 1D;
47401 : 1D;
47402 : 1D;
47403 : 1D;
47404 : 1D;
47405 : 1D;
47406 : 1D;
47407 : 1D;
47408 : 1D;
47409 : 1D;
47410 : 3D;
47411 : 3D;
47412 : 3D;
47413 : 3D;
47414 : 3D;
47415 : 3D;
47416 : 3D;
47417 : 3D;
47418 : 3D;
47419 : 3D;
47420 : 1D;
47421 : 1D;
47422 : 1D;
47423 : 1D;
47424 : 1D;
47425 : 1D;
47426 : 1D;
47427 : 1D;
47428 : 1D;
47429 : 1D;
47430 : 3D;
47431 : 3D;
47432 : 3D;
47433 : 3D;
47434 : 3D;
47435 : 3D;
47436 : 3D;
47437 : 3D;
47438 : 3D;
47439 : 3D;
47440 : 3D;
47441 : 1D;
47442 : 1D;
47443 : 1D;
47444 : 1D;
47445 : 1D;
47446 : 1D;
47447 : 1D;
47448 : 1D;
47449 : 1D;
47450 : 1D;
47451 : 3D;
47452 : 3D;
47453 : 3D;
47454 : 3D;
47455 : 3D;
47456 : 3D;
47457 : 3D;
47458 : 3D;
47459 : 3D;
47460 : 3D;
47461 : 1D;
47462 : 1D;
47463 : 1D;
47464 : 1D;
47465 : 1D;
47466 : 1D;
47467 : 1D;
47468 : 1D;
47469 : 1D;
47470 : 1D;
47471 : 3D;
47472 : 3D;
47473 : 3D;
47474 : 3D;
47475 : 3D;
47476 : 3D;
47477 : 3D;
47478 : 3D;
47479 : 3D;
47480 : 3D;
47481 : 1D;
47482 : 1D;
47483 : 1D;
47484 : 1D;
47485 : 1D;
47486 : 1D;
47487 : 1D;
47488 : 1D;
47489 : 1D;
47490 : 1D;
47491 : 3D;
47492 : 3D;
47493 : 3D;
47494 : 3D;
47495 : 3D;
47496 : 3D;
47497 : 3D;
47498 : 3D;
47499 : 3D;
47500 : 3D;
47501 : 1D;
47502 : 1D;
47503 : 1D;
47504 : 1D;
47505 : 1D;
47506 : 1D;
47507 : 1D;
47508 : 1D;
47509 : 1D;
47510 : 1D;
47511 : 3D;
47512 : 3D;
47513 : 3D;
47514 : 3D;
47515 : 3D;
47516 : 3D;
47517 : 3D;
47518 : 3D;
47519 : 3D;
47520 : 3D;
47521 : 1D;
47522 : 1D;
47523 : 1D;
47524 : 1D;
47525 : 1D;
47526 : 1D;
47527 : 1D;
47528 : 1D;
47529 : 1D;
47530 : 1D;
47531 : 3D;
47532 : 3D;
47533 : 3D;
47534 : 3D;
47535 : 3D;
47536 : 3D;
47537 : 3D;
47538 : 3D;
47539 : 3D;
47540 : 3D;
47541 : 1D;
47542 : 1D;
47543 : 1D;
47544 : 1D;
47545 : 1D;
47546 : 1D;
47547 : 1D;
47548 : 1D;
47549 : 1D;
47550 : 1D;
47551 : 1D;
47552 : 3D;
47553 : 3D;
47554 : 3D;
47555 : 3D;
47556 : 3D;
47557 : 3D;
47558 : 3D;
47559 : 3D;
47560 : 3D;
47561 : 3D;
47562 : 1D;
47563 : 1D;
47564 : 1D;
47565 : 1D;
47566 : 1D;
47567 : 1D;
47568 : 1D;
47569 : 1D;
47570 : 1D;
47571 : 1D;
47572 : 3D;
47573 : 3D;
47574 : 3D;
47575 : 3D;
47576 : 3D;
47577 : 3D;
47578 : 3D;
47579 : 3D;
47580 : 3D;
47581 : 3D;
47582 : 1D;
47583 : 1D;
47584 : 1D;
47585 : 1D;
47586 : 1D;
47587 : 1D;
47588 : 1D;
47589 : 1D;
47590 : 1D;
47591 : 1D;
47592 : 3D;
47593 : 3D;
47594 : 3D;
47595 : 3D;
47596 : 3D;
47597 : 3D;
47598 : 3D;
47599 : 3D;
47600 : 3D;
47601 : 3D;
47602 : 1D;
47603 : 1D;
47604 : 1D;
47605 : 1D;
47606 : 1D;
47607 : 1D;
47608 : 1D;
47609 : 1D;
47610 : 1D;
47611 : 1D;
47612 : 3D;
47613 : 3D;
47614 : 3D;
47615 : 3D;
47616 : 3D;
47617 : 3D;
47618 : 3D;
47619 : 3D;
47620 : 3D;
47621 : 3D;
47622 : 1D;
47623 : 1D;
47624 : 1D;
47625 : 1D;
47626 : 1D;
47627 : 1D;
47628 : 1D;
47629 : 1D;
47630 : 1D;
47631 : 1D;
47632 : 3D;
47633 : 3D;
47634 : 3D;
47635 : 3D;
47636 : 3D;
47637 : 3D;
47638 : 3D;
47639 : 3D;
47640 : 3D;
47641 : 3D;
47642 : 1D;
47643 : 1D;
47644 : 1D;
47645 : 1D;
47646 : 1D;
47647 : 1D;
47648 : 1D;
47649 : 1D;
47650 : 1D;
47651 : 1D;
47652 : 3D;
47653 : 3D;
47654 : 3D;
47655 : 3D;
47656 : 3D;
47657 : 3D;
47658 : 3D;
47659 : 3D;
47660 : 3D;
47661 : 3D;
47662 : 3D;
47663 : 1D;
47664 : 1D;
47665 : 1D;
47666 : 1D;
47667 : 1D;
47668 : 1D;
47669 : 1D;
47670 : 1D;
47671 : 1D;
47672 : 1D;
47673 : 14;
47674 : 14;
47675 : 14;
47676 : 14;
47677 : 14;
47678 : 14;
47679 : 14;
47680 : 10;
47681 : 10;
47682 : 10;
47683 : 10;
47684 : 10;
47685 : 10;
47686 : 10;
47687 : 10;
47688 : 10;
47689 : 10;
47690 : 3D;
47691 : 3D;
47692 : 3D;
47693 : 3D;
47694 : 3D;
47695 : 3D;
47696 : 3D;
47697 : 3D;
47698 : 3D;
47699 : 3D;
47700 : 1D;
47701 : 1D;
47702 : 1D;
47703 : 1D;
47704 : 1D;
47705 : 1D;
47706 : 1D;
47707 : 1D;
47708 : 1D;
47709 : 1D;
47710 : 3D;
47711 : 3D;
47712 : 3D;
47713 : 3D;
47714 : 3D;
47715 : 3D;
47716 : 3D;
47717 : 3D;
47718 : 3D;
47719 : 3D;
47720 : 1D;
47721 : 1D;
47722 : 1D;
47723 : 1D;
47724 : 1D;
47725 : 1D;
47726 : 1D;
47727 : 1D;
47728 : 1D;
47729 : 1D;
47730 : 3D;
47731 : 3D;
47732 : 3D;
47733 : 3D;
47734 : 3D;
47735 : 3D;
47736 : 3D;
47737 : 3D;
47738 : 3D;
47739 : 3D;
47740 : 1D;
47741 : 1D;
47742 : 1D;
47743 : 1D;
47744 : 1D;
47745 : 1D;
47746 : 1D;
47747 : 1D;
47748 : 1D;
47749 : 1D;
47750 : 3D;
47751 : 3D;
47752 : 3D;
47753 : 3D;
47754 : 3D;
47755 : 3D;
47756 : 3D;
47757 : 3D;
47758 : 3D;
47759 : 3D;
47760 : 3D;
47761 : 1D;
47762 : 1D;
47763 : 1D;
47764 : 1D;
47765 : 1D;
47766 : 1D;
47767 : 1D;
47768 : 1D;
47769 : 1D;
47770 : 1D;
47771 : 3D;
47772 : 3D;
47773 : 3D;
47774 : 3D;
47775 : 3D;
47776 : 3D;
47777 : 3D;
47778 : 3D;
47779 : 3D;
47780 : 3D;
47781 : 1D;
47782 : 1D;
47783 : 1D;
47784 : 1D;
47785 : 1D;
47786 : 1D;
47787 : 1D;
47788 : 1D;
47789 : 1D;
47790 : 1D;
47791 : 3D;
47792 : 3D;
47793 : 3D;
47794 : 3D;
47795 : 3D;
47796 : 3D;
47797 : 3D;
47798 : 3D;
47799 : 3D;
47800 : 3D;
47801 : 1D;
47802 : 1D;
47803 : 1D;
47804 : 1D;
47805 : 1D;
47806 : 1D;
47807 : 1D;
47808 : 1D;
47809 : 1D;
47810 : 1D;
47811 : 3D;
47812 : 3D;
47813 : 3D;
47814 : 3D;
47815 : 3D;
47816 : 3D;
47817 : 3D;
47818 : 3D;
47819 : 3D;
47820 : 3D;
47821 : 1D;
47822 : 1D;
47823 : 1D;
47824 : 1D;
47825 : 1D;
47826 : 1D;
47827 : 1D;
47828 : 1D;
47829 : 1D;
47830 : 1D;
47831 : 3D;
47832 : 3D;
47833 : 3D;
47834 : 3D;
47835 : 3D;
47836 : 3D;
47837 : 3D;
47838 : 3D;
47839 : 3D;
47840 : 3D;
47841 : 1D;
47842 : 1D;
47843 : 1D;
47844 : 1D;
47845 : 1D;
47846 : 1D;
47847 : 1D;
47848 : 1D;
47849 : 1D;
47850 : 1D;
47851 : 3D;
47852 : 3D;
47853 : 3D;
47854 : 3D;
47855 : 3D;
47856 : 3D;
47857 : 3D;
47858 : 3D;
47859 : 3D;
47860 : 3D;
47861 : 1D;
47862 : 1D;
47863 : 1D;
47864 : 1D;
47865 : 1D;
47866 : 1D;
47867 : 1D;
47868 : 1D;
47869 : 1D;
47870 : 1D;
47871 : 1D;
47872 : 3D;
47873 : 3D;
47874 : 3D;
47875 : 3D;
47876 : 3D;
47877 : 3D;
47878 : 3D;
47879 : 3D;
47880 : 3D;
47881 : 3D;
47882 : 1D;
47883 : 1D;
47884 : 1D;
47885 : 1D;
47886 : 1D;
47887 : 1D;
47888 : 1D;
47889 : 1D;
47890 : 1D;
47891 : 1D;
47892 : 3D;
47893 : 3D;
47894 : 3D;
47895 : 3D;
47896 : 3D;
47897 : 3D;
47898 : 3D;
47899 : 3D;
47900 : 3D;
47901 : 3D;
47902 : 1D;
47903 : 1D;
47904 : 1D;
47905 : 1D;
47906 : 1D;
47907 : 1D;
47908 : 1D;
47909 : 1D;
47910 : 1D;
47911 : 1D;
47912 : 3D;
47913 : 3D;
47914 : 3D;
47915 : 3D;
47916 : 3D;
47917 : 3D;
47918 : 3D;
47919 : 3D;
47920 : 3D;
47921 : 3D;
47922 : 1D;
47923 : 1D;
47924 : 1D;
47925 : 1D;
47926 : 1D;
47927 : 1D;
47928 : 1D;
47929 : 1D;
47930 : 1D;
47931 : 1D;
47932 : 3D;
47933 : 3D;
47934 : 3D;
47935 : 3D;
47936 : 3D;
47937 : 3D;
47938 : 3D;
47939 : 3D;
47940 : 3D;
47941 : 3D;
47942 : 1D;
47943 : 1D;
47944 : 1D;
47945 : 1D;
47946 : 1D;
47947 : 1D;
47948 : 1D;
47949 : 1D;
47950 : 1D;
47951 : 1D;
47952 : 3D;
47953 : 3D;
47954 : 3D;
47955 : 3D;
47956 : 3D;
47957 : 3D;
47958 : 3D;
47959 : 3D;
47960 : 3D;
47961 : 3D;
47962 : 1D;
47963 : 1D;
47964 : 1D;
47965 : 1D;
47966 : 1D;
47967 : 1D;
47968 : 1D;
47969 : 1D;
47970 : 1D;
47971 : 1D;
47972 : 3D;
47973 : 3D;
47974 : 3D;
47975 : 3D;
47976 : 3D;
47977 : 3D;
47978 : 3D;
47979 : 3D;
47980 : 3D;
47981 : 3D;
47982 : 3D;
47983 : 1D;
47984 : 1D;
47985 : 1D;
47986 : 1D;
47987 : 1D;
47988 : 1D;
47989 : 1D;
47990 : 1D;
47991 : 1D;
47992 : 1D;
47993 : 14;
47994 : 14;
47995 : 14;
47996 : 14;
47997 : 14;
47998 : 14;
47999 : 14;
48000 : 10;
48001 : 10;
48002 : 10;
48003 : 10;
48004 : 10;
48005 : 10;
48006 : 10;
48007 : 10;
48008 : 10;
48009 : 10;
48010 : 3D;
48011 : 3D;
48012 : 3D;
48013 : 3D;
48014 : 3D;
48015 : 3D;
48016 : 3D;
48017 : 3D;
48018 : 3D;
48019 : 3D;
48020 : 1D;
48021 : 1D;
48022 : 1D;
48023 : 1D;
48024 : 1D;
48025 : 1D;
48026 : 1D;
48027 : 1D;
48028 : 1D;
48029 : 1D;
48030 : 3D;
48031 : 3D;
48032 : 3D;
48033 : 3D;
48034 : 3D;
48035 : 3D;
48036 : 3D;
48037 : 3D;
48038 : 3D;
48039 : 3D;
48040 : 1D;
48041 : 1D;
48042 : 1D;
48043 : 1D;
48044 : 1D;
48045 : 1D;
48046 : 1D;
48047 : 1D;
48048 : 1D;
48049 : 1D;
48050 : 3D;
48051 : 3D;
48052 : 3D;
48053 : 3D;
48054 : 3D;
48055 : 3D;
48056 : 3D;
48057 : 3D;
48058 : 3D;
48059 : 3D;
48060 : 1D;
48061 : 1D;
48062 : 1D;
48063 : 1D;
48064 : 1D;
48065 : 1D;
48066 : 1D;
48067 : 1D;
48068 : 1D;
48069 : 1D;
48070 : 3D;
48071 : 3D;
48072 : 3D;
48073 : 3D;
48074 : 3D;
48075 : 3D;
48076 : 3D;
48077 : 3D;
48078 : 3D;
48079 : 3D;
48080 : 3D;
48081 : 1D;
48082 : 1D;
48083 : 1D;
48084 : 1D;
48085 : 1D;
48086 : 1D;
48087 : 1D;
48088 : 1D;
48089 : 1D;
48090 : 1D;
48091 : 3D;
48092 : 3D;
48093 : 3D;
48094 : 3D;
48095 : 3D;
48096 : 3D;
48097 : 3D;
48098 : 3D;
48099 : 3D;
48100 : 3D;
48101 : 1D;
48102 : 1D;
48103 : 1D;
48104 : 1D;
48105 : 1D;
48106 : 1D;
48107 : 1D;
48108 : 1D;
48109 : 1D;
48110 : 1D;
48111 : 3D;
48112 : 3D;
48113 : 3D;
48114 : 3D;
48115 : 3D;
48116 : 3D;
48117 : 3D;
48118 : 3D;
48119 : 3D;
48120 : 3D;
48121 : 1D;
48122 : 1D;
48123 : 1D;
48124 : 1D;
48125 : 1D;
48126 : 1D;
48127 : 1D;
48128 : 1D;
48129 : 1D;
48130 : 1D;
48131 : 3D;
48132 : 3D;
48133 : 3D;
48134 : 3D;
48135 : 3D;
48136 : 3D;
48137 : 3D;
48138 : 3D;
48139 : 3D;
48140 : 3D;
48141 : 1D;
48142 : 1D;
48143 : 1D;
48144 : 1D;
48145 : 1D;
48146 : 1D;
48147 : 1D;
48148 : 1D;
48149 : 1D;
48150 : 1D;
48151 : 3D;
48152 : 3D;
48153 : 3D;
48154 : 3D;
48155 : 3D;
48156 : 3D;
48157 : 3D;
48158 : 3D;
48159 : 3D;
48160 : 3D;
48161 : 1D;
48162 : 1D;
48163 : 1D;
48164 : 1D;
48165 : 1D;
48166 : 1D;
48167 : 1D;
48168 : 1D;
48169 : 1D;
48170 : 1D;
48171 : 3D;
48172 : 3D;
48173 : 3D;
48174 : 3D;
48175 : 3D;
48176 : 3D;
48177 : 3D;
48178 : 3D;
48179 : 3D;
48180 : 3D;
48181 : 1D;
48182 : 1D;
48183 : 1D;
48184 : 1D;
48185 : 1D;
48186 : 1D;
48187 : 1D;
48188 : 1D;
48189 : 1D;
48190 : 1D;
48191 : 1D;
48192 : 3D;
48193 : 3D;
48194 : 3D;
48195 : 3D;
48196 : 3D;
48197 : 3D;
48198 : 3D;
48199 : 3D;
48200 : 3D;
48201 : 3D;
48202 : 1D;
48203 : 1D;
48204 : 1D;
48205 : 1D;
48206 : 1D;
48207 : 1D;
48208 : 1D;
48209 : 1D;
48210 : 1D;
48211 : 1D;
48212 : 3D;
48213 : 3D;
48214 : 3D;
48215 : 3D;
48216 : 3D;
48217 : 3D;
48218 : 3D;
48219 : 3D;
48220 : 3D;
48221 : 3D;
48222 : 1D;
48223 : 1D;
48224 : 1D;
48225 : 1D;
48226 : 1D;
48227 : 1D;
48228 : 1D;
48229 : 1D;
48230 : 1D;
48231 : 1D;
48232 : 3D;
48233 : 3D;
48234 : 3D;
48235 : 3D;
48236 : 3D;
48237 : 3D;
48238 : 3D;
48239 : 3D;
48240 : 3D;
48241 : 3D;
48242 : 1D;
48243 : 1D;
48244 : 1D;
48245 : 1D;
48246 : 1D;
48247 : 1D;
48248 : 1D;
48249 : 1D;
48250 : 1D;
48251 : 1D;
48252 : 3D;
48253 : 3D;
48254 : 3D;
48255 : 3D;
48256 : 3D;
48257 : 3D;
48258 : 3D;
48259 : 3D;
48260 : 3D;
48261 : 3D;
48262 : 1D;
48263 : 1D;
48264 : 1D;
48265 : 1D;
48266 : 1D;
48267 : 1D;
48268 : 1D;
48269 : 1D;
48270 : 1D;
48271 : 1D;
48272 : 3D;
48273 : 3D;
48274 : 3D;
48275 : 3D;
48276 : 3D;
48277 : 3D;
48278 : 3D;
48279 : 3D;
48280 : 3D;
48281 : 3D;
48282 : 1D;
48283 : 1D;
48284 : 1D;
48285 : 1D;
48286 : 1D;
48287 : 1D;
48288 : 1D;
48289 : 1D;
48290 : 1D;
48291 : 1D;
48292 : 3D;
48293 : 3D;
48294 : 3D;
48295 : 3D;
48296 : 3D;
48297 : 3D;
48298 : 3D;
48299 : 3D;
48300 : 3D;
48301 : 3D;
48302 : 3D;
48303 : 1D;
48304 : 1D;
48305 : 1D;
48306 : 1D;
48307 : 1D;
48308 : 1D;
48309 : 1D;
48310 : 1D;
48311 : 1D;
48312 : 1D;
48313 : 14;
48314 : 14;
48315 : 14;
48316 : 14;
48317 : 14;
48318 : 14;
48319 : 14;
48320 : 14;
48321 : 14;
48322 : 14;
48323 : 14;
48324 : 14;
48325 : 14;
48326 : 14;
48327 : 14;
48328 : 14;
48329 : 14;
48330 : 1D;
48331 : 1D;
48332 : 1D;
48333 : 1D;
48334 : 1D;
48335 : 1D;
48336 : 1D;
48337 : 1D;
48338 : 1D;
48339 : 1D;
48340 : 3D;
48341 : 3D;
48342 : 3D;
48343 : 3D;
48344 : 3D;
48345 : 3D;
48346 : 3D;
48347 : 3D;
48348 : 3D;
48349 : 3D;
48350 : 1D;
48351 : 1D;
48352 : 1D;
48353 : 1D;
48354 : 1D;
48355 : 1D;
48356 : 1D;
48357 : 1D;
48358 : 1D;
48359 : 1D;
48360 : 3D;
48361 : 3D;
48362 : 3D;
48363 : 3D;
48364 : 3D;
48365 : 3D;
48366 : 3D;
48367 : 3D;
48368 : 3D;
48369 : 3D;
48370 : 1D;
48371 : 1D;
48372 : 1D;
48373 : 1D;
48374 : 1D;
48375 : 1D;
48376 : 1D;
48377 : 1D;
48378 : 1D;
48379 : 1D;
48380 : 3D;
48381 : 3D;
48382 : 3D;
48383 : 3D;
48384 : 3D;
48385 : 3D;
48386 : 3D;
48387 : 3D;
48388 : 3D;
48389 : 3D;
48390 : 1D;
48391 : 1D;
48392 : 1D;
48393 : 1D;
48394 : 1D;
48395 : 1D;
48396 : 1D;
48397 : 1D;
48398 : 1D;
48399 : 1D;
48400 : 1D;
48401 : 3D;
48402 : 3D;
48403 : 3D;
48404 : 3D;
48405 : 3D;
48406 : 3D;
48407 : 3D;
48408 : 3D;
48409 : 3D;
48410 : 3D;
48411 : 1D;
48412 : 1D;
48413 : 1D;
48414 : 1D;
48415 : 1D;
48416 : 1D;
48417 : 1D;
48418 : 1D;
48419 : 1D;
48420 : 1D;
48421 : 3D;
48422 : 3D;
48423 : 3D;
48424 : 3D;
48425 : 3D;
48426 : 3D;
48427 : 3D;
48428 : 3D;
48429 : 3D;
48430 : 3D;
48431 : 1D;
48432 : 1D;
48433 : 1D;
48434 : 1D;
48435 : 1D;
48436 : 1D;
48437 : 1D;
48438 : 1D;
48439 : 1D;
48440 : 1D;
48441 : 3D;
48442 : 3D;
48443 : 3D;
48444 : 3D;
48445 : 3D;
48446 : 3D;
48447 : 3D;
48448 : 3D;
48449 : 3D;
48450 : 3D;
48451 : 1D;
48452 : 1D;
48453 : 1D;
48454 : 1D;
48455 : 1D;
48456 : 1D;
48457 : 1D;
48458 : 1D;
48459 : 1D;
48460 : 1D;
48461 : 3D;
48462 : 3D;
48463 : 3D;
48464 : 3D;
48465 : 3D;
48466 : 3D;
48467 : 3D;
48468 : 3D;
48469 : 3D;
48470 : 3D;
48471 : 1D;
48472 : 1D;
48473 : 1D;
48474 : 1D;
48475 : 1D;
48476 : 1D;
48477 : 1D;
48478 : 1D;
48479 : 1D;
48480 : 1D;
48481 : 3D;
48482 : 3D;
48483 : 3D;
48484 : 3D;
48485 : 3D;
48486 : 3D;
48487 : 3D;
48488 : 3D;
48489 : 3D;
48490 : 3D;
48491 : 1D;
48492 : 1D;
48493 : 1D;
48494 : 1D;
48495 : 1D;
48496 : 1D;
48497 : 1D;
48498 : 1D;
48499 : 1D;
48500 : 1D;
48501 : 3D;
48502 : 3D;
48503 : 3D;
48504 : 3D;
48505 : 3D;
48506 : 3D;
48507 : 3D;
48508 : 3D;
48509 : 3D;
48510 : 3D;
48511 : 3D;
48512 : 1D;
48513 : 1D;
48514 : 1D;
48515 : 1D;
48516 : 1D;
48517 : 1D;
48518 : 1D;
48519 : 1D;
48520 : 1D;
48521 : 1D;
48522 : 3D;
48523 : 3D;
48524 : 3D;
48525 : 3D;
48526 : 3D;
48527 : 3D;
48528 : 3D;
48529 : 3D;
48530 : 3D;
48531 : 3D;
48532 : 1D;
48533 : 1D;
48534 : 1D;
48535 : 1D;
48536 : 1D;
48537 : 1D;
48538 : 1D;
48539 : 1D;
48540 : 1D;
48541 : 1D;
48542 : 3D;
48543 : 3D;
48544 : 3D;
48545 : 3D;
48546 : 3D;
48547 : 3D;
48548 : 3D;
48549 : 3D;
48550 : 3D;
48551 : 3D;
48552 : 1D;
48553 : 1D;
48554 : 1D;
48555 : 1D;
48556 : 1D;
48557 : 1D;
48558 : 1D;
48559 : 1D;
48560 : 1D;
48561 : 1D;
48562 : 3D;
48563 : 3D;
48564 : 3D;
48565 : 3D;
48566 : 3D;
48567 : 3D;
48568 : 3D;
48569 : 3D;
48570 : 3D;
48571 : 3D;
48572 : 1D;
48573 : 1D;
48574 : 1D;
48575 : 1D;
48576 : 1D;
48577 : 1D;
48578 : 1D;
48579 : 1D;
48580 : 1D;
48581 : 1D;
48582 : 3D;
48583 : 3D;
48584 : 3D;
48585 : 3D;
48586 : 3D;
48587 : 3D;
48588 : 3D;
48589 : 3D;
48590 : 3D;
48591 : 3D;
48592 : 1D;
48593 : 1D;
48594 : 1D;
48595 : 1D;
48596 : 1D;
48597 : 1D;
48598 : 1D;
48599 : 1D;
48600 : 1D;
48601 : 1D;
48602 : 3D;
48603 : 3D;
48604 : 3D;
48605 : 3D;
48606 : 3D;
48607 : 3D;
48608 : 3D;
48609 : 3D;
48610 : 3D;
48611 : 3D;
48612 : 1D;
48613 : 1D;
48614 : 1D;
48615 : 1D;
48616 : 1D;
48617 : 1D;
48618 : 1D;
48619 : 1D;
48620 : 1D;
48621 : 1D;
48622 : 1D;
48623 : 3D;
48624 : 3D;
48625 : 3D;
48626 : 3D;
48627 : 3D;
48628 : 3D;
48629 : 3D;
48630 : 3D;
48631 : 3D;
48632 : 3D;
48633 : 10;
48634 : 10;
48635 : 10;
48636 : 10;
48637 : 10;
48638 : 10;
48639 : 10;
48640 : 14;
48641 : 14;
48642 : 14;
48643 : 14;
48644 : 14;
48645 : 14;
48646 : 14;
48647 : 14;
48648 : 14;
48649 : 14;
48650 : 1D;
48651 : 1D;
48652 : 1D;
48653 : 1D;
48654 : 1D;
48655 : 1D;
48656 : 1D;
48657 : 1D;
48658 : 1D;
48659 : 1D;
48660 : 3D;
48661 : 3D;
48662 : 3D;
48663 : 3D;
48664 : 3D;
48665 : 3D;
48666 : 3D;
48667 : 3D;
48668 : 3D;
48669 : 3D;
48670 : 1D;
48671 : 1D;
48672 : 1D;
48673 : 1D;
48674 : 1D;
48675 : 1D;
48676 : 1D;
48677 : 1D;
48678 : 1D;
48679 : 1D;
48680 : 3D;
48681 : 3D;
48682 : 3D;
48683 : 3D;
48684 : 3D;
48685 : 3D;
48686 : 3D;
48687 : 3D;
48688 : 3D;
48689 : 3D;
48690 : 1D;
48691 : 1D;
48692 : 1D;
48693 : 1D;
48694 : 1D;
48695 : 1D;
48696 : 1D;
48697 : 1D;
48698 : 1D;
48699 : 1D;
48700 : 3D;
48701 : 3D;
48702 : 3D;
48703 : 3D;
48704 : 3D;
48705 : 3D;
48706 : 3D;
48707 : 3D;
48708 : 3D;
48709 : 3D;
48710 : 1D;
48711 : 1D;
48712 : 1D;
48713 : 1D;
48714 : 1D;
48715 : 1D;
48716 : 1D;
48717 : 1D;
48718 : 1D;
48719 : 1D;
48720 : 1D;
48721 : 3D;
48722 : 3D;
48723 : 3D;
48724 : 3D;
48725 : 3D;
48726 : 3D;
48727 : 3D;
48728 : 3D;
48729 : 3D;
48730 : 3D;
48731 : 1D;
48732 : 1D;
48733 : 1D;
48734 : 1D;
48735 : 1D;
48736 : 1D;
48737 : 1D;
48738 : 1D;
48739 : 1D;
48740 : 1D;
48741 : 3D;
48742 : 3D;
48743 : 3D;
48744 : 3D;
48745 : 3D;
48746 : 3D;
48747 : 3D;
48748 : 3D;
48749 : 3D;
48750 : 3D;
48751 : 1D;
48752 : 1D;
48753 : 1D;
48754 : 1D;
48755 : 1D;
48756 : 1D;
48757 : 1D;
48758 : 1D;
48759 : 1D;
48760 : 1D;
48761 : 3D;
48762 : 3D;
48763 : 3D;
48764 : 3D;
48765 : 3D;
48766 : 3D;
48767 : 3D;
48768 : 3D;
48769 : 3D;
48770 : 3D;
48771 : 1D;
48772 : 1D;
48773 : 1D;
48774 : 1D;
48775 : 1D;
48776 : 1D;
48777 : 1D;
48778 : 1D;
48779 : 1D;
48780 : 1D;
48781 : 3D;
48782 : 3D;
48783 : 3D;
48784 : 3D;
48785 : 3D;
48786 : 3D;
48787 : 3D;
48788 : 3D;
48789 : 3D;
48790 : 3D;
48791 : 1D;
48792 : 1D;
48793 : 1D;
48794 : 1D;
48795 : 1D;
48796 : 1D;
48797 : 1D;
48798 : 1D;
48799 : 1D;
48800 : 1D;
48801 : 3D;
48802 : 3D;
48803 : 3D;
48804 : 3D;
48805 : 3D;
48806 : 3D;
48807 : 3D;
48808 : 3D;
48809 : 3D;
48810 : 3D;
48811 : 1D;
48812 : 1D;
48813 : 1D;
48814 : 1D;
48815 : 1D;
48816 : 1D;
48817 : 1D;
48818 : 1D;
48819 : 1D;
48820 : 1D;
48821 : 3D;
48822 : 3D;
48823 : 3D;
48824 : 3D;
48825 : 3D;
48826 : 3D;
48827 : 3D;
48828 : 3D;
48829 : 3D;
48830 : 3D;
48831 : 3D;
48832 : 1D;
48833 : 1D;
48834 : 1D;
48835 : 1D;
48836 : 1D;
48837 : 1D;
48838 : 1D;
48839 : 1D;
48840 : 1D;
48841 : 1D;
48842 : 3D;
48843 : 3D;
48844 : 3D;
48845 : 3D;
48846 : 3D;
48847 : 3D;
48848 : 3D;
48849 : 3D;
48850 : 3D;
48851 : 3D;
48852 : 1D;
48853 : 1D;
48854 : 1D;
48855 : 1D;
48856 : 1D;
48857 : 1D;
48858 : 1D;
48859 : 1D;
48860 : 1D;
48861 : 1D;
48862 : 3D;
48863 : 3D;
48864 : 3D;
48865 : 3D;
48866 : 3D;
48867 : 3D;
48868 : 3D;
48869 : 3D;
48870 : 3D;
48871 : 3D;
48872 : 1D;
48873 : 1D;
48874 : 1D;
48875 : 1D;
48876 : 1D;
48877 : 1D;
48878 : 1D;
48879 : 1D;
48880 : 1D;
48881 : 1D;
48882 : 3D;
48883 : 3D;
48884 : 3D;
48885 : 3D;
48886 : 3D;
48887 : 3D;
48888 : 3D;
48889 : 3D;
48890 : 3D;
48891 : 3D;
48892 : 1D;
48893 : 1D;
48894 : 1D;
48895 : 1D;
48896 : 1D;
48897 : 1D;
48898 : 1D;
48899 : 1D;
48900 : 1D;
48901 : 1D;
48902 : 3D;
48903 : 3D;
48904 : 3D;
48905 : 3D;
48906 : 3D;
48907 : 3D;
48908 : 3D;
48909 : 3D;
48910 : 3D;
48911 : 3D;
48912 : 1D;
48913 : 1D;
48914 : 1D;
48915 : 1D;
48916 : 1D;
48917 : 1D;
48918 : 1D;
48919 : 1D;
48920 : 1D;
48921 : 1D;
48922 : 3D;
48923 : 3D;
48924 : 3D;
48925 : 3D;
48926 : 3D;
48927 : 3D;
48928 : 3D;
48929 : 3D;
48930 : 3D;
48931 : 3D;
48932 : 1D;
48933 : 1D;
48934 : 1D;
48935 : 1D;
48936 : 1D;
48937 : 1D;
48938 : 1D;
48939 : 1D;
48940 : 1D;
48941 : 1D;
48942 : 1D;
48943 : 3D;
48944 : 3D;
48945 : 3D;
48946 : 3D;
48947 : 3D;
48948 : 3D;
48949 : 3D;
48950 : 3D;
48951 : 3D;
48952 : 3D;
48953 : 10;
48954 : 10;
48955 : 10;
48956 : 10;
48957 : 10;
48958 : 10;
48959 : 10;
48960 : 14;
48961 : 14;
48962 : 14;
48963 : 14;
48964 : 14;
48965 : 14;
48966 : 14;
48967 : 14;
48968 : 14;
48969 : 14;
48970 : 1D;
48971 : 1D;
48972 : 1D;
48973 : 1D;
48974 : 1D;
48975 : 1D;
48976 : 1D;
48977 : 1D;
48978 : 1D;
48979 : 1D;
48980 : 3D;
48981 : 3D;
48982 : 3D;
48983 : 3D;
48984 : 3D;
48985 : 3D;
48986 : 3D;
48987 : 3D;
48988 : 3D;
48989 : 3D;
48990 : 1D;
48991 : 1D;
48992 : 1D;
48993 : 1D;
48994 : 1D;
48995 : 1D;
48996 : 1D;
48997 : 1D;
48998 : 1D;
48999 : 1D;
49000 : 3D;
49001 : 3D;
49002 : 3D;
49003 : 3D;
49004 : 3D;
49005 : 3D;
49006 : 3D;
49007 : 3D;
49008 : 3D;
49009 : 3D;
49010 : 1D;
49011 : 1D;
49012 : 1D;
49013 : 1D;
49014 : 1D;
49015 : 1D;
49016 : 1D;
49017 : 1D;
49018 : 1D;
49019 : 1D;
49020 : 3D;
49021 : 3D;
49022 : 3D;
49023 : 3D;
49024 : 3D;
49025 : 3D;
49026 : 3D;
49027 : 3D;
49028 : 3D;
49029 : 3D;
49030 : 1D;
49031 : 1D;
49032 : 1D;
49033 : 1D;
49034 : 1D;
49035 : 1D;
49036 : 1D;
49037 : 1D;
49038 : 1D;
49039 : 1D;
49040 : 1D;
49041 : 3D;
49042 : 3D;
49043 : 3D;
49044 : 3D;
49045 : 3D;
49046 : 3D;
49047 : 3D;
49048 : 3D;
49049 : 3D;
49050 : 3D;
49051 : 1D;
49052 : 1D;
49053 : 1D;
49054 : 1D;
49055 : 1D;
49056 : 1D;
49057 : 1D;
49058 : 1D;
49059 : 1D;
49060 : 1D;
49061 : 3D;
49062 : 3D;
49063 : 3D;
49064 : 3D;
49065 : 3D;
49066 : 3D;
49067 : 3D;
49068 : 3D;
49069 : 3D;
49070 : 3D;
49071 : 1D;
49072 : 1D;
49073 : 1D;
49074 : 1D;
49075 : 1D;
49076 : 1D;
49077 : 1D;
49078 : 1D;
49079 : 1D;
49080 : 1D;
49081 : 3D;
49082 : 3D;
49083 : 3D;
49084 : 3D;
49085 : 3D;
49086 : 3D;
49087 : 3D;
49088 : 3D;
49089 : 3D;
49090 : 3D;
49091 : 1D;
49092 : 1D;
49093 : 1D;
49094 : 1D;
49095 : 1D;
49096 : 1D;
49097 : 1D;
49098 : 1D;
49099 : 1D;
49100 : 1D;
49101 : 3D;
49102 : 3D;
49103 : 3D;
49104 : 3D;
49105 : 3D;
49106 : 3D;
49107 : 3D;
49108 : 3D;
49109 : 3D;
49110 : 3D;
49111 : 1D;
49112 : 1D;
49113 : 1D;
49114 : 1D;
49115 : 1D;
49116 : 1D;
49117 : 1D;
49118 : 1D;
49119 : 1D;
49120 : 1D;
49121 : 3D;
49122 : 3D;
49123 : 3D;
49124 : 3D;
49125 : 3D;
49126 : 3D;
49127 : 3D;
49128 : 3D;
49129 : 3D;
49130 : 3D;
49131 : 1D;
49132 : 1D;
49133 : 1D;
49134 : 1D;
49135 : 1D;
49136 : 1D;
49137 : 1D;
49138 : 1D;
49139 : 1D;
49140 : 1D;
49141 : 3D;
49142 : 3D;
49143 : 3D;
49144 : 3D;
49145 : 3D;
49146 : 3D;
49147 : 3D;
49148 : 3D;
49149 : 3D;
49150 : 3D;
49151 : 3D;
49152 : 1D;
49153 : 1D;
49154 : 1D;
49155 : 1D;
49156 : 1D;
49157 : 1D;
49158 : 1D;
49159 : 1D;
49160 : 1D;
49161 : 1D;
49162 : 3D;
49163 : 3D;
49164 : 3D;
49165 : 3D;
49166 : 3D;
49167 : 3D;
49168 : 3D;
49169 : 3D;
49170 : 3D;
49171 : 3D;
49172 : 1D;
49173 : 1D;
49174 : 1D;
49175 : 1D;
49176 : 1D;
49177 : 1D;
49178 : 1D;
49179 : 1D;
49180 : 1D;
49181 : 1D;
49182 : 3D;
49183 : 3D;
49184 : 3D;
49185 : 3D;
49186 : 3D;
49187 : 3D;
49188 : 3D;
49189 : 3D;
49190 : 3D;
49191 : 3D;
49192 : 1D;
49193 : 1D;
49194 : 1D;
49195 : 1D;
49196 : 1D;
49197 : 1D;
49198 : 1D;
49199 : 1D;
49200 : 1D;
49201 : 1D;
49202 : 3D;
49203 : 3D;
49204 : 3D;
49205 : 3D;
49206 : 3D;
49207 : 3D;
49208 : 3D;
49209 : 3D;
49210 : 3D;
49211 : 3D;
49212 : 1D;
49213 : 1D;
49214 : 1D;
49215 : 1D;
49216 : 1D;
49217 : 1D;
49218 : 1D;
49219 : 1D;
49220 : 1D;
49221 : 1D;
49222 : 3D;
49223 : 3D;
49224 : 3D;
49225 : 3D;
49226 : 3D;
49227 : 3D;
49228 : 3D;
49229 : 3D;
49230 : 3D;
49231 : 3D;
49232 : 1D;
49233 : 1D;
49234 : 1D;
49235 : 1D;
49236 : 1D;
49237 : 1D;
49238 : 1D;
49239 : 1D;
49240 : 1D;
49241 : 1D;
49242 : 3D;
49243 : 3D;
49244 : 3D;
49245 : 3D;
49246 : 3D;
49247 : 3D;
49248 : 3D;
49249 : 3D;
49250 : 3D;
49251 : 3D;
49252 : 1D;
49253 : 1D;
49254 : 1D;
49255 : 1D;
49256 : 1D;
49257 : 1D;
49258 : 1D;
49259 : 1D;
49260 : 1D;
49261 : 1D;
49262 : 1D;
49263 : 3D;
49264 : 3D;
49265 : 3D;
49266 : 3D;
49267 : 3D;
49268 : 3D;
49269 : 3D;
49270 : 3D;
49271 : 3D;
49272 : 3D;
49273 : 10;
49274 : 10;
49275 : 10;
49276 : 10;
49277 : 10;
49278 : 10;
49279 : 10;
49280 : 14;
49281 : 14;
49282 : 14;
49283 : 14;
49284 : 14;
49285 : 14;
49286 : 14;
49287 : 14;
49288 : 14;
49289 : 14;
49290 : 1D;
49291 : 1D;
49292 : 1D;
49293 : 1D;
49294 : 1D;
49295 : 1D;
49296 : 1D;
49297 : 1D;
49298 : 1D;
49299 : 1D;
49300 : 3D;
49301 : 3D;
49302 : 3D;
49303 : 3D;
49304 : 3D;
49305 : 3D;
49306 : 3D;
49307 : 3D;
49308 : 3D;
49309 : 3D;
49310 : 1D;
49311 : 1D;
49312 : 1D;
49313 : 1D;
49314 : 1D;
49315 : 1D;
49316 : 1D;
49317 : 1D;
49318 : 1D;
49319 : 1D;
49320 : 3D;
49321 : 3D;
49322 : 3D;
49323 : 3D;
49324 : 3D;
49325 : 3D;
49326 : 3D;
49327 : 3D;
49328 : 3D;
49329 : 3D;
49330 : 1D;
49331 : 1D;
49332 : 1D;
49333 : 1D;
49334 : 1D;
49335 : 1D;
49336 : 1D;
49337 : 1D;
49338 : 1D;
49339 : 1D;
49340 : 3D;
49341 : 3D;
49342 : 3D;
49343 : 3D;
49344 : 3D;
49345 : 3D;
49346 : 3D;
49347 : 3D;
49348 : 3D;
49349 : 3D;
49350 : 1D;
49351 : 1D;
49352 : 1D;
49353 : 1D;
49354 : 1D;
49355 : 1D;
49356 : 1D;
49357 : 1D;
49358 : 1D;
49359 : 1D;
49360 : 1D;
49361 : 3D;
49362 : 3D;
49363 : 3D;
49364 : 3D;
49365 : 3D;
49366 : 3D;
49367 : 3D;
49368 : 3D;
49369 : 3D;
49370 : 3D;
49371 : 1D;
49372 : 1D;
49373 : 1D;
49374 : 1D;
49375 : 1D;
49376 : 1D;
49377 : 1D;
49378 : 1D;
49379 : 1D;
49380 : 1D;
49381 : 3D;
49382 : 3D;
49383 : 3D;
49384 : 3D;
49385 : 3D;
49386 : 3D;
49387 : 3D;
49388 : 3D;
49389 : 3D;
49390 : 3D;
49391 : 1D;
49392 : 1D;
49393 : 1D;
49394 : 1D;
49395 : 1D;
49396 : 1D;
49397 : 1D;
49398 : 1D;
49399 : 1D;
49400 : 1D;
49401 : 3D;
49402 : 3D;
49403 : 3D;
49404 : 3D;
49405 : 3D;
49406 : 3D;
49407 : 3D;
49408 : 3D;
49409 : 3D;
49410 : 3D;
49411 : 1D;
49412 : 1D;
49413 : 1D;
49414 : 1D;
49415 : 1D;
49416 : 1D;
49417 : 1D;
49418 : 1D;
49419 : 1D;
49420 : 1D;
49421 : 3D;
49422 : 3D;
49423 : 3D;
49424 : 3D;
49425 : 3D;
49426 : 3D;
49427 : 3D;
49428 : 3D;
49429 : 3D;
49430 : 3D;
49431 : 1D;
49432 : 1D;
49433 : 1D;
49434 : 1D;
49435 : 1D;
49436 : 1D;
49437 : 1D;
49438 : 1D;
49439 : 1D;
49440 : 1D;
49441 : 3D;
49442 : 3D;
49443 : 3D;
49444 : 3D;
49445 : 3D;
49446 : 3D;
49447 : 3D;
49448 : 3D;
49449 : 3D;
49450 : 3D;
49451 : 1D;
49452 : 1D;
49453 : 1D;
49454 : 1D;
49455 : 1D;
49456 : 1D;
49457 : 1D;
49458 : 1D;
49459 : 1D;
49460 : 1D;
49461 : 3D;
49462 : 3D;
49463 : 3D;
49464 : 3D;
49465 : 3D;
49466 : 3D;
49467 : 3D;
49468 : 3D;
49469 : 3D;
49470 : 3D;
49471 : 3D;
49472 : 1D;
49473 : 1D;
49474 : 1D;
49475 : 1D;
49476 : 1D;
49477 : 1D;
49478 : 1D;
49479 : 1D;
49480 : 1D;
49481 : 1D;
49482 : 3D;
49483 : 3D;
49484 : 3D;
49485 : 3D;
49486 : 3D;
49487 : 3D;
49488 : 3D;
49489 : 3D;
49490 : 3D;
49491 : 3D;
49492 : 1D;
49493 : 1D;
49494 : 1D;
49495 : 1D;
49496 : 1D;
49497 : 1D;
49498 : 1D;
49499 : 1D;
49500 : 1D;
49501 : 1D;
49502 : 3D;
49503 : 3D;
49504 : 3D;
49505 : 3D;
49506 : 3D;
49507 : 3D;
49508 : 3D;
49509 : 3D;
49510 : 3D;
49511 : 3D;
49512 : 1D;
49513 : 1D;
49514 : 1D;
49515 : 1D;
49516 : 1D;
49517 : 1D;
49518 : 1D;
49519 : 1D;
49520 : 1D;
49521 : 1D;
49522 : 3D;
49523 : 3D;
49524 : 3D;
49525 : 3D;
49526 : 3D;
49527 : 3D;
49528 : 3D;
49529 : 3D;
49530 : 3D;
49531 : 3D;
49532 : 1D;
49533 : 1D;
49534 : 1D;
49535 : 1D;
49536 : 1D;
49537 : 1D;
49538 : 1D;
49539 : 1D;
49540 : 1D;
49541 : 1D;
49542 : 3D;
49543 : 3D;
49544 : 3D;
49545 : 3D;
49546 : 3D;
49547 : 3D;
49548 : 3D;
49549 : 3D;
49550 : 3D;
49551 : 3D;
49552 : 1D;
49553 : 1D;
49554 : 1D;
49555 : 1D;
49556 : 1D;
49557 : 1D;
49558 : 1D;
49559 : 1D;
49560 : 1D;
49561 : 1D;
49562 : 3D;
49563 : 3D;
49564 : 3D;
49565 : 3D;
49566 : 3D;
49567 : 3D;
49568 : 3D;
49569 : 3D;
49570 : 3D;
49571 : 3D;
49572 : 1D;
49573 : 1D;
49574 : 1D;
49575 : 1D;
49576 : 1D;
49577 : 1D;
49578 : 1D;
49579 : 1D;
49580 : 1D;
49581 : 1D;
49582 : 1D;
49583 : 3D;
49584 : 3D;
49585 : 3D;
49586 : 3D;
49587 : 3D;
49588 : 3D;
49589 : 3D;
49590 : 3D;
49591 : 3D;
49592 : 3D;
49593 : 10;
49594 : 10;
49595 : 10;
49596 : 10;
49597 : 10;
49598 : 10;
49599 : 10;
49600 : 14;
49601 : 14;
49602 : 14;
49603 : 14;
49604 : 14;
49605 : 14;
49606 : 14;
49607 : 14;
49608 : 14;
49609 : 14;
49610 : 1D;
49611 : 1D;
49612 : 1D;
49613 : 1D;
49614 : 1D;
49615 : 1D;
49616 : 1D;
49617 : 1D;
49618 : 1D;
49619 : 1D;
49620 : 3D;
49621 : 3D;
49622 : 3D;
49623 : 3D;
49624 : 3D;
49625 : 3D;
49626 : 3D;
49627 : 3D;
49628 : 3D;
49629 : 3D;
49630 : 1D;
49631 : 1D;
49632 : 1D;
49633 : 1D;
49634 : 1D;
49635 : 1D;
49636 : 1D;
49637 : 1D;
49638 : 1D;
49639 : 1D;
49640 : 3D;
49641 : 3D;
49642 : 3D;
49643 : 3D;
49644 : 3D;
49645 : 3D;
49646 : 3D;
49647 : 3D;
49648 : 3D;
49649 : 3D;
49650 : 1D;
49651 : 1D;
49652 : 1D;
49653 : 1D;
49654 : 1D;
49655 : 1D;
49656 : 1D;
49657 : 1D;
49658 : 1D;
49659 : 1D;
49660 : 3D;
49661 : 3D;
49662 : 3D;
49663 : 3D;
49664 : 3D;
49665 : 3D;
49666 : 3D;
49667 : 3D;
49668 : 3D;
49669 : 3D;
49670 : 1D;
49671 : 1D;
49672 : 1D;
49673 : 1D;
49674 : 1D;
49675 : 1D;
49676 : 1D;
49677 : 1D;
49678 : 1D;
49679 : 1D;
49680 : 1D;
49681 : 3D;
49682 : 3D;
49683 : 3D;
49684 : 3D;
49685 : 3D;
49686 : 3D;
49687 : 3D;
49688 : 3D;
49689 : 3D;
49690 : 3D;
49691 : 1D;
49692 : 1D;
49693 : 1D;
49694 : 1D;
49695 : 1D;
49696 : 1D;
49697 : 1D;
49698 : 1D;
49699 : 1D;
49700 : 1D;
49701 : 3D;
49702 : 3D;
49703 : 3D;
49704 : 3D;
49705 : 3D;
49706 : 3D;
49707 : 3D;
49708 : 3D;
49709 : 3D;
49710 : 3D;
49711 : 1D;
49712 : 1D;
49713 : 1D;
49714 : 1D;
49715 : 1D;
49716 : 1D;
49717 : 1D;
49718 : 1D;
49719 : 1D;
49720 : 1D;
49721 : 3D;
49722 : 3D;
49723 : 3D;
49724 : 3D;
49725 : 3D;
49726 : 3D;
49727 : 3D;
49728 : 3D;
49729 : 3D;
49730 : 3D;
49731 : 1D;
49732 : 1D;
49733 : 1D;
49734 : 1D;
49735 : 1D;
49736 : 1D;
49737 : 1D;
49738 : 1D;
49739 : 1D;
49740 : 1D;
49741 : 3D;
49742 : 3D;
49743 : 3D;
49744 : 3D;
49745 : 3D;
49746 : 3D;
49747 : 3D;
49748 : 3D;
49749 : 3D;
49750 : 3D;
49751 : 1D;
49752 : 1D;
49753 : 1D;
49754 : 1D;
49755 : 1D;
49756 : 1D;
49757 : 1D;
49758 : 1D;
49759 : 1D;
49760 : 1D;
49761 : 3D;
49762 : 3D;
49763 : 3D;
49764 : 3D;
49765 : 3D;
49766 : 3D;
49767 : 3D;
49768 : 3D;
49769 : 3D;
49770 : 3D;
49771 : 1D;
49772 : 1D;
49773 : 1D;
49774 : 1D;
49775 : 1D;
49776 : 1D;
49777 : 1D;
49778 : 1D;
49779 : 1D;
49780 : 1D;
49781 : 3D;
49782 : 3D;
49783 : 3D;
49784 : 3D;
49785 : 3D;
49786 : 3D;
49787 : 3D;
49788 : 3D;
49789 : 3D;
49790 : 3D;
49791 : 3D;
49792 : 1D;
49793 : 1D;
49794 : 1D;
49795 : 1D;
49796 : 1D;
49797 : 1D;
49798 : 1D;
49799 : 1D;
49800 : 1D;
49801 : 1D;
49802 : 3D;
49803 : 3D;
49804 : 3D;
49805 : 3D;
49806 : 3D;
49807 : 3D;
49808 : 3D;
49809 : 3D;
49810 : 3D;
49811 : 3D;
49812 : 1D;
49813 : 1D;
49814 : 1D;
49815 : 1D;
49816 : 1D;
49817 : 1D;
49818 : 1D;
49819 : 1D;
49820 : 1D;
49821 : 1D;
49822 : 3D;
49823 : 3D;
49824 : 3D;
49825 : 3D;
49826 : 3D;
49827 : 3D;
49828 : 3D;
49829 : 3D;
49830 : 3D;
49831 : 3D;
49832 : 1D;
49833 : 1D;
49834 : 1D;
49835 : 1D;
49836 : 1D;
49837 : 1D;
49838 : 1D;
49839 : 1D;
49840 : 1D;
49841 : 1D;
49842 : 3D;
49843 : 3D;
49844 : 3D;
49845 : 3D;
49846 : 3D;
49847 : 3D;
49848 : 3D;
49849 : 3D;
49850 : 3D;
49851 : 3D;
49852 : 1D;
49853 : 1D;
49854 : 1D;
49855 : 1D;
49856 : 1D;
49857 : 1D;
49858 : 1D;
49859 : 1D;
49860 : 1D;
49861 : 1D;
49862 : 3D;
49863 : 3D;
49864 : 3D;
49865 : 3D;
49866 : 3D;
49867 : 3D;
49868 : 3D;
49869 : 3D;
49870 : 3D;
49871 : 3D;
49872 : 1D;
49873 : 1D;
49874 : 1D;
49875 : 1D;
49876 : 1D;
49877 : 1D;
49878 : 1D;
49879 : 1D;
49880 : 1D;
49881 : 1D;
49882 : 3D;
49883 : 3D;
49884 : 3D;
49885 : 3D;
49886 : 3D;
49887 : 3D;
49888 : 3D;
49889 : 3D;
49890 : 3D;
49891 : 3D;
49892 : 1D;
49893 : 1D;
49894 : 1D;
49895 : 1D;
49896 : 1D;
49897 : 1D;
49898 : 1D;
49899 : 1D;
49900 : 1D;
49901 : 1D;
49902 : 1D;
49903 : 3D;
49904 : 3D;
49905 : 3D;
49906 : 3D;
49907 : 3D;
49908 : 3D;
49909 : 3D;
49910 : 3D;
49911 : 3D;
49912 : 3D;
49913 : 10;
49914 : 10;
49915 : 10;
49916 : 10;
49917 : 10;
49918 : 10;
49919 : 10;
49920 : 14;
49921 : 14;
49922 : 14;
49923 : 14;
49924 : 14;
49925 : 14;
49926 : 14;
49927 : 14;
49928 : 14;
49929 : 14;
49930 : 1D;
49931 : 1D;
49932 : 1D;
49933 : 1D;
49934 : 1D;
49935 : 1D;
49936 : 1D;
49937 : 1D;
49938 : 1D;
49939 : 1D;
49940 : 3D;
49941 : 3D;
49942 : 3D;
49943 : 3D;
49944 : 3D;
49945 : 3D;
49946 : 3D;
49947 : 3D;
49948 : 3D;
49949 : 3D;
49950 : 1D;
49951 : 1D;
49952 : 1D;
49953 : 1D;
49954 : 1D;
49955 : 1D;
49956 : 1D;
49957 : 1D;
49958 : 1D;
49959 : 1D;
49960 : 3D;
49961 : 3D;
49962 : 3D;
49963 : 3D;
49964 : 3D;
49965 : 3D;
49966 : 3D;
49967 : 3D;
49968 : 3D;
49969 : 3D;
49970 : 1D;
49971 : 1D;
49972 : 1D;
49973 : 1D;
49974 : 1D;
49975 : 1D;
49976 : 1D;
49977 : 1D;
49978 : 1D;
49979 : 1D;
49980 : 3D;
49981 : 3D;
49982 : 3D;
49983 : 3D;
49984 : 3D;
49985 : 3D;
49986 : 3D;
49987 : 3D;
49988 : 3D;
49989 : 3D;
49990 : 1D;
49991 : 1D;
49992 : 1D;
49993 : 1D;
49994 : 1D;
49995 : 1D;
49996 : 1D;
49997 : 1D;
49998 : 1D;
49999 : 1D;
50000 : 1D;
50001 : 3D;
50002 : 3D;
50003 : 3D;
50004 : 3D;
50005 : 3D;
50006 : 3D;
50007 : 3D;
50008 : 3D;
50009 : 3D;
50010 : 3D;
50011 : 1D;
50012 : 1D;
50013 : 1D;
50014 : 1D;
50015 : 1D;
50016 : 1D;
50017 : 1D;
50018 : 1D;
50019 : 1D;
50020 : 1D;
50021 : 3D;
50022 : 3D;
50023 : 3D;
50024 : 3D;
50025 : 3D;
50026 : 3D;
50027 : 3D;
50028 : 3D;
50029 : 3D;
50030 : 3D;
50031 : 1D;
50032 : 1D;
50033 : 1D;
50034 : 1D;
50035 : 1D;
50036 : 1D;
50037 : 1D;
50038 : 1D;
50039 : 1D;
50040 : 1D;
50041 : 3D;
50042 : 3D;
50043 : 3D;
50044 : 3D;
50045 : 3D;
50046 : 3D;
50047 : 3D;
50048 : 3D;
50049 : 3D;
50050 : 3D;
50051 : 1D;
50052 : 1D;
50053 : 1D;
50054 : 1D;
50055 : 1D;
50056 : 1D;
50057 : 1D;
50058 : 1D;
50059 : 1D;
50060 : 1D;
50061 : 3D;
50062 : 3D;
50063 : 3D;
50064 : 3D;
50065 : 3D;
50066 : 3D;
50067 : 3D;
50068 : 3D;
50069 : 3D;
50070 : 3D;
50071 : 1D;
50072 : 1D;
50073 : 1D;
50074 : 1D;
50075 : 1D;
50076 : 1D;
50077 : 1D;
50078 : 1D;
50079 : 1D;
50080 : 1D;
50081 : 3D;
50082 : 3D;
50083 : 3D;
50084 : 3D;
50085 : 3D;
50086 : 3D;
50087 : 3D;
50088 : 3D;
50089 : 3D;
50090 : 3D;
50091 : 1D;
50092 : 1D;
50093 : 1D;
50094 : 1D;
50095 : 1D;
50096 : 1D;
50097 : 1D;
50098 : 1D;
50099 : 1D;
50100 : 1D;
50101 : 3D;
50102 : 3D;
50103 : 3D;
50104 : 3D;
50105 : 3D;
50106 : 3D;
50107 : 3D;
50108 : 3D;
50109 : 3D;
50110 : 3D;
50111 : 3D;
50112 : 1D;
50113 : 1D;
50114 : 1D;
50115 : 1D;
50116 : 1D;
50117 : 1D;
50118 : 1D;
50119 : 1D;
50120 : 1D;
50121 : 1D;
50122 : 3D;
50123 : 3D;
50124 : 3D;
50125 : 3D;
50126 : 3D;
50127 : 3D;
50128 : 3D;
50129 : 3D;
50130 : 3D;
50131 : 3D;
50132 : 1D;
50133 : 1D;
50134 : 1D;
50135 : 1D;
50136 : 1D;
50137 : 1D;
50138 : 1D;
50139 : 1D;
50140 : 1D;
50141 : 1D;
50142 : 3D;
50143 : 3D;
50144 : 3D;
50145 : 3D;
50146 : 3D;
50147 : 3D;
50148 : 3D;
50149 : 3D;
50150 : 3D;
50151 : 3D;
50152 : 1D;
50153 : 1D;
50154 : 1D;
50155 : 1D;
50156 : 1D;
50157 : 1D;
50158 : 1D;
50159 : 1D;
50160 : 1D;
50161 : 1D;
50162 : 3D;
50163 : 3D;
50164 : 3D;
50165 : 3D;
50166 : 3D;
50167 : 3D;
50168 : 3D;
50169 : 3D;
50170 : 3D;
50171 : 3D;
50172 : 1D;
50173 : 1D;
50174 : 1D;
50175 : 1D;
50176 : 1D;
50177 : 1D;
50178 : 1D;
50179 : 1D;
50180 : 1D;
50181 : 1D;
50182 : 3D;
50183 : 3D;
50184 : 3D;
50185 : 3D;
50186 : 3D;
50187 : 3D;
50188 : 3D;
50189 : 3D;
50190 : 3D;
50191 : 3D;
50192 : 1D;
50193 : 1D;
50194 : 1D;
50195 : 1D;
50196 : 1D;
50197 : 1D;
50198 : 1D;
50199 : 1D;
50200 : 1D;
50201 : 1D;
50202 : 3D;
50203 : 3D;
50204 : 3D;
50205 : 3D;
50206 : 3D;
50207 : 3D;
50208 : 3D;
50209 : 3D;
50210 : 3D;
50211 : 3D;
50212 : 1D;
50213 : 1D;
50214 : 1D;
50215 : 1D;
50216 : 1D;
50217 : 1D;
50218 : 1D;
50219 : 1D;
50220 : 1D;
50221 : 1D;
50222 : 1D;
50223 : 3D;
50224 : 3D;
50225 : 3D;
50226 : 3D;
50227 : 3D;
50228 : 3D;
50229 : 3D;
50230 : 3D;
50231 : 3D;
50232 : 3D;
50233 : 10;
50234 : 10;
50235 : 10;
50236 : 10;
50237 : 10;
50238 : 10;
50239 : 10;
50240 : 14;
50241 : 14;
50242 : 14;
50243 : 14;
50244 : 14;
50245 : 14;
50246 : 14;
50247 : 14;
50248 : 14;
50249 : 14;
50250 : 1D;
50251 : 1D;
50252 : 1D;
50253 : 1D;
50254 : 1D;
50255 : 1D;
50256 : 1D;
50257 : 1D;
50258 : 1D;
50259 : 1D;
50260 : 3D;
50261 : 3D;
50262 : 3D;
50263 : 3D;
50264 : 3D;
50265 : 3D;
50266 : 3D;
50267 : 3D;
50268 : 3D;
50269 : 3D;
50270 : 1D;
50271 : 1D;
50272 : 1D;
50273 : 1D;
50274 : 1D;
50275 : 1D;
50276 : 1D;
50277 : 1D;
50278 : 1D;
50279 : 1D;
50280 : 3D;
50281 : 3D;
50282 : 3D;
50283 : 3D;
50284 : 3D;
50285 : 3D;
50286 : 3D;
50287 : 3D;
50288 : 3D;
50289 : 3D;
50290 : 1D;
50291 : 1D;
50292 : 1D;
50293 : 1D;
50294 : 1D;
50295 : 1D;
50296 : 1D;
50297 : 1D;
50298 : 1D;
50299 : 1D;
50300 : 3D;
50301 : 3D;
50302 : 3D;
50303 : 3D;
50304 : 3D;
50305 : 3D;
50306 : 3D;
50307 : 3D;
50308 : 3D;
50309 : 3D;
50310 : 1D;
50311 : 1D;
50312 : 1D;
50313 : 1D;
50314 : 1D;
50315 : 1D;
50316 : 1D;
50317 : 1D;
50318 : 1D;
50319 : 1D;
50320 : 1D;
50321 : 3D;
50322 : 3D;
50323 : 3D;
50324 : 3D;
50325 : 3D;
50326 : 3D;
50327 : 3D;
50328 : 3D;
50329 : 3D;
50330 : 3D;
50331 : 1D;
50332 : 1D;
50333 : 1D;
50334 : 1D;
50335 : 1D;
50336 : 1D;
50337 : 1D;
50338 : 1D;
50339 : 1D;
50340 : 1D;
50341 : 3D;
50342 : 3D;
50343 : 3D;
50344 : 3D;
50345 : 3D;
50346 : 3D;
50347 : 3D;
50348 : 3D;
50349 : 3D;
50350 : 3D;
50351 : 1D;
50352 : 1D;
50353 : 1D;
50354 : 1D;
50355 : 1D;
50356 : 1D;
50357 : 1D;
50358 : 1D;
50359 : 1D;
50360 : 1D;
50361 : 3D;
50362 : 3D;
50363 : 3D;
50364 : 3D;
50365 : 3D;
50366 : 3D;
50367 : 3D;
50368 : 3D;
50369 : 3D;
50370 : 3D;
50371 : 1D;
50372 : 1D;
50373 : 1D;
50374 : 1D;
50375 : 1D;
50376 : 1D;
50377 : 1D;
50378 : 1D;
50379 : 1D;
50380 : 1D;
50381 : 3D;
50382 : 3D;
50383 : 3D;
50384 : 3D;
50385 : 3D;
50386 : 3D;
50387 : 3D;
50388 : 3D;
50389 : 3D;
50390 : 3D;
50391 : 1D;
50392 : 1D;
50393 : 1D;
50394 : 1D;
50395 : 1D;
50396 : 1D;
50397 : 1D;
50398 : 1D;
50399 : 1D;
50400 : 1D;
50401 : 3D;
50402 : 3D;
50403 : 3D;
50404 : 3D;
50405 : 3D;
50406 : 3D;
50407 : 3D;
50408 : 3D;
50409 : 3D;
50410 : 3D;
50411 : 1D;
50412 : 1D;
50413 : 1D;
50414 : 1D;
50415 : 1D;
50416 : 1D;
50417 : 1D;
50418 : 1D;
50419 : 1D;
50420 : 1D;
50421 : 3D;
50422 : 3D;
50423 : 3D;
50424 : 3D;
50425 : 3D;
50426 : 3D;
50427 : 3D;
50428 : 3D;
50429 : 3D;
50430 : 3D;
50431 : 3D;
50432 : 1D;
50433 : 1D;
50434 : 1D;
50435 : 1D;
50436 : 1D;
50437 : 1D;
50438 : 1D;
50439 : 1D;
50440 : 1D;
50441 : 1D;
50442 : 3D;
50443 : 3D;
50444 : 3D;
50445 : 3D;
50446 : 3D;
50447 : 3D;
50448 : 3D;
50449 : 3D;
50450 : 3D;
50451 : 3D;
50452 : 1D;
50453 : 1D;
50454 : 1D;
50455 : 1D;
50456 : 1D;
50457 : 1D;
50458 : 1D;
50459 : 1D;
50460 : 1D;
50461 : 1D;
50462 : 3D;
50463 : 3D;
50464 : 3D;
50465 : 3D;
50466 : 3D;
50467 : 3D;
50468 : 3D;
50469 : 3D;
50470 : 3D;
50471 : 3D;
50472 : 1D;
50473 : 1D;
50474 : 1D;
50475 : 1D;
50476 : 1D;
50477 : 1D;
50478 : 1D;
50479 : 1D;
50480 : 1D;
50481 : 1D;
50482 : 3D;
50483 : 3D;
50484 : 3D;
50485 : 3D;
50486 : 3D;
50487 : 3D;
50488 : 3D;
50489 : 3D;
50490 : 3D;
50491 : 3D;
50492 : 1D;
50493 : 1D;
50494 : 1D;
50495 : 1D;
50496 : 1D;
50497 : 1D;
50498 : 1D;
50499 : 1D;
50500 : 1D;
50501 : 1D;
50502 : 3D;
50503 : 3D;
50504 : 3D;
50505 : 3D;
50506 : 3D;
50507 : 3D;
50508 : 3D;
50509 : 3D;
50510 : 3D;
50511 : 3D;
50512 : 1D;
50513 : 1D;
50514 : 1D;
50515 : 1D;
50516 : 1D;
50517 : 1D;
50518 : 1D;
50519 : 1D;
50520 : 1D;
50521 : 1D;
50522 : 3D;
50523 : 3D;
50524 : 3D;
50525 : 3D;
50526 : 3D;
50527 : 3D;
50528 : 3D;
50529 : 3D;
50530 : 3D;
50531 : 3D;
50532 : 1D;
50533 : 1D;
50534 : 1D;
50535 : 1D;
50536 : 1D;
50537 : 1D;
50538 : 1D;
50539 : 1D;
50540 : 1D;
50541 : 1D;
50542 : 1D;
50543 : 3D;
50544 : 3D;
50545 : 3D;
50546 : 3D;
50547 : 3D;
50548 : 3D;
50549 : 3D;
50550 : 3D;
50551 : 3D;
50552 : 3D;
50553 : 10;
50554 : 10;
50555 : 10;
50556 : 10;
50557 : 10;
50558 : 10;
50559 : 10;
50560 : 14;
50561 : 14;
50562 : 14;
50563 : 14;
50564 : 14;
50565 : 14;
50566 : 14;
50567 : 14;
50568 : 14;
50569 : 14;
50570 : 1D;
50571 : 1D;
50572 : 1D;
50573 : 1D;
50574 : 1D;
50575 : 1D;
50576 : 1D;
50577 : 1D;
50578 : 1D;
50579 : 1D;
50580 : 3D;
50581 : 3D;
50582 : 3D;
50583 : 3D;
50584 : 3D;
50585 : 3D;
50586 : 3D;
50587 : 3D;
50588 : 3D;
50589 : 3D;
50590 : 1D;
50591 : 1D;
50592 : 1D;
50593 : 1D;
50594 : 1D;
50595 : 1D;
50596 : 1D;
50597 : 1D;
50598 : 1D;
50599 : 1D;
50600 : 3D;
50601 : 3D;
50602 : 3D;
50603 : 3D;
50604 : 3D;
50605 : 3D;
50606 : 3D;
50607 : 3D;
50608 : 3D;
50609 : 3D;
50610 : 1D;
50611 : 1D;
50612 : 1D;
50613 : 1D;
50614 : 1D;
50615 : 1D;
50616 : 1D;
50617 : 1D;
50618 : 1D;
50619 : 1D;
50620 : 3D;
50621 : 3D;
50622 : 3D;
50623 : 3D;
50624 : 3D;
50625 : 3D;
50626 : 3D;
50627 : 3D;
50628 : 3D;
50629 : 3D;
50630 : 1D;
50631 : 1D;
50632 : 1D;
50633 : 1D;
50634 : 1D;
50635 : 1D;
50636 : 1D;
50637 : 1D;
50638 : 1D;
50639 : 1D;
50640 : 1D;
50641 : 3D;
50642 : 3D;
50643 : 3D;
50644 : 3D;
50645 : 3D;
50646 : 3D;
50647 : 3D;
50648 : 3D;
50649 : 3D;
50650 : 3D;
50651 : 1D;
50652 : 1D;
50653 : 1D;
50654 : 1D;
50655 : 1D;
50656 : 1D;
50657 : 1D;
50658 : 1D;
50659 : 1D;
50660 : 1D;
50661 : 3D;
50662 : 3D;
50663 : 3D;
50664 : 3D;
50665 : 3D;
50666 : 3D;
50667 : 3D;
50668 : 3D;
50669 : 3D;
50670 : 3D;
50671 : 1D;
50672 : 1D;
50673 : 1D;
50674 : 1D;
50675 : 1D;
50676 : 1D;
50677 : 1D;
50678 : 1D;
50679 : 1D;
50680 : 1D;
50681 : 3D;
50682 : 3D;
50683 : 3D;
50684 : 3D;
50685 : 3D;
50686 : 3D;
50687 : 3D;
50688 : 3D;
50689 : 3D;
50690 : 3D;
50691 : 1D;
50692 : 1D;
50693 : 1D;
50694 : 1D;
50695 : 1D;
50696 : 1D;
50697 : 1D;
50698 : 1D;
50699 : 1D;
50700 : 1D;
50701 : 3D;
50702 : 3D;
50703 : 3D;
50704 : 3D;
50705 : 3D;
50706 : 3D;
50707 : 3D;
50708 : 3D;
50709 : 3D;
50710 : 3D;
50711 : 1D;
50712 : 1D;
50713 : 1D;
50714 : 1D;
50715 : 1D;
50716 : 1D;
50717 : 1D;
50718 : 1D;
50719 : 1D;
50720 : 1D;
50721 : 3D;
50722 : 3D;
50723 : 3D;
50724 : 3D;
50725 : 3D;
50726 : 3D;
50727 : 3D;
50728 : 3D;
50729 : 3D;
50730 : 3D;
50731 : 1D;
50732 : 1D;
50733 : 1D;
50734 : 1D;
50735 : 1D;
50736 : 1D;
50737 : 1D;
50738 : 1D;
50739 : 1D;
50740 : 1D;
50741 : 3D;
50742 : 3D;
50743 : 3D;
50744 : 3D;
50745 : 3D;
50746 : 3D;
50747 : 3D;
50748 : 3D;
50749 : 3D;
50750 : 3D;
50751 : 3D;
50752 : 1D;
50753 : 1D;
50754 : 1D;
50755 : 1D;
50756 : 1D;
50757 : 1D;
50758 : 1D;
50759 : 1D;
50760 : 1D;
50761 : 1D;
50762 : 3D;
50763 : 3D;
50764 : 3D;
50765 : 3D;
50766 : 3D;
50767 : 3D;
50768 : 3D;
50769 : 3D;
50770 : 3D;
50771 : 3D;
50772 : 1D;
50773 : 1D;
50774 : 1D;
50775 : 1D;
50776 : 1D;
50777 : 1D;
50778 : 1D;
50779 : 1D;
50780 : 1D;
50781 : 1D;
50782 : 3D;
50783 : 3D;
50784 : 3D;
50785 : 3D;
50786 : 3D;
50787 : 3D;
50788 : 3D;
50789 : 3D;
50790 : 3D;
50791 : 3D;
50792 : 1D;
50793 : 1D;
50794 : 1D;
50795 : 1D;
50796 : 1D;
50797 : 1D;
50798 : 1D;
50799 : 1D;
50800 : 1D;
50801 : 1D;
50802 : 3D;
50803 : 3D;
50804 : 3D;
50805 : 3D;
50806 : 3D;
50807 : 3D;
50808 : 3D;
50809 : 3D;
50810 : 3D;
50811 : 3D;
50812 : 1D;
50813 : 1D;
50814 : 1D;
50815 : 1D;
50816 : 1D;
50817 : 1D;
50818 : 1D;
50819 : 1D;
50820 : 1D;
50821 : 1D;
50822 : 3D;
50823 : 3D;
50824 : 3D;
50825 : 3D;
50826 : 3D;
50827 : 3D;
50828 : 3D;
50829 : 3D;
50830 : 3D;
50831 : 3D;
50832 : 1D;
50833 : 1D;
50834 : 1D;
50835 : 1D;
50836 : 1D;
50837 : 1D;
50838 : 1D;
50839 : 1D;
50840 : 1D;
50841 : 1D;
50842 : 3D;
50843 : 3D;
50844 : 3D;
50845 : 3D;
50846 : 3D;
50847 : 3D;
50848 : 3D;
50849 : 3D;
50850 : 3D;
50851 : 3D;
50852 : 1D;
50853 : 1D;
50854 : 1D;
50855 : 1D;
50856 : 1D;
50857 : 1D;
50858 : 1D;
50859 : 1D;
50860 : 1D;
50861 : 1D;
50862 : 1D;
50863 : 3D;
50864 : 3D;
50865 : 3D;
50866 : 3D;
50867 : 3D;
50868 : 3D;
50869 : 3D;
50870 : 3D;
50871 : 3D;
50872 : 3D;
50873 : 10;
50874 : 10;
50875 : 10;
50876 : 10;
50877 : 10;
50878 : 10;
50879 : 10;
50880 : 14;
50881 : 14;
50882 : 14;
50883 : 14;
50884 : 14;
50885 : 14;
50886 : 14;
50887 : 14;
50888 : 14;
50889 : 14;
50890 : 1D;
50891 : 1D;
50892 : 1D;
50893 : 1D;
50894 : 1D;
50895 : 1D;
50896 : 1D;
50897 : 1D;
50898 : 1D;
50899 : 1D;
50900 : 3D;
50901 : 3D;
50902 : 3D;
50903 : 3D;
50904 : 3D;
50905 : 3D;
50906 : 3D;
50907 : 3D;
50908 : 3D;
50909 : 3D;
50910 : 1D;
50911 : 1D;
50912 : 1D;
50913 : 1D;
50914 : 1D;
50915 : 1D;
50916 : 1D;
50917 : 1D;
50918 : 1D;
50919 : 1D;
50920 : 3D;
50921 : 3D;
50922 : 3D;
50923 : 3D;
50924 : 3D;
50925 : 3D;
50926 : 3D;
50927 : 3D;
50928 : 3D;
50929 : 3D;
50930 : 1D;
50931 : 1D;
50932 : 1D;
50933 : 1D;
50934 : 1D;
50935 : 1D;
50936 : 1D;
50937 : 1D;
50938 : 1D;
50939 : 1D;
50940 : 3D;
50941 : 3D;
50942 : 3D;
50943 : 3D;
50944 : 3D;
50945 : 3D;
50946 : 3D;
50947 : 3D;
50948 : 3D;
50949 : 3D;
50950 : 1D;
50951 : 1D;
50952 : 1D;
50953 : 1D;
50954 : 1D;
50955 : 1D;
50956 : 1D;
50957 : 1D;
50958 : 1D;
50959 : 1D;
50960 : 1D;
50961 : 3D;
50962 : 3D;
50963 : 3D;
50964 : 3D;
50965 : 3D;
50966 : 3D;
50967 : 3D;
50968 : 3D;
50969 : 3D;
50970 : 3D;
50971 : 1D;
50972 : 1D;
50973 : 1D;
50974 : 1D;
50975 : 1D;
50976 : 1D;
50977 : 1D;
50978 : 1D;
50979 : 1D;
50980 : 1D;
50981 : 3D;
50982 : 3D;
50983 : 3D;
50984 : 3D;
50985 : 3D;
50986 : 3D;
50987 : 3D;
50988 : 3D;
50989 : 3D;
50990 : 3D;
50991 : 1D;
50992 : 1D;
50993 : 1D;
50994 : 1D;
50995 : 1D;
50996 : 1D;
50997 : 1D;
50998 : 1D;
50999 : 1D;
51000 : 1D;
51001 : 3D;
51002 : 3D;
51003 : 3D;
51004 : 3D;
51005 : 3D;
51006 : 3D;
51007 : 3D;
51008 : 3D;
51009 : 3D;
51010 : 3D;
51011 : 1D;
51012 : 1D;
51013 : 1D;
51014 : 1D;
51015 : 1D;
51016 : 1D;
51017 : 1D;
51018 : 1D;
51019 : 1D;
51020 : 1D;
51021 : 3D;
51022 : 3D;
51023 : 3D;
51024 : 3D;
51025 : 3D;
51026 : 3D;
51027 : 3D;
51028 : 3D;
51029 : 3D;
51030 : 3D;
51031 : 1D;
51032 : 1D;
51033 : 1D;
51034 : 1D;
51035 : 1D;
51036 : 1D;
51037 : 1D;
51038 : 1D;
51039 : 1D;
51040 : 1D;
51041 : 3D;
51042 : 3D;
51043 : 3D;
51044 : 3D;
51045 : 3D;
51046 : 3D;
51047 : 3D;
51048 : 3D;
51049 : 3D;
51050 : 3D;
51051 : 1D;
51052 : 1D;
51053 : 1D;
51054 : 1D;
51055 : 1D;
51056 : 1D;
51057 : 1D;
51058 : 1D;
51059 : 1D;
51060 : 1D;
51061 : 3D;
51062 : 3D;
51063 : 3D;
51064 : 3D;
51065 : 3D;
51066 : 3D;
51067 : 3D;
51068 : 3D;
51069 : 3D;
51070 : 3D;
51071 : 3D;
51072 : 1D;
51073 : 1D;
51074 : 1D;
51075 : 1D;
51076 : 1D;
51077 : 1D;
51078 : 1D;
51079 : 1D;
51080 : 1D;
51081 : 1D;
51082 : 3D;
51083 : 3D;
51084 : 3D;
51085 : 3D;
51086 : 3D;
51087 : 3D;
51088 : 3D;
51089 : 3D;
51090 : 3D;
51091 : 3D;
51092 : 1D;
51093 : 1D;
51094 : 1D;
51095 : 1D;
51096 : 1D;
51097 : 1D;
51098 : 1D;
51099 : 1D;
51100 : 1D;
51101 : 1D;
51102 : 3D;
51103 : 3D;
51104 : 3D;
51105 : 3D;
51106 : 3D;
51107 : 3D;
51108 : 3D;
51109 : 3D;
51110 : 3D;
51111 : 3D;
51112 : 1D;
51113 : 1D;
51114 : 1D;
51115 : 1D;
51116 : 1D;
51117 : 1D;
51118 : 1D;
51119 : 1D;
51120 : 1D;
51121 : 1D;
51122 : 3D;
51123 : 3D;
51124 : 3D;
51125 : 3D;
51126 : 3D;
51127 : 3D;
51128 : 3D;
51129 : 3D;
51130 : 3D;
51131 : 3D;
51132 : 1D;
51133 : 1D;
51134 : 1D;
51135 : 1D;
51136 : 1D;
51137 : 1D;
51138 : 1D;
51139 : 1D;
51140 : 1D;
51141 : 1D;
51142 : 3D;
51143 : 3D;
51144 : 3D;
51145 : 3D;
51146 : 3D;
51147 : 3D;
51148 : 3D;
51149 : 3D;
51150 : 3D;
51151 : 3D;
51152 : 1D;
51153 : 1D;
51154 : 1D;
51155 : 1D;
51156 : 1D;
51157 : 1D;
51158 : 1D;
51159 : 1D;
51160 : 1D;
51161 : 1D;
51162 : 3D;
51163 : 3D;
51164 : 3D;
51165 : 3D;
51166 : 3D;
51167 : 3D;
51168 : 3D;
51169 : 3D;
51170 : 3D;
51171 : 3D;
51172 : 1D;
51173 : 1D;
51174 : 1D;
51175 : 1D;
51176 : 1D;
51177 : 1D;
51178 : 1D;
51179 : 1D;
51180 : 1D;
51181 : 1D;
51182 : 1D;
51183 : 3D;
51184 : 3D;
51185 : 3D;
51186 : 3D;
51187 : 3D;
51188 : 3D;
51189 : 3D;
51190 : 3D;
51191 : 3D;
51192 : 3D;
51193 : 10;
51194 : 10;
51195 : 10;
51196 : 10;
51197 : 10;
51198 : 10;
51199 : 10;
51200 : 14;
51201 : 14;
51202 : 14;
51203 : 14;
51204 : 14;
51205 : 14;
51206 : 14;
51207 : 14;
51208 : 14;
51209 : 14;
51210 : 1D;
51211 : 1D;
51212 : 1D;
51213 : 1D;
51214 : 1D;
51215 : 1D;
51216 : 1D;
51217 : 1D;
51218 : 1D;
51219 : 1D;
51220 : 3D;
51221 : 3D;
51222 : 3D;
51223 : 3D;
51224 : 3D;
51225 : 3D;
51226 : 3D;
51227 : 3D;
51228 : 3D;
51229 : 3D;
51230 : 1D;
51231 : 1D;
51232 : 1D;
51233 : 1D;
51234 : 1D;
51235 : 1D;
51236 : 1D;
51237 : 1D;
51238 : 1D;
51239 : 1D;
51240 : 3D;
51241 : 3D;
51242 : 3D;
51243 : 3D;
51244 : 3D;
51245 : 3D;
51246 : 3D;
51247 : 3D;
51248 : 3D;
51249 : 3D;
51250 : 1D;
51251 : 1D;
51252 : 1D;
51253 : 1D;
51254 : 1D;
51255 : 1D;
51256 : 1D;
51257 : 1D;
51258 : 1D;
51259 : 1D;
51260 : 3D;
51261 : 3D;
51262 : 3D;
51263 : 3D;
51264 : 3D;
51265 : 3D;
51266 : 3D;
51267 : 3D;
51268 : 3D;
51269 : 3D;
51270 : 1D;
51271 : 1D;
51272 : 1D;
51273 : 1D;
51274 : 1D;
51275 : 1D;
51276 : 1D;
51277 : 1D;
51278 : 1D;
51279 : 1D;
51280 : 1D;
51281 : 3D;
51282 : 3D;
51283 : 3D;
51284 : 3D;
51285 : 3D;
51286 : 3D;
51287 : 3D;
51288 : 3D;
51289 : 3D;
51290 : 3D;
51291 : 1D;
51292 : 1D;
51293 : 1D;
51294 : 1D;
51295 : 1D;
51296 : 1D;
51297 : 1D;
51298 : 1D;
51299 : 1D;
51300 : 1D;
51301 : 3D;
51302 : 3D;
51303 : 3D;
51304 : 3D;
51305 : 3D;
51306 : 3D;
51307 : 3D;
51308 : 3D;
51309 : 3D;
51310 : 3D;
51311 : 1D;
51312 : 1D;
51313 : 1D;
51314 : 1D;
51315 : 1D;
51316 : 1D;
51317 : 1D;
51318 : 1D;
51319 : 1D;
51320 : 1D;
51321 : 3D;
51322 : 3D;
51323 : 3D;
51324 : 3D;
51325 : 3D;
51326 : 3D;
51327 : 3D;
51328 : 3D;
51329 : 3D;
51330 : 3D;
51331 : 1D;
51332 : 1D;
51333 : 1D;
51334 : 1D;
51335 : 1D;
51336 : 1D;
51337 : 1D;
51338 : 1D;
51339 : 1D;
51340 : 1D;
51341 : 3D;
51342 : 3D;
51343 : 3D;
51344 : 3D;
51345 : 3D;
51346 : 3D;
51347 : 3D;
51348 : 3D;
51349 : 3D;
51350 : 3D;
51351 : 1D;
51352 : 1D;
51353 : 1D;
51354 : 1D;
51355 : 1D;
51356 : 1D;
51357 : 1D;
51358 : 1D;
51359 : 1D;
51360 : 1D;
51361 : 3D;
51362 : 3D;
51363 : 3D;
51364 : 3D;
51365 : 3D;
51366 : 3D;
51367 : 3D;
51368 : 3D;
51369 : 3D;
51370 : 3D;
51371 : 1D;
51372 : 1D;
51373 : 1D;
51374 : 1D;
51375 : 1D;
51376 : 1D;
51377 : 1D;
51378 : 1D;
51379 : 1D;
51380 : 1D;
51381 : 3D;
51382 : 3D;
51383 : 3D;
51384 : 3D;
51385 : 3D;
51386 : 3D;
51387 : 3D;
51388 : 3D;
51389 : 3D;
51390 : 3D;
51391 : 3D;
51392 : 1D;
51393 : 1D;
51394 : 1D;
51395 : 1D;
51396 : 1D;
51397 : 1D;
51398 : 1D;
51399 : 1D;
51400 : 1D;
51401 : 1D;
51402 : 3D;
51403 : 3D;
51404 : 3D;
51405 : 3D;
51406 : 3D;
51407 : 3D;
51408 : 3D;
51409 : 3D;
51410 : 3D;
51411 : 3D;
51412 : 1D;
51413 : 1D;
51414 : 1D;
51415 : 1D;
51416 : 1D;
51417 : 1D;
51418 : 1D;
51419 : 1D;
51420 : 1D;
51421 : 1D;
51422 : 3D;
51423 : 3D;
51424 : 3D;
51425 : 3D;
51426 : 3D;
51427 : 3D;
51428 : 3D;
51429 : 3D;
51430 : 3D;
51431 : 3D;
51432 : 1D;
51433 : 1D;
51434 : 1D;
51435 : 1D;
51436 : 1D;
51437 : 1D;
51438 : 1D;
51439 : 1D;
51440 : 1D;
51441 : 1D;
51442 : 3D;
51443 : 3D;
51444 : 3D;
51445 : 3D;
51446 : 3D;
51447 : 3D;
51448 : 3D;
51449 : 3D;
51450 : 3D;
51451 : 3D;
51452 : 1D;
51453 : 1D;
51454 : 1D;
51455 : 1D;
51456 : 1D;
51457 : 1D;
51458 : 1D;
51459 : 1D;
51460 : 1D;
51461 : 1D;
51462 : 3D;
51463 : 3D;
51464 : 3D;
51465 : 3D;
51466 : 3D;
51467 : 3D;
51468 : 3D;
51469 : 3D;
51470 : 3D;
51471 : 3D;
51472 : 1D;
51473 : 1D;
51474 : 1D;
51475 : 1D;
51476 : 1D;
51477 : 1D;
51478 : 1D;
51479 : 1D;
51480 : 1D;
51481 : 1D;
51482 : 3D;
51483 : 3D;
51484 : 3D;
51485 : 3D;
51486 : 3D;
51487 : 3D;
51488 : 3D;
51489 : 3D;
51490 : 3D;
51491 : 3D;
51492 : 1D;
51493 : 1D;
51494 : 1D;
51495 : 1D;
51496 : 1D;
51497 : 1D;
51498 : 1D;
51499 : 1D;
51500 : 1D;
51501 : 1D;
51502 : 1D;
51503 : 3D;
51504 : 3D;
51505 : 3D;
51506 : 3D;
51507 : 3D;
51508 : 3D;
51509 : 3D;
51510 : 3D;
51511 : 3D;
51512 : 3D;
51513 : 10;
51514 : 10;
51515 : 10;
51516 : 10;
51517 : 10;
51518 : 10;
51519 : 10;
51520 : 10;
51521 : 10;
51522 : 10;
51523 : 10;
51524 : 10;
51525 : 10;
51526 : 10;
51527 : 10;
51528 : 10;
51529 : 10;
51530 : 3D;
51531 : 3D;
51532 : 3D;
51533 : 3D;
51534 : 3D;
51535 : 3D;
51536 : 3D;
51537 : 3D;
51538 : 3D;
51539 : 3D;
51540 : 1D;
51541 : 1D;
51542 : 1D;
51543 : 1D;
51544 : 1D;
51545 : 1D;
51546 : 1D;
51547 : 1D;
51548 : 1D;
51549 : 1D;
51550 : 3D;
51551 : 3D;
51552 : 3D;
51553 : 3D;
51554 : 3D;
51555 : 3D;
51556 : 3D;
51557 : 3D;
51558 : 3D;
51559 : 3D;
51560 : 1D;
51561 : 1D;
51562 : 1D;
51563 : 1D;
51564 : 1D;
51565 : 1D;
51566 : 1D;
51567 : 1D;
51568 : 1D;
51569 : 1D;
51570 : 3D;
51571 : 3D;
51572 : 3D;
51573 : 3D;
51574 : 3D;
51575 : 3D;
51576 : 3D;
51577 : 3D;
51578 : 3D;
51579 : 3D;
51580 : 1D;
51581 : 1D;
51582 : 1D;
51583 : 1D;
51584 : 1D;
51585 : 1D;
51586 : 1D;
51587 : 1D;
51588 : 1D;
51589 : 1D;
51590 : 3D;
51591 : 3D;
51592 : 3D;
51593 : 3D;
51594 : 3D;
51595 : 3D;
51596 : 3D;
51597 : 3D;
51598 : 3D;
51599 : 3D;
51600 : 3D;
51601 : 1D;
51602 : 1D;
51603 : 1D;
51604 : 1D;
51605 : 1D;
51606 : 1D;
51607 : 1D;
51608 : 1D;
51609 : 1D;
51610 : 1D;
51611 : 3D;
51612 : 3D;
51613 : 3D;
51614 : 3D;
51615 : 3D;
51616 : 3D;
51617 : 3D;
51618 : 3D;
51619 : 3D;
51620 : 3D;
51621 : 1D;
51622 : 1D;
51623 : 1D;
51624 : 1D;
51625 : 1D;
51626 : 1D;
51627 : 1D;
51628 : 1D;
51629 : 1D;
51630 : 1D;
51631 : 3D;
51632 : 3D;
51633 : 3D;
51634 : 3D;
51635 : 3D;
51636 : 3D;
51637 : 3D;
51638 : 3D;
51639 : 3D;
51640 : 3D;
51641 : 1D;
51642 : 1D;
51643 : 1D;
51644 : 1D;
51645 : 1D;
51646 : 1D;
51647 : 1D;
51648 : 1D;
51649 : 1D;
51650 : 1D;
51651 : 3D;
51652 : 3D;
51653 : 3D;
51654 : 3D;
51655 : 3D;
51656 : 3D;
51657 : 3D;
51658 : 3D;
51659 : 3D;
51660 : 3D;
51661 : 1D;
51662 : 1D;
51663 : 1D;
51664 : 1D;
51665 : 1D;
51666 : 1D;
51667 : 1D;
51668 : 1D;
51669 : 1D;
51670 : 1D;
51671 : 3D;
51672 : 3D;
51673 : 3D;
51674 : 3D;
51675 : 3D;
51676 : 3D;
51677 : 3D;
51678 : 3D;
51679 : 3D;
51680 : 3D;
51681 : 1D;
51682 : 1D;
51683 : 1D;
51684 : 1D;
51685 : 1D;
51686 : 1D;
51687 : 1D;
51688 : 1D;
51689 : 1D;
51690 : 1D;
51691 : 3D;
51692 : 3D;
51693 : 3D;
51694 : 3D;
51695 : 3D;
51696 : 3D;
51697 : 3D;
51698 : 3D;
51699 : 3D;
51700 : 3D;
51701 : 1D;
51702 : 1D;
51703 : 1D;
51704 : 1D;
51705 : 1D;
51706 : 1D;
51707 : 1D;
51708 : 1D;
51709 : 1D;
51710 : 1D;
51711 : 1D;
51712 : 3D;
51713 : 3D;
51714 : 3D;
51715 : 3D;
51716 : 3D;
51717 : 3D;
51718 : 3D;
51719 : 3D;
51720 : 3D;
51721 : 3D;
51722 : 1D;
51723 : 1D;
51724 : 1D;
51725 : 1D;
51726 : 1D;
51727 : 1D;
51728 : 1D;
51729 : 1D;
51730 : 1D;
51731 : 1D;
51732 : 3D;
51733 : 3D;
51734 : 3D;
51735 : 3D;
51736 : 3D;
51737 : 3D;
51738 : 3D;
51739 : 3D;
51740 : 3D;
51741 : 3D;
51742 : 1D;
51743 : 1D;
51744 : 1D;
51745 : 1D;
51746 : 1D;
51747 : 1D;
51748 : 1D;
51749 : 1D;
51750 : 1D;
51751 : 1D;
51752 : 3D;
51753 : 3D;
51754 : 3D;
51755 : 3D;
51756 : 3D;
51757 : 3D;
51758 : 3D;
51759 : 3D;
51760 : 3D;
51761 : 3D;
51762 : 1D;
51763 : 1D;
51764 : 1D;
51765 : 1D;
51766 : 1D;
51767 : 1D;
51768 : 1D;
51769 : 1D;
51770 : 1D;
51771 : 1D;
51772 : 3D;
51773 : 3D;
51774 : 3D;
51775 : 3D;
51776 : 3D;
51777 : 3D;
51778 : 3D;
51779 : 3D;
51780 : 3D;
51781 : 3D;
51782 : 1D;
51783 : 1D;
51784 : 1D;
51785 : 1D;
51786 : 1D;
51787 : 1D;
51788 : 1D;
51789 : 1D;
51790 : 1D;
51791 : 1D;
51792 : 3D;
51793 : 3D;
51794 : 3D;
51795 : 3D;
51796 : 3D;
51797 : 3D;
51798 : 3D;
51799 : 3D;
51800 : 3D;
51801 : 3D;
51802 : 1D;
51803 : 1D;
51804 : 1D;
51805 : 1D;
51806 : 1D;
51807 : 1D;
51808 : 1D;
51809 : 1D;
51810 : 1D;
51811 : 1D;
51812 : 3D;
51813 : 3D;
51814 : 3D;
51815 : 3D;
51816 : 3D;
51817 : 3D;
51818 : 3D;
51819 : 3D;
51820 : 3D;
51821 : 3D;
51822 : 3D;
51823 : 1D;
51824 : 1D;
51825 : 1D;
51826 : 1D;
51827 : 1D;
51828 : 1D;
51829 : 1D;
51830 : 1D;
51831 : 1D;
51832 : 1D;
51833 : 14;
51834 : 14;
51835 : 14;
51836 : 14;
51837 : 14;
51838 : 14;
51839 : 14;
51840 : 10;
51841 : 10;
51842 : 10;
51843 : 10;
51844 : 10;
51845 : 10;
51846 : 10;
51847 : 10;
51848 : 10;
51849 : 10;
51850 : 3D;
51851 : 3D;
51852 : 3D;
51853 : 3D;
51854 : 3D;
51855 : 3D;
51856 : 3D;
51857 : 3D;
51858 : 3D;
51859 : 3D;
51860 : 1D;
51861 : 1D;
51862 : 1D;
51863 : 1D;
51864 : 1D;
51865 : 1D;
51866 : 1D;
51867 : 1D;
51868 : 1D;
51869 : 1D;
51870 : 3D;
51871 : 3D;
51872 : 3D;
51873 : 3D;
51874 : 3D;
51875 : 3D;
51876 : 3D;
51877 : 3D;
51878 : 3D;
51879 : 3D;
51880 : 1D;
51881 : 1D;
51882 : 1D;
51883 : 1D;
51884 : 1D;
51885 : 1D;
51886 : 1D;
51887 : 1D;
51888 : 1D;
51889 : 1D;
51890 : 3D;
51891 : 3D;
51892 : 3D;
51893 : 3D;
51894 : 3D;
51895 : 3D;
51896 : 3D;
51897 : 3D;
51898 : 3D;
51899 : 3D;
51900 : 1D;
51901 : 1D;
51902 : 1D;
51903 : 1D;
51904 : 1D;
51905 : 1D;
51906 : 1D;
51907 : 1D;
51908 : 1D;
51909 : 1D;
51910 : 3D;
51911 : 3D;
51912 : 3D;
51913 : 3D;
51914 : 3D;
51915 : 3D;
51916 : 3D;
51917 : 3D;
51918 : 3D;
51919 : 3D;
51920 : 3D;
51921 : 1D;
51922 : 1D;
51923 : 1D;
51924 : 1D;
51925 : 1D;
51926 : 1D;
51927 : 1D;
51928 : 1D;
51929 : 1D;
51930 : 1D;
51931 : 3D;
51932 : 3D;
51933 : 3D;
51934 : 3D;
51935 : 3D;
51936 : 3D;
51937 : 3D;
51938 : 3D;
51939 : 3D;
51940 : 3D;
51941 : 1D;
51942 : 1D;
51943 : 1D;
51944 : 1D;
51945 : 1D;
51946 : 1D;
51947 : 1D;
51948 : 1D;
51949 : 1D;
51950 : 1D;
51951 : 3D;
51952 : 3D;
51953 : 3D;
51954 : 3D;
51955 : 3D;
51956 : 3D;
51957 : 3D;
51958 : 3D;
51959 : 3D;
51960 : 3D;
51961 : 1D;
51962 : 1D;
51963 : 1D;
51964 : 1D;
51965 : 1D;
51966 : 1D;
51967 : 1D;
51968 : 1D;
51969 : 1D;
51970 : 1D;
51971 : 3D;
51972 : 3D;
51973 : 3D;
51974 : 3D;
51975 : 3D;
51976 : 3D;
51977 : 3D;
51978 : 3D;
51979 : 3D;
51980 : 3D;
51981 : 1D;
51982 : 1D;
51983 : 1D;
51984 : 1D;
51985 : 1D;
51986 : 1D;
51987 : 1D;
51988 : 1D;
51989 : 1D;
51990 : 1D;
51991 : 3D;
51992 : 3D;
51993 : 3D;
51994 : 3D;
51995 : 3D;
51996 : 3D;
51997 : 3D;
51998 : 3D;
51999 : 3D;
52000 : 3D;
52001 : 1D;
52002 : 1D;
52003 : 1D;
52004 : 1D;
52005 : 1D;
52006 : 1D;
52007 : 1D;
52008 : 1D;
52009 : 1D;
52010 : 1D;
52011 : 3D;
52012 : 3D;
52013 : 3D;
52014 : 3D;
52015 : 3D;
52016 : 3D;
52017 : 3D;
52018 : 3D;
52019 : 3D;
52020 : 3D;
52021 : 1D;
52022 : 1D;
52023 : 1D;
52024 : 1D;
52025 : 1D;
52026 : 1D;
52027 : 1D;
52028 : 1D;
52029 : 1D;
52030 : 1D;
52031 : 1D;
52032 : 3D;
52033 : 3D;
52034 : 3D;
52035 : 3D;
52036 : 3D;
52037 : 3D;
52038 : 3D;
52039 : 3D;
52040 : 3D;
52041 : 3D;
52042 : 1D;
52043 : 1D;
52044 : 1D;
52045 : 1D;
52046 : 1D;
52047 : 1D;
52048 : 1D;
52049 : 1D;
52050 : 1D;
52051 : 1D;
52052 : 3D;
52053 : 3D;
52054 : 3D;
52055 : 3D;
52056 : 3D;
52057 : 3D;
52058 : 3D;
52059 : 3D;
52060 : 3D;
52061 : 3D;
52062 : 1D;
52063 : 1D;
52064 : 1D;
52065 : 1D;
52066 : 1D;
52067 : 1D;
52068 : 1D;
52069 : 1D;
52070 : 1D;
52071 : 1D;
52072 : 3D;
52073 : 3D;
52074 : 3D;
52075 : 3D;
52076 : 3D;
52077 : 3D;
52078 : 3D;
52079 : 3D;
52080 : 3D;
52081 : 3D;
52082 : 1D;
52083 : 1D;
52084 : 1D;
52085 : 1D;
52086 : 1D;
52087 : 1D;
52088 : 1D;
52089 : 1D;
52090 : 1D;
52091 : 1D;
52092 : 3D;
52093 : 3D;
52094 : 3D;
52095 : 3D;
52096 : 3D;
52097 : 3D;
52098 : 3D;
52099 : 3D;
52100 : 3D;
52101 : 3D;
52102 : 1D;
52103 : 1D;
52104 : 1D;
52105 : 1D;
52106 : 1D;
52107 : 1D;
52108 : 1D;
52109 : 1D;
52110 : 1D;
52111 : 1D;
52112 : 3D;
52113 : 3D;
52114 : 3D;
52115 : 3D;
52116 : 3D;
52117 : 3D;
52118 : 3D;
52119 : 3D;
52120 : 3D;
52121 : 3D;
52122 : 1D;
52123 : 1D;
52124 : 1D;
52125 : 1D;
52126 : 1D;
52127 : 1D;
52128 : 1D;
52129 : 1D;
52130 : 1D;
52131 : 1D;
52132 : 3D;
52133 : 3D;
52134 : 3D;
52135 : 3D;
52136 : 3D;
52137 : 3D;
52138 : 3D;
52139 : 3D;
52140 : 3D;
52141 : 3D;
52142 : 3D;
52143 : 1D;
52144 : 1D;
52145 : 1D;
52146 : 1D;
52147 : 1D;
52148 : 1D;
52149 : 1D;
52150 : 1D;
52151 : 1D;
52152 : 1D;
52153 : 14;
52154 : 14;
52155 : 14;
52156 : 14;
52157 : 14;
52158 : 14;
52159 : 14;
52160 : 10;
52161 : 10;
52162 : 10;
52163 : 10;
52164 : 10;
52165 : 10;
52166 : 10;
52167 : 10;
52168 : 10;
52169 : 10;
52170 : 3D;
52171 : 3D;
52172 : 3D;
52173 : 3D;
52174 : 3D;
52175 : 3D;
52176 : 3D;
52177 : 3D;
52178 : 3D;
52179 : 3D;
52180 : 1D;
52181 : 1D;
52182 : 1D;
52183 : 1D;
52184 : 1D;
52185 : 1D;
52186 : 1D;
52187 : 1D;
52188 : 1D;
52189 : 1D;
52190 : 3D;
52191 : 3D;
52192 : 3D;
52193 : 3D;
52194 : 3D;
52195 : 3D;
52196 : 3D;
52197 : 3D;
52198 : 3D;
52199 : 3D;
52200 : 1D;
52201 : 1D;
52202 : 1D;
52203 : 1D;
52204 : 1D;
52205 : 1D;
52206 : 1D;
52207 : 1D;
52208 : 1D;
52209 : 1D;
52210 : 3D;
52211 : 3D;
52212 : 3D;
52213 : 3D;
52214 : 3D;
52215 : 3D;
52216 : 3D;
52217 : 3D;
52218 : 3D;
52219 : 3D;
52220 : 1D;
52221 : 1D;
52222 : 1D;
52223 : 1D;
52224 : 1D;
52225 : 1D;
52226 : 1D;
52227 : 1D;
52228 : 1D;
52229 : 1D;
52230 : 3D;
52231 : 3D;
52232 : 3D;
52233 : 3D;
52234 : 3D;
52235 : 3D;
52236 : 3D;
52237 : 3D;
52238 : 3D;
52239 : 3D;
52240 : 3D;
52241 : 1D;
52242 : 1D;
52243 : 1D;
52244 : 1D;
52245 : 1D;
52246 : 1D;
52247 : 1D;
52248 : 1D;
52249 : 1D;
52250 : 1D;
52251 : 3D;
52252 : 3D;
52253 : 3D;
52254 : 3D;
52255 : 3D;
52256 : 3D;
52257 : 3D;
52258 : 3D;
52259 : 3D;
52260 : 3D;
52261 : 1D;
52262 : 1D;
52263 : 1D;
52264 : 1D;
52265 : 1D;
52266 : 1D;
52267 : 1D;
52268 : 1D;
52269 : 1D;
52270 : 1D;
52271 : 3D;
52272 : 3D;
52273 : 3D;
52274 : 3D;
52275 : 3D;
52276 : 3D;
52277 : 3D;
52278 : 3D;
52279 : 3D;
52280 : 3D;
52281 : 1D;
52282 : 1D;
52283 : 1D;
52284 : 1D;
52285 : 1D;
52286 : 1D;
52287 : 1D;
52288 : 1D;
52289 : 1D;
52290 : 1D;
52291 : 3D;
52292 : 3D;
52293 : 3D;
52294 : 3D;
52295 : 3D;
52296 : 3D;
52297 : 3D;
52298 : 3D;
52299 : 3D;
52300 : 3D;
52301 : 1D;
52302 : 1D;
52303 : 1D;
52304 : 1D;
52305 : 1D;
52306 : 1D;
52307 : 1D;
52308 : 1D;
52309 : 1D;
52310 : 1D;
52311 : 3D;
52312 : 3D;
52313 : 3D;
52314 : 3D;
52315 : 3D;
52316 : 3D;
52317 : 3D;
52318 : 3D;
52319 : 3D;
52320 : 3D;
52321 : 1D;
52322 : 1D;
52323 : 1D;
52324 : 1D;
52325 : 1D;
52326 : 1D;
52327 : 1D;
52328 : 1D;
52329 : 1D;
52330 : 1D;
52331 : 3D;
52332 : 3D;
52333 : 3D;
52334 : 3D;
52335 : 3D;
52336 : 3D;
52337 : 3D;
52338 : 3D;
52339 : 3D;
52340 : 3D;
52341 : 1D;
52342 : 1D;
52343 : 1D;
52344 : 1D;
52345 : 1D;
52346 : 1D;
52347 : 1D;
52348 : 1D;
52349 : 1D;
52350 : 1D;
52351 : 1D;
52352 : 3D;
52353 : 3D;
52354 : 3D;
52355 : 3D;
52356 : 3D;
52357 : 3D;
52358 : 3D;
52359 : 3D;
52360 : 3D;
52361 : 3D;
52362 : 1D;
52363 : 1D;
52364 : 1D;
52365 : 1D;
52366 : 1D;
52367 : 1D;
52368 : 1D;
52369 : 1D;
52370 : 1D;
52371 : 1D;
52372 : 3D;
52373 : 3D;
52374 : 3D;
52375 : 3D;
52376 : 3D;
52377 : 3D;
52378 : 3D;
52379 : 3D;
52380 : 3D;
52381 : 3D;
52382 : 1D;
52383 : 1D;
52384 : 1D;
52385 : 1D;
52386 : 1D;
52387 : 1D;
52388 : 1D;
52389 : 1D;
52390 : 1D;
52391 : 1D;
52392 : 3D;
52393 : 3D;
52394 : 3D;
52395 : 3D;
52396 : 3D;
52397 : 3D;
52398 : 3D;
52399 : 3D;
52400 : 3D;
52401 : 3D;
52402 : 1D;
52403 : 1D;
52404 : 1D;
52405 : 1D;
52406 : 1D;
52407 : 1D;
52408 : 1D;
52409 : 1D;
52410 : 1D;
52411 : 1D;
52412 : 3D;
52413 : 3D;
52414 : 3D;
52415 : 3D;
52416 : 3D;
52417 : 3D;
52418 : 3D;
52419 : 3D;
52420 : 3D;
52421 : 3D;
52422 : 1D;
52423 : 1D;
52424 : 1D;
52425 : 1D;
52426 : 1D;
52427 : 1D;
52428 : 1D;
52429 : 1D;
52430 : 1D;
52431 : 1D;
52432 : 3D;
52433 : 3D;
52434 : 3D;
52435 : 3D;
52436 : 3D;
52437 : 3D;
52438 : 3D;
52439 : 3D;
52440 : 3D;
52441 : 3D;
52442 : 1D;
52443 : 1D;
52444 : 1D;
52445 : 1D;
52446 : 1D;
52447 : 1D;
52448 : 1D;
52449 : 1D;
52450 : 1D;
52451 : 1D;
52452 : 3D;
52453 : 3D;
52454 : 3D;
52455 : 3D;
52456 : 3D;
52457 : 3D;
52458 : 3D;
52459 : 3D;
52460 : 3D;
52461 : 3D;
52462 : 3D;
52463 : 1D;
52464 : 1D;
52465 : 1D;
52466 : 1D;
52467 : 1D;
52468 : 1D;
52469 : 1D;
52470 : 1D;
52471 : 1D;
52472 : 1D;
52473 : 14;
52474 : 14;
52475 : 14;
52476 : 14;
52477 : 14;
52478 : 14;
52479 : 14;
52480 : 10;
52481 : 10;
52482 : 10;
52483 : 10;
52484 : 10;
52485 : 10;
52486 : 10;
52487 : 10;
52488 : 10;
52489 : 10;
52490 : 3D;
52491 : 3D;
52492 : 3D;
52493 : 3D;
52494 : 3D;
52495 : 3D;
52496 : 3D;
52497 : 3D;
52498 : 3D;
52499 : 3D;
52500 : 1D;
52501 : 1D;
52502 : 1D;
52503 : 1D;
52504 : 1D;
52505 : 1D;
52506 : 1D;
52507 : 1D;
52508 : 1D;
52509 : 1D;
52510 : 3D;
52511 : 3D;
52512 : 3D;
52513 : 3D;
52514 : 3D;
52515 : 3D;
52516 : 3D;
52517 : 3D;
52518 : 3D;
52519 : 3D;
52520 : 1D;
52521 : 1D;
52522 : 1D;
52523 : 1D;
52524 : 1D;
52525 : 1D;
52526 : 1D;
52527 : 1D;
52528 : 1D;
52529 : 1D;
52530 : 3D;
52531 : 3D;
52532 : 3D;
52533 : 3D;
52534 : 3D;
52535 : 3D;
52536 : 3D;
52537 : 3D;
52538 : 3D;
52539 : 3D;
52540 : 1D;
52541 : 1D;
52542 : 1D;
52543 : 1D;
52544 : 1D;
52545 : 1D;
52546 : 1D;
52547 : 1D;
52548 : 1D;
52549 : 1D;
52550 : 3D;
52551 : 3D;
52552 : 3D;
52553 : 3D;
52554 : 3D;
52555 : 3D;
52556 : 3D;
52557 : 3D;
52558 : 3D;
52559 : 3D;
52560 : 3D;
52561 : 1D;
52562 : 1D;
52563 : 1D;
52564 : 1D;
52565 : 1D;
52566 : 1D;
52567 : 1D;
52568 : 1D;
52569 : 1D;
52570 : 1D;
52571 : 3D;
52572 : 3D;
52573 : 3D;
52574 : 3D;
52575 : 3D;
52576 : 3D;
52577 : 3D;
52578 : 3D;
52579 : 3D;
52580 : 3D;
52581 : 1D;
52582 : 1D;
52583 : 1D;
52584 : 1D;
52585 : 1D;
52586 : 1D;
52587 : 1D;
52588 : 1D;
52589 : 1D;
52590 : 1D;
52591 : 3D;
52592 : 3D;
52593 : 3D;
52594 : 3D;
52595 : 3D;
52596 : 3D;
52597 : 3D;
52598 : 3D;
52599 : 3D;
52600 : 3D;
52601 : 1D;
52602 : 1D;
52603 : 1D;
52604 : 1D;
52605 : 1D;
52606 : 1D;
52607 : 1D;
52608 : 1D;
52609 : 1D;
52610 : 1D;
52611 : 3D;
52612 : 3D;
52613 : 3D;
52614 : 3D;
52615 : 3D;
52616 : 3D;
52617 : 3D;
52618 : 3D;
52619 : 3D;
52620 : 3D;
52621 : 1D;
52622 : 1D;
52623 : 1D;
52624 : 1D;
52625 : 1D;
52626 : 1D;
52627 : 1D;
52628 : 1D;
52629 : 1D;
52630 : 1D;
52631 : 3D;
52632 : 3D;
52633 : 3D;
52634 : 3D;
52635 : 3D;
52636 : 3D;
52637 : 3D;
52638 : 3D;
52639 : 3D;
52640 : 3D;
52641 : 1D;
52642 : 1D;
52643 : 1D;
52644 : 1D;
52645 : 1D;
52646 : 1D;
52647 : 1D;
52648 : 1D;
52649 : 1D;
52650 : 1D;
52651 : 3D;
52652 : 3D;
52653 : 3D;
52654 : 3D;
52655 : 3D;
52656 : 3D;
52657 : 3D;
52658 : 3D;
52659 : 3D;
52660 : 3D;
52661 : 1D;
52662 : 1D;
52663 : 1D;
52664 : 1D;
52665 : 1D;
52666 : 1D;
52667 : 1D;
52668 : 1D;
52669 : 1D;
52670 : 1D;
52671 : 1D;
52672 : 3D;
52673 : 3D;
52674 : 3D;
52675 : 3D;
52676 : 3D;
52677 : 3D;
52678 : 3D;
52679 : 3D;
52680 : 3D;
52681 : 3D;
52682 : 1D;
52683 : 1D;
52684 : 1D;
52685 : 1D;
52686 : 1D;
52687 : 1D;
52688 : 1D;
52689 : 1D;
52690 : 1D;
52691 : 1D;
52692 : 3D;
52693 : 3D;
52694 : 3D;
52695 : 3D;
52696 : 3D;
52697 : 3D;
52698 : 3D;
52699 : 3D;
52700 : 3D;
52701 : 3D;
52702 : 1D;
52703 : 1D;
52704 : 1D;
52705 : 1D;
52706 : 1D;
52707 : 1D;
52708 : 1D;
52709 : 1D;
52710 : 1D;
52711 : 1D;
52712 : 3D;
52713 : 3D;
52714 : 3D;
52715 : 3D;
52716 : 3D;
52717 : 3D;
52718 : 3D;
52719 : 3D;
52720 : 3D;
52721 : 3D;
52722 : 1D;
52723 : 1D;
52724 : 1D;
52725 : 1D;
52726 : 1D;
52727 : 1D;
52728 : 1D;
52729 : 1D;
52730 : 1D;
52731 : 1D;
52732 : 3D;
52733 : 3D;
52734 : 3D;
52735 : 3D;
52736 : 3D;
52737 : 3D;
52738 : 3D;
52739 : 3D;
52740 : 3D;
52741 : 3D;
52742 : 1D;
52743 : 1D;
52744 : 1D;
52745 : 1D;
52746 : 1D;
52747 : 1D;
52748 : 1D;
52749 : 1D;
52750 : 1D;
52751 : 1D;
52752 : 3D;
52753 : 3D;
52754 : 3D;
52755 : 3D;
52756 : 3D;
52757 : 3D;
52758 : 3D;
52759 : 3D;
52760 : 3D;
52761 : 3D;
52762 : 1D;
52763 : 1D;
52764 : 1D;
52765 : 1D;
52766 : 1D;
52767 : 1D;
52768 : 1D;
52769 : 1D;
52770 : 1D;
52771 : 1D;
52772 : 3D;
52773 : 3D;
52774 : 3D;
52775 : 3D;
52776 : 3D;
52777 : 3D;
52778 : 3D;
52779 : 3D;
52780 : 3D;
52781 : 3D;
52782 : 3D;
52783 : 1D;
52784 : 1D;
52785 : 1D;
52786 : 1D;
52787 : 1D;
52788 : 1D;
52789 : 1D;
52790 : 1D;
52791 : 1D;
52792 : 1D;
52793 : 14;
52794 : 14;
52795 : 14;
52796 : 14;
52797 : 14;
52798 : 14;
52799 : 14;
52800 : 10;
52801 : 10;
52802 : 10;
52803 : 10;
52804 : 10;
52805 : 10;
52806 : 10;
52807 : 10;
52808 : 10;
52809 : 10;
52810 : 3D;
52811 : 3D;
52812 : 3D;
52813 : 3D;
52814 : 3D;
52815 : 3D;
52816 : 3D;
52817 : 3D;
52818 : 3D;
52819 : 3D;
52820 : 1D;
52821 : 1D;
52822 : 1D;
52823 : 1D;
52824 : 1D;
52825 : 1D;
52826 : 1D;
52827 : 1D;
52828 : 1D;
52829 : 1D;
52830 : 3D;
52831 : 3D;
52832 : 3D;
52833 : 3D;
52834 : 3D;
52835 : 3D;
52836 : 3D;
52837 : 3D;
52838 : 3D;
52839 : 3D;
52840 : 1D;
52841 : 1D;
52842 : 1D;
52843 : 1D;
52844 : 1D;
52845 : 1D;
52846 : 1D;
52847 : 1D;
52848 : 1D;
52849 : 1D;
52850 : 3D;
52851 : 3D;
52852 : 3D;
52853 : 3D;
52854 : 3D;
52855 : 3D;
52856 : 3D;
52857 : 3D;
52858 : 3D;
52859 : 3D;
52860 : 1D;
52861 : 1D;
52862 : 1D;
52863 : 1D;
52864 : 1D;
52865 : 1D;
52866 : 1D;
52867 : 1D;
52868 : 1D;
52869 : 1D;
52870 : 3D;
52871 : 3D;
52872 : 3D;
52873 : 3D;
52874 : 3D;
52875 : 3D;
52876 : 3D;
52877 : 3D;
52878 : 3D;
52879 : 3D;
52880 : 3D;
52881 : 1D;
52882 : 1D;
52883 : 1D;
52884 : 1D;
52885 : 1D;
52886 : 1D;
52887 : 1D;
52888 : 1D;
52889 : 1D;
52890 : 1D;
52891 : 3D;
52892 : 3D;
52893 : 3D;
52894 : 3D;
52895 : 3D;
52896 : 3D;
52897 : 3D;
52898 : 3D;
52899 : 3D;
52900 : 3D;
52901 : 1D;
52902 : 1D;
52903 : 1D;
52904 : 1D;
52905 : 1D;
52906 : 1D;
52907 : 1D;
52908 : 1D;
52909 : 1D;
52910 : 1D;
52911 : 3D;
52912 : 3D;
52913 : 3D;
52914 : 3D;
52915 : 3D;
52916 : 3D;
52917 : 3D;
52918 : 3D;
52919 : 3D;
52920 : 3D;
52921 : 1D;
52922 : 1D;
52923 : 1D;
52924 : 1D;
52925 : 1D;
52926 : 1D;
52927 : 1D;
52928 : 1D;
52929 : 1D;
52930 : 1D;
52931 : 3D;
52932 : 3D;
52933 : 3D;
52934 : 3D;
52935 : 3D;
52936 : 3D;
52937 : 3D;
52938 : 3D;
52939 : 3D;
52940 : 3D;
52941 : 1D;
52942 : 1D;
52943 : 1D;
52944 : 1D;
52945 : 1D;
52946 : 1D;
52947 : 1D;
52948 : 1D;
52949 : 1D;
52950 : 1D;
52951 : 3D;
52952 : 3D;
52953 : 3D;
52954 : 3D;
52955 : 3D;
52956 : 3D;
52957 : 3D;
52958 : 3D;
52959 : 3D;
52960 : 3D;
52961 : 1D;
52962 : 1D;
52963 : 1D;
52964 : 1D;
52965 : 1D;
52966 : 1D;
52967 : 1D;
52968 : 1D;
52969 : 1D;
52970 : 1D;
52971 : 3D;
52972 : 3D;
52973 : 3D;
52974 : 3D;
52975 : 3D;
52976 : 3D;
52977 : 3D;
52978 : 3D;
52979 : 3D;
52980 : 3D;
52981 : 1D;
52982 : 1D;
52983 : 1D;
52984 : 1D;
52985 : 1D;
52986 : 1D;
52987 : 1D;
52988 : 1D;
52989 : 1D;
52990 : 1D;
52991 : 1D;
52992 : 3D;
52993 : 3D;
52994 : 3D;
52995 : 3D;
52996 : 3D;
52997 : 3D;
52998 : 3D;
52999 : 3D;
53000 : 3D;
53001 : 3D;
53002 : 1D;
53003 : 1D;
53004 : 1D;
53005 : 1D;
53006 : 1D;
53007 : 1D;
53008 : 1D;
53009 : 1D;
53010 : 1D;
53011 : 1D;
53012 : 3D;
53013 : 3D;
53014 : 3D;
53015 : 3D;
53016 : 3D;
53017 : 3D;
53018 : 3D;
53019 : 3D;
53020 : 3D;
53021 : 3D;
53022 : 1D;
53023 : 1D;
53024 : 1D;
53025 : 1D;
53026 : 1D;
53027 : 1D;
53028 : 1D;
53029 : 1D;
53030 : 1D;
53031 : 1D;
53032 : 3D;
53033 : 3D;
53034 : 3D;
53035 : 3D;
53036 : 3D;
53037 : 3D;
53038 : 3D;
53039 : 3D;
53040 : 3D;
53041 : 3D;
53042 : 1D;
53043 : 1D;
53044 : 1D;
53045 : 1D;
53046 : 1D;
53047 : 1D;
53048 : 1D;
53049 : 1D;
53050 : 1D;
53051 : 1D;
53052 : 3D;
53053 : 3D;
53054 : 3D;
53055 : 3D;
53056 : 3D;
53057 : 3D;
53058 : 3D;
53059 : 3D;
53060 : 3D;
53061 : 3D;
53062 : 1D;
53063 : 1D;
53064 : 1D;
53065 : 1D;
53066 : 1D;
53067 : 1D;
53068 : 1D;
53069 : 1D;
53070 : 1D;
53071 : 1D;
53072 : 3D;
53073 : 3D;
53074 : 3D;
53075 : 3D;
53076 : 3D;
53077 : 3D;
53078 : 3D;
53079 : 3D;
53080 : 3D;
53081 : 3D;
53082 : 1D;
53083 : 1D;
53084 : 1D;
53085 : 1D;
53086 : 1D;
53087 : 1D;
53088 : 1D;
53089 : 1D;
53090 : 1D;
53091 : 1D;
53092 : 3D;
53093 : 3D;
53094 : 3D;
53095 : 3D;
53096 : 3D;
53097 : 3D;
53098 : 3D;
53099 : 3D;
53100 : 3D;
53101 : 3D;
53102 : 3D;
53103 : 1D;
53104 : 1D;
53105 : 1D;
53106 : 1D;
53107 : 1D;
53108 : 1D;
53109 : 1D;
53110 : 1D;
53111 : 1D;
53112 : 1D;
53113 : 14;
53114 : 14;
53115 : 14;
53116 : 14;
53117 : 14;
53118 : 14;
53119 : 14;
53120 : 10;
53121 : 10;
53122 : 10;
53123 : 10;
53124 : 10;
53125 : 10;
53126 : 10;
53127 : 10;
53128 : 10;
53129 : 10;
53130 : 3D;
53131 : 3D;
53132 : 3D;
53133 : 3D;
53134 : 3D;
53135 : 3D;
53136 : 3D;
53137 : 3D;
53138 : 3D;
53139 : 3D;
53140 : 1D;
53141 : 1D;
53142 : 1D;
53143 : 1D;
53144 : 1D;
53145 : 1D;
53146 : 1D;
53147 : 1D;
53148 : 1D;
53149 : 1D;
53150 : 3D;
53151 : 3D;
53152 : 3D;
53153 : 3D;
53154 : 3D;
53155 : 3D;
53156 : 3D;
53157 : 3D;
53158 : 3D;
53159 : 3D;
53160 : 1D;
53161 : 1D;
53162 : 1D;
53163 : 1D;
53164 : 1D;
53165 : 1D;
53166 : 1D;
53167 : 1D;
53168 : 1D;
53169 : 1D;
53170 : 3D;
53171 : 3D;
53172 : 3D;
53173 : 3D;
53174 : 3D;
53175 : 3D;
53176 : 3D;
53177 : 3D;
53178 : 3D;
53179 : 3D;
53180 : 1D;
53181 : 1D;
53182 : 1D;
53183 : 1D;
53184 : 1D;
53185 : 1D;
53186 : 1D;
53187 : 1D;
53188 : 1D;
53189 : 1D;
53190 : 3D;
53191 : 3D;
53192 : 3D;
53193 : 3D;
53194 : 3D;
53195 : 3D;
53196 : 3D;
53197 : 3D;
53198 : 3D;
53199 : 3D;
53200 : 3D;
53201 : 1D;
53202 : 1D;
53203 : 1D;
53204 : 1D;
53205 : 1D;
53206 : 1D;
53207 : 1D;
53208 : 1D;
53209 : 1D;
53210 : 1D;
53211 : 3D;
53212 : 3D;
53213 : 3D;
53214 : 3D;
53215 : 3D;
53216 : 3D;
53217 : 3D;
53218 : 3D;
53219 : 3D;
53220 : 3D;
53221 : 1D;
53222 : 1D;
53223 : 1D;
53224 : 1D;
53225 : 1D;
53226 : 1D;
53227 : 1D;
53228 : 1D;
53229 : 1D;
53230 : 1D;
53231 : 3D;
53232 : 3D;
53233 : 3D;
53234 : 3D;
53235 : 3D;
53236 : 3D;
53237 : 3D;
53238 : 3D;
53239 : 3D;
53240 : 3D;
53241 : 1D;
53242 : 1D;
53243 : 1D;
53244 : 1D;
53245 : 1D;
53246 : 1D;
53247 : 1D;
53248 : 1D;
53249 : 1D;
53250 : 1D;
53251 : 3D;
53252 : 3D;
53253 : 3D;
53254 : 3D;
53255 : 3D;
53256 : 3D;
53257 : 3D;
53258 : 3D;
53259 : 3D;
53260 : 3D;
53261 : 1D;
53262 : 1D;
53263 : 1D;
53264 : 1D;
53265 : 1D;
53266 : 1D;
53267 : 1D;
53268 : 1D;
53269 : 1D;
53270 : 1D;
53271 : 3D;
53272 : 3D;
53273 : 3D;
53274 : 3D;
53275 : 3D;
53276 : 3D;
53277 : 3D;
53278 : 3D;
53279 : 3D;
53280 : 3D;
53281 : 1D;
53282 : 1D;
53283 : 1D;
53284 : 1D;
53285 : 1D;
53286 : 1D;
53287 : 1D;
53288 : 1D;
53289 : 1D;
53290 : 1D;
53291 : 3D;
53292 : 3D;
53293 : 3D;
53294 : 3D;
53295 : 3D;
53296 : 3D;
53297 : 3D;
53298 : 3D;
53299 : 3D;
53300 : 3D;
53301 : 1D;
53302 : 1D;
53303 : 1D;
53304 : 1D;
53305 : 1D;
53306 : 1D;
53307 : 1D;
53308 : 1D;
53309 : 1D;
53310 : 1D;
53311 : 1D;
53312 : 3D;
53313 : 3D;
53314 : 3D;
53315 : 3D;
53316 : 3D;
53317 : 3D;
53318 : 3D;
53319 : 3D;
53320 : 3D;
53321 : 3D;
53322 : 1D;
53323 : 1D;
53324 : 1D;
53325 : 1D;
53326 : 1D;
53327 : 1D;
53328 : 1D;
53329 : 1D;
53330 : 1D;
53331 : 1D;
53332 : 3D;
53333 : 3D;
53334 : 3D;
53335 : 3D;
53336 : 3D;
53337 : 3D;
53338 : 3D;
53339 : 3D;
53340 : 3D;
53341 : 3D;
53342 : 1D;
53343 : 1D;
53344 : 1D;
53345 : 1D;
53346 : 1D;
53347 : 1D;
53348 : 1D;
53349 : 1D;
53350 : 1D;
53351 : 1D;
53352 : 3D;
53353 : 3D;
53354 : 3D;
53355 : 3D;
53356 : 3D;
53357 : 3D;
53358 : 3D;
53359 : 3D;
53360 : 3D;
53361 : 3D;
53362 : 1D;
53363 : 1D;
53364 : 1D;
53365 : 1D;
53366 : 1D;
53367 : 1D;
53368 : 1D;
53369 : 1D;
53370 : 1D;
53371 : 1D;
53372 : 3D;
53373 : 3D;
53374 : 3D;
53375 : 3D;
53376 : 3D;
53377 : 3D;
53378 : 3D;
53379 : 3D;
53380 : 3D;
53381 : 3D;
53382 : 1D;
53383 : 1D;
53384 : 1D;
53385 : 1D;
53386 : 1D;
53387 : 1D;
53388 : 1D;
53389 : 1D;
53390 : 1D;
53391 : 1D;
53392 : 3D;
53393 : 3D;
53394 : 3D;
53395 : 3D;
53396 : 3D;
53397 : 3D;
53398 : 3D;
53399 : 3D;
53400 : 3D;
53401 : 3D;
53402 : 1D;
53403 : 1D;
53404 : 1D;
53405 : 1D;
53406 : 1D;
53407 : 1D;
53408 : 1D;
53409 : 1D;
53410 : 1D;
53411 : 1D;
53412 : 3D;
53413 : 3D;
53414 : 3D;
53415 : 3D;
53416 : 3D;
53417 : 3D;
53418 : 3D;
53419 : 3D;
53420 : 3D;
53421 : 3D;
53422 : 3D;
53423 : 1D;
53424 : 1D;
53425 : 1D;
53426 : 1D;
53427 : 1D;
53428 : 1D;
53429 : 1D;
53430 : 1D;
53431 : 1D;
53432 : 1D;
53433 : 14;
53434 : 14;
53435 : 14;
53436 : 14;
53437 : 14;
53438 : 14;
53439 : 14;
53440 : 10;
53441 : 10;
53442 : 10;
53443 : 10;
53444 : 10;
53445 : 10;
53446 : 10;
53447 : 10;
53448 : 10;
53449 : 10;
53450 : 3D;
53451 : 3D;
53452 : 3D;
53453 : 3D;
53454 : 3D;
53455 : 3D;
53456 : 3D;
53457 : 3D;
53458 : 3D;
53459 : 3D;
53460 : 1D;
53461 : 1D;
53462 : 1D;
53463 : 1D;
53464 : 1D;
53465 : 1D;
53466 : 1D;
53467 : 1D;
53468 : 1D;
53469 : 1D;
53470 : 3D;
53471 : 3D;
53472 : 3D;
53473 : 3D;
53474 : 3D;
53475 : 3D;
53476 : 3D;
53477 : 3D;
53478 : 3D;
53479 : 3D;
53480 : 1D;
53481 : 1D;
53482 : 1D;
53483 : 1D;
53484 : 1D;
53485 : 1D;
53486 : 1D;
53487 : 1D;
53488 : 1D;
53489 : 1D;
53490 : 3D;
53491 : 3D;
53492 : 3D;
53493 : 3D;
53494 : 3D;
53495 : 3D;
53496 : 3D;
53497 : 3D;
53498 : 3D;
53499 : 3D;
53500 : 1D;
53501 : 1D;
53502 : 1D;
53503 : 1D;
53504 : 1D;
53505 : 1D;
53506 : 1D;
53507 : 1D;
53508 : 1D;
53509 : 1D;
53510 : 3D;
53511 : 3D;
53512 : 3D;
53513 : 3D;
53514 : 3D;
53515 : 3D;
53516 : 3D;
53517 : 3D;
53518 : 3D;
53519 : 3D;
53520 : 3D;
53521 : 1D;
53522 : 1D;
53523 : 1D;
53524 : 1D;
53525 : 1D;
53526 : 1D;
53527 : 1D;
53528 : 1D;
53529 : 1D;
53530 : 1D;
53531 : 3D;
53532 : 3D;
53533 : 3D;
53534 : 3D;
53535 : 3D;
53536 : 3D;
53537 : 3D;
53538 : 3D;
53539 : 3D;
53540 : 3D;
53541 : 1D;
53542 : 1D;
53543 : 1D;
53544 : 1D;
53545 : 1D;
53546 : 1D;
53547 : 1D;
53548 : 1D;
53549 : 1D;
53550 : 1D;
53551 : 3D;
53552 : 3D;
53553 : 3D;
53554 : 3D;
53555 : 3D;
53556 : 3D;
53557 : 3D;
53558 : 3D;
53559 : 3D;
53560 : 3D;
53561 : 1D;
53562 : 1D;
53563 : 1D;
53564 : 1D;
53565 : 1D;
53566 : 1D;
53567 : 1D;
53568 : 1D;
53569 : 1D;
53570 : 1D;
53571 : 3D;
53572 : 3D;
53573 : 3D;
53574 : 3D;
53575 : 3D;
53576 : 3D;
53577 : 3D;
53578 : 3D;
53579 : 3D;
53580 : 3D;
53581 : 1D;
53582 : 1D;
53583 : 1D;
53584 : 1D;
53585 : 1D;
53586 : 1D;
53587 : 1D;
53588 : 1D;
53589 : 1D;
53590 : 1D;
53591 : 3D;
53592 : 3D;
53593 : 3D;
53594 : 3D;
53595 : 3D;
53596 : 3D;
53597 : 3D;
53598 : 3D;
53599 : 3D;
53600 : 3D;
53601 : 1D;
53602 : 1D;
53603 : 1D;
53604 : 1D;
53605 : 1D;
53606 : 1D;
53607 : 1D;
53608 : 1D;
53609 : 1D;
53610 : 1D;
53611 : 3D;
53612 : 3D;
53613 : 3D;
53614 : 3D;
53615 : 3D;
53616 : 3D;
53617 : 3D;
53618 : 3D;
53619 : 3D;
53620 : 3D;
53621 : 1D;
53622 : 1D;
53623 : 1D;
53624 : 1D;
53625 : 1D;
53626 : 1D;
53627 : 1D;
53628 : 1D;
53629 : 1D;
53630 : 1D;
53631 : 1D;
53632 : 3D;
53633 : 3D;
53634 : 3D;
53635 : 3D;
53636 : 3D;
53637 : 3D;
53638 : 3D;
53639 : 3D;
53640 : 3D;
53641 : 3D;
53642 : 1D;
53643 : 1D;
53644 : 1D;
53645 : 1D;
53646 : 1D;
53647 : 1D;
53648 : 1D;
53649 : 1D;
53650 : 1D;
53651 : 1D;
53652 : 3D;
53653 : 3D;
53654 : 3D;
53655 : 3D;
53656 : 3D;
53657 : 3D;
53658 : 3D;
53659 : 3D;
53660 : 3D;
53661 : 3D;
53662 : 1D;
53663 : 1D;
53664 : 1D;
53665 : 1D;
53666 : 1D;
53667 : 1D;
53668 : 1D;
53669 : 1D;
53670 : 1D;
53671 : 1D;
53672 : 3D;
53673 : 3D;
53674 : 3D;
53675 : 3D;
53676 : 3D;
53677 : 3D;
53678 : 3D;
53679 : 3D;
53680 : 3D;
53681 : 3D;
53682 : 1D;
53683 : 1D;
53684 : 1D;
53685 : 1D;
53686 : 1D;
53687 : 1D;
53688 : 1D;
53689 : 1D;
53690 : 1D;
53691 : 1D;
53692 : 3D;
53693 : 3D;
53694 : 3D;
53695 : 3D;
53696 : 3D;
53697 : 3D;
53698 : 3D;
53699 : 3D;
53700 : 3D;
53701 : 3D;
53702 : 1D;
53703 : 1D;
53704 : 1D;
53705 : 1D;
53706 : 1D;
53707 : 1D;
53708 : 1D;
53709 : 1D;
53710 : 1D;
53711 : 1D;
53712 : 3D;
53713 : 3D;
53714 : 3D;
53715 : 3D;
53716 : 3D;
53717 : 3D;
53718 : 3D;
53719 : 3D;
53720 : 3D;
53721 : 3D;
53722 : 1D;
53723 : 1D;
53724 : 1D;
53725 : 1D;
53726 : 1D;
53727 : 1D;
53728 : 1D;
53729 : 1D;
53730 : 1D;
53731 : 1D;
53732 : 3D;
53733 : 3D;
53734 : 3D;
53735 : 3D;
53736 : 3D;
53737 : 3D;
53738 : 3D;
53739 : 3D;
53740 : 3D;
53741 : 3D;
53742 : 3D;
53743 : 1D;
53744 : 1D;
53745 : 1D;
53746 : 1D;
53747 : 1D;
53748 : 1D;
53749 : 1D;
53750 : 1D;
53751 : 1D;
53752 : 1D;
53753 : 14;
53754 : 14;
53755 : 14;
53756 : 14;
53757 : 14;
53758 : 14;
53759 : 14;
53760 : 10;
53761 : 10;
53762 : 10;
53763 : 10;
53764 : 10;
53765 : 10;
53766 : 10;
53767 : 10;
53768 : 10;
53769 : 10;
53770 : 3D;
53771 : 3D;
53772 : 3D;
53773 : 3D;
53774 : 3D;
53775 : 3D;
53776 : 3D;
53777 : 3D;
53778 : 3D;
53779 : 3D;
53780 : 1D;
53781 : 1D;
53782 : 1D;
53783 : 1D;
53784 : 1D;
53785 : 1D;
53786 : 1D;
53787 : 1D;
53788 : 1D;
53789 : 1D;
53790 : 3D;
53791 : 3D;
53792 : 3D;
53793 : 3D;
53794 : 3D;
53795 : 3D;
53796 : 3D;
53797 : 3D;
53798 : 3D;
53799 : 3D;
53800 : 1D;
53801 : 1D;
53802 : 1D;
53803 : 1D;
53804 : 1D;
53805 : 1D;
53806 : 1D;
53807 : 1D;
53808 : 1D;
53809 : 1D;
53810 : 3D;
53811 : 3D;
53812 : 3D;
53813 : 3D;
53814 : 3D;
53815 : 3D;
53816 : 3D;
53817 : 3D;
53818 : 3D;
53819 : 3D;
53820 : 1D;
53821 : 1D;
53822 : 1D;
53823 : 1D;
53824 : 1D;
53825 : 1D;
53826 : 1D;
53827 : 1D;
53828 : 1D;
53829 : 1D;
53830 : 3D;
53831 : 3D;
53832 : 3D;
53833 : 3D;
53834 : 3D;
53835 : 3D;
53836 : 3D;
53837 : 3D;
53838 : 3D;
53839 : 3D;
53840 : 3D;
53841 : 1D;
53842 : 1D;
53843 : 1D;
53844 : 1D;
53845 : 1D;
53846 : 1D;
53847 : 1D;
53848 : 1D;
53849 : 1D;
53850 : 1D;
53851 : 3D;
53852 : 3D;
53853 : 3D;
53854 : 3D;
53855 : 3D;
53856 : 3D;
53857 : 3D;
53858 : 3D;
53859 : 3D;
53860 : 3D;
53861 : 1D;
53862 : 1D;
53863 : 1D;
53864 : 1D;
53865 : 1D;
53866 : 1D;
53867 : 1D;
53868 : 1D;
53869 : 1D;
53870 : 1D;
53871 : 3D;
53872 : 3D;
53873 : 3D;
53874 : 3D;
53875 : 3D;
53876 : 3D;
53877 : 3D;
53878 : 3D;
53879 : 3D;
53880 : 3D;
53881 : 1D;
53882 : 1D;
53883 : 1D;
53884 : 1D;
53885 : 1D;
53886 : 1D;
53887 : 1D;
53888 : 1D;
53889 : 1D;
53890 : 1D;
53891 : 3D;
53892 : 3D;
53893 : 3D;
53894 : 3D;
53895 : 3D;
53896 : 3D;
53897 : 3D;
53898 : 3D;
53899 : 3D;
53900 : 3D;
53901 : 1D;
53902 : 1D;
53903 : 1D;
53904 : 1D;
53905 : 1D;
53906 : 1D;
53907 : 1D;
53908 : 1D;
53909 : 1D;
53910 : 1D;
53911 : 3D;
53912 : 3D;
53913 : 3D;
53914 : 3D;
53915 : 3D;
53916 : 3D;
53917 : 3D;
53918 : 3D;
53919 : 3D;
53920 : 3D;
53921 : 1D;
53922 : 1D;
53923 : 1D;
53924 : 1D;
53925 : 1D;
53926 : 1D;
53927 : 1D;
53928 : 1D;
53929 : 1D;
53930 : 1D;
53931 : 3D;
53932 : 3D;
53933 : 3D;
53934 : 3D;
53935 : 3D;
53936 : 3D;
53937 : 3D;
53938 : 3D;
53939 : 3D;
53940 : 3D;
53941 : 1D;
53942 : 1D;
53943 : 1D;
53944 : 1D;
53945 : 1D;
53946 : 1D;
53947 : 1D;
53948 : 1D;
53949 : 1D;
53950 : 1D;
53951 : 1D;
53952 : 3D;
53953 : 3D;
53954 : 3D;
53955 : 3D;
53956 : 3D;
53957 : 3D;
53958 : 3D;
53959 : 3D;
53960 : 3D;
53961 : 3D;
53962 : 1D;
53963 : 1D;
53964 : 1D;
53965 : 1D;
53966 : 1D;
53967 : 1D;
53968 : 1D;
53969 : 1D;
53970 : 1D;
53971 : 1D;
53972 : 3D;
53973 : 3D;
53974 : 3D;
53975 : 3D;
53976 : 3D;
53977 : 3D;
53978 : 3D;
53979 : 3D;
53980 : 3D;
53981 : 3D;
53982 : 1D;
53983 : 1D;
53984 : 1D;
53985 : 1D;
53986 : 1D;
53987 : 1D;
53988 : 1D;
53989 : 1D;
53990 : 1D;
53991 : 1D;
53992 : 3D;
53993 : 3D;
53994 : 3D;
53995 : 3D;
53996 : 3D;
53997 : 3D;
53998 : 3D;
53999 : 3D;
54000 : 3D;
54001 : 3D;
54002 : 1D;
54003 : 1D;
54004 : 1D;
54005 : 1D;
54006 : 1D;
54007 : 1D;
54008 : 1D;
54009 : 1D;
54010 : 1D;
54011 : 1D;
54012 : 3D;
54013 : 3D;
54014 : 3D;
54015 : 3D;
54016 : 3D;
54017 : 3D;
54018 : 3D;
54019 : 3D;
54020 : 3D;
54021 : 3D;
54022 : 1D;
54023 : 1D;
54024 : 1D;
54025 : 1D;
54026 : 1D;
54027 : 1D;
54028 : 1D;
54029 : 1D;
54030 : 1D;
54031 : 1D;
54032 : 3D;
54033 : 3D;
54034 : 3D;
54035 : 3D;
54036 : 3D;
54037 : 3D;
54038 : 3D;
54039 : 3D;
54040 : 3D;
54041 : 3D;
54042 : 1D;
54043 : 1D;
54044 : 1D;
54045 : 1D;
54046 : 1D;
54047 : 1D;
54048 : 1D;
54049 : 1D;
54050 : 1D;
54051 : 1D;
54052 : 3D;
54053 : 3D;
54054 : 3D;
54055 : 3D;
54056 : 3D;
54057 : 3D;
54058 : 3D;
54059 : 3D;
54060 : 3D;
54061 : 3D;
54062 : 3D;
54063 : 1D;
54064 : 1D;
54065 : 1D;
54066 : 1D;
54067 : 1D;
54068 : 1D;
54069 : 1D;
54070 : 1D;
54071 : 1D;
54072 : 1D;
54073 : 14;
54074 : 14;
54075 : 14;
54076 : 14;
54077 : 14;
54078 : 14;
54079 : 14;
54080 : 10;
54081 : 10;
54082 : 10;
54083 : 10;
54084 : 10;
54085 : 10;
54086 : 10;
54087 : 10;
54088 : 10;
54089 : 10;
54090 : 3D;
54091 : 3D;
54092 : 3D;
54093 : 3D;
54094 : 3D;
54095 : 3D;
54096 : 3D;
54097 : 3D;
54098 : 3D;
54099 : 3D;
54100 : 1D;
54101 : 1D;
54102 : 1D;
54103 : 1D;
54104 : 1D;
54105 : 1D;
54106 : 1D;
54107 : 1D;
54108 : 1D;
54109 : 1D;
54110 : 3D;
54111 : 3D;
54112 : 3D;
54113 : 3D;
54114 : 3D;
54115 : 3D;
54116 : 3D;
54117 : 3D;
54118 : 3D;
54119 : 3D;
54120 : 1D;
54121 : 1D;
54122 : 1D;
54123 : 1D;
54124 : 1D;
54125 : 1D;
54126 : 1D;
54127 : 1D;
54128 : 1D;
54129 : 1D;
54130 : 3D;
54131 : 3D;
54132 : 3D;
54133 : 3D;
54134 : 3D;
54135 : 3D;
54136 : 3D;
54137 : 3D;
54138 : 3D;
54139 : 3D;
54140 : 1D;
54141 : 1D;
54142 : 1D;
54143 : 1D;
54144 : 1D;
54145 : 1D;
54146 : 1D;
54147 : 1D;
54148 : 1D;
54149 : 1D;
54150 : 3D;
54151 : 3D;
54152 : 3D;
54153 : 3D;
54154 : 3D;
54155 : 3D;
54156 : 3D;
54157 : 3D;
54158 : 3D;
54159 : 3D;
54160 : 3D;
54161 : 1D;
54162 : 1D;
54163 : 1D;
54164 : 1D;
54165 : 1D;
54166 : 1D;
54167 : 1D;
54168 : 1D;
54169 : 1D;
54170 : 1D;
54171 : 3D;
54172 : 3D;
54173 : 3D;
54174 : 3D;
54175 : 3D;
54176 : 3D;
54177 : 3D;
54178 : 3D;
54179 : 3D;
54180 : 3D;
54181 : 1D;
54182 : 1D;
54183 : 1D;
54184 : 1D;
54185 : 1D;
54186 : 1D;
54187 : 1D;
54188 : 1D;
54189 : 1D;
54190 : 1D;
54191 : 3D;
54192 : 3D;
54193 : 3D;
54194 : 3D;
54195 : 3D;
54196 : 3D;
54197 : 3D;
54198 : 3D;
54199 : 3D;
54200 : 3D;
54201 : 1D;
54202 : 1D;
54203 : 1D;
54204 : 1D;
54205 : 1D;
54206 : 1D;
54207 : 1D;
54208 : 1D;
54209 : 1D;
54210 : 1D;
54211 : 3D;
54212 : 3D;
54213 : 3D;
54214 : 3D;
54215 : 3D;
54216 : 3D;
54217 : 3D;
54218 : 3D;
54219 : 3D;
54220 : 3D;
54221 : 1D;
54222 : 1D;
54223 : 1D;
54224 : 1D;
54225 : 1D;
54226 : 1D;
54227 : 1D;
54228 : 1D;
54229 : 1D;
54230 : 1D;
54231 : 3D;
54232 : 3D;
54233 : 3D;
54234 : 3D;
54235 : 3D;
54236 : 3D;
54237 : 3D;
54238 : 3D;
54239 : 3D;
54240 : 3D;
54241 : 1D;
54242 : 1D;
54243 : 1D;
54244 : 1D;
54245 : 1D;
54246 : 1D;
54247 : 1D;
54248 : 1D;
54249 : 1D;
54250 : 1D;
54251 : 3D;
54252 : 3D;
54253 : 3D;
54254 : 3D;
54255 : 3D;
54256 : 3D;
54257 : 3D;
54258 : 3D;
54259 : 3D;
54260 : 3D;
54261 : 1D;
54262 : 1D;
54263 : 1D;
54264 : 1D;
54265 : 1D;
54266 : 1D;
54267 : 1D;
54268 : 1D;
54269 : 1D;
54270 : 1D;
54271 : 1D;
54272 : 3D;
54273 : 3D;
54274 : 3D;
54275 : 3D;
54276 : 3D;
54277 : 3D;
54278 : 3D;
54279 : 3D;
54280 : 3D;
54281 : 3D;
54282 : 1D;
54283 : 1D;
54284 : 1D;
54285 : 1D;
54286 : 1D;
54287 : 1D;
54288 : 1D;
54289 : 1D;
54290 : 1D;
54291 : 1D;
54292 : 3D;
54293 : 3D;
54294 : 3D;
54295 : 3D;
54296 : 3D;
54297 : 3D;
54298 : 3D;
54299 : 3D;
54300 : 3D;
54301 : 3D;
54302 : 1D;
54303 : 1D;
54304 : 1D;
54305 : 1D;
54306 : 1D;
54307 : 1D;
54308 : 1D;
54309 : 1D;
54310 : 1D;
54311 : 1D;
54312 : 3D;
54313 : 3D;
54314 : 3D;
54315 : 3D;
54316 : 3D;
54317 : 3D;
54318 : 3D;
54319 : 3D;
54320 : 3D;
54321 : 3D;
54322 : 1D;
54323 : 1D;
54324 : 1D;
54325 : 1D;
54326 : 1D;
54327 : 1D;
54328 : 1D;
54329 : 1D;
54330 : 1D;
54331 : 1D;
54332 : 3D;
54333 : 3D;
54334 : 3D;
54335 : 3D;
54336 : 3D;
54337 : 3D;
54338 : 3D;
54339 : 3D;
54340 : 3D;
54341 : 3D;
54342 : 1D;
54343 : 1D;
54344 : 1D;
54345 : 1D;
54346 : 1D;
54347 : 1D;
54348 : 1D;
54349 : 1D;
54350 : 1D;
54351 : 1D;
54352 : 3D;
54353 : 3D;
54354 : 3D;
54355 : 3D;
54356 : 3D;
54357 : 3D;
54358 : 3D;
54359 : 3D;
54360 : 3D;
54361 : 3D;
54362 : 1D;
54363 : 1D;
54364 : 1D;
54365 : 1D;
54366 : 1D;
54367 : 1D;
54368 : 1D;
54369 : 1D;
54370 : 1D;
54371 : 1D;
54372 : 3D;
54373 : 3D;
54374 : 3D;
54375 : 3D;
54376 : 3D;
54377 : 3D;
54378 : 3D;
54379 : 3D;
54380 : 3D;
54381 : 3D;
54382 : 3D;
54383 : 1D;
54384 : 1D;
54385 : 1D;
54386 : 1D;
54387 : 1D;
54388 : 1D;
54389 : 1D;
54390 : 1D;
54391 : 1D;
54392 : 1D;
54393 : 14;
54394 : 14;
54395 : 14;
54396 : 14;
54397 : 14;
54398 : 14;
54399 : 14;
54400 : 10;
54401 : 10;
54402 : 10;
54403 : 10;
54404 : 10;
54405 : 10;
54406 : 10;
54407 : 10;
54408 : 10;
54409 : 10;
54410 : 3D;
54411 : 3D;
54412 : 3D;
54413 : 3D;
54414 : 3D;
54415 : 3D;
54416 : 3D;
54417 : 3D;
54418 : 3D;
54419 : 3D;
54420 : 1D;
54421 : 1D;
54422 : 1D;
54423 : 1D;
54424 : 1D;
54425 : 1D;
54426 : 1D;
54427 : 1D;
54428 : 1D;
54429 : 1D;
54430 : 3D;
54431 : 3D;
54432 : 3D;
54433 : 3D;
54434 : 3D;
54435 : 3D;
54436 : 3D;
54437 : 3D;
54438 : 3D;
54439 : 3D;
54440 : 1D;
54441 : 1D;
54442 : 1D;
54443 : 1D;
54444 : 1D;
54445 : 1D;
54446 : 1D;
54447 : 1D;
54448 : 1D;
54449 : 1D;
54450 : 3D;
54451 : 3D;
54452 : 3D;
54453 : 3D;
54454 : 3D;
54455 : 3D;
54456 : 3D;
54457 : 3D;
54458 : 3D;
54459 : 3D;
54460 : 1D;
54461 : 1D;
54462 : 1D;
54463 : 1D;
54464 : 1D;
54465 : 1D;
54466 : 1D;
54467 : 1D;
54468 : 1D;
54469 : 1D;
54470 : 3D;
54471 : 3D;
54472 : 3D;
54473 : 3D;
54474 : 3D;
54475 : 3D;
54476 : 3D;
54477 : 3D;
54478 : 3D;
54479 : 3D;
54480 : 3D;
54481 : 1D;
54482 : 1D;
54483 : 1D;
54484 : 1D;
54485 : 1D;
54486 : 1D;
54487 : 1D;
54488 : 1D;
54489 : 1D;
54490 : 1D;
54491 : 3D;
54492 : 3D;
54493 : 3D;
54494 : 3D;
54495 : 3D;
54496 : 3D;
54497 : 3D;
54498 : 3D;
54499 : 3D;
54500 : 3D;
54501 : 1D;
54502 : 1D;
54503 : 1D;
54504 : 1D;
54505 : 1D;
54506 : 1D;
54507 : 1D;
54508 : 1D;
54509 : 1D;
54510 : 1D;
54511 : 3D;
54512 : 3D;
54513 : 3D;
54514 : 3D;
54515 : 3D;
54516 : 3D;
54517 : 3D;
54518 : 3D;
54519 : 3D;
54520 : 3D;
54521 : 1D;
54522 : 1D;
54523 : 1D;
54524 : 1D;
54525 : 1D;
54526 : 1D;
54527 : 1D;
54528 : 1D;
54529 : 1D;
54530 : 1D;
54531 : 3D;
54532 : 3D;
54533 : 3D;
54534 : 3D;
54535 : 3D;
54536 : 3D;
54537 : 3D;
54538 : 3D;
54539 : 3D;
54540 : 3D;
54541 : 1D;
54542 : 1D;
54543 : 1D;
54544 : 1D;
54545 : 1D;
54546 : 1D;
54547 : 1D;
54548 : 1D;
54549 : 1D;
54550 : 1D;
54551 : 3D;
54552 : 3D;
54553 : 3D;
54554 : 3D;
54555 : 3D;
54556 : 3D;
54557 : 3D;
54558 : 3D;
54559 : 3D;
54560 : 3D;
54561 : 1D;
54562 : 1D;
54563 : 1D;
54564 : 1D;
54565 : 1D;
54566 : 1D;
54567 : 1D;
54568 : 1D;
54569 : 1D;
54570 : 1D;
54571 : 3D;
54572 : 3D;
54573 : 3D;
54574 : 3D;
54575 : 3D;
54576 : 3D;
54577 : 3D;
54578 : 3D;
54579 : 3D;
54580 : 3D;
54581 : 1D;
54582 : 1D;
54583 : 1D;
54584 : 1D;
54585 : 1D;
54586 : 1D;
54587 : 1D;
54588 : 1D;
54589 : 1D;
54590 : 1D;
54591 : 1D;
54592 : 3D;
54593 : 3D;
54594 : 3D;
54595 : 3D;
54596 : 3D;
54597 : 3D;
54598 : 3D;
54599 : 3D;
54600 : 3D;
54601 : 3D;
54602 : 1D;
54603 : 1D;
54604 : 1D;
54605 : 1D;
54606 : 1D;
54607 : 1D;
54608 : 1D;
54609 : 1D;
54610 : 1D;
54611 : 1D;
54612 : 3D;
54613 : 3D;
54614 : 3D;
54615 : 3D;
54616 : 3D;
54617 : 3D;
54618 : 3D;
54619 : 3D;
54620 : 3D;
54621 : 3D;
54622 : 1D;
54623 : 1D;
54624 : 1D;
54625 : 1D;
54626 : 1D;
54627 : 1D;
54628 : 1D;
54629 : 1D;
54630 : 1D;
54631 : 1D;
54632 : 3D;
54633 : 3D;
54634 : 3D;
54635 : 3D;
54636 : 3D;
54637 : 3D;
54638 : 3D;
54639 : 3D;
54640 : 3D;
54641 : 3D;
54642 : 1D;
54643 : 1D;
54644 : 1D;
54645 : 1D;
54646 : 1D;
54647 : 1D;
54648 : 1D;
54649 : 1D;
54650 : 1D;
54651 : 1D;
54652 : 3D;
54653 : 3D;
54654 : 3D;
54655 : 3D;
54656 : 3D;
54657 : 3D;
54658 : 3D;
54659 : 3D;
54660 : 3D;
54661 : 3D;
54662 : 1D;
54663 : 1D;
54664 : 1D;
54665 : 1D;
54666 : 1D;
54667 : 1D;
54668 : 1D;
54669 : 1D;
54670 : 1D;
54671 : 1D;
54672 : 3D;
54673 : 3D;
54674 : 3D;
54675 : 3D;
54676 : 3D;
54677 : 3D;
54678 : 3D;
54679 : 3D;
54680 : 3D;
54681 : 3D;
54682 : 1D;
54683 : 1D;
54684 : 1D;
54685 : 1D;
54686 : 1D;
54687 : 1D;
54688 : 1D;
54689 : 1D;
54690 : 1D;
54691 : 1D;
54692 : 3D;
54693 : 3D;
54694 : 3D;
54695 : 3D;
54696 : 3D;
54697 : 3D;
54698 : 3D;
54699 : 3D;
54700 : 3D;
54701 : 3D;
54702 : 3D;
54703 : 1D;
54704 : 1D;
54705 : 1D;
54706 : 1D;
54707 : 1D;
54708 : 1D;
54709 : 1D;
54710 : 1D;
54711 : 1D;
54712 : 1D;
54713 : 14;
54714 : 14;
54715 : 14;
54716 : 14;
54717 : 14;
54718 : 14;
54719 : 14;
54720 : 14;
54721 : 14;
54722 : 14;
54723 : 14;
54724 : 14;
54725 : 14;
54726 : 14;
54727 : 14;
54728 : 14;
54729 : 14;
54730 : 1D;
54731 : 1D;
54732 : 1D;
54733 : 1D;
54734 : 1D;
54735 : 1D;
54736 : 1D;
54737 : 1D;
54738 : 1D;
54739 : 1D;
54740 : 3D;
54741 : 3D;
54742 : 3D;
54743 : 3D;
54744 : 3D;
54745 : 3D;
54746 : 3D;
54747 : 3D;
54748 : 3D;
54749 : 3D;
54750 : 1D;
54751 : 1D;
54752 : 1D;
54753 : 1D;
54754 : 1D;
54755 : 1D;
54756 : 1D;
54757 : 1D;
54758 : 1D;
54759 : 1D;
54760 : 3D;
54761 : 3D;
54762 : 3D;
54763 : 3D;
54764 : 3D;
54765 : 3D;
54766 : 3D;
54767 : 3D;
54768 : 3D;
54769 : 3D;
54770 : 1D;
54771 : 1D;
54772 : 1D;
54773 : 1D;
54774 : 1D;
54775 : 1D;
54776 : 1D;
54777 : 1D;
54778 : 1D;
54779 : 1D;
54780 : 3D;
54781 : 3D;
54782 : 3D;
54783 : 3D;
54784 : 3D;
54785 : 3D;
54786 : 3D;
54787 : 3D;
54788 : 3D;
54789 : 3D;
54790 : 1D;
54791 : 1D;
54792 : 1D;
54793 : 1D;
54794 : 1D;
54795 : 1D;
54796 : 1D;
54797 : 1D;
54798 : 1D;
54799 : 1D;
54800 : 1D;
54801 : 3D;
54802 : 3D;
54803 : 3D;
54804 : 3D;
54805 : 3D;
54806 : 3D;
54807 : 3D;
54808 : 3D;
54809 : 3D;
54810 : 3D;
54811 : 1D;
54812 : 1D;
54813 : 1D;
54814 : 1D;
54815 : 1D;
54816 : 1D;
54817 : 1D;
54818 : 1D;
54819 : 1D;
54820 : 1D;
54821 : 3D;
54822 : 3D;
54823 : 3D;
54824 : 3D;
54825 : 3D;
54826 : 3D;
54827 : 3D;
54828 : 3D;
54829 : 3D;
54830 : 3D;
54831 : 1D;
54832 : 1D;
54833 : 1D;
54834 : 1D;
54835 : 1D;
54836 : 1D;
54837 : 1D;
54838 : 1D;
54839 : 1D;
54840 : 1D;
54841 : 3D;
54842 : 3D;
54843 : 3D;
54844 : 3D;
54845 : 3D;
54846 : 3D;
54847 : 3D;
54848 : 3D;
54849 : 3D;
54850 : 3D;
54851 : 1D;
54852 : 1D;
54853 : 1D;
54854 : 1D;
54855 : 1D;
54856 : 1D;
54857 : 1D;
54858 : 1D;
54859 : 1D;
54860 : 1D;
54861 : 3D;
54862 : 3D;
54863 : 3D;
54864 : 3D;
54865 : 3D;
54866 : 3D;
54867 : 3D;
54868 : 3D;
54869 : 3D;
54870 : 3D;
54871 : 1D;
54872 : 1D;
54873 : 1D;
54874 : 1D;
54875 : 1D;
54876 : 1D;
54877 : 1D;
54878 : 1D;
54879 : 1D;
54880 : 1D;
54881 : 3D;
54882 : 3D;
54883 : 3D;
54884 : 3D;
54885 : 3D;
54886 : 3D;
54887 : 3D;
54888 : 3D;
54889 : 3D;
54890 : 3D;
54891 : 1D;
54892 : 1D;
54893 : 1D;
54894 : 1D;
54895 : 1D;
54896 : 1D;
54897 : 1D;
54898 : 1D;
54899 : 1D;
54900 : 1D;
54901 : 3D;
54902 : 3D;
54903 : 3D;
54904 : 3D;
54905 : 3D;
54906 : 3D;
54907 : 3D;
54908 : 3D;
54909 : 3D;
54910 : 3D;
54911 : 3D;
54912 : 1D;
54913 : 1D;
54914 : 1D;
54915 : 1D;
54916 : 1D;
54917 : 1D;
54918 : 1D;
54919 : 1D;
54920 : 1D;
54921 : 1D;
54922 : 3D;
54923 : 3D;
54924 : 3D;
54925 : 3D;
54926 : 3D;
54927 : 3D;
54928 : 3D;
54929 : 3D;
54930 : 3D;
54931 : 3D;
54932 : 1D;
54933 : 1D;
54934 : 1D;
54935 : 1D;
54936 : 1D;
54937 : 1D;
54938 : 1D;
54939 : 1D;
54940 : 1D;
54941 : 1D;
54942 : 3D;
54943 : 3D;
54944 : 3D;
54945 : 3D;
54946 : 3D;
54947 : 3D;
54948 : 3D;
54949 : 3D;
54950 : 3D;
54951 : 3D;
54952 : 1D;
54953 : 1D;
54954 : 1D;
54955 : 1D;
54956 : 1D;
54957 : 1D;
54958 : 1D;
54959 : 1D;
54960 : 1D;
54961 : 1D;
54962 : 3D;
54963 : 3D;
54964 : 3D;
54965 : 3D;
54966 : 3D;
54967 : 3D;
54968 : 3D;
54969 : 3D;
54970 : 3D;
54971 : 3D;
54972 : 1D;
54973 : 1D;
54974 : 1D;
54975 : 1D;
54976 : 1D;
54977 : 1D;
54978 : 1D;
54979 : 1D;
54980 : 1D;
54981 : 1D;
54982 : 3D;
54983 : 3D;
54984 : 3D;
54985 : 3D;
54986 : 3D;
54987 : 3D;
54988 : 3D;
54989 : 3D;
54990 : 3D;
54991 : 3D;
54992 : 1D;
54993 : 1D;
54994 : 1D;
54995 : 1D;
54996 : 1D;
54997 : 1D;
54998 : 1D;
54999 : 1D;
55000 : 1D;
55001 : 1D;
55002 : 3D;
55003 : 3D;
55004 : 3D;
55005 : 3D;
55006 : 3D;
55007 : 3D;
55008 : 3D;
55009 : 3D;
55010 : 3D;
55011 : 3D;
55012 : 1D;
55013 : 1D;
55014 : 1D;
55015 : 1D;
55016 : 1D;
55017 : 1D;
55018 : 1D;
55019 : 1D;
55020 : 1D;
55021 : 1D;
55022 : 1D;
55023 : 3D;
55024 : 3D;
55025 : 3D;
55026 : 3D;
55027 : 3D;
55028 : 3D;
55029 : 3D;
55030 : 3D;
55031 : 3D;
55032 : 3D;
55033 : 10;
55034 : 10;
55035 : 10;
55036 : 10;
55037 : 10;
55038 : 10;
55039 : 10;
55040 : 14;
55041 : 14;
55042 : 14;
55043 : 14;
55044 : 14;
55045 : 14;
55046 : 14;
55047 : 14;
55048 : 14;
55049 : 14;
55050 : 1D;
55051 : 1D;
55052 : 1D;
55053 : 1D;
55054 : 1D;
55055 : 1D;
55056 : 1D;
55057 : 1D;
55058 : 1D;
55059 : 1D;
55060 : 3D;
55061 : 3D;
55062 : 3D;
55063 : 3D;
55064 : 3D;
55065 : 3D;
55066 : 3D;
55067 : 3D;
55068 : 3D;
55069 : 3D;
55070 : 1D;
55071 : 1D;
55072 : 1D;
55073 : 1D;
55074 : 1D;
55075 : 1D;
55076 : 1D;
55077 : 1D;
55078 : 1D;
55079 : 1D;
55080 : 3D;
55081 : 3D;
55082 : 3D;
55083 : 3D;
55084 : 3D;
55085 : 3D;
55086 : 3D;
55087 : 3D;
55088 : 3D;
55089 : 3D;
55090 : 1D;
55091 : 1D;
55092 : 1D;
55093 : 1D;
55094 : 1D;
55095 : 1D;
55096 : 1D;
55097 : 1D;
55098 : 1D;
55099 : 1D;
55100 : 3D;
55101 : 3D;
55102 : 3D;
55103 : 3D;
55104 : 3D;
55105 : 3D;
55106 : 3D;
55107 : 3D;
55108 : 3D;
55109 : 3D;
55110 : 1D;
55111 : 1D;
55112 : 1D;
55113 : 1D;
55114 : 1D;
55115 : 1D;
55116 : 1D;
55117 : 1D;
55118 : 1D;
55119 : 1D;
55120 : 1D;
55121 : 3D;
55122 : 3D;
55123 : 3D;
55124 : 3D;
55125 : 3D;
55126 : 3D;
55127 : 3D;
55128 : 3D;
55129 : 3D;
55130 : 3D;
55131 : 1D;
55132 : 1D;
55133 : 1D;
55134 : 1D;
55135 : 1D;
55136 : 1D;
55137 : 1D;
55138 : 1D;
55139 : 1D;
55140 : 1D;
55141 : 3D;
55142 : 3D;
55143 : 3D;
55144 : 3D;
55145 : 3D;
55146 : 3D;
55147 : 3D;
55148 : 3D;
55149 : 3D;
55150 : 3D;
55151 : 1D;
55152 : 1D;
55153 : 1D;
55154 : 1D;
55155 : 1D;
55156 : 1D;
55157 : 1D;
55158 : 1D;
55159 : 1D;
55160 : 1D;
55161 : 3D;
55162 : 3D;
55163 : 3D;
55164 : 3D;
55165 : 3D;
55166 : 3D;
55167 : 3D;
55168 : 3D;
55169 : 3D;
55170 : 3D;
55171 : 1D;
55172 : 1D;
55173 : 1D;
55174 : 1D;
55175 : 1D;
55176 : 1D;
55177 : 1D;
55178 : 1D;
55179 : 1D;
55180 : 1D;
55181 : 3D;
55182 : 3D;
55183 : 3D;
55184 : 3D;
55185 : 3D;
55186 : 3D;
55187 : 3D;
55188 : 3D;
55189 : 3D;
55190 : 3D;
55191 : 1D;
55192 : 1D;
55193 : 1D;
55194 : 1D;
55195 : 1D;
55196 : 1D;
55197 : 1D;
55198 : 1D;
55199 : 1D;
55200 : 1D;
55201 : 3D;
55202 : 3D;
55203 : 3D;
55204 : 3D;
55205 : 3D;
55206 : 3D;
55207 : 3D;
55208 : 3D;
55209 : 3D;
55210 : 3D;
55211 : 1D;
55212 : 1D;
55213 : 1D;
55214 : 1D;
55215 : 1D;
55216 : 1D;
55217 : 1D;
55218 : 1D;
55219 : 1D;
55220 : 1D;
55221 : 3D;
55222 : 3D;
55223 : 3D;
55224 : 3D;
55225 : 3D;
55226 : 3D;
55227 : 3D;
55228 : 3D;
55229 : 3D;
55230 : 3D;
55231 : 3D;
55232 : 1D;
55233 : 1D;
55234 : 1D;
55235 : 1D;
55236 : 1D;
55237 : 1D;
55238 : 1D;
55239 : 1D;
55240 : 1D;
55241 : 1D;
55242 : 3D;
55243 : 3D;
55244 : 3D;
55245 : 3D;
55246 : 3D;
55247 : 3D;
55248 : 3D;
55249 : 3D;
55250 : 3D;
55251 : 3D;
55252 : 1D;
55253 : 1D;
55254 : 1D;
55255 : 1D;
55256 : 1D;
55257 : 1D;
55258 : 1D;
55259 : 1D;
55260 : 1D;
55261 : 1D;
55262 : 3D;
55263 : 3D;
55264 : 3D;
55265 : 3D;
55266 : 3D;
55267 : 3D;
55268 : 3D;
55269 : 3D;
55270 : 3D;
55271 : 3D;
55272 : 1D;
55273 : 1D;
55274 : 1D;
55275 : 1D;
55276 : 1D;
55277 : 1D;
55278 : 1D;
55279 : 1D;
55280 : 1D;
55281 : 1D;
55282 : 3D;
55283 : 3D;
55284 : 3D;
55285 : 3D;
55286 : 3D;
55287 : 3D;
55288 : 3D;
55289 : 3D;
55290 : 3D;
55291 : 3D;
55292 : 1D;
55293 : 1D;
55294 : 1D;
55295 : 1D;
55296 : 1D;
55297 : 1D;
55298 : 1D;
55299 : 1D;
55300 : 1D;
55301 : 1D;
55302 : 3D;
55303 : 3D;
55304 : 3D;
55305 : 3D;
55306 : 3D;
55307 : 3D;
55308 : 3D;
55309 : 3D;
55310 : 3D;
55311 : 3D;
55312 : 1D;
55313 : 1D;
55314 : 1D;
55315 : 1D;
55316 : 1D;
55317 : 1D;
55318 : 1D;
55319 : 1D;
55320 : 1D;
55321 : 1D;
55322 : 3D;
55323 : 3D;
55324 : 3D;
55325 : 3D;
55326 : 3D;
55327 : 3D;
55328 : 3D;
55329 : 3D;
55330 : 3D;
55331 : 3D;
55332 : 1D;
55333 : 1D;
55334 : 1D;
55335 : 1D;
55336 : 1D;
55337 : 1D;
55338 : 1D;
55339 : 1D;
55340 : 1D;
55341 : 1D;
55342 : 1D;
55343 : 3D;
55344 : 3D;
55345 : 3D;
55346 : 3D;
55347 : 3D;
55348 : 3D;
55349 : 3D;
55350 : 3D;
55351 : 3D;
55352 : 3D;
55353 : 10;
55354 : 10;
55355 : 10;
55356 : 10;
55357 : 10;
55358 : 10;
55359 : 10;
55360 : 14;
55361 : 14;
55362 : 14;
55363 : 14;
55364 : 14;
55365 : 14;
55366 : 14;
55367 : 14;
55368 : 14;
55369 : 14;
55370 : 1D;
55371 : 1D;
55372 : 1D;
55373 : 1D;
55374 : 1D;
55375 : 1D;
55376 : 1D;
55377 : 1D;
55378 : 1D;
55379 : 1D;
55380 : 3D;
55381 : 3D;
55382 : 3D;
55383 : 3D;
55384 : 3D;
55385 : 3D;
55386 : 3D;
55387 : 3D;
55388 : 3D;
55389 : 3D;
55390 : 1D;
55391 : 1D;
55392 : 1D;
55393 : 1D;
55394 : 1D;
55395 : 1D;
55396 : 1D;
55397 : 1D;
55398 : 1D;
55399 : 1D;
55400 : 3D;
55401 : 3D;
55402 : 3D;
55403 : 3D;
55404 : 3D;
55405 : 3D;
55406 : 3D;
55407 : 3D;
55408 : 3D;
55409 : 3D;
55410 : 1D;
55411 : 1D;
55412 : 1D;
55413 : 1D;
55414 : 1D;
55415 : 1D;
55416 : 1D;
55417 : 1D;
55418 : 1D;
55419 : 1D;
55420 : 3D;
55421 : 3D;
55422 : 3D;
55423 : 3D;
55424 : 3D;
55425 : 3D;
55426 : 3D;
55427 : 3D;
55428 : 3D;
55429 : 3D;
55430 : 1D;
55431 : 1D;
55432 : 1D;
55433 : 1D;
55434 : 1D;
55435 : 1D;
55436 : 1D;
55437 : 1D;
55438 : 1D;
55439 : 1D;
55440 : 1D;
55441 : 3D;
55442 : 3D;
55443 : 3D;
55444 : 3D;
55445 : 3D;
55446 : 3D;
55447 : 3D;
55448 : 3D;
55449 : 3D;
55450 : 3D;
55451 : 1D;
55452 : 1D;
55453 : 1D;
55454 : 1D;
55455 : 1D;
55456 : 1D;
55457 : 1D;
55458 : 1D;
55459 : 1D;
55460 : 1D;
55461 : 3D;
55462 : 3D;
55463 : 3D;
55464 : 3D;
55465 : 3D;
55466 : 3D;
55467 : 3D;
55468 : 3D;
55469 : 3D;
55470 : 3D;
55471 : 1D;
55472 : 1D;
55473 : 1D;
55474 : 1D;
55475 : 1D;
55476 : 1D;
55477 : 1D;
55478 : 1D;
55479 : 1D;
55480 : 1D;
55481 : 3D;
55482 : 3D;
55483 : 3D;
55484 : 3D;
55485 : 3D;
55486 : 3D;
55487 : 3D;
55488 : 3D;
55489 : 3D;
55490 : 3D;
55491 : 1D;
55492 : 1D;
55493 : 1D;
55494 : 1D;
55495 : 1D;
55496 : 1D;
55497 : 1D;
55498 : 1D;
55499 : 1D;
55500 : 1D;
55501 : 3D;
55502 : 3D;
55503 : 3D;
55504 : 3D;
55505 : 3D;
55506 : 3D;
55507 : 3D;
55508 : 3D;
55509 : 3D;
55510 : 3D;
55511 : 1D;
55512 : 1D;
55513 : 1D;
55514 : 1D;
55515 : 1D;
55516 : 1D;
55517 : 1D;
55518 : 1D;
55519 : 1D;
55520 : 1D;
55521 : 3D;
55522 : 3D;
55523 : 3D;
55524 : 3D;
55525 : 3D;
55526 : 3D;
55527 : 3D;
55528 : 3D;
55529 : 3D;
55530 : 3D;
55531 : 1D;
55532 : 1D;
55533 : 1D;
55534 : 1D;
55535 : 1D;
55536 : 1D;
55537 : 1D;
55538 : 1D;
55539 : 1D;
55540 : 1D;
55541 : 3D;
55542 : 3D;
55543 : 3D;
55544 : 3D;
55545 : 3D;
55546 : 3D;
55547 : 3D;
55548 : 3D;
55549 : 3D;
55550 : 3D;
55551 : 3D;
55552 : 1D;
55553 : 1D;
55554 : 1D;
55555 : 1D;
55556 : 1D;
55557 : 1D;
55558 : 1D;
55559 : 1D;
55560 : 1D;
55561 : 1D;
55562 : 3D;
55563 : 3D;
55564 : 3D;
55565 : 3D;
55566 : 3D;
55567 : 3D;
55568 : 3D;
55569 : 3D;
55570 : 3D;
55571 : 3D;
55572 : 1D;
55573 : 1D;
55574 : 1D;
55575 : 1D;
55576 : 1D;
55577 : 1D;
55578 : 1D;
55579 : 1D;
55580 : 1D;
55581 : 1D;
55582 : 3D;
55583 : 3D;
55584 : 3D;
55585 : 3D;
55586 : 3D;
55587 : 3D;
55588 : 3D;
55589 : 3D;
55590 : 3D;
55591 : 3D;
55592 : 1D;
55593 : 1D;
55594 : 1D;
55595 : 1D;
55596 : 1D;
55597 : 1D;
55598 : 1D;
55599 : 1D;
55600 : 1D;
55601 : 1D;
55602 : 3D;
55603 : 3D;
55604 : 3D;
55605 : 3D;
55606 : 3D;
55607 : 3D;
55608 : 3D;
55609 : 3D;
55610 : 3D;
55611 : 3D;
55612 : 1D;
55613 : 1D;
55614 : 1D;
55615 : 1D;
55616 : 1D;
55617 : 1D;
55618 : 1D;
55619 : 1D;
55620 : 1D;
55621 : 1D;
55622 : 3D;
55623 : 3D;
55624 : 3D;
55625 : 3D;
55626 : 3D;
55627 : 3D;
55628 : 3D;
55629 : 3D;
55630 : 3D;
55631 : 3D;
55632 : 1D;
55633 : 1D;
55634 : 1D;
55635 : 1D;
55636 : 1D;
55637 : 1D;
55638 : 1D;
55639 : 1D;
55640 : 1D;
55641 : 1D;
55642 : 3D;
55643 : 3D;
55644 : 3D;
55645 : 3D;
55646 : 3D;
55647 : 3D;
55648 : 3D;
55649 : 3D;
55650 : 3D;
55651 : 3D;
55652 : 1D;
55653 : 1D;
55654 : 1D;
55655 : 1D;
55656 : 1D;
55657 : 1D;
55658 : 1D;
55659 : 1D;
55660 : 1D;
55661 : 1D;
55662 : 1D;
55663 : 3D;
55664 : 3D;
55665 : 3D;
55666 : 3D;
55667 : 3D;
55668 : 3D;
55669 : 3D;
55670 : 3D;
55671 : 3D;
55672 : 3D;
55673 : 10;
55674 : 10;
55675 : 10;
55676 : 10;
55677 : 10;
55678 : 10;
55679 : 10;
55680 : 14;
55681 : 14;
55682 : 14;
55683 : 14;
55684 : 14;
55685 : 14;
55686 : 14;
55687 : 14;
55688 : 14;
55689 : 14;
55690 : 1D;
55691 : 1D;
55692 : 1D;
55693 : 1D;
55694 : 1D;
55695 : 1D;
55696 : 1D;
55697 : 1D;
55698 : 1D;
55699 : 1D;
55700 : 3D;
55701 : 3D;
55702 : 3D;
55703 : 3D;
55704 : 3D;
55705 : 3D;
55706 : 3D;
55707 : 3D;
55708 : 3D;
55709 : 3D;
55710 : 1D;
55711 : 1D;
55712 : 1D;
55713 : 1D;
55714 : 1D;
55715 : 1D;
55716 : 1D;
55717 : 1D;
55718 : 1D;
55719 : 1D;
55720 : 3D;
55721 : 3D;
55722 : 3D;
55723 : 3D;
55724 : 3D;
55725 : 3D;
55726 : 3D;
55727 : 3D;
55728 : 3D;
55729 : 3D;
55730 : 1D;
55731 : 1D;
55732 : 1D;
55733 : 1D;
55734 : 1D;
55735 : 1D;
55736 : 1D;
55737 : 1D;
55738 : 1D;
55739 : 1D;
55740 : 3D;
55741 : 3D;
55742 : 3D;
55743 : 3D;
55744 : 3D;
55745 : 3D;
55746 : 3D;
55747 : 3D;
55748 : 3D;
55749 : 3D;
55750 : 1D;
55751 : 1D;
55752 : 1D;
55753 : 1D;
55754 : 1D;
55755 : 1D;
55756 : 1D;
55757 : 1D;
55758 : 1D;
55759 : 1D;
55760 : 1D;
55761 : 3D;
55762 : 3D;
55763 : 3D;
55764 : 3D;
55765 : 3D;
55766 : 3D;
55767 : 3D;
55768 : 3D;
55769 : 3D;
55770 : 3D;
55771 : 1D;
55772 : 1D;
55773 : 1D;
55774 : 1D;
55775 : 1D;
55776 : 1D;
55777 : 1D;
55778 : 1D;
55779 : 1D;
55780 : 1D;
55781 : 3D;
55782 : 3D;
55783 : 3D;
55784 : 3D;
55785 : 3D;
55786 : 3D;
55787 : 3D;
55788 : 3D;
55789 : 3D;
55790 : 3D;
55791 : 1D;
55792 : 1D;
55793 : 1D;
55794 : 1D;
55795 : 1D;
55796 : 1D;
55797 : 1D;
55798 : 1D;
55799 : 1D;
55800 : 1D;
55801 : 3D;
55802 : 3D;
55803 : 3D;
55804 : 3D;
55805 : 3D;
55806 : 3D;
55807 : 3D;
55808 : 3D;
55809 : 3D;
55810 : 3D;
55811 : 1D;
55812 : 1D;
55813 : 1D;
55814 : 1D;
55815 : 1D;
55816 : 1D;
55817 : 1D;
55818 : 1D;
55819 : 1D;
55820 : 1D;
55821 : 3D;
55822 : 3D;
55823 : 3D;
55824 : 3D;
55825 : 3D;
55826 : 3D;
55827 : 3D;
55828 : 3D;
55829 : 3D;
55830 : 3D;
55831 : 1D;
55832 : 1D;
55833 : 1D;
55834 : 1D;
55835 : 1D;
55836 : 1D;
55837 : 1D;
55838 : 1D;
55839 : 1D;
55840 : 1D;
55841 : 3D;
55842 : 3D;
55843 : 3D;
55844 : 3D;
55845 : 3D;
55846 : 3D;
55847 : 3D;
55848 : 3D;
55849 : 3D;
55850 : 3D;
55851 : 1D;
55852 : 1D;
55853 : 1D;
55854 : 1D;
55855 : 1D;
55856 : 1D;
55857 : 1D;
55858 : 1D;
55859 : 1D;
55860 : 1D;
55861 : 3D;
55862 : 3D;
55863 : 3D;
55864 : 3D;
55865 : 3D;
55866 : 3D;
55867 : 3D;
55868 : 3D;
55869 : 3D;
55870 : 3D;
55871 : 3D;
55872 : 1D;
55873 : 1D;
55874 : 1D;
55875 : 1D;
55876 : 1D;
55877 : 1D;
55878 : 1D;
55879 : 1D;
55880 : 1D;
55881 : 1D;
55882 : 3D;
55883 : 3D;
55884 : 3D;
55885 : 3D;
55886 : 3D;
55887 : 3D;
55888 : 3D;
55889 : 3D;
55890 : 3D;
55891 : 3D;
55892 : 1D;
55893 : 1D;
55894 : 1D;
55895 : 1D;
55896 : 1D;
55897 : 1D;
55898 : 1D;
55899 : 1D;
55900 : 1D;
55901 : 1D;
55902 : 3D;
55903 : 3D;
55904 : 3D;
55905 : 3D;
55906 : 3D;
55907 : 3D;
55908 : 3D;
55909 : 3D;
55910 : 3D;
55911 : 3D;
55912 : 1D;
55913 : 1D;
55914 : 1D;
55915 : 1D;
55916 : 1D;
55917 : 1D;
55918 : 1D;
55919 : 1D;
55920 : 1D;
55921 : 1D;
55922 : 3D;
55923 : 3D;
55924 : 3D;
55925 : 3D;
55926 : 3D;
55927 : 3D;
55928 : 3D;
55929 : 3D;
55930 : 3D;
55931 : 3D;
55932 : 1D;
55933 : 1D;
55934 : 1D;
55935 : 1D;
55936 : 1D;
55937 : 1D;
55938 : 1D;
55939 : 1D;
55940 : 1D;
55941 : 1D;
55942 : 3D;
55943 : 3D;
55944 : 3D;
55945 : 3D;
55946 : 3D;
55947 : 3D;
55948 : 3D;
55949 : 3D;
55950 : 3D;
55951 : 3D;
55952 : 1D;
55953 : 1D;
55954 : 1D;
55955 : 1D;
55956 : 1D;
55957 : 1D;
55958 : 1D;
55959 : 1D;
55960 : 1D;
55961 : 1D;
55962 : 3D;
55963 : 3D;
55964 : 3D;
55965 : 3D;
55966 : 3D;
55967 : 3D;
55968 : 3D;
55969 : 3D;
55970 : 3D;
55971 : 3D;
55972 : 1D;
55973 : 1D;
55974 : 1D;
55975 : 1D;
55976 : 1D;
55977 : 1D;
55978 : 1D;
55979 : 1D;
55980 : 1D;
55981 : 1D;
55982 : 1D;
55983 : 3D;
55984 : 3D;
55985 : 3D;
55986 : 3D;
55987 : 3D;
55988 : 3D;
55989 : 3D;
55990 : 3D;
55991 : 3D;
55992 : 3D;
55993 : 10;
55994 : 10;
55995 : 10;
55996 : 10;
55997 : 10;
55998 : 10;
55999 : 10;
56000 : 14;
56001 : 14;
56002 : 14;
56003 : 14;
56004 : 14;
56005 : 14;
56006 : 14;
56007 : 14;
56008 : 14;
56009 : 14;
56010 : 1D;
56011 : 1D;
56012 : 1D;
56013 : 1D;
56014 : 1D;
56015 : 1D;
56016 : 1D;
56017 : 1D;
56018 : 1D;
56019 : 1D;
56020 : 3D;
56021 : 3D;
56022 : 3D;
56023 : 3D;
56024 : 3D;
56025 : 3D;
56026 : 3D;
56027 : 3D;
56028 : 3D;
56029 : 3D;
56030 : 1D;
56031 : 1D;
56032 : 1D;
56033 : 1D;
56034 : 1D;
56035 : 1D;
56036 : 1D;
56037 : 1D;
56038 : 1D;
56039 : 1D;
56040 : 3D;
56041 : 3D;
56042 : 3D;
56043 : 3D;
56044 : 3D;
56045 : 3D;
56046 : 3D;
56047 : 3D;
56048 : 3D;
56049 : 3D;
56050 : 1D;
56051 : 1D;
56052 : 1D;
56053 : 1D;
56054 : 1D;
56055 : 1D;
56056 : 1D;
56057 : 1D;
56058 : 1D;
56059 : 1D;
56060 : 3D;
56061 : 3D;
56062 : 3D;
56063 : 3D;
56064 : 3D;
56065 : 3D;
56066 : 3D;
56067 : 3D;
56068 : 3D;
56069 : 3D;
56070 : 1D;
56071 : 1D;
56072 : 1D;
56073 : 1D;
56074 : 1D;
56075 : 1D;
56076 : 1D;
56077 : 1D;
56078 : 1D;
56079 : 1D;
56080 : 1D;
56081 : 3D;
56082 : 3D;
56083 : 3D;
56084 : 3D;
56085 : 3D;
56086 : 3D;
56087 : 3D;
56088 : 3D;
56089 : 3D;
56090 : 3D;
56091 : 1D;
56092 : 1D;
56093 : 1D;
56094 : 1D;
56095 : 1D;
56096 : 1D;
56097 : 1D;
56098 : 1D;
56099 : 1D;
56100 : 1D;
56101 : 3D;
56102 : 3D;
56103 : 3D;
56104 : 3D;
56105 : 3D;
56106 : 3D;
56107 : 3D;
56108 : 3D;
56109 : 3D;
56110 : 3D;
56111 : 1D;
56112 : 1D;
56113 : 1D;
56114 : 1D;
56115 : 1D;
56116 : 1D;
56117 : 1D;
56118 : 1D;
56119 : 1D;
56120 : 1D;
56121 : 3D;
56122 : 3D;
56123 : 3D;
56124 : 3D;
56125 : 3D;
56126 : 3D;
56127 : 3D;
56128 : 3D;
56129 : 3D;
56130 : 3D;
56131 : 1D;
56132 : 1D;
56133 : 1D;
56134 : 1D;
56135 : 1D;
56136 : 1D;
56137 : 1D;
56138 : 1D;
56139 : 1D;
56140 : 1D;
56141 : 3D;
56142 : 3D;
56143 : 3D;
56144 : 3D;
56145 : 3D;
56146 : 3D;
56147 : 3D;
56148 : 3D;
56149 : 3D;
56150 : 3D;
56151 : 1D;
56152 : 1D;
56153 : 1D;
56154 : 1D;
56155 : 1D;
56156 : 1D;
56157 : 1D;
56158 : 1D;
56159 : 1D;
56160 : 1D;
56161 : 3D;
56162 : 3D;
56163 : 3D;
56164 : 3D;
56165 : 3D;
56166 : 3D;
56167 : 3D;
56168 : 3D;
56169 : 3D;
56170 : 3D;
56171 : 1D;
56172 : 1D;
56173 : 1D;
56174 : 1D;
56175 : 1D;
56176 : 1D;
56177 : 1D;
56178 : 1D;
56179 : 1D;
56180 : 1D;
56181 : 3D;
56182 : 3D;
56183 : 3D;
56184 : 3D;
56185 : 3D;
56186 : 3D;
56187 : 3D;
56188 : 3D;
56189 : 3D;
56190 : 3D;
56191 : 3D;
56192 : 1D;
56193 : 1D;
56194 : 1D;
56195 : 1D;
56196 : 1D;
56197 : 1D;
56198 : 1D;
56199 : 1D;
56200 : 1D;
56201 : 1D;
56202 : 3D;
56203 : 3D;
56204 : 3D;
56205 : 3D;
56206 : 3D;
56207 : 3D;
56208 : 3D;
56209 : 3D;
56210 : 3D;
56211 : 3D;
56212 : 1D;
56213 : 1D;
56214 : 1D;
56215 : 1D;
56216 : 1D;
56217 : 1D;
56218 : 1D;
56219 : 1D;
56220 : 1D;
56221 : 1D;
56222 : 3D;
56223 : 3D;
56224 : 3D;
56225 : 3D;
56226 : 3D;
56227 : 3D;
56228 : 3D;
56229 : 3D;
56230 : 3D;
56231 : 3D;
56232 : 1D;
56233 : 1D;
56234 : 1D;
56235 : 1D;
56236 : 1D;
56237 : 1D;
56238 : 1D;
56239 : 1D;
56240 : 1D;
56241 : 1D;
56242 : 3D;
56243 : 3D;
56244 : 3D;
56245 : 3D;
56246 : 3D;
56247 : 3D;
56248 : 3D;
56249 : 3D;
56250 : 3D;
56251 : 3D;
56252 : 1D;
56253 : 1D;
56254 : 1D;
56255 : 1D;
56256 : 1D;
56257 : 1D;
56258 : 1D;
56259 : 1D;
56260 : 1D;
56261 : 1D;
56262 : 3D;
56263 : 3D;
56264 : 3D;
56265 : 3D;
56266 : 3D;
56267 : 3D;
56268 : 3D;
56269 : 3D;
56270 : 3D;
56271 : 3D;
56272 : 1D;
56273 : 1D;
56274 : 1D;
56275 : 1D;
56276 : 1D;
56277 : 1D;
56278 : 1D;
56279 : 1D;
56280 : 1D;
56281 : 1D;
56282 : 3D;
56283 : 3D;
56284 : 3D;
56285 : 3D;
56286 : 3D;
56287 : 3D;
56288 : 3D;
56289 : 3D;
56290 : 3D;
56291 : 3D;
56292 : 1D;
56293 : 1D;
56294 : 1D;
56295 : 1D;
56296 : 1D;
56297 : 1D;
56298 : 1D;
56299 : 1D;
56300 : 1D;
56301 : 1D;
56302 : 1D;
56303 : 3D;
56304 : 3D;
56305 : 3D;
56306 : 3D;
56307 : 3D;
56308 : 3D;
56309 : 3D;
56310 : 3D;
56311 : 3D;
56312 : 3D;
56313 : 10;
56314 : 10;
56315 : 10;
56316 : 10;
56317 : 10;
56318 : 10;
56319 : 10;
56320 : 14;
56321 : 14;
56322 : 14;
56323 : 14;
56324 : 14;
56325 : 14;
56326 : 14;
56327 : 14;
56328 : 14;
56329 : 14;
56330 : 1D;
56331 : 1D;
56332 : 1D;
56333 : 1D;
56334 : 1D;
56335 : 1D;
56336 : 1D;
56337 : 1D;
56338 : 1D;
56339 : 1D;
56340 : 3D;
56341 : 3D;
56342 : 3D;
56343 : 3D;
56344 : 3D;
56345 : 3D;
56346 : 3D;
56347 : 3D;
56348 : 3D;
56349 : 3D;
56350 : 1D;
56351 : 1D;
56352 : 1D;
56353 : 1D;
56354 : 1D;
56355 : 1D;
56356 : 1D;
56357 : 1D;
56358 : 1D;
56359 : 1D;
56360 : 3D;
56361 : 3D;
56362 : 3D;
56363 : 3D;
56364 : 3D;
56365 : 3D;
56366 : 3D;
56367 : 3D;
56368 : 3D;
56369 : 3D;
56370 : 1D;
56371 : 1D;
56372 : 1D;
56373 : 1D;
56374 : 1D;
56375 : 1D;
56376 : 1D;
56377 : 1D;
56378 : 1D;
56379 : 1D;
56380 : 3D;
56381 : 3D;
56382 : 3D;
56383 : 3D;
56384 : 3D;
56385 : 3D;
56386 : 3D;
56387 : 3D;
56388 : 3D;
56389 : 3D;
56390 : 1D;
56391 : 1D;
56392 : 1D;
56393 : 1D;
56394 : 1D;
56395 : 1D;
56396 : 1D;
56397 : 1D;
56398 : 1D;
56399 : 1D;
56400 : 1D;
56401 : 3D;
56402 : 3D;
56403 : 3D;
56404 : 3D;
56405 : 3D;
56406 : 3D;
56407 : 3D;
56408 : 3D;
56409 : 3D;
56410 : 3D;
56411 : 1D;
56412 : 1D;
56413 : 1D;
56414 : 1D;
56415 : 1D;
56416 : 1D;
56417 : 1D;
56418 : 1D;
56419 : 1D;
56420 : 1D;
56421 : 3D;
56422 : 3D;
56423 : 3D;
56424 : 3D;
56425 : 3D;
56426 : 3D;
56427 : 3D;
56428 : 3D;
56429 : 3D;
56430 : 3D;
56431 : 1D;
56432 : 1D;
56433 : 1D;
56434 : 1D;
56435 : 1D;
56436 : 1D;
56437 : 1D;
56438 : 1D;
56439 : 1D;
56440 : 1D;
56441 : 3D;
56442 : 3D;
56443 : 3D;
56444 : 3D;
56445 : 3D;
56446 : 3D;
56447 : 3D;
56448 : 3D;
56449 : 3D;
56450 : 3D;
56451 : 1D;
56452 : 1D;
56453 : 1D;
56454 : 1D;
56455 : 1D;
56456 : 1D;
56457 : 1D;
56458 : 1D;
56459 : 1D;
56460 : 1D;
56461 : 3D;
56462 : 3D;
56463 : 3D;
56464 : 3D;
56465 : 3D;
56466 : 3D;
56467 : 3D;
56468 : 3D;
56469 : 3D;
56470 : 3D;
56471 : 1D;
56472 : 1D;
56473 : 1D;
56474 : 1D;
56475 : 1D;
56476 : 1D;
56477 : 1D;
56478 : 1D;
56479 : 1D;
56480 : 1D;
56481 : 3D;
56482 : 3D;
56483 : 3D;
56484 : 3D;
56485 : 3D;
56486 : 3D;
56487 : 3D;
56488 : 3D;
56489 : 3D;
56490 : 3D;
56491 : 1D;
56492 : 1D;
56493 : 1D;
56494 : 1D;
56495 : 1D;
56496 : 1D;
56497 : 1D;
56498 : 1D;
56499 : 1D;
56500 : 1D;
56501 : 3D;
56502 : 3D;
56503 : 3D;
56504 : 3D;
56505 : 3D;
56506 : 3D;
56507 : 3D;
56508 : 3D;
56509 : 3D;
56510 : 3D;
56511 : 3D;
56512 : 1D;
56513 : 1D;
56514 : 1D;
56515 : 1D;
56516 : 1D;
56517 : 1D;
56518 : 1D;
56519 : 1D;
56520 : 1D;
56521 : 1D;
56522 : 3D;
56523 : 3D;
56524 : 3D;
56525 : 3D;
56526 : 3D;
56527 : 3D;
56528 : 3D;
56529 : 3D;
56530 : 3D;
56531 : 3D;
56532 : 1D;
56533 : 1D;
56534 : 1D;
56535 : 1D;
56536 : 1D;
56537 : 1D;
56538 : 1D;
56539 : 1D;
56540 : 1D;
56541 : 1D;
56542 : 3D;
56543 : 3D;
56544 : 3D;
56545 : 3D;
56546 : 3D;
56547 : 3D;
56548 : 3D;
56549 : 3D;
56550 : 3D;
56551 : 3D;
56552 : 1D;
56553 : 1D;
56554 : 1D;
56555 : 1D;
56556 : 1D;
56557 : 1D;
56558 : 1D;
56559 : 1D;
56560 : 1D;
56561 : 1D;
56562 : 3D;
56563 : 3D;
56564 : 3D;
56565 : 3D;
56566 : 3D;
56567 : 3D;
56568 : 3D;
56569 : 3D;
56570 : 3D;
56571 : 3D;
56572 : 1D;
56573 : 1D;
56574 : 1D;
56575 : 1D;
56576 : 1D;
56577 : 1D;
56578 : 1D;
56579 : 1D;
56580 : 1D;
56581 : 1D;
56582 : 3D;
56583 : 3D;
56584 : 3D;
56585 : 3D;
56586 : 3D;
56587 : 3D;
56588 : 3D;
56589 : 3D;
56590 : 3D;
56591 : 3D;
56592 : 1D;
56593 : 1D;
56594 : 1D;
56595 : 1D;
56596 : 1D;
56597 : 1D;
56598 : 1D;
56599 : 1D;
56600 : 1D;
56601 : 1D;
56602 : 3D;
56603 : 3D;
56604 : 3D;
56605 : 3D;
56606 : 3D;
56607 : 3D;
56608 : 3D;
56609 : 3D;
56610 : 3D;
56611 : 3D;
56612 : 1D;
56613 : 1D;
56614 : 1D;
56615 : 1D;
56616 : 1D;
56617 : 1D;
56618 : 1D;
56619 : 1D;
56620 : 1D;
56621 : 1D;
56622 : 1D;
56623 : 3D;
56624 : 3D;
56625 : 3D;
56626 : 3D;
56627 : 3D;
56628 : 3D;
56629 : 3D;
56630 : 3D;
56631 : 3D;
56632 : 3D;
56633 : 10;
56634 : 10;
56635 : 10;
56636 : 10;
56637 : 10;
56638 : 10;
56639 : 10;
56640 : 14;
56641 : 14;
56642 : 14;
56643 : 14;
56644 : 14;
56645 : 14;
56646 : 14;
56647 : 14;
56648 : 14;
56649 : 14;
56650 : 1D;
56651 : 1D;
56652 : 1D;
56653 : 1D;
56654 : 1D;
56655 : 1D;
56656 : 1D;
56657 : 1D;
56658 : 1D;
56659 : 1D;
56660 : 3D;
56661 : 3D;
56662 : 3D;
56663 : 3D;
56664 : 3D;
56665 : 3D;
56666 : 3D;
56667 : 3D;
56668 : 3D;
56669 : 3D;
56670 : 1D;
56671 : 1D;
56672 : 1D;
56673 : 1D;
56674 : 1D;
56675 : 1D;
56676 : 1D;
56677 : 1D;
56678 : 1D;
56679 : 1D;
56680 : 3D;
56681 : 3D;
56682 : 3D;
56683 : 3D;
56684 : 3D;
56685 : 3D;
56686 : 3D;
56687 : 3D;
56688 : 3D;
56689 : 3D;
56690 : 1D;
56691 : 1D;
56692 : 1D;
56693 : 1D;
56694 : 1D;
56695 : 1D;
56696 : 1D;
56697 : 1D;
56698 : 1D;
56699 : 1D;
56700 : 3D;
56701 : 3D;
56702 : 3D;
56703 : 3D;
56704 : 3D;
56705 : 3D;
56706 : 3D;
56707 : 3D;
56708 : 3D;
56709 : 3D;
56710 : 1D;
56711 : 1D;
56712 : 1D;
56713 : 1D;
56714 : 1D;
56715 : 1D;
56716 : 1D;
56717 : 1D;
56718 : 1D;
56719 : 1D;
56720 : 1D;
56721 : 3D;
56722 : 3D;
56723 : 3D;
56724 : 3D;
56725 : 3D;
56726 : 3D;
56727 : 3D;
56728 : 3D;
56729 : 3D;
56730 : 3D;
56731 : 1D;
56732 : 1D;
56733 : 1D;
56734 : 1D;
56735 : 1D;
56736 : 1D;
56737 : 1D;
56738 : 1D;
56739 : 1D;
56740 : 1D;
56741 : 3D;
56742 : 3D;
56743 : 3D;
56744 : 3D;
56745 : 3D;
56746 : 3D;
56747 : 3D;
56748 : 3D;
56749 : 3D;
56750 : 3D;
56751 : 1D;
56752 : 1D;
56753 : 1D;
56754 : 1D;
56755 : 1D;
56756 : 1D;
56757 : 1D;
56758 : 1D;
56759 : 1D;
56760 : 1D;
56761 : 3D;
56762 : 3D;
56763 : 3D;
56764 : 3D;
56765 : 3D;
56766 : 3D;
56767 : 3D;
56768 : 3D;
56769 : 3D;
56770 : 3D;
56771 : 1D;
56772 : 1D;
56773 : 1D;
56774 : 1D;
56775 : 1D;
56776 : 1D;
56777 : 1D;
56778 : 1D;
56779 : 1D;
56780 : 1D;
56781 : 3D;
56782 : 3D;
56783 : 3D;
56784 : 3D;
56785 : 3D;
56786 : 3D;
56787 : 3D;
56788 : 3D;
56789 : 3D;
56790 : 3D;
56791 : 1D;
56792 : 1D;
56793 : 1D;
56794 : 1D;
56795 : 1D;
56796 : 1D;
56797 : 1D;
56798 : 1D;
56799 : 1D;
56800 : 1D;
56801 : 3D;
56802 : 3D;
56803 : 3D;
56804 : 3D;
56805 : 3D;
56806 : 3D;
56807 : 3D;
56808 : 3D;
56809 : 3D;
56810 : 3D;
56811 : 1D;
56812 : 1D;
56813 : 1D;
56814 : 1D;
56815 : 1D;
56816 : 1D;
56817 : 1D;
56818 : 1D;
56819 : 1D;
56820 : 1D;
56821 : 3D;
56822 : 3D;
56823 : 3D;
56824 : 3D;
56825 : 3D;
56826 : 3D;
56827 : 3D;
56828 : 3D;
56829 : 3D;
56830 : 3D;
56831 : 3D;
56832 : 1D;
56833 : 1D;
56834 : 1D;
56835 : 1D;
56836 : 1D;
56837 : 1D;
56838 : 1D;
56839 : 1D;
56840 : 1D;
56841 : 1D;
56842 : 3D;
56843 : 3D;
56844 : 3D;
56845 : 3D;
56846 : 3D;
56847 : 3D;
56848 : 3D;
56849 : 3D;
56850 : 3D;
56851 : 3D;
56852 : 1D;
56853 : 1D;
56854 : 1D;
56855 : 1D;
56856 : 1D;
56857 : 1D;
56858 : 1D;
56859 : 1D;
56860 : 1D;
56861 : 1D;
56862 : 3D;
56863 : 3D;
56864 : 3D;
56865 : 3D;
56866 : 3D;
56867 : 3D;
56868 : 3D;
56869 : 3D;
56870 : 3D;
56871 : 3D;
56872 : 1D;
56873 : 1D;
56874 : 1D;
56875 : 1D;
56876 : 1D;
56877 : 1D;
56878 : 1D;
56879 : 1D;
56880 : 1D;
56881 : 1D;
56882 : 3D;
56883 : 3D;
56884 : 3D;
56885 : 3D;
56886 : 3D;
56887 : 3D;
56888 : 3D;
56889 : 3D;
56890 : 3D;
56891 : 3D;
56892 : 1D;
56893 : 1D;
56894 : 1D;
56895 : 1D;
56896 : 1D;
56897 : 1D;
56898 : 1D;
56899 : 1D;
56900 : 1D;
56901 : 1D;
56902 : 3D;
56903 : 3D;
56904 : 3D;
56905 : 3D;
56906 : 3D;
56907 : 3D;
56908 : 3D;
56909 : 3D;
56910 : 3D;
56911 : 3D;
56912 : 1D;
56913 : 1D;
56914 : 1D;
56915 : 1D;
56916 : 1D;
56917 : 1D;
56918 : 1D;
56919 : 1D;
56920 : 1D;
56921 : 1D;
56922 : 3D;
56923 : 3D;
56924 : 3D;
56925 : 3D;
56926 : 3D;
56927 : 3D;
56928 : 3D;
56929 : 3D;
56930 : 3D;
56931 : 3D;
56932 : 1D;
56933 : 1D;
56934 : 1D;
56935 : 1D;
56936 : 1D;
56937 : 1D;
56938 : 1D;
56939 : 1D;
56940 : 1D;
56941 : 1D;
56942 : 1D;
56943 : 3D;
56944 : 3D;
56945 : 3D;
56946 : 3D;
56947 : 3D;
56948 : 3D;
56949 : 3D;
56950 : 3D;
56951 : 3D;
56952 : 3D;
56953 : 10;
56954 : 10;
56955 : 10;
56956 : 10;
56957 : 10;
56958 : 10;
56959 : 10;
56960 : 14;
56961 : 14;
56962 : 14;
56963 : 14;
56964 : 14;
56965 : 14;
56966 : 14;
56967 : 14;
56968 : 14;
56969 : 14;
56970 : 1D;
56971 : 1D;
56972 : 1D;
56973 : 1D;
56974 : 1D;
56975 : 1D;
56976 : 1D;
56977 : 1D;
56978 : 1D;
56979 : 1D;
56980 : 3D;
56981 : 3D;
56982 : 3D;
56983 : 3D;
56984 : 3D;
56985 : 3D;
56986 : 3D;
56987 : 3D;
56988 : 3D;
56989 : 3D;
56990 : 1D;
56991 : 1D;
56992 : 1D;
56993 : 1D;
56994 : 1D;
56995 : 1D;
56996 : 1D;
56997 : 1D;
56998 : 1D;
56999 : 1D;
57000 : 3D;
57001 : 3D;
57002 : 3D;
57003 : 3D;
57004 : 3D;
57005 : 3D;
57006 : 3D;
57007 : 3D;
57008 : 3D;
57009 : 3D;
57010 : 1D;
57011 : 1D;
57012 : 1D;
57013 : 1D;
57014 : 1D;
57015 : 1D;
57016 : 1D;
57017 : 1D;
57018 : 1D;
57019 : 1D;
57020 : 3D;
57021 : 3D;
57022 : 3D;
57023 : 3D;
57024 : 3D;
57025 : 3D;
57026 : 3D;
57027 : 3D;
57028 : 3D;
57029 : 3D;
57030 : 1D;
57031 : 1D;
57032 : 1D;
57033 : 1D;
57034 : 1D;
57035 : 1D;
57036 : 1D;
57037 : 1D;
57038 : 1D;
57039 : 1D;
57040 : 1D;
57041 : 3D;
57042 : 3D;
57043 : 3D;
57044 : 3D;
57045 : 3D;
57046 : 3D;
57047 : 3D;
57048 : 3D;
57049 : 3D;
57050 : 3D;
57051 : 1D;
57052 : 1D;
57053 : 1D;
57054 : 1D;
57055 : 1D;
57056 : 1D;
57057 : 1D;
57058 : 1D;
57059 : 1D;
57060 : 1D;
57061 : 3D;
57062 : 3D;
57063 : 3D;
57064 : 3D;
57065 : 3D;
57066 : 3D;
57067 : 3D;
57068 : 3D;
57069 : 3D;
57070 : 3D;
57071 : 1D;
57072 : 1D;
57073 : 1D;
57074 : 1D;
57075 : 1D;
57076 : 1D;
57077 : 1D;
57078 : 1D;
57079 : 1D;
57080 : 1D;
57081 : 3D;
57082 : 3D;
57083 : 3D;
57084 : 3D;
57085 : 3D;
57086 : 3D;
57087 : 3D;
57088 : 3D;
57089 : 3D;
57090 : 3D;
57091 : 1D;
57092 : 1D;
57093 : 1D;
57094 : 1D;
57095 : 1D;
57096 : 1D;
57097 : 1D;
57098 : 1D;
57099 : 1D;
57100 : 1D;
57101 : 3D;
57102 : 3D;
57103 : 3D;
57104 : 3D;
57105 : 3D;
57106 : 3D;
57107 : 3D;
57108 : 3D;
57109 : 3D;
57110 : 3D;
57111 : 1D;
57112 : 1D;
57113 : 1D;
57114 : 1D;
57115 : 1D;
57116 : 1D;
57117 : 1D;
57118 : 1D;
57119 : 1D;
57120 : 1D;
57121 : 3D;
57122 : 3D;
57123 : 3D;
57124 : 3D;
57125 : 3D;
57126 : 3D;
57127 : 3D;
57128 : 3D;
57129 : 3D;
57130 : 3D;
57131 : 1D;
57132 : 1D;
57133 : 1D;
57134 : 1D;
57135 : 1D;
57136 : 1D;
57137 : 1D;
57138 : 1D;
57139 : 1D;
57140 : 1D;
57141 : 3D;
57142 : 3D;
57143 : 3D;
57144 : 3D;
57145 : 3D;
57146 : 3D;
57147 : 3D;
57148 : 3D;
57149 : 3D;
57150 : 3D;
57151 : 3D;
57152 : 1D;
57153 : 1D;
57154 : 1D;
57155 : 1D;
57156 : 1D;
57157 : 1D;
57158 : 1D;
57159 : 1D;
57160 : 1D;
57161 : 1D;
57162 : 3D;
57163 : 3D;
57164 : 3D;
57165 : 3D;
57166 : 3D;
57167 : 3D;
57168 : 3D;
57169 : 3D;
57170 : 3D;
57171 : 3D;
57172 : 1D;
57173 : 1D;
57174 : 1D;
57175 : 1D;
57176 : 1D;
57177 : 1D;
57178 : 1D;
57179 : 1D;
57180 : 1D;
57181 : 1D;
57182 : 3D;
57183 : 3D;
57184 : 3D;
57185 : 3D;
57186 : 3D;
57187 : 3D;
57188 : 3D;
57189 : 3D;
57190 : 3D;
57191 : 3D;
57192 : 1D;
57193 : 1D;
57194 : 1D;
57195 : 1D;
57196 : 1D;
57197 : 1D;
57198 : 1D;
57199 : 1D;
57200 : 1D;
57201 : 1D;
57202 : 3D;
57203 : 3D;
57204 : 3D;
57205 : 3D;
57206 : 3D;
57207 : 3D;
57208 : 3D;
57209 : 3D;
57210 : 3D;
57211 : 3D;
57212 : 1D;
57213 : 1D;
57214 : 1D;
57215 : 1D;
57216 : 1D;
57217 : 1D;
57218 : 1D;
57219 : 1D;
57220 : 1D;
57221 : 1D;
57222 : 3D;
57223 : 3D;
57224 : 3D;
57225 : 3D;
57226 : 3D;
57227 : 3D;
57228 : 3D;
57229 : 3D;
57230 : 3D;
57231 : 3D;
57232 : 1D;
57233 : 1D;
57234 : 1D;
57235 : 1D;
57236 : 1D;
57237 : 1D;
57238 : 1D;
57239 : 1D;
57240 : 1D;
57241 : 1D;
57242 : 3D;
57243 : 3D;
57244 : 3D;
57245 : 3D;
57246 : 3D;
57247 : 3D;
57248 : 3D;
57249 : 3D;
57250 : 3D;
57251 : 3D;
57252 : 1D;
57253 : 1D;
57254 : 1D;
57255 : 1D;
57256 : 1D;
57257 : 1D;
57258 : 1D;
57259 : 1D;
57260 : 1D;
57261 : 1D;
57262 : 1D;
57263 : 3D;
57264 : 3D;
57265 : 3D;
57266 : 3D;
57267 : 3D;
57268 : 3D;
57269 : 3D;
57270 : 3D;
57271 : 3D;
57272 : 3D;
57273 : 10;
57274 : 10;
57275 : 10;
57276 : 10;
57277 : 10;
57278 : 10;
57279 : 10;
57280 : 14;
57281 : 14;
57282 : 14;
57283 : 14;
57284 : 14;
57285 : 14;
57286 : 14;
57287 : 14;
57288 : 14;
57289 : 14;
57290 : 1D;
57291 : 1D;
57292 : 1D;
57293 : 1D;
57294 : 1D;
57295 : 1D;
57296 : 1D;
57297 : 1D;
57298 : 1D;
57299 : 1D;
57300 : 3D;
57301 : 3D;
57302 : 3D;
57303 : 3D;
57304 : 3D;
57305 : 3D;
57306 : 3D;
57307 : 3D;
57308 : 3D;
57309 : 3D;
57310 : 1D;
57311 : 1D;
57312 : 1D;
57313 : 1D;
57314 : 1D;
57315 : 1D;
57316 : 1D;
57317 : 1D;
57318 : 1D;
57319 : 1D;
57320 : 3D;
57321 : 3D;
57322 : 3D;
57323 : 3D;
57324 : 3D;
57325 : 3D;
57326 : 3D;
57327 : 3D;
57328 : 3D;
57329 : 3D;
57330 : 1D;
57331 : 1D;
57332 : 1D;
57333 : 1D;
57334 : 1D;
57335 : 1D;
57336 : 1D;
57337 : 1D;
57338 : 1D;
57339 : 1D;
57340 : 3D;
57341 : 3D;
57342 : 3D;
57343 : 3D;
57344 : 3D;
57345 : 3D;
57346 : 3D;
57347 : 3D;
57348 : 3D;
57349 : 3D;
57350 : 1D;
57351 : 1D;
57352 : 1D;
57353 : 1D;
57354 : 1D;
57355 : 1D;
57356 : 1D;
57357 : 1D;
57358 : 1D;
57359 : 1D;
57360 : 1D;
57361 : 3D;
57362 : 3D;
57363 : 3D;
57364 : 3D;
57365 : 3D;
57366 : 3D;
57367 : 3D;
57368 : 3D;
57369 : 3D;
57370 : 3D;
57371 : 1D;
57372 : 1D;
57373 : 1D;
57374 : 1D;
57375 : 1D;
57376 : 1D;
57377 : 1D;
57378 : 1D;
57379 : 1D;
57380 : 1D;
57381 : 3D;
57382 : 3D;
57383 : 3D;
57384 : 3D;
57385 : 3D;
57386 : 3D;
57387 : 3D;
57388 : 3D;
57389 : 3D;
57390 : 3D;
57391 : 1D;
57392 : 1D;
57393 : 1D;
57394 : 1D;
57395 : 1D;
57396 : 1D;
57397 : 1D;
57398 : 1D;
57399 : 1D;
57400 : 1D;
57401 : 3D;
57402 : 3D;
57403 : 3D;
57404 : 3D;
57405 : 3D;
57406 : 3D;
57407 : 3D;
57408 : 3D;
57409 : 3D;
57410 : 3D;
57411 : 1D;
57412 : 1D;
57413 : 1D;
57414 : 1D;
57415 : 1D;
57416 : 1D;
57417 : 1D;
57418 : 1D;
57419 : 1D;
57420 : 1D;
57421 : 3D;
57422 : 3D;
57423 : 3D;
57424 : 3D;
57425 : 3D;
57426 : 3D;
57427 : 3D;
57428 : 3D;
57429 : 3D;
57430 : 3D;
57431 : 1D;
57432 : 1D;
57433 : 1D;
57434 : 1D;
57435 : 1D;
57436 : 1D;
57437 : 1D;
57438 : 1D;
57439 : 1D;
57440 : 1D;
57441 : 3D;
57442 : 3D;
57443 : 3D;
57444 : 3D;
57445 : 3D;
57446 : 3D;
57447 : 3D;
57448 : 3D;
57449 : 3D;
57450 : 3D;
57451 : 1D;
57452 : 1D;
57453 : 1D;
57454 : 1D;
57455 : 1D;
57456 : 1D;
57457 : 1D;
57458 : 1D;
57459 : 1D;
57460 : 1D;
57461 : 3D;
57462 : 3D;
57463 : 3D;
57464 : 3D;
57465 : 3D;
57466 : 3D;
57467 : 3D;
57468 : 3D;
57469 : 3D;
57470 : 3D;
57471 : 3D;
57472 : 1D;
57473 : 1D;
57474 : 1D;
57475 : 1D;
57476 : 1D;
57477 : 1D;
57478 : 1D;
57479 : 1D;
57480 : 1D;
57481 : 1D;
57482 : 3D;
57483 : 3D;
57484 : 3D;
57485 : 3D;
57486 : 3D;
57487 : 3D;
57488 : 3D;
57489 : 3D;
57490 : 3D;
57491 : 3D;
57492 : 1D;
57493 : 1D;
57494 : 1D;
57495 : 1D;
57496 : 1D;
57497 : 1D;
57498 : 1D;
57499 : 1D;
57500 : 1D;
57501 : 1D;
57502 : 3D;
57503 : 3D;
57504 : 3D;
57505 : 3D;
57506 : 3D;
57507 : 3D;
57508 : 3D;
57509 : 3D;
57510 : 3D;
57511 : 3D;
57512 : 1D;
57513 : 1D;
57514 : 1D;
57515 : 1D;
57516 : 1D;
57517 : 1D;
57518 : 1D;
57519 : 1D;
57520 : 1D;
57521 : 1D;
57522 : 3D;
57523 : 3D;
57524 : 3D;
57525 : 3D;
57526 : 3D;
57527 : 3D;
57528 : 3D;
57529 : 3D;
57530 : 3D;
57531 : 3D;
57532 : 1D;
57533 : 1D;
57534 : 1D;
57535 : 1D;
57536 : 1D;
57537 : 1D;
57538 : 1D;
57539 : 1D;
57540 : 1D;
57541 : 1D;
57542 : 3D;
57543 : 3D;
57544 : 3D;
57545 : 3D;
57546 : 3D;
57547 : 3D;
57548 : 3D;
57549 : 3D;
57550 : 3D;
57551 : 3D;
57552 : 1D;
57553 : 1D;
57554 : 1D;
57555 : 1D;
57556 : 1D;
57557 : 1D;
57558 : 1D;
57559 : 1D;
57560 : 1D;
57561 : 1D;
57562 : 3D;
57563 : 3D;
57564 : 3D;
57565 : 3D;
57566 : 3D;
57567 : 3D;
57568 : 3D;
57569 : 3D;
57570 : 3D;
57571 : 3D;
57572 : 1D;
57573 : 1D;
57574 : 1D;
57575 : 1D;
57576 : 1D;
57577 : 1D;
57578 : 1D;
57579 : 1D;
57580 : 1D;
57581 : 1D;
57582 : 1D;
57583 : 3D;
57584 : 3D;
57585 : 3D;
57586 : 3D;
57587 : 3D;
57588 : 3D;
57589 : 3D;
57590 : 3D;
57591 : 3D;
57592 : 3D;
57593 : 10;
57594 : 10;
57595 : 10;
57596 : 10;
57597 : 10;
57598 : 10;
57599 : 10;
57600 : 14;
57601 : 14;
57602 : 14;
57603 : 14;
57604 : 14;
57605 : 14;
57606 : 14;
57607 : 14;
57608 : 14;
57609 : 14;
57610 : 1D;
57611 : 1D;
57612 : 1D;
57613 : 1D;
57614 : 1D;
57615 : 1D;
57616 : 1D;
57617 : 1D;
57618 : 1D;
57619 : 1D;
57620 : 3D;
57621 : 3D;
57622 : 3D;
57623 : 3D;
57624 : 3D;
57625 : 3D;
57626 : 3D;
57627 : 3D;
57628 : 3D;
57629 : 3D;
57630 : 1D;
57631 : 1D;
57632 : 1D;
57633 : 1D;
57634 : 1D;
57635 : 1D;
57636 : 1D;
57637 : 1D;
57638 : 1D;
57639 : 1D;
57640 : 3D;
57641 : 3D;
57642 : 3D;
57643 : 3D;
57644 : 3D;
57645 : 3D;
57646 : 3D;
57647 : 3D;
57648 : 3D;
57649 : 3D;
57650 : 1D;
57651 : 1D;
57652 : 1D;
57653 : 1D;
57654 : 1D;
57655 : 1D;
57656 : 1D;
57657 : 1D;
57658 : 1D;
57659 : 1D;
57660 : 3D;
57661 : 3D;
57662 : 3D;
57663 : 3D;
57664 : 3D;
57665 : 3D;
57666 : 3D;
57667 : 3D;
57668 : 3D;
57669 : 3D;
57670 : 1D;
57671 : 1D;
57672 : 1D;
57673 : 1D;
57674 : 1D;
57675 : 1D;
57676 : 1D;
57677 : 1D;
57678 : 1D;
57679 : 1D;
57680 : 1D;
57681 : 3D;
57682 : 3D;
57683 : 3D;
57684 : 3D;
57685 : 3D;
57686 : 3D;
57687 : 3D;
57688 : 3D;
57689 : 3D;
57690 : 3D;
57691 : 1D;
57692 : 1D;
57693 : 1D;
57694 : 1D;
57695 : 1D;
57696 : 1D;
57697 : 1D;
57698 : 1D;
57699 : 1D;
57700 : 1D;
57701 : 3D;
57702 : 3D;
57703 : 3D;
57704 : 3D;
57705 : 3D;
57706 : 3D;
57707 : 3D;
57708 : 3D;
57709 : 3D;
57710 : 3D;
57711 : 1D;
57712 : 1D;
57713 : 1D;
57714 : 1D;
57715 : 1D;
57716 : 1D;
57717 : 1D;
57718 : 1D;
57719 : 1D;
57720 : 1D;
57721 : 3D;
57722 : 3D;
57723 : 3D;
57724 : 3D;
57725 : 3D;
57726 : 3D;
57727 : 3D;
57728 : 3D;
57729 : 3D;
57730 : 3D;
57731 : 1D;
57732 : 1D;
57733 : 1D;
57734 : 1D;
57735 : 1D;
57736 : 1D;
57737 : 1D;
57738 : 1D;
57739 : 1D;
57740 : 1D;
57741 : 3D;
57742 : 3D;
57743 : 3D;
57744 : 3D;
57745 : 3D;
57746 : 3D;
57747 : 3D;
57748 : 3D;
57749 : 3D;
57750 : 3D;
57751 : 1D;
57752 : 1D;
57753 : 1D;
57754 : 1D;
57755 : 1D;
57756 : 1D;
57757 : 1D;
57758 : 1D;
57759 : 1D;
57760 : 1D;
57761 : 3D;
57762 : 3D;
57763 : 3D;
57764 : 3D;
57765 : 3D;
57766 : 3D;
57767 : 3D;
57768 : 3D;
57769 : 3D;
57770 : 3D;
57771 : 1D;
57772 : 1D;
57773 : 1D;
57774 : 1D;
57775 : 1D;
57776 : 1D;
57777 : 1D;
57778 : 1D;
57779 : 1D;
57780 : 1D;
57781 : 3D;
57782 : 3D;
57783 : 3D;
57784 : 3D;
57785 : 3D;
57786 : 3D;
57787 : 3D;
57788 : 3D;
57789 : 3D;
57790 : 3D;
57791 : 3D;
57792 : 1D;
57793 : 1D;
57794 : 1D;
57795 : 1D;
57796 : 1D;
57797 : 1D;
57798 : 1D;
57799 : 1D;
57800 : 1D;
57801 : 1D;
57802 : 3D;
57803 : 3D;
57804 : 3D;
57805 : 3D;
57806 : 3D;
57807 : 3D;
57808 : 3D;
57809 : 3D;
57810 : 3D;
57811 : 3D;
57812 : 1D;
57813 : 1D;
57814 : 1D;
57815 : 1D;
57816 : 1D;
57817 : 1D;
57818 : 1D;
57819 : 1D;
57820 : 1D;
57821 : 1D;
57822 : 3D;
57823 : 3D;
57824 : 3D;
57825 : 3D;
57826 : 3D;
57827 : 3D;
57828 : 3D;
57829 : 3D;
57830 : 3D;
57831 : 3D;
57832 : 1D;
57833 : 1D;
57834 : 1D;
57835 : 1D;
57836 : 1D;
57837 : 1D;
57838 : 1D;
57839 : 1D;
57840 : 1D;
57841 : 1D;
57842 : 3D;
57843 : 3D;
57844 : 3D;
57845 : 3D;
57846 : 3D;
57847 : 3D;
57848 : 3D;
57849 : 3D;
57850 : 3D;
57851 : 3D;
57852 : 1D;
57853 : 1D;
57854 : 1D;
57855 : 1D;
57856 : 1D;
57857 : 1D;
57858 : 1D;
57859 : 1D;
57860 : 1D;
57861 : 1D;
57862 : 3D;
57863 : 3D;
57864 : 3D;
57865 : 3D;
57866 : 3D;
57867 : 3D;
57868 : 3D;
57869 : 3D;
57870 : 3D;
57871 : 3D;
57872 : 1D;
57873 : 1D;
57874 : 1D;
57875 : 1D;
57876 : 1D;
57877 : 1D;
57878 : 1D;
57879 : 1D;
57880 : 1D;
57881 : 1D;
57882 : 3D;
57883 : 3D;
57884 : 3D;
57885 : 3D;
57886 : 3D;
57887 : 3D;
57888 : 3D;
57889 : 3D;
57890 : 3D;
57891 : 3D;
57892 : 1D;
57893 : 1D;
57894 : 1D;
57895 : 1D;
57896 : 1D;
57897 : 1D;
57898 : 1D;
57899 : 1D;
57900 : 1D;
57901 : 1D;
57902 : 1D;
57903 : 3D;
57904 : 3D;
57905 : 3D;
57906 : 3D;
57907 : 3D;
57908 : 3D;
57909 : 3D;
57910 : 3D;
57911 : 3D;
57912 : 3D;
57913 : 10;
57914 : 10;
57915 : 10;
57916 : 10;
57917 : 10;
57918 : 10;
57919 : 10;
57920 : 10;
57921 : 10;
57922 : 10;
57923 : 10;
57924 : 10;
57925 : 10;
57926 : 10;
57927 : 10;
57928 : 10;
57929 : 10;
57930 : 3D;
57931 : 3D;
57932 : 3D;
57933 : 3D;
57934 : 3D;
57935 : 3D;
57936 : 3D;
57937 : 3D;
57938 : 3D;
57939 : 3D;
57940 : 1D;
57941 : 1D;
57942 : 1D;
57943 : 1D;
57944 : 1D;
57945 : 1D;
57946 : 1D;
57947 : 1D;
57948 : 1D;
57949 : 1D;
57950 : 3D;
57951 : 3D;
57952 : 3D;
57953 : 3D;
57954 : 3D;
57955 : 3D;
57956 : 3D;
57957 : 3D;
57958 : 3D;
57959 : 3D;
57960 : 1D;
57961 : 1D;
57962 : 1D;
57963 : 1D;
57964 : 1D;
57965 : 1D;
57966 : 1D;
57967 : 1D;
57968 : 1D;
57969 : 1D;
57970 : 3D;
57971 : 3D;
57972 : 3D;
57973 : 3D;
57974 : 3D;
57975 : 3D;
57976 : 3D;
57977 : 3D;
57978 : 3D;
57979 : 3D;
57980 : 1D;
57981 : 1D;
57982 : 1D;
57983 : 1D;
57984 : 1D;
57985 : 1D;
57986 : 1D;
57987 : 1D;
57988 : 1D;
57989 : 1D;
57990 : 3D;
57991 : 3D;
57992 : 3D;
57993 : 3D;
57994 : 3D;
57995 : 3D;
57996 : 3D;
57997 : 3D;
57998 : 3D;
57999 : 3D;
58000 : 3D;
58001 : 1D;
58002 : 1D;
58003 : 1D;
58004 : 1D;
58005 : 1D;
58006 : 1D;
58007 : 1D;
58008 : 1D;
58009 : 1D;
58010 : 1D;
58011 : 3D;
58012 : 3D;
58013 : 3D;
58014 : 3D;
58015 : 3D;
58016 : 3D;
58017 : 3D;
58018 : 3D;
58019 : 3D;
58020 : 3D;
58021 : 1D;
58022 : 1D;
58023 : 1D;
58024 : 1D;
58025 : 1D;
58026 : 1D;
58027 : 1D;
58028 : 1D;
58029 : 1D;
58030 : 1D;
58031 : 3D;
58032 : 3D;
58033 : 3D;
58034 : 3D;
58035 : 3D;
58036 : 3D;
58037 : 3D;
58038 : 3D;
58039 : 3D;
58040 : 3D;
58041 : 1D;
58042 : 1D;
58043 : 1D;
58044 : 1D;
58045 : 1D;
58046 : 1D;
58047 : 1D;
58048 : 1D;
58049 : 1D;
58050 : 1D;
58051 : 3D;
58052 : 3D;
58053 : 3D;
58054 : 3D;
58055 : 3D;
58056 : 3D;
58057 : 3D;
58058 : 3D;
58059 : 3D;
58060 : 3D;
58061 : 1D;
58062 : 1D;
58063 : 1D;
58064 : 1D;
58065 : 1D;
58066 : 1D;
58067 : 1D;
58068 : 1D;
58069 : 1D;
58070 : 1D;
58071 : 3D;
58072 : 3D;
58073 : 3D;
58074 : 3D;
58075 : 3D;
58076 : 3D;
58077 : 3D;
58078 : 3D;
58079 : 3D;
58080 : 3D;
58081 : 1D;
58082 : 1D;
58083 : 1D;
58084 : 1D;
58085 : 1D;
58086 : 1D;
58087 : 1D;
58088 : 1D;
58089 : 1D;
58090 : 1D;
58091 : 3D;
58092 : 3D;
58093 : 3D;
58094 : 3D;
58095 : 3D;
58096 : 3D;
58097 : 3D;
58098 : 3D;
58099 : 3D;
58100 : 3D;
58101 : 1D;
58102 : 1D;
58103 : 1D;
58104 : 1D;
58105 : 1D;
58106 : 1D;
58107 : 1D;
58108 : 1D;
58109 : 1D;
58110 : 1D;
58111 : 1D;
58112 : 3D;
58113 : 3D;
58114 : 3D;
58115 : 3D;
58116 : 3D;
58117 : 3D;
58118 : 3D;
58119 : 3D;
58120 : 3D;
58121 : 3D;
58122 : 1D;
58123 : 1D;
58124 : 1D;
58125 : 1D;
58126 : 1D;
58127 : 1D;
58128 : 1D;
58129 : 1D;
58130 : 1D;
58131 : 1D;
58132 : 3D;
58133 : 3D;
58134 : 3D;
58135 : 3D;
58136 : 3D;
58137 : 3D;
58138 : 3D;
58139 : 3D;
58140 : 3D;
58141 : 3D;
58142 : 1D;
58143 : 1D;
58144 : 1D;
58145 : 1D;
58146 : 1D;
58147 : 1D;
58148 : 1D;
58149 : 1D;
58150 : 1D;
58151 : 1D;
58152 : 3D;
58153 : 3D;
58154 : 3D;
58155 : 3D;
58156 : 3D;
58157 : 3D;
58158 : 3D;
58159 : 3D;
58160 : 3D;
58161 : 3D;
58162 : 1D;
58163 : 1D;
58164 : 1D;
58165 : 1D;
58166 : 1D;
58167 : 1D;
58168 : 1D;
58169 : 1D;
58170 : 1D;
58171 : 1D;
58172 : 3D;
58173 : 3D;
58174 : 3D;
58175 : 3D;
58176 : 3D;
58177 : 3D;
58178 : 3D;
58179 : 3D;
58180 : 3D;
58181 : 3D;
58182 : 1D;
58183 : 1D;
58184 : 1D;
58185 : 1D;
58186 : 1D;
58187 : 1D;
58188 : 1D;
58189 : 1D;
58190 : 1D;
58191 : 1D;
58192 : 3D;
58193 : 3D;
58194 : 3D;
58195 : 3D;
58196 : 3D;
58197 : 3D;
58198 : 3D;
58199 : 3D;
58200 : 3D;
58201 : 3D;
58202 : 1D;
58203 : 1D;
58204 : 1D;
58205 : 1D;
58206 : 1D;
58207 : 1D;
58208 : 1D;
58209 : 1D;
58210 : 1D;
58211 : 1D;
58212 : 3D;
58213 : 3D;
58214 : 3D;
58215 : 3D;
58216 : 3D;
58217 : 3D;
58218 : 3D;
58219 : 3D;
58220 : 3D;
58221 : 3D;
58222 : 3D;
58223 : 1D;
58224 : 1D;
58225 : 1D;
58226 : 1D;
58227 : 1D;
58228 : 1D;
58229 : 1D;
58230 : 1D;
58231 : 1D;
58232 : 1D;
58233 : 14;
58234 : 14;
58235 : 14;
58236 : 14;
58237 : 14;
58238 : 14;
58239 : 14;
58240 : 10;
58241 : 10;
58242 : 10;
58243 : 10;
58244 : 10;
58245 : 10;
58246 : 10;
58247 : 10;
58248 : 10;
58249 : 10;
58250 : 3D;
58251 : 3D;
58252 : 3D;
58253 : 3D;
58254 : 3D;
58255 : 3D;
58256 : 3D;
58257 : 3D;
58258 : 3D;
58259 : 3D;
58260 : 1D;
58261 : 1D;
58262 : 1D;
58263 : 1D;
58264 : 1D;
58265 : 1D;
58266 : 1D;
58267 : 1D;
58268 : 1D;
58269 : 1D;
58270 : 3D;
58271 : 3D;
58272 : 3D;
58273 : 3D;
58274 : 3D;
58275 : 3D;
58276 : 3D;
58277 : 3D;
58278 : 3D;
58279 : 3D;
58280 : 1D;
58281 : 1D;
58282 : 1D;
58283 : 1D;
58284 : 1D;
58285 : 1D;
58286 : 1D;
58287 : 1D;
58288 : 1D;
58289 : 1D;
58290 : 3D;
58291 : 3D;
58292 : 3D;
58293 : 3D;
58294 : 3D;
58295 : 3D;
58296 : 3D;
58297 : 3D;
58298 : 3D;
58299 : 3D;
58300 : 1D;
58301 : 1D;
58302 : 1D;
58303 : 1D;
58304 : 1D;
58305 : 1D;
58306 : 1D;
58307 : 1D;
58308 : 1D;
58309 : 1D;
58310 : 3D;
58311 : 3D;
58312 : 3D;
58313 : 3D;
58314 : 3D;
58315 : 3D;
58316 : 3D;
58317 : 3D;
58318 : 3D;
58319 : 3D;
58320 : 3D;
58321 : 1D;
58322 : 1D;
58323 : 1D;
58324 : 1D;
58325 : 1D;
58326 : 1D;
58327 : 1D;
58328 : 1D;
58329 : 1D;
58330 : 1D;
58331 : 3D;
58332 : 3D;
58333 : 3D;
58334 : 3D;
58335 : 3D;
58336 : 3D;
58337 : 3D;
58338 : 3D;
58339 : 3D;
58340 : 3D;
58341 : 1D;
58342 : 1D;
58343 : 1D;
58344 : 1D;
58345 : 1D;
58346 : 1D;
58347 : 1D;
58348 : 1D;
58349 : 1D;
58350 : 1D;
58351 : 3D;
58352 : 3D;
58353 : 3D;
58354 : 3D;
58355 : 3D;
58356 : 3D;
58357 : 3D;
58358 : 3D;
58359 : 3D;
58360 : 3D;
58361 : 1D;
58362 : 1D;
58363 : 1D;
58364 : 1D;
58365 : 1D;
58366 : 1D;
58367 : 1D;
58368 : 1D;
58369 : 1D;
58370 : 1D;
58371 : 3D;
58372 : 3D;
58373 : 3D;
58374 : 3D;
58375 : 3D;
58376 : 3D;
58377 : 3D;
58378 : 3D;
58379 : 3D;
58380 : 3D;
58381 : 1D;
58382 : 1D;
58383 : 1D;
58384 : 1D;
58385 : 1D;
58386 : 1D;
58387 : 1D;
58388 : 1D;
58389 : 1D;
58390 : 1D;
58391 : 3D;
58392 : 3D;
58393 : 3D;
58394 : 3D;
58395 : 3D;
58396 : 3D;
58397 : 3D;
58398 : 3D;
58399 : 3D;
58400 : 3D;
58401 : 1D;
58402 : 1D;
58403 : 1D;
58404 : 1D;
58405 : 1D;
58406 : 1D;
58407 : 1D;
58408 : 1D;
58409 : 1D;
58410 : 1D;
58411 : 3D;
58412 : 3D;
58413 : 3D;
58414 : 3D;
58415 : 3D;
58416 : 3D;
58417 : 3D;
58418 : 3D;
58419 : 3D;
58420 : 3D;
58421 : 1D;
58422 : 1D;
58423 : 1D;
58424 : 1D;
58425 : 1D;
58426 : 1D;
58427 : 1D;
58428 : 1D;
58429 : 1D;
58430 : 1D;
58431 : 1D;
58432 : 3D;
58433 : 3D;
58434 : 3D;
58435 : 3D;
58436 : 3D;
58437 : 3D;
58438 : 3D;
58439 : 3D;
58440 : 3D;
58441 : 3D;
58442 : 1D;
58443 : 1D;
58444 : 1D;
58445 : 1D;
58446 : 1D;
58447 : 1D;
58448 : 1D;
58449 : 1D;
58450 : 1D;
58451 : 1D;
58452 : 3D;
58453 : 3D;
58454 : 3D;
58455 : 3D;
58456 : 3D;
58457 : 3D;
58458 : 3D;
58459 : 3D;
58460 : 3D;
58461 : 3D;
58462 : 1D;
58463 : 1D;
58464 : 1D;
58465 : 1D;
58466 : 1D;
58467 : 1D;
58468 : 1D;
58469 : 1D;
58470 : 1D;
58471 : 1D;
58472 : 3D;
58473 : 3D;
58474 : 3D;
58475 : 3D;
58476 : 3D;
58477 : 3D;
58478 : 3D;
58479 : 3D;
58480 : 3D;
58481 : 3D;
58482 : 1D;
58483 : 1D;
58484 : 1D;
58485 : 1D;
58486 : 1D;
58487 : 1D;
58488 : 1D;
58489 : 1D;
58490 : 1D;
58491 : 1D;
58492 : 3D;
58493 : 3D;
58494 : 3D;
58495 : 3D;
58496 : 3D;
58497 : 3D;
58498 : 3D;
58499 : 3D;
58500 : 3D;
58501 : 3D;
58502 : 1D;
58503 : 1D;
58504 : 1D;
58505 : 1D;
58506 : 1D;
58507 : 1D;
58508 : 1D;
58509 : 1D;
58510 : 1D;
58511 : 1D;
58512 : 3D;
58513 : 3D;
58514 : 3D;
58515 : 3D;
58516 : 3D;
58517 : 3D;
58518 : 3D;
58519 : 3D;
58520 : 3D;
58521 : 3D;
58522 : 1D;
58523 : 1D;
58524 : 1D;
58525 : 1D;
58526 : 1D;
58527 : 1D;
58528 : 1D;
58529 : 1D;
58530 : 1D;
58531 : 1D;
58532 : 3D;
58533 : 3D;
58534 : 3D;
58535 : 3D;
58536 : 3D;
58537 : 3D;
58538 : 3D;
58539 : 3D;
58540 : 3D;
58541 : 3D;
58542 : 3D;
58543 : 1D;
58544 : 1D;
58545 : 1D;
58546 : 1D;
58547 : 1D;
58548 : 1D;
58549 : 1D;
58550 : 1D;
58551 : 1D;
58552 : 1D;
58553 : 14;
58554 : 14;
58555 : 14;
58556 : 14;
58557 : 14;
58558 : 14;
58559 : 14;
58560 : 10;
58561 : 10;
58562 : 10;
58563 : 10;
58564 : 10;
58565 : 10;
58566 : 10;
58567 : 10;
58568 : 10;
58569 : 10;
58570 : 3D;
58571 : 3D;
58572 : 3D;
58573 : 3D;
58574 : 3D;
58575 : 3D;
58576 : 3D;
58577 : 3D;
58578 : 3D;
58579 : 3D;
58580 : 1D;
58581 : 1D;
58582 : 1D;
58583 : 1D;
58584 : 1D;
58585 : 1D;
58586 : 1D;
58587 : 1D;
58588 : 1D;
58589 : 1D;
58590 : 3D;
58591 : 3D;
58592 : 3D;
58593 : 3D;
58594 : 3D;
58595 : 3D;
58596 : 3D;
58597 : 3D;
58598 : 3D;
58599 : 3D;
58600 : 1D;
58601 : 1D;
58602 : 1D;
58603 : 1D;
58604 : 1D;
58605 : 1D;
58606 : 1D;
58607 : 1D;
58608 : 1D;
58609 : 1D;
58610 : 3D;
58611 : 3D;
58612 : 3D;
58613 : 3D;
58614 : 3D;
58615 : 3D;
58616 : 3D;
58617 : 3D;
58618 : 3D;
58619 : 3D;
58620 : 1D;
58621 : 1D;
58622 : 1D;
58623 : 1D;
58624 : 1D;
58625 : 1D;
58626 : 1D;
58627 : 1D;
58628 : 1D;
58629 : 1D;
58630 : 3D;
58631 : 3D;
58632 : 3D;
58633 : 3D;
58634 : 3D;
58635 : 3D;
58636 : 3D;
58637 : 3D;
58638 : 3D;
58639 : 3D;
58640 : 3D;
58641 : 1D;
58642 : 1D;
58643 : 1D;
58644 : 1D;
58645 : 1D;
58646 : 1D;
58647 : 1D;
58648 : 1D;
58649 : 1D;
58650 : 1D;
58651 : 3D;
58652 : 3D;
58653 : 3D;
58654 : 3D;
58655 : 3D;
58656 : 3D;
58657 : 3D;
58658 : 3D;
58659 : 3D;
58660 : 3D;
58661 : 1D;
58662 : 1D;
58663 : 1D;
58664 : 1D;
58665 : 1D;
58666 : 1D;
58667 : 1D;
58668 : 1D;
58669 : 1D;
58670 : 1D;
58671 : 3D;
58672 : 3D;
58673 : 3D;
58674 : 3D;
58675 : 3D;
58676 : 3D;
58677 : 3D;
58678 : 3D;
58679 : 3D;
58680 : 3D;
58681 : 1D;
58682 : 1D;
58683 : 1D;
58684 : 1D;
58685 : 1D;
58686 : 1D;
58687 : 1D;
58688 : 1D;
58689 : 1D;
58690 : 1D;
58691 : 3D;
58692 : 3D;
58693 : 3D;
58694 : 3D;
58695 : 3D;
58696 : 3D;
58697 : 3D;
58698 : 3D;
58699 : 3D;
58700 : 3D;
58701 : 1D;
58702 : 1D;
58703 : 1D;
58704 : 1D;
58705 : 1D;
58706 : 1D;
58707 : 1D;
58708 : 1D;
58709 : 1D;
58710 : 1D;
58711 : 3D;
58712 : 3D;
58713 : 3D;
58714 : 3D;
58715 : 3D;
58716 : 3D;
58717 : 3D;
58718 : 3D;
58719 : 3D;
58720 : 3D;
58721 : 1D;
58722 : 1D;
58723 : 1D;
58724 : 1D;
58725 : 1D;
58726 : 1D;
58727 : 1D;
58728 : 1D;
58729 : 1D;
58730 : 1D;
58731 : 3D;
58732 : 3D;
58733 : 3D;
58734 : 3D;
58735 : 3D;
58736 : 3D;
58737 : 3D;
58738 : 3D;
58739 : 3D;
58740 : 3D;
58741 : 1D;
58742 : 1D;
58743 : 1D;
58744 : 1D;
58745 : 1D;
58746 : 1D;
58747 : 1D;
58748 : 1D;
58749 : 1D;
58750 : 1D;
58751 : 1D;
58752 : 3D;
58753 : 3D;
58754 : 3D;
58755 : 3D;
58756 : 3D;
58757 : 3D;
58758 : 3D;
58759 : 3D;
58760 : 3D;
58761 : 3D;
58762 : 1D;
58763 : 1D;
58764 : 1D;
58765 : 1D;
58766 : 1D;
58767 : 1D;
58768 : 1D;
58769 : 1D;
58770 : 1D;
58771 : 1D;
58772 : 3D;
58773 : 3D;
58774 : 3D;
58775 : 3D;
58776 : 3D;
58777 : 3D;
58778 : 3D;
58779 : 3D;
58780 : 3D;
58781 : 3D;
58782 : 1D;
58783 : 1D;
58784 : 1D;
58785 : 1D;
58786 : 1D;
58787 : 1D;
58788 : 1D;
58789 : 1D;
58790 : 1D;
58791 : 1D;
58792 : 3D;
58793 : 3D;
58794 : 3D;
58795 : 3D;
58796 : 3D;
58797 : 3D;
58798 : 3D;
58799 : 3D;
58800 : 3D;
58801 : 3D;
58802 : 1D;
58803 : 1D;
58804 : 1D;
58805 : 1D;
58806 : 1D;
58807 : 1D;
58808 : 1D;
58809 : 1D;
58810 : 1D;
58811 : 1D;
58812 : 3D;
58813 : 3D;
58814 : 3D;
58815 : 3D;
58816 : 3D;
58817 : 3D;
58818 : 3D;
58819 : 3D;
58820 : 3D;
58821 : 3D;
58822 : 1D;
58823 : 1D;
58824 : 1D;
58825 : 1D;
58826 : 1D;
58827 : 1D;
58828 : 1D;
58829 : 1D;
58830 : 1D;
58831 : 1D;
58832 : 3D;
58833 : 3D;
58834 : 3D;
58835 : 3D;
58836 : 3D;
58837 : 3D;
58838 : 3D;
58839 : 3D;
58840 : 3D;
58841 : 3D;
58842 : 1D;
58843 : 1D;
58844 : 1D;
58845 : 1D;
58846 : 1D;
58847 : 1D;
58848 : 1D;
58849 : 1D;
58850 : 1D;
58851 : 1D;
58852 : 3D;
58853 : 3D;
58854 : 3D;
58855 : 3D;
58856 : 3D;
58857 : 3D;
58858 : 3D;
58859 : 3D;
58860 : 3D;
58861 : 3D;
58862 : 3D;
58863 : 1D;
58864 : 1D;
58865 : 1D;
58866 : 1D;
58867 : 1D;
58868 : 1D;
58869 : 1D;
58870 : 1D;
58871 : 1D;
58872 : 1D;
58873 : 14;
58874 : 14;
58875 : 14;
58876 : 14;
58877 : 14;
58878 : 14;
58879 : 14;
58880 : 10;
58881 : 10;
58882 : 10;
58883 : 10;
58884 : 10;
58885 : 10;
58886 : 10;
58887 : 10;
58888 : 10;
58889 : 10;
58890 : 3D;
58891 : 3D;
58892 : 3D;
58893 : 3D;
58894 : 3D;
58895 : 3D;
58896 : 3D;
58897 : 3D;
58898 : 3D;
58899 : 3D;
58900 : 1D;
58901 : 1D;
58902 : 1D;
58903 : 1D;
58904 : 1D;
58905 : 1D;
58906 : 1D;
58907 : 1D;
58908 : 1D;
58909 : 1D;
58910 : 3D;
58911 : 3D;
58912 : 3D;
58913 : 3D;
58914 : 3D;
58915 : 3D;
58916 : 3D;
58917 : 3D;
58918 : 3D;
58919 : 3D;
58920 : 1D;
58921 : 1D;
58922 : 1D;
58923 : 1D;
58924 : 1D;
58925 : 1D;
58926 : 1D;
58927 : 1D;
58928 : 1D;
58929 : 1D;
58930 : 3D;
58931 : 3D;
58932 : 3D;
58933 : 3D;
58934 : 3D;
58935 : 3D;
58936 : 3D;
58937 : 3D;
58938 : 3D;
58939 : 3D;
58940 : 1D;
58941 : 1D;
58942 : 1D;
58943 : 1D;
58944 : 1D;
58945 : 1D;
58946 : 1D;
58947 : 1D;
58948 : 1D;
58949 : 1D;
58950 : 3D;
58951 : 3D;
58952 : 3D;
58953 : 3D;
58954 : 3D;
58955 : 3D;
58956 : 3D;
58957 : 3D;
58958 : 3D;
58959 : 3D;
58960 : 3D;
58961 : 1D;
58962 : 1D;
58963 : 1D;
58964 : 1D;
58965 : 1D;
58966 : 1D;
58967 : 1D;
58968 : 1D;
58969 : 1D;
58970 : 1D;
58971 : 3D;
58972 : 3D;
58973 : 3D;
58974 : 3D;
58975 : 3D;
58976 : 3D;
58977 : 3D;
58978 : 3D;
58979 : 3D;
58980 : 3D;
58981 : 1D;
58982 : 1D;
58983 : 1D;
58984 : 1D;
58985 : 1D;
58986 : 1D;
58987 : 1D;
58988 : 1D;
58989 : 1D;
58990 : 1D;
58991 : 3D;
58992 : 3D;
58993 : 3D;
58994 : 3D;
58995 : 3D;
58996 : 3D;
58997 : 3D;
58998 : 3D;
58999 : 3D;
59000 : 3D;
59001 : 1D;
59002 : 1D;
59003 : 1D;
59004 : 1D;
59005 : 1D;
59006 : 1D;
59007 : 1D;
59008 : 1D;
59009 : 1D;
59010 : 1D;
59011 : 3D;
59012 : 3D;
59013 : 3D;
59014 : 3D;
59015 : 3D;
59016 : 3D;
59017 : 3D;
59018 : 3D;
59019 : 3D;
59020 : 3D;
59021 : 1D;
59022 : 1D;
59023 : 1D;
59024 : 1D;
59025 : 1D;
59026 : 1D;
59027 : 1D;
59028 : 1D;
59029 : 1D;
59030 : 1D;
59031 : 3D;
59032 : 3D;
59033 : 3D;
59034 : 3D;
59035 : 3D;
59036 : 3D;
59037 : 3D;
59038 : 3D;
59039 : 3D;
59040 : 3D;
59041 : 1D;
59042 : 1D;
59043 : 1D;
59044 : 1D;
59045 : 1D;
59046 : 1D;
59047 : 1D;
59048 : 1D;
59049 : 1D;
59050 : 1D;
59051 : 3D;
59052 : 3D;
59053 : 3D;
59054 : 3D;
59055 : 3D;
59056 : 3D;
59057 : 3D;
59058 : 3D;
59059 : 3D;
59060 : 3D;
59061 : 1D;
59062 : 1D;
59063 : 1D;
59064 : 1D;
59065 : 1D;
59066 : 1D;
59067 : 1D;
59068 : 1D;
59069 : 1D;
59070 : 1D;
59071 : 1D;
59072 : 3D;
59073 : 3D;
59074 : 3D;
59075 : 3D;
59076 : 3D;
59077 : 3D;
59078 : 3D;
59079 : 3D;
59080 : 3D;
59081 : 3D;
59082 : 1D;
59083 : 1D;
59084 : 1D;
59085 : 1D;
59086 : 1D;
59087 : 1D;
59088 : 1D;
59089 : 1D;
59090 : 1D;
59091 : 1D;
59092 : 3D;
59093 : 3D;
59094 : 3D;
59095 : 3D;
59096 : 3D;
59097 : 3D;
59098 : 3D;
59099 : 3D;
59100 : 3D;
59101 : 3D;
59102 : 1D;
59103 : 1D;
59104 : 1D;
59105 : 1D;
59106 : 1D;
59107 : 1D;
59108 : 1D;
59109 : 1D;
59110 : 1D;
59111 : 1D;
59112 : 3D;
59113 : 3D;
59114 : 3D;
59115 : 3D;
59116 : 3D;
59117 : 3D;
59118 : 3D;
59119 : 3D;
59120 : 3D;
59121 : 3D;
59122 : 1D;
59123 : 1D;
59124 : 1D;
59125 : 1D;
59126 : 1D;
59127 : 1D;
59128 : 1D;
59129 : 1D;
59130 : 1D;
59131 : 1D;
59132 : 3D;
59133 : 3D;
59134 : 3D;
59135 : 3D;
59136 : 3D;
59137 : 3D;
59138 : 3D;
59139 : 3D;
59140 : 3D;
59141 : 3D;
59142 : 1D;
59143 : 1D;
59144 : 1D;
59145 : 1D;
59146 : 1D;
59147 : 1D;
59148 : 1D;
59149 : 1D;
59150 : 1D;
59151 : 1D;
59152 : 3D;
59153 : 3D;
59154 : 3D;
59155 : 3D;
59156 : 3D;
59157 : 3D;
59158 : 3D;
59159 : 3D;
59160 : 3D;
59161 : 3D;
59162 : 1D;
59163 : 1D;
59164 : 1D;
59165 : 1D;
59166 : 1D;
59167 : 1D;
59168 : 1D;
59169 : 1D;
59170 : 1D;
59171 : 1D;
59172 : 3D;
59173 : 3D;
59174 : 3D;
59175 : 3D;
59176 : 3D;
59177 : 3D;
59178 : 3D;
59179 : 3D;
59180 : 3D;
59181 : 3D;
59182 : 3D;
59183 : 1D;
59184 : 1D;
59185 : 1D;
59186 : 1D;
59187 : 1D;
59188 : 1D;
59189 : 1D;
59190 : 1D;
59191 : 1D;
59192 : 1D;
59193 : 14;
59194 : 14;
59195 : 14;
59196 : 14;
59197 : 14;
59198 : 14;
59199 : 14;
59200 : 10;
59201 : 10;
59202 : 10;
59203 : 10;
59204 : 10;
59205 : 10;
59206 : 10;
59207 : 10;
59208 : 10;
59209 : 10;
59210 : 3D;
59211 : 3D;
59212 : 3D;
59213 : 3D;
59214 : 3D;
59215 : 3D;
59216 : 3D;
59217 : 3D;
59218 : 3D;
59219 : 3D;
59220 : 1D;
59221 : 1D;
59222 : 1D;
59223 : 1D;
59224 : 1D;
59225 : 1D;
59226 : 1D;
59227 : 1D;
59228 : 1D;
59229 : 1D;
59230 : 3D;
59231 : 3D;
59232 : 3D;
59233 : 3D;
59234 : 3D;
59235 : 3D;
59236 : 3D;
59237 : 3D;
59238 : 3D;
59239 : 3D;
59240 : 1D;
59241 : 1D;
59242 : 1D;
59243 : 1D;
59244 : 1D;
59245 : 1D;
59246 : 1D;
59247 : 1D;
59248 : 1D;
59249 : 1D;
59250 : 3D;
59251 : 3D;
59252 : 3D;
59253 : 3D;
59254 : 3D;
59255 : 3D;
59256 : 3D;
59257 : 3D;
59258 : 3D;
59259 : 3D;
59260 : 1D;
59261 : 1D;
59262 : 1D;
59263 : 1D;
59264 : 1D;
59265 : 1D;
59266 : 1D;
59267 : 1D;
59268 : 1D;
59269 : 1D;
59270 : 3D;
59271 : 3D;
59272 : 3D;
59273 : 3D;
59274 : 3D;
59275 : 3D;
59276 : 3D;
59277 : 3D;
59278 : 3D;
59279 : 3D;
59280 : 3D;
59281 : 1D;
59282 : 1D;
59283 : 1D;
59284 : 1D;
59285 : 1D;
59286 : 1D;
59287 : 1D;
59288 : 1D;
59289 : 1D;
59290 : 1D;
59291 : 3D;
59292 : 3D;
59293 : 3D;
59294 : 3D;
59295 : 3D;
59296 : 3D;
59297 : 3D;
59298 : 3D;
59299 : 3D;
59300 : 3D;
59301 : 1D;
59302 : 1D;
59303 : 1D;
59304 : 1D;
59305 : 1D;
59306 : 1D;
59307 : 1D;
59308 : 1D;
59309 : 1D;
59310 : 1D;
59311 : 3D;
59312 : 3D;
59313 : 3D;
59314 : 3D;
59315 : 3D;
59316 : 3D;
59317 : 3D;
59318 : 3D;
59319 : 3D;
59320 : 3D;
59321 : 1D;
59322 : 1D;
59323 : 1D;
59324 : 1D;
59325 : 1D;
59326 : 1D;
59327 : 1D;
59328 : 1D;
59329 : 1D;
59330 : 1D;
59331 : 3D;
59332 : 3D;
59333 : 3D;
59334 : 3D;
59335 : 3D;
59336 : 3D;
59337 : 3D;
59338 : 3D;
59339 : 3D;
59340 : 3D;
59341 : 1D;
59342 : 1D;
59343 : 1D;
59344 : 1D;
59345 : 1D;
59346 : 1D;
59347 : 1D;
59348 : 1D;
59349 : 1D;
59350 : 1D;
59351 : 3D;
59352 : 3D;
59353 : 3D;
59354 : 3D;
59355 : 3D;
59356 : 3D;
59357 : 3D;
59358 : 3D;
59359 : 3D;
59360 : 3D;
59361 : 1D;
59362 : 1D;
59363 : 1D;
59364 : 1D;
59365 : 1D;
59366 : 1D;
59367 : 1D;
59368 : 1D;
59369 : 1D;
59370 : 1D;
59371 : 3D;
59372 : 3D;
59373 : 3D;
59374 : 3D;
59375 : 3D;
59376 : 3D;
59377 : 3D;
59378 : 3D;
59379 : 3D;
59380 : 3D;
59381 : 1D;
59382 : 1D;
59383 : 1D;
59384 : 1D;
59385 : 1D;
59386 : 1D;
59387 : 1D;
59388 : 1D;
59389 : 1D;
59390 : 1D;
59391 : 1D;
59392 : 3D;
59393 : 3D;
59394 : 3D;
59395 : 3D;
59396 : 3D;
59397 : 3D;
59398 : 3D;
59399 : 3D;
59400 : 3D;
59401 : 3D;
59402 : 1D;
59403 : 1D;
59404 : 1D;
59405 : 1D;
59406 : 1D;
59407 : 1D;
59408 : 1D;
59409 : 1D;
59410 : 1D;
59411 : 1D;
59412 : 3D;
59413 : 3D;
59414 : 3D;
59415 : 3D;
59416 : 3D;
59417 : 3D;
59418 : 3D;
59419 : 3D;
59420 : 3D;
59421 : 3D;
59422 : 1D;
59423 : 1D;
59424 : 1D;
59425 : 1D;
59426 : 1D;
59427 : 1D;
59428 : 1D;
59429 : 1D;
59430 : 1D;
59431 : 1D;
59432 : 3D;
59433 : 3D;
59434 : 3D;
59435 : 3D;
59436 : 3D;
59437 : 3D;
59438 : 3D;
59439 : 3D;
59440 : 3D;
59441 : 3D;
59442 : 1D;
59443 : 1D;
59444 : 1D;
59445 : 1D;
59446 : 1D;
59447 : 1D;
59448 : 1D;
59449 : 1D;
59450 : 1D;
59451 : 1D;
59452 : 3D;
59453 : 3D;
59454 : 3D;
59455 : 3D;
59456 : 3D;
59457 : 3D;
59458 : 3D;
59459 : 3D;
59460 : 3D;
59461 : 3D;
59462 : 1D;
59463 : 1D;
59464 : 1D;
59465 : 1D;
59466 : 1D;
59467 : 1D;
59468 : 1D;
59469 : 1D;
59470 : 1D;
59471 : 1D;
59472 : 3D;
59473 : 3D;
59474 : 3D;
59475 : 3D;
59476 : 3D;
59477 : 3D;
59478 : 3D;
59479 : 3D;
59480 : 3D;
59481 : 3D;
59482 : 1D;
59483 : 1D;
59484 : 1D;
59485 : 1D;
59486 : 1D;
59487 : 1D;
59488 : 1D;
59489 : 1D;
59490 : 1D;
59491 : 1D;
59492 : 3D;
59493 : 3D;
59494 : 3D;
59495 : 3D;
59496 : 3D;
59497 : 3D;
59498 : 3D;
59499 : 3D;
59500 : 3D;
59501 : 3D;
59502 : 3D;
59503 : 1D;
59504 : 1D;
59505 : 1D;
59506 : 1D;
59507 : 1D;
59508 : 1D;
59509 : 1D;
59510 : 1D;
59511 : 1D;
59512 : 1D;
59513 : 14;
59514 : 14;
59515 : 14;
59516 : 14;
59517 : 14;
59518 : 14;
59519 : 14;
59520 : 10;
59521 : 10;
59522 : 10;
59523 : 10;
59524 : 10;
59525 : 10;
59526 : 10;
59527 : 10;
59528 : 10;
59529 : 10;
59530 : 3D;
59531 : 3D;
59532 : 3D;
59533 : 3D;
59534 : 3D;
59535 : 3D;
59536 : 3D;
59537 : 3D;
59538 : 3D;
59539 : 3D;
59540 : 1D;
59541 : 1D;
59542 : 1D;
59543 : 1D;
59544 : 1D;
59545 : 1D;
59546 : 1D;
59547 : 1D;
59548 : 1D;
59549 : 1D;
59550 : 3D;
59551 : 3D;
59552 : 3D;
59553 : 3D;
59554 : 3D;
59555 : 3D;
59556 : 3D;
59557 : 3D;
59558 : 3D;
59559 : 3D;
59560 : 1D;
59561 : 1D;
59562 : 1D;
59563 : 1D;
59564 : 1D;
59565 : 1D;
59566 : 1D;
59567 : 1D;
59568 : 1D;
59569 : 1D;
59570 : 3D;
59571 : 3D;
59572 : 3D;
59573 : 3D;
59574 : 3D;
59575 : 3D;
59576 : 3D;
59577 : 3D;
59578 : 3D;
59579 : 3D;
59580 : 1D;
59581 : 1D;
59582 : 1D;
59583 : 1D;
59584 : 1D;
59585 : 1D;
59586 : 1D;
59587 : 1D;
59588 : 1D;
59589 : 1D;
59590 : 3D;
59591 : 3D;
59592 : 3D;
59593 : 3D;
59594 : 3D;
59595 : 3D;
59596 : 3D;
59597 : 3D;
59598 : 3D;
59599 : 3D;
59600 : 3D;
59601 : 1D;
59602 : 1D;
59603 : 1D;
59604 : 1D;
59605 : 1D;
59606 : 1D;
59607 : 1D;
59608 : 1D;
59609 : 1D;
59610 : 1D;
59611 : 3D;
59612 : 3D;
59613 : 3D;
59614 : 3D;
59615 : 3D;
59616 : 3D;
59617 : 3D;
59618 : 3D;
59619 : 3D;
59620 : 3D;
59621 : 1D;
59622 : 1D;
59623 : 1D;
59624 : 1D;
59625 : 1D;
59626 : 1D;
59627 : 1D;
59628 : 1D;
59629 : 1D;
59630 : 1D;
59631 : 3D;
59632 : 3D;
59633 : 3D;
59634 : 3D;
59635 : 3D;
59636 : 3D;
59637 : 3D;
59638 : 3D;
59639 : 3D;
59640 : 3D;
59641 : 1D;
59642 : 1D;
59643 : 1D;
59644 : 1D;
59645 : 1D;
59646 : 1D;
59647 : 1D;
59648 : 1D;
59649 : 1D;
59650 : 1D;
59651 : 3D;
59652 : 3D;
59653 : 3D;
59654 : 3D;
59655 : 3D;
59656 : 3D;
59657 : 3D;
59658 : 3D;
59659 : 3D;
59660 : 3D;
59661 : 1D;
59662 : 1D;
59663 : 1D;
59664 : 1D;
59665 : 1D;
59666 : 1D;
59667 : 1D;
59668 : 1D;
59669 : 1D;
59670 : 1D;
59671 : 3D;
59672 : 3D;
59673 : 3D;
59674 : 3D;
59675 : 3D;
59676 : 3D;
59677 : 3D;
59678 : 3D;
59679 : 3D;
59680 : 3D;
59681 : 1D;
59682 : 1D;
59683 : 1D;
59684 : 1D;
59685 : 1D;
59686 : 1D;
59687 : 1D;
59688 : 1D;
59689 : 1D;
59690 : 1D;
59691 : 3D;
59692 : 3D;
59693 : 3D;
59694 : 3D;
59695 : 3D;
59696 : 3D;
59697 : 3D;
59698 : 3D;
59699 : 3D;
59700 : 3D;
59701 : 1D;
59702 : 1D;
59703 : 1D;
59704 : 1D;
59705 : 1D;
59706 : 1D;
59707 : 1D;
59708 : 1D;
59709 : 1D;
59710 : 1D;
59711 : 1D;
59712 : 3D;
59713 : 3D;
59714 : 3D;
59715 : 3D;
59716 : 3D;
59717 : 3D;
59718 : 3D;
59719 : 3D;
59720 : 3D;
59721 : 3D;
59722 : 1D;
59723 : 1D;
59724 : 1D;
59725 : 1D;
59726 : 1D;
59727 : 1D;
59728 : 1D;
59729 : 1D;
59730 : 1D;
59731 : 1D;
59732 : 3D;
59733 : 3D;
59734 : 3D;
59735 : 3D;
59736 : 3D;
59737 : 3D;
59738 : 3D;
59739 : 3D;
59740 : 3D;
59741 : 3D;
59742 : 1D;
59743 : 1D;
59744 : 1D;
59745 : 1D;
59746 : 1D;
59747 : 1D;
59748 : 1D;
59749 : 1D;
59750 : 1D;
59751 : 1D;
59752 : 3D;
59753 : 3D;
59754 : 3D;
59755 : 3D;
59756 : 3D;
59757 : 3D;
59758 : 3D;
59759 : 3D;
59760 : 3D;
59761 : 3D;
59762 : 1D;
59763 : 1D;
59764 : 1D;
59765 : 1D;
59766 : 1D;
59767 : 1D;
59768 : 1D;
59769 : 1D;
59770 : 1D;
59771 : 1D;
59772 : 3D;
59773 : 3D;
59774 : 3D;
59775 : 3D;
59776 : 3D;
59777 : 3D;
59778 : 3D;
59779 : 3D;
59780 : 3D;
59781 : 3D;
59782 : 1D;
59783 : 1D;
59784 : 1D;
59785 : 1D;
59786 : 1D;
59787 : 1D;
59788 : 1D;
59789 : 1D;
59790 : 1D;
59791 : 1D;
59792 : 3D;
59793 : 3D;
59794 : 3D;
59795 : 3D;
59796 : 3D;
59797 : 3D;
59798 : 3D;
59799 : 3D;
59800 : 3D;
59801 : 3D;
59802 : 1D;
59803 : 1D;
59804 : 1D;
59805 : 1D;
59806 : 1D;
59807 : 1D;
59808 : 1D;
59809 : 1D;
59810 : 1D;
59811 : 1D;
59812 : 3D;
59813 : 3D;
59814 : 3D;
59815 : 3D;
59816 : 3D;
59817 : 3D;
59818 : 3D;
59819 : 3D;
59820 : 3D;
59821 : 3D;
59822 : 3D;
59823 : 1D;
59824 : 1D;
59825 : 1D;
59826 : 1D;
59827 : 1D;
59828 : 1D;
59829 : 1D;
59830 : 1D;
59831 : 1D;
59832 : 1D;
59833 : 14;
59834 : 14;
59835 : 14;
59836 : 14;
59837 : 14;
59838 : 14;
59839 : 14;
59840 : 10;
59841 : 10;
59842 : 10;
59843 : 10;
59844 : 10;
59845 : 10;
59846 : 10;
59847 : 10;
59848 : 10;
59849 : 10;
59850 : 3D;
59851 : 3D;
59852 : 3D;
59853 : 3D;
59854 : 3D;
59855 : 3D;
59856 : 3D;
59857 : 3D;
59858 : 3D;
59859 : 3D;
59860 : 1D;
59861 : 1D;
59862 : 1D;
59863 : 1D;
59864 : 1D;
59865 : 1D;
59866 : 1D;
59867 : 1D;
59868 : 1D;
59869 : 1D;
59870 : 3D;
59871 : 3D;
59872 : 3D;
59873 : 3D;
59874 : 3D;
59875 : 3D;
59876 : 3D;
59877 : 3D;
59878 : 3D;
59879 : 3D;
59880 : 1D;
59881 : 1D;
59882 : 1D;
59883 : 1D;
59884 : 1D;
59885 : 1D;
59886 : 1D;
59887 : 1D;
59888 : 1D;
59889 : 1D;
59890 : 3D;
59891 : 3D;
59892 : 3D;
59893 : 3D;
59894 : 3D;
59895 : 3D;
59896 : 3D;
59897 : 3D;
59898 : 3D;
59899 : 3D;
59900 : 1D;
59901 : 1D;
59902 : 1D;
59903 : 1D;
59904 : 1D;
59905 : 1D;
59906 : 1D;
59907 : 1D;
59908 : 1D;
59909 : 1D;
59910 : 3D;
59911 : 3D;
59912 : 3D;
59913 : 3D;
59914 : 3D;
59915 : 3D;
59916 : 3D;
59917 : 3D;
59918 : 3D;
59919 : 3D;
59920 : 3D;
59921 : 1D;
59922 : 1D;
59923 : 1D;
59924 : 1D;
59925 : 1D;
59926 : 1D;
59927 : 1D;
59928 : 1D;
59929 : 1D;
59930 : 1D;
59931 : 3D;
59932 : 3D;
59933 : 3D;
59934 : 3D;
59935 : 3D;
59936 : 3D;
59937 : 3D;
59938 : 3D;
59939 : 3D;
59940 : 3D;
59941 : 1D;
59942 : 1D;
59943 : 1D;
59944 : 1D;
59945 : 1D;
59946 : 1D;
59947 : 1D;
59948 : 1D;
59949 : 1D;
59950 : 1D;
59951 : 3D;
59952 : 3D;
59953 : 3D;
59954 : 3D;
59955 : 3D;
59956 : 3D;
59957 : 3D;
59958 : 3D;
59959 : 3D;
59960 : 3D;
59961 : 1D;
59962 : 1D;
59963 : 1D;
59964 : 1D;
59965 : 1D;
59966 : 1D;
59967 : 1D;
59968 : 1D;
59969 : 1D;
59970 : 1D;
59971 : 3D;
59972 : 3D;
59973 : 3D;
59974 : 3D;
59975 : 3D;
59976 : 3D;
59977 : 3D;
59978 : 3D;
59979 : 3D;
59980 : 3D;
59981 : 1D;
59982 : 1D;
59983 : 1D;
59984 : 1D;
59985 : 1D;
59986 : 1D;
59987 : 1D;
59988 : 1D;
59989 : 1D;
59990 : 1D;
59991 : 3D;
59992 : 3D;
59993 : 3D;
59994 : 3D;
59995 : 3D;
59996 : 3D;
59997 : 3D;
59998 : 3D;
59999 : 3D;
60000 : 3D;
60001 : 1D;
60002 : 1D;
60003 : 1D;
60004 : 1D;
60005 : 1D;
60006 : 1D;
60007 : 1D;
60008 : 1D;
60009 : 1D;
60010 : 1D;
60011 : 3D;
60012 : 3D;
60013 : 3D;
60014 : 3D;
60015 : 3D;
60016 : 3D;
60017 : 3D;
60018 : 3D;
60019 : 3D;
60020 : 3D;
60021 : 1D;
60022 : 1D;
60023 : 1D;
60024 : 1D;
60025 : 1D;
60026 : 1D;
60027 : 1D;
60028 : 1D;
60029 : 1D;
60030 : 1D;
60031 : 1D;
60032 : 3D;
60033 : 3D;
60034 : 3D;
60035 : 3D;
60036 : 3D;
60037 : 3D;
60038 : 3D;
60039 : 3D;
60040 : 3D;
60041 : 3D;
60042 : 1D;
60043 : 1D;
60044 : 1D;
60045 : 1D;
60046 : 1D;
60047 : 1D;
60048 : 1D;
60049 : 1D;
60050 : 1D;
60051 : 1D;
60052 : 3D;
60053 : 3D;
60054 : 3D;
60055 : 3D;
60056 : 3D;
60057 : 3D;
60058 : 3D;
60059 : 3D;
60060 : 3D;
60061 : 3D;
60062 : 1D;
60063 : 1D;
60064 : 1D;
60065 : 1D;
60066 : 1D;
60067 : 1D;
60068 : 1D;
60069 : 1D;
60070 : 1D;
60071 : 1D;
60072 : 3D;
60073 : 3D;
60074 : 3D;
60075 : 3D;
60076 : 3D;
60077 : 3D;
60078 : 3D;
60079 : 3D;
60080 : 3D;
60081 : 3D;
60082 : 1D;
60083 : 1D;
60084 : 1D;
60085 : 1D;
60086 : 1D;
60087 : 1D;
60088 : 1D;
60089 : 1D;
60090 : 1D;
60091 : 1D;
60092 : 3D;
60093 : 3D;
60094 : 3D;
60095 : 3D;
60096 : 3D;
60097 : 3D;
60098 : 3D;
60099 : 3D;
60100 : 3D;
60101 : 3D;
60102 : 1D;
60103 : 1D;
60104 : 1D;
60105 : 1D;
60106 : 1D;
60107 : 1D;
60108 : 1D;
60109 : 1D;
60110 : 1D;
60111 : 1D;
60112 : 3D;
60113 : 3D;
60114 : 3D;
60115 : 3D;
60116 : 3D;
60117 : 3D;
60118 : 3D;
60119 : 3D;
60120 : 3D;
60121 : 3D;
60122 : 1D;
60123 : 1D;
60124 : 1D;
60125 : 1D;
60126 : 1D;
60127 : 1D;
60128 : 1D;
60129 : 1D;
60130 : 1D;
60131 : 1D;
60132 : 3D;
60133 : 3D;
60134 : 3D;
60135 : 3D;
60136 : 3D;
60137 : 3D;
60138 : 3D;
60139 : 3D;
60140 : 3D;
60141 : 3D;
60142 : 3D;
60143 : 1D;
60144 : 1D;
60145 : 1D;
60146 : 1D;
60147 : 1D;
60148 : 1D;
60149 : 1D;
60150 : 1D;
60151 : 1D;
60152 : 1D;
60153 : 14;
60154 : 14;
60155 : 14;
60156 : 14;
60157 : 14;
60158 : 14;
60159 : 14;
60160 : 10;
60161 : 10;
60162 : 10;
60163 : 10;
60164 : 10;
60165 : 10;
60166 : 10;
60167 : 10;
60168 : 10;
60169 : 10;
60170 : 3D;
60171 : 3D;
60172 : 3D;
60173 : 3D;
60174 : 3D;
60175 : 3D;
60176 : 3D;
60177 : 3D;
60178 : 3D;
60179 : 3D;
60180 : 1D;
60181 : 1D;
60182 : 1D;
60183 : 1D;
60184 : 1D;
60185 : 1D;
60186 : 1D;
60187 : 1D;
60188 : 1D;
60189 : 1D;
60190 : 3D;
60191 : 3D;
60192 : 3D;
60193 : 3D;
60194 : 3D;
60195 : 3D;
60196 : 3D;
60197 : 3D;
60198 : 3D;
60199 : 3D;
60200 : 1D;
60201 : 1D;
60202 : 1D;
60203 : 1D;
60204 : 1D;
60205 : 1D;
60206 : 1D;
60207 : 1D;
60208 : 1D;
60209 : 1D;
60210 : 3D;
60211 : 3D;
60212 : 3D;
60213 : 3D;
60214 : 3D;
60215 : 3D;
60216 : 3D;
60217 : 3D;
60218 : 3D;
60219 : 3D;
60220 : 1D;
60221 : 1D;
60222 : 1D;
60223 : 1D;
60224 : 1D;
60225 : 1D;
60226 : 1D;
60227 : 1D;
60228 : 1D;
60229 : 1D;
60230 : 3D;
60231 : 3D;
60232 : 3D;
60233 : 3D;
60234 : 3D;
60235 : 3D;
60236 : 3D;
60237 : 3D;
60238 : 3D;
60239 : 3D;
60240 : 3D;
60241 : 1D;
60242 : 1D;
60243 : 1D;
60244 : 1D;
60245 : 1D;
60246 : 1D;
60247 : 1D;
60248 : 1D;
60249 : 1D;
60250 : 1D;
60251 : 3D;
60252 : 3D;
60253 : 3D;
60254 : 3D;
60255 : 3D;
60256 : 3D;
60257 : 3D;
60258 : 3D;
60259 : 3D;
60260 : 3D;
60261 : 1D;
60262 : 1D;
60263 : 1D;
60264 : 1D;
60265 : 1D;
60266 : 1D;
60267 : 1D;
60268 : 1D;
60269 : 1D;
60270 : 1D;
60271 : 3D;
60272 : 3D;
60273 : 3D;
60274 : 3D;
60275 : 3D;
60276 : 3D;
60277 : 3D;
60278 : 3D;
60279 : 3D;
60280 : 3D;
60281 : 1D;
60282 : 1D;
60283 : 1D;
60284 : 1D;
60285 : 1D;
60286 : 1D;
60287 : 1D;
60288 : 1D;
60289 : 1D;
60290 : 1D;
60291 : 3D;
60292 : 3D;
60293 : 3D;
60294 : 3D;
60295 : 3D;
60296 : 3D;
60297 : 3D;
60298 : 3D;
60299 : 3D;
60300 : 3D;
60301 : 1D;
60302 : 1D;
60303 : 1D;
60304 : 1D;
60305 : 1D;
60306 : 1D;
60307 : 1D;
60308 : 1D;
60309 : 1D;
60310 : 1D;
60311 : 3D;
60312 : 3D;
60313 : 3D;
60314 : 3D;
60315 : 3D;
60316 : 3D;
60317 : 3D;
60318 : 3D;
60319 : 3D;
60320 : 3D;
60321 : 1D;
60322 : 1D;
60323 : 1D;
60324 : 1D;
60325 : 1D;
60326 : 1D;
60327 : 1D;
60328 : 1D;
60329 : 1D;
60330 : 1D;
60331 : 3D;
60332 : 3D;
60333 : 3D;
60334 : 3D;
60335 : 3D;
60336 : 3D;
60337 : 3D;
60338 : 3D;
60339 : 3D;
60340 : 3D;
60341 : 1D;
60342 : 1D;
60343 : 1D;
60344 : 1D;
60345 : 1D;
60346 : 1D;
60347 : 1D;
60348 : 1D;
60349 : 1D;
60350 : 1D;
60351 : 1D;
60352 : 3D;
60353 : 3D;
60354 : 3D;
60355 : 3D;
60356 : 3D;
60357 : 3D;
60358 : 3D;
60359 : 3D;
60360 : 3D;
60361 : 3D;
60362 : 1D;
60363 : 1D;
60364 : 1D;
60365 : 1D;
60366 : 1D;
60367 : 1D;
60368 : 1D;
60369 : 1D;
60370 : 1D;
60371 : 1D;
60372 : 3D;
60373 : 3D;
60374 : 3D;
60375 : 3D;
60376 : 3D;
60377 : 3D;
60378 : 3D;
60379 : 3D;
60380 : 3D;
60381 : 3D;
60382 : 1D;
60383 : 1D;
60384 : 1D;
60385 : 1D;
60386 : 1D;
60387 : 1D;
60388 : 1D;
60389 : 1D;
60390 : 1D;
60391 : 1D;
60392 : 3D;
60393 : 3D;
60394 : 3D;
60395 : 3D;
60396 : 3D;
60397 : 3D;
60398 : 3D;
60399 : 3D;
60400 : 3D;
60401 : 3D;
60402 : 1D;
60403 : 1D;
60404 : 1D;
60405 : 1D;
60406 : 1D;
60407 : 1D;
60408 : 1D;
60409 : 1D;
60410 : 1D;
60411 : 1D;
60412 : 3D;
60413 : 3D;
60414 : 3D;
60415 : 3D;
60416 : 3D;
60417 : 3D;
60418 : 3D;
60419 : 3D;
60420 : 3D;
60421 : 3D;
60422 : 1D;
60423 : 1D;
60424 : 1D;
60425 : 1D;
60426 : 1D;
60427 : 1D;
60428 : 1D;
60429 : 1D;
60430 : 1D;
60431 : 1D;
60432 : 3D;
60433 : 3D;
60434 : 3D;
60435 : 3D;
60436 : 3D;
60437 : 3D;
60438 : 3D;
60439 : 3D;
60440 : 3D;
60441 : 3D;
60442 : 1D;
60443 : 1D;
60444 : 1D;
60445 : 1D;
60446 : 1D;
60447 : 1D;
60448 : 1D;
60449 : 1D;
60450 : 1D;
60451 : 1D;
60452 : 3D;
60453 : 3D;
60454 : 3D;
60455 : 3D;
60456 : 3D;
60457 : 3D;
60458 : 3D;
60459 : 3D;
60460 : 3D;
60461 : 3D;
60462 : 3D;
60463 : 1D;
60464 : 1D;
60465 : 1D;
60466 : 1D;
60467 : 1D;
60468 : 1D;
60469 : 1D;
60470 : 1D;
60471 : 1D;
60472 : 1D;
60473 : 14;
60474 : 14;
60475 : 14;
60476 : 14;
60477 : 14;
60478 : 14;
60479 : 14;
60480 : 10;
60481 : 10;
60482 : 10;
60483 : 10;
60484 : 10;
60485 : 10;
60486 : 10;
60487 : 10;
60488 : 10;
60489 : 10;
60490 : 3D;
60491 : 3D;
60492 : 3D;
60493 : 3D;
60494 : 3D;
60495 : 3D;
60496 : 3D;
60497 : 3D;
60498 : 3D;
60499 : 3D;
60500 : 1D;
60501 : 1D;
60502 : 1D;
60503 : 1D;
60504 : 1D;
60505 : 1D;
60506 : 1D;
60507 : 1D;
60508 : 1D;
60509 : 1D;
60510 : 3D;
60511 : 3D;
60512 : 3D;
60513 : 3D;
60514 : 3D;
60515 : 3D;
60516 : 3D;
60517 : 3D;
60518 : 3D;
60519 : 3D;
60520 : 1D;
60521 : 1D;
60522 : 1D;
60523 : 1D;
60524 : 1D;
60525 : 1D;
60526 : 1D;
60527 : 1D;
60528 : 1D;
60529 : 1D;
60530 : 3D;
60531 : 3D;
60532 : 3D;
60533 : 3D;
60534 : 3D;
60535 : 3D;
60536 : 3D;
60537 : 3D;
60538 : 3D;
60539 : 3D;
60540 : 1D;
60541 : 1D;
60542 : 1D;
60543 : 1D;
60544 : 1D;
60545 : 1D;
60546 : 1D;
60547 : 1D;
60548 : 1D;
60549 : 1D;
60550 : 3D;
60551 : 3D;
60552 : 3D;
60553 : 3D;
60554 : 3D;
60555 : 3D;
60556 : 3D;
60557 : 3D;
60558 : 3D;
60559 : 3D;
60560 : 3D;
60561 : 1D;
60562 : 1D;
60563 : 1D;
60564 : 1D;
60565 : 1D;
60566 : 1D;
60567 : 1D;
60568 : 1D;
60569 : 1D;
60570 : 1D;
60571 : 3D;
60572 : 3D;
60573 : 3D;
60574 : 3D;
60575 : 3D;
60576 : 3D;
60577 : 3D;
60578 : 3D;
60579 : 3D;
60580 : 3D;
60581 : 1D;
60582 : 1D;
60583 : 1D;
60584 : 1D;
60585 : 1D;
60586 : 1D;
60587 : 1D;
60588 : 1D;
60589 : 1D;
60590 : 1D;
60591 : 3D;
60592 : 3D;
60593 : 3D;
60594 : 3D;
60595 : 3D;
60596 : 3D;
60597 : 3D;
60598 : 3D;
60599 : 3D;
60600 : 3D;
60601 : 1D;
60602 : 1D;
60603 : 1D;
60604 : 1D;
60605 : 1D;
60606 : 1D;
60607 : 1D;
60608 : 1D;
60609 : 1D;
60610 : 1D;
60611 : 3D;
60612 : 3D;
60613 : 3D;
60614 : 3D;
60615 : 3D;
60616 : 3D;
60617 : 3D;
60618 : 3D;
60619 : 3D;
60620 : 3D;
60621 : 1D;
60622 : 1D;
60623 : 1D;
60624 : 1D;
60625 : 1D;
60626 : 1D;
60627 : 1D;
60628 : 1D;
60629 : 1D;
60630 : 1D;
60631 : 3D;
60632 : 3D;
60633 : 3D;
60634 : 3D;
60635 : 3D;
60636 : 3D;
60637 : 3D;
60638 : 3D;
60639 : 3D;
60640 : 3D;
60641 : 1D;
60642 : 1D;
60643 : 1D;
60644 : 1D;
60645 : 1D;
60646 : 1D;
60647 : 1D;
60648 : 1D;
60649 : 1D;
60650 : 1D;
60651 : 3D;
60652 : 3D;
60653 : 3D;
60654 : 3D;
60655 : 3D;
60656 : 3D;
60657 : 3D;
60658 : 3D;
60659 : 3D;
60660 : 3D;
60661 : 1D;
60662 : 1D;
60663 : 1D;
60664 : 1D;
60665 : 1D;
60666 : 1D;
60667 : 1D;
60668 : 1D;
60669 : 1D;
60670 : 1D;
60671 : 1D;
60672 : 3D;
60673 : 3D;
60674 : 3D;
60675 : 3D;
60676 : 3D;
60677 : 3D;
60678 : 3D;
60679 : 3D;
60680 : 3D;
60681 : 3D;
60682 : 1D;
60683 : 1D;
60684 : 1D;
60685 : 1D;
60686 : 1D;
60687 : 1D;
60688 : 1D;
60689 : 1D;
60690 : 1D;
60691 : 1D;
60692 : 3D;
60693 : 3D;
60694 : 3D;
60695 : 3D;
60696 : 3D;
60697 : 3D;
60698 : 3D;
60699 : 3D;
60700 : 3D;
60701 : 3D;
60702 : 1D;
60703 : 1D;
60704 : 1D;
60705 : 1D;
60706 : 1D;
60707 : 1D;
60708 : 1D;
60709 : 1D;
60710 : 1D;
60711 : 1D;
60712 : 3D;
60713 : 3D;
60714 : 3D;
60715 : 3D;
60716 : 3D;
60717 : 3D;
60718 : 3D;
60719 : 3D;
60720 : 3D;
60721 : 3D;
60722 : 1D;
60723 : 1D;
60724 : 1D;
60725 : 1D;
60726 : 1D;
60727 : 1D;
60728 : 1D;
60729 : 1D;
60730 : 1D;
60731 : 1D;
60732 : 3D;
60733 : 3D;
60734 : 3D;
60735 : 3D;
60736 : 3D;
60737 : 3D;
60738 : 3D;
60739 : 3D;
60740 : 3D;
60741 : 3D;
60742 : 1D;
60743 : 1D;
60744 : 1D;
60745 : 1D;
60746 : 1D;
60747 : 1D;
60748 : 1D;
60749 : 1D;
60750 : 1D;
60751 : 1D;
60752 : 3D;
60753 : 3D;
60754 : 3D;
60755 : 3D;
60756 : 3D;
60757 : 3D;
60758 : 3D;
60759 : 3D;
60760 : 3D;
60761 : 3D;
60762 : 1D;
60763 : 1D;
60764 : 1D;
60765 : 1D;
60766 : 1D;
60767 : 1D;
60768 : 1D;
60769 : 1D;
60770 : 1D;
60771 : 1D;
60772 : 3D;
60773 : 3D;
60774 : 3D;
60775 : 3D;
60776 : 3D;
60777 : 3D;
60778 : 3D;
60779 : 3D;
60780 : 3D;
60781 : 3D;
60782 : 3D;
60783 : 1D;
60784 : 1D;
60785 : 1D;
60786 : 1D;
60787 : 1D;
60788 : 1D;
60789 : 1D;
60790 : 1D;
60791 : 1D;
60792 : 1D;
60793 : 14;
60794 : 14;
60795 : 14;
60796 : 14;
60797 : 14;
60798 : 14;
60799 : 14;
60800 : 10;
60801 : 10;
60802 : 10;
60803 : 10;
60804 : 10;
60805 : 10;
60806 : 10;
60807 : 10;
60808 : 10;
60809 : 10;
60810 : 3D;
60811 : 3D;
60812 : 3D;
60813 : 3D;
60814 : 3D;
60815 : 3D;
60816 : 3D;
60817 : 3D;
60818 : 3D;
60819 : 3D;
60820 : 1D;
60821 : 1D;
60822 : 1D;
60823 : 1D;
60824 : 1D;
60825 : 1D;
60826 : 1D;
60827 : 1D;
60828 : 1D;
60829 : 1D;
60830 : 3D;
60831 : 3D;
60832 : 3D;
60833 : 3D;
60834 : 3D;
60835 : 3D;
60836 : 3D;
60837 : 3D;
60838 : 3D;
60839 : 3D;
60840 : 1D;
60841 : 1D;
60842 : 1D;
60843 : 1D;
60844 : 1D;
60845 : 1D;
60846 : 1D;
60847 : 1D;
60848 : 1D;
60849 : 1D;
60850 : 3D;
60851 : 3D;
60852 : 3D;
60853 : 3D;
60854 : 3D;
60855 : 3D;
60856 : 3D;
60857 : 3D;
60858 : 3D;
60859 : 3D;
60860 : 1D;
60861 : 1D;
60862 : 1D;
60863 : 1D;
60864 : 1D;
60865 : 1D;
60866 : 1D;
60867 : 1D;
60868 : 1D;
60869 : 1D;
60870 : 3D;
60871 : 3D;
60872 : 3D;
60873 : 3D;
60874 : 3D;
60875 : 3D;
60876 : 3D;
60877 : 3D;
60878 : 3D;
60879 : 3D;
60880 : 3D;
60881 : 1D;
60882 : 1D;
60883 : 1D;
60884 : 1D;
60885 : 1D;
60886 : 1D;
60887 : 1D;
60888 : 1D;
60889 : 1D;
60890 : 1D;
60891 : 3D;
60892 : 3D;
60893 : 3D;
60894 : 3D;
60895 : 3D;
60896 : 3D;
60897 : 3D;
60898 : 3D;
60899 : 3D;
60900 : 3D;
60901 : 1D;
60902 : 1D;
60903 : 1D;
60904 : 1D;
60905 : 1D;
60906 : 1D;
60907 : 1D;
60908 : 1D;
60909 : 1D;
60910 : 1D;
60911 : 3D;
60912 : 3D;
60913 : 3D;
60914 : 3D;
60915 : 3D;
60916 : 3D;
60917 : 3D;
60918 : 3D;
60919 : 3D;
60920 : 3D;
60921 : 1D;
60922 : 1D;
60923 : 1D;
60924 : 1D;
60925 : 1D;
60926 : 1D;
60927 : 1D;
60928 : 1D;
60929 : 1D;
60930 : 1D;
60931 : 3D;
60932 : 3D;
60933 : 3D;
60934 : 3D;
60935 : 3D;
60936 : 3D;
60937 : 3D;
60938 : 3D;
60939 : 3D;
60940 : 3D;
60941 : 1D;
60942 : 1D;
60943 : 1D;
60944 : 1D;
60945 : 1D;
60946 : 1D;
60947 : 1D;
60948 : 1D;
60949 : 1D;
60950 : 1D;
60951 : 3D;
60952 : 3D;
60953 : 3D;
60954 : 3D;
60955 : 3D;
60956 : 3D;
60957 : 3D;
60958 : 3D;
60959 : 3D;
60960 : 3D;
60961 : 1D;
60962 : 1D;
60963 : 1D;
60964 : 1D;
60965 : 1D;
60966 : 1D;
60967 : 1D;
60968 : 1D;
60969 : 1D;
60970 : 1D;
60971 : 3D;
60972 : 3D;
60973 : 3D;
60974 : 3D;
60975 : 3D;
60976 : 3D;
60977 : 3D;
60978 : 3D;
60979 : 3D;
60980 : 3D;
60981 : 1D;
60982 : 1D;
60983 : 1D;
60984 : 1D;
60985 : 1D;
60986 : 1D;
60987 : 1D;
60988 : 1D;
60989 : 1D;
60990 : 1D;
60991 : 1D;
60992 : 3D;
60993 : 3D;
60994 : 3D;
60995 : 3D;
60996 : 3D;
60997 : 3D;
60998 : 3D;
60999 : 3D;
61000 : 3D;
61001 : 3D;
61002 : 1D;
61003 : 1D;
61004 : 1D;
61005 : 1D;
61006 : 1D;
61007 : 1D;
61008 : 1D;
61009 : 1D;
61010 : 1D;
61011 : 1D;
61012 : 3D;
61013 : 3D;
61014 : 3D;
61015 : 3D;
61016 : 3D;
61017 : 3D;
61018 : 3D;
61019 : 3D;
61020 : 3D;
61021 : 3D;
61022 : 1D;
61023 : 1D;
61024 : 1D;
61025 : 1D;
61026 : 1D;
61027 : 1D;
61028 : 1D;
61029 : 1D;
61030 : 1D;
61031 : 1D;
61032 : 3D;
61033 : 3D;
61034 : 3D;
61035 : 3D;
61036 : 3D;
61037 : 3D;
61038 : 3D;
61039 : 3D;
61040 : 3D;
61041 : 3D;
61042 : 1D;
61043 : 1D;
61044 : 1D;
61045 : 1D;
61046 : 1D;
61047 : 1D;
61048 : 1D;
61049 : 1D;
61050 : 1D;
61051 : 1D;
61052 : 3D;
61053 : 3D;
61054 : 3D;
61055 : 3D;
61056 : 3D;
61057 : 3D;
61058 : 3D;
61059 : 3D;
61060 : 3D;
61061 : 3D;
61062 : 1D;
61063 : 1D;
61064 : 1D;
61065 : 1D;
61066 : 1D;
61067 : 1D;
61068 : 1D;
61069 : 1D;
61070 : 1D;
61071 : 1D;
61072 : 3D;
61073 : 3D;
61074 : 3D;
61075 : 3D;
61076 : 3D;
61077 : 3D;
61078 : 3D;
61079 : 3D;
61080 : 3D;
61081 : 3D;
61082 : 1D;
61083 : 1D;
61084 : 1D;
61085 : 1D;
61086 : 1D;
61087 : 1D;
61088 : 1D;
61089 : 1D;
61090 : 1D;
61091 : 1D;
61092 : 3D;
61093 : 3D;
61094 : 3D;
61095 : 3D;
61096 : 3D;
61097 : 3D;
61098 : 3D;
61099 : 3D;
61100 : 3D;
61101 : 3D;
61102 : 3D;
61103 : 1D;
61104 : 1D;
61105 : 1D;
61106 : 1D;
61107 : 1D;
61108 : 1D;
61109 : 1D;
61110 : 1D;
61111 : 1D;
61112 : 1D;
61113 : 14;
61114 : 14;
61115 : 14;
61116 : 14;
61117 : 14;
61118 : 14;
61119 : 14;
61120 : 14;
61121 : 14;
61122 : 14;
61123 : 14;
61124 : 14;
61125 : 14;
61126 : 14;
61127 : 14;
61128 : 14;
61129 : 14;
61130 : 1D;
61131 : 1D;
61132 : 1D;
61133 : 1D;
61134 : 1D;
61135 : 1D;
61136 : 1D;
61137 : 1D;
61138 : 1D;
61139 : 1D;
61140 : 3D;
61141 : 3D;
61142 : 3D;
61143 : 3D;
61144 : 3D;
61145 : 3D;
61146 : 3D;
61147 : 3D;
61148 : 3D;
61149 : 3D;
61150 : 1D;
61151 : 1D;
61152 : 1D;
61153 : 1D;
61154 : 1D;
61155 : 1D;
61156 : 1D;
61157 : 1D;
61158 : 1D;
61159 : 1D;
61160 : 3D;
61161 : 3D;
61162 : 3D;
61163 : 3D;
61164 : 3D;
61165 : 3D;
61166 : 3D;
61167 : 3D;
61168 : 3D;
61169 : 3D;
61170 : 1D;
61171 : 1D;
61172 : 1D;
61173 : 1D;
61174 : 1D;
61175 : 1D;
61176 : 1D;
61177 : 1D;
61178 : 1D;
61179 : 1D;
61180 : 3D;
61181 : 3D;
61182 : 3D;
61183 : 3D;
61184 : 3D;
61185 : 3D;
61186 : 3D;
61187 : 3D;
61188 : 3D;
61189 : 3D;
61190 : 1D;
61191 : 1D;
61192 : 1D;
61193 : 1D;
61194 : 1D;
61195 : 1D;
61196 : 1D;
61197 : 1D;
61198 : 1D;
61199 : 1D;
61200 : 1D;
61201 : 3D;
61202 : 3D;
61203 : 3D;
61204 : 3D;
61205 : 3D;
61206 : 3D;
61207 : 3D;
61208 : 3D;
61209 : 3D;
61210 : 3D;
61211 : 1D;
61212 : 1D;
61213 : 1D;
61214 : 1D;
61215 : 1D;
61216 : 1D;
61217 : 1D;
61218 : 1D;
61219 : 1D;
61220 : 1D;
61221 : 3D;
61222 : 3D;
61223 : 3D;
61224 : 3D;
61225 : 3D;
61226 : 3D;
61227 : 3D;
61228 : 3D;
61229 : 3D;
61230 : 3D;
61231 : 1D;
61232 : 1D;
61233 : 1D;
61234 : 1D;
61235 : 1D;
61236 : 1D;
61237 : 1D;
61238 : 1D;
61239 : 1D;
61240 : 1D;
61241 : 3D;
61242 : 3D;
61243 : 3D;
61244 : 3D;
61245 : 3D;
61246 : 3D;
61247 : 3D;
61248 : 3D;
61249 : 3D;
61250 : 3D;
61251 : 1D;
61252 : 1D;
61253 : 1D;
61254 : 1D;
61255 : 1D;
61256 : 1D;
61257 : 1D;
61258 : 1D;
61259 : 1D;
61260 : 1D;
61261 : 3D;
61262 : 3D;
61263 : 3D;
61264 : 3D;
61265 : 3D;
61266 : 3D;
61267 : 3D;
61268 : 3D;
61269 : 3D;
61270 : 3D;
61271 : 1D;
61272 : 1D;
61273 : 1D;
61274 : 1D;
61275 : 1D;
61276 : 1D;
61277 : 1D;
61278 : 1D;
61279 : 1D;
61280 : 1D;
61281 : 3D;
61282 : 3D;
61283 : 3D;
61284 : 3D;
61285 : 3D;
61286 : 3D;
61287 : 3D;
61288 : 3D;
61289 : 3D;
61290 : 3D;
61291 : 1D;
61292 : 1D;
61293 : 1D;
61294 : 1D;
61295 : 1D;
61296 : 1D;
61297 : 1D;
61298 : 1D;
61299 : 1D;
61300 : 1D;
61301 : 3D;
61302 : 3D;
61303 : 3D;
61304 : 3D;
61305 : 3D;
61306 : 3D;
61307 : 3D;
61308 : 3D;
61309 : 3D;
61310 : 3D;
61311 : 3D;
61312 : 1D;
61313 : 1D;
61314 : 1D;
61315 : 1D;
61316 : 1D;
61317 : 1D;
61318 : 1D;
61319 : 1D;
61320 : 1D;
61321 : 1D;
61322 : 3D;
61323 : 3D;
61324 : 3D;
61325 : 3D;
61326 : 3D;
61327 : 3D;
61328 : 3D;
61329 : 3D;
61330 : 3D;
61331 : 3D;
61332 : 1D;
61333 : 1D;
61334 : 1D;
61335 : 1D;
61336 : 1D;
61337 : 1D;
61338 : 1D;
61339 : 1D;
61340 : 1D;
61341 : 1D;
61342 : 3D;
61343 : 3D;
61344 : 3D;
61345 : 3D;
61346 : 3D;
61347 : 3D;
61348 : 3D;
61349 : 3D;
61350 : 3D;
61351 : 3D;
61352 : 1D;
61353 : 1D;
61354 : 1D;
61355 : 1D;
61356 : 1D;
61357 : 1D;
61358 : 1D;
61359 : 1D;
61360 : 1D;
61361 : 1D;
61362 : 3D;
61363 : 3D;
61364 : 3D;
61365 : 3D;
61366 : 3D;
61367 : 3D;
61368 : 3D;
61369 : 3D;
61370 : 3D;
61371 : 3D;
61372 : 1D;
61373 : 1D;
61374 : 1D;
61375 : 1D;
61376 : 1D;
61377 : 1D;
61378 : 1D;
61379 : 1D;
61380 : 1D;
61381 : 1D;
61382 : 3D;
61383 : 3D;
61384 : 3D;
61385 : 3D;
61386 : 3D;
61387 : 3D;
61388 : 3D;
61389 : 3D;
61390 : 3D;
61391 : 3D;
61392 : 1D;
61393 : 1D;
61394 : 1D;
61395 : 1D;
61396 : 1D;
61397 : 1D;
61398 : 1D;
61399 : 1D;
61400 : 1D;
61401 : 1D;
61402 : 3D;
61403 : 3D;
61404 : 3D;
61405 : 3D;
61406 : 3D;
61407 : 3D;
61408 : 3D;
61409 : 3D;
61410 : 3D;
61411 : 3D;
61412 : 1D;
61413 : 1D;
61414 : 1D;
61415 : 1D;
61416 : 1D;
61417 : 1D;
61418 : 1D;
61419 : 1D;
61420 : 1D;
61421 : 1D;
61422 : 1D;
61423 : 3D;
61424 : 3D;
61425 : 3D;
61426 : 3D;
61427 : 3D;
61428 : 3D;
61429 : 3D;
61430 : 3D;
61431 : 3D;
61432 : 3D;
61433 : 10;
61434 : 10;
61435 : 10;
61436 : 10;
61437 : 10;
61438 : 10;
61439 : 10;
61440 : 14;
61441 : 14;
61442 : 14;
61443 : 14;
61444 : 14;
61445 : 14;
61446 : 14;
61447 : 14;
61448 : 14;
61449 : 14;
61450 : 1D;
61451 : 1D;
61452 : 1D;
61453 : 1D;
61454 : 1D;
61455 : 1D;
61456 : 1D;
61457 : 1D;
61458 : 1D;
61459 : 1D;
61460 : 3D;
61461 : 3D;
61462 : 3D;
61463 : 3D;
61464 : 3D;
61465 : 3D;
61466 : 3D;
61467 : 3D;
61468 : 3D;
61469 : 3D;
61470 : 1D;
61471 : 1D;
61472 : 1D;
61473 : 1D;
61474 : 1D;
61475 : 1D;
61476 : 1D;
61477 : 1D;
61478 : 1D;
61479 : 1D;
61480 : 3D;
61481 : 3D;
61482 : 3D;
61483 : 3D;
61484 : 3D;
61485 : 3D;
61486 : 3D;
61487 : 3D;
61488 : 3D;
61489 : 3D;
61490 : 1D;
61491 : 1D;
61492 : 1D;
61493 : 1D;
61494 : 1D;
61495 : 1D;
61496 : 1D;
61497 : 1D;
61498 : 1D;
61499 : 1D;
61500 : 3D;
61501 : 3D;
61502 : 3D;
61503 : 3D;
61504 : 3D;
61505 : 3D;
61506 : 3D;
61507 : 3D;
61508 : 3D;
61509 : 3D;
61510 : 1D;
61511 : 1D;
61512 : 1D;
61513 : 1D;
61514 : 1D;
61515 : 1D;
61516 : 1D;
61517 : 1D;
61518 : 1D;
61519 : 1D;
61520 : 1D;
61521 : 3D;
61522 : 3D;
61523 : 3D;
61524 : 3D;
61525 : 3D;
61526 : 3D;
61527 : 3D;
61528 : 3D;
61529 : 3D;
61530 : 3D;
61531 : 1D;
61532 : 1D;
61533 : 1D;
61534 : 1D;
61535 : 1D;
61536 : 1D;
61537 : 1D;
61538 : 1D;
61539 : 1D;
61540 : 1D;
61541 : 3D;
61542 : 3D;
61543 : 3D;
61544 : 3D;
61545 : 3D;
61546 : 3D;
61547 : 3D;
61548 : 3D;
61549 : 3D;
61550 : 3D;
61551 : 1D;
61552 : 1D;
61553 : 1D;
61554 : 1D;
61555 : 1D;
61556 : 1D;
61557 : 1D;
61558 : 1D;
61559 : 1D;
61560 : 1D;
61561 : 3D;
61562 : 3D;
61563 : 3D;
61564 : 3D;
61565 : 3D;
61566 : 3D;
61567 : 3D;
61568 : 3D;
61569 : 3D;
61570 : 3D;
61571 : 1D;
61572 : 1D;
61573 : 1D;
61574 : 1D;
61575 : 1D;
61576 : 1D;
61577 : 1D;
61578 : 1D;
61579 : 1D;
61580 : 1D;
61581 : 3D;
61582 : 3D;
61583 : 3D;
61584 : 3D;
61585 : 3D;
61586 : 3D;
61587 : 3D;
61588 : 3D;
61589 : 3D;
61590 : 3D;
61591 : 1D;
61592 : 1D;
61593 : 1D;
61594 : 1D;
61595 : 1D;
61596 : 1D;
61597 : 1D;
61598 : 1D;
61599 : 1D;
61600 : 1D;
61601 : 3D;
61602 : 3D;
61603 : 3D;
61604 : 3D;
61605 : 3D;
61606 : 3D;
61607 : 3D;
61608 : 3D;
61609 : 3D;
61610 : 3D;
61611 : 1D;
61612 : 1D;
61613 : 1D;
61614 : 1D;
61615 : 1D;
61616 : 1D;
61617 : 1D;
61618 : 1D;
61619 : 1D;
61620 : 1D;
61621 : 3D;
61622 : 3D;
61623 : 3D;
61624 : 3D;
61625 : 3D;
61626 : 3D;
61627 : 3D;
61628 : 3D;
61629 : 3D;
61630 : 3D;
61631 : 3D;
61632 : 1D;
61633 : 1D;
61634 : 1D;
61635 : 1D;
61636 : 1D;
61637 : 1D;
61638 : 1D;
61639 : 1D;
61640 : 1D;
61641 : 1D;
61642 : 3D;
61643 : 3D;
61644 : 3D;
61645 : 3D;
61646 : 3D;
61647 : 3D;
61648 : 3D;
61649 : 3D;
61650 : 3D;
61651 : 3D;
61652 : 1D;
61653 : 1D;
61654 : 1D;
61655 : 1D;
61656 : 1D;
61657 : 1D;
61658 : 1D;
61659 : 1D;
61660 : 1D;
61661 : 1D;
61662 : 3D;
61663 : 3D;
61664 : 3D;
61665 : 3D;
61666 : 3D;
61667 : 3D;
61668 : 3D;
61669 : 3D;
61670 : 3D;
61671 : 3D;
61672 : 1D;
61673 : 1D;
61674 : 1D;
61675 : 1D;
61676 : 1D;
61677 : 1D;
61678 : 1D;
61679 : 1D;
61680 : 1D;
61681 : 1D;
61682 : 3D;
61683 : 3D;
61684 : 3D;
61685 : 3D;
61686 : 3D;
61687 : 3D;
61688 : 3D;
61689 : 3D;
61690 : 3D;
61691 : 3D;
61692 : 1D;
61693 : 1D;
61694 : 1D;
61695 : 1D;
61696 : 1D;
61697 : 1D;
61698 : 1D;
61699 : 1D;
61700 : 1D;
61701 : 1D;
61702 : 3D;
61703 : 3D;
61704 : 3D;
61705 : 3D;
61706 : 3D;
61707 : 3D;
61708 : 3D;
61709 : 3D;
61710 : 3D;
61711 : 3D;
61712 : 1D;
61713 : 1D;
61714 : 1D;
61715 : 1D;
61716 : 1D;
61717 : 1D;
61718 : 1D;
61719 : 1D;
61720 : 1D;
61721 : 1D;
61722 : 3D;
61723 : 3D;
61724 : 3D;
61725 : 3D;
61726 : 3D;
61727 : 3D;
61728 : 3D;
61729 : 3D;
61730 : 3D;
61731 : 3D;
61732 : 1D;
61733 : 1D;
61734 : 1D;
61735 : 1D;
61736 : 1D;
61737 : 1D;
61738 : 1D;
61739 : 1D;
61740 : 1D;
61741 : 1D;
61742 : 1D;
61743 : 3D;
61744 : 3D;
61745 : 3D;
61746 : 3D;
61747 : 3D;
61748 : 3D;
61749 : 3D;
61750 : 3D;
61751 : 3D;
61752 : 3D;
61753 : 10;
61754 : 10;
61755 : 10;
61756 : 10;
61757 : 10;
61758 : 10;
61759 : 10;
61760 : 14;
61761 : 14;
61762 : 14;
61763 : 14;
61764 : 14;
61765 : 14;
61766 : 14;
61767 : 14;
61768 : 14;
61769 : 14;
61770 : 1D;
61771 : 1D;
61772 : 1D;
61773 : 1D;
61774 : 1D;
61775 : 1D;
61776 : 1D;
61777 : 1D;
61778 : 1D;
61779 : 1D;
61780 : 3D;
61781 : 3D;
61782 : 3D;
61783 : 3D;
61784 : 3D;
61785 : 3D;
61786 : 3D;
61787 : 3D;
61788 : 3D;
61789 : 3D;
61790 : 1D;
61791 : 1D;
61792 : 1D;
61793 : 1D;
61794 : 1D;
61795 : 1D;
61796 : 1D;
61797 : 1D;
61798 : 1D;
61799 : 1D;
61800 : 3D;
61801 : 3D;
61802 : 3D;
61803 : 3D;
61804 : 3D;
61805 : 3D;
61806 : 3D;
61807 : 3D;
61808 : 3D;
61809 : 3D;
61810 : 1D;
61811 : 1D;
61812 : 1D;
61813 : 1D;
61814 : 1D;
61815 : 1D;
61816 : 1D;
61817 : 1D;
61818 : 1D;
61819 : 1D;
61820 : 3D;
61821 : 3D;
61822 : 3D;
61823 : 3D;
61824 : 3D;
61825 : 3D;
61826 : 3D;
61827 : 3D;
61828 : 3D;
61829 : 3D;
61830 : 1D;
61831 : 1D;
61832 : 1D;
61833 : 1D;
61834 : 1D;
61835 : 1D;
61836 : 1D;
61837 : 1D;
61838 : 1D;
61839 : 1D;
61840 : 1D;
61841 : 3D;
61842 : 3D;
61843 : 3D;
61844 : 3D;
61845 : 3D;
61846 : 3D;
61847 : 3D;
61848 : 3D;
61849 : 3D;
61850 : 3D;
61851 : 1D;
61852 : 1D;
61853 : 1D;
61854 : 1D;
61855 : 1D;
61856 : 1D;
61857 : 1D;
61858 : 1D;
61859 : 1D;
61860 : 1D;
61861 : 3D;
61862 : 3D;
61863 : 3D;
61864 : 3D;
61865 : 3D;
61866 : 3D;
61867 : 3D;
61868 : 3D;
61869 : 3D;
61870 : 3D;
61871 : 1D;
61872 : 1D;
61873 : 1D;
61874 : 1D;
61875 : 1D;
61876 : 1D;
61877 : 1D;
61878 : 1D;
61879 : 1D;
61880 : 1D;
61881 : 3D;
61882 : 3D;
61883 : 3D;
61884 : 3D;
61885 : 3D;
61886 : 3D;
61887 : 3D;
61888 : 3D;
61889 : 3D;
61890 : 3D;
61891 : 1D;
61892 : 1D;
61893 : 1D;
61894 : 1D;
61895 : 1D;
61896 : 1D;
61897 : 1D;
61898 : 1D;
61899 : 1D;
61900 : 1D;
61901 : 3D;
61902 : 3D;
61903 : 3D;
61904 : 3D;
61905 : 3D;
61906 : 3D;
61907 : 3D;
61908 : 3D;
61909 : 3D;
61910 : 3D;
61911 : 1D;
61912 : 1D;
61913 : 1D;
61914 : 1D;
61915 : 1D;
61916 : 1D;
61917 : 1D;
61918 : 1D;
61919 : 1D;
61920 : 1D;
61921 : 3D;
61922 : 3D;
61923 : 3D;
61924 : 3D;
61925 : 3D;
61926 : 3D;
61927 : 3D;
61928 : 3D;
61929 : 3D;
61930 : 3D;
61931 : 1D;
61932 : 1D;
61933 : 1D;
61934 : 1D;
61935 : 1D;
61936 : 1D;
61937 : 1D;
61938 : 1D;
61939 : 1D;
61940 : 1D;
61941 : 3D;
61942 : 3D;
61943 : 3D;
61944 : 3D;
61945 : 3D;
61946 : 3D;
61947 : 3D;
61948 : 3D;
61949 : 3D;
61950 : 3D;
61951 : 3D;
61952 : 1D;
61953 : 1D;
61954 : 1D;
61955 : 1D;
61956 : 1D;
61957 : 1D;
61958 : 1D;
61959 : 1D;
61960 : 1D;
61961 : 1D;
61962 : 3D;
61963 : 3D;
61964 : 3D;
61965 : 3D;
61966 : 3D;
61967 : 3D;
61968 : 3D;
61969 : 3D;
61970 : 3D;
61971 : 3D;
61972 : 1D;
61973 : 1D;
61974 : 1D;
61975 : 1D;
61976 : 1D;
61977 : 1D;
61978 : 1D;
61979 : 1D;
61980 : 1D;
61981 : 1D;
61982 : 3D;
61983 : 3D;
61984 : 3D;
61985 : 3D;
61986 : 3D;
61987 : 3D;
61988 : 3D;
61989 : 3D;
61990 : 3D;
61991 : 3D;
61992 : 1D;
61993 : 1D;
61994 : 1D;
61995 : 1D;
61996 : 1D;
61997 : 1D;
61998 : 1D;
61999 : 1D;
62000 : 1D;
62001 : 1D;
62002 : 3D;
62003 : 3D;
62004 : 3D;
62005 : 3D;
62006 : 3D;
62007 : 3D;
62008 : 3D;
62009 : 3D;
62010 : 3D;
62011 : 3D;
62012 : 1D;
62013 : 1D;
62014 : 1D;
62015 : 1D;
62016 : 1D;
62017 : 1D;
62018 : 1D;
62019 : 1D;
62020 : 1D;
62021 : 1D;
62022 : 3D;
62023 : 3D;
62024 : 3D;
62025 : 3D;
62026 : 3D;
62027 : 3D;
62028 : 3D;
62029 : 3D;
62030 : 3D;
62031 : 3D;
62032 : 1D;
62033 : 1D;
62034 : 1D;
62035 : 1D;
62036 : 1D;
62037 : 1D;
62038 : 1D;
62039 : 1D;
62040 : 1D;
62041 : 1D;
62042 : 3D;
62043 : 3D;
62044 : 3D;
62045 : 3D;
62046 : 3D;
62047 : 3D;
62048 : 3D;
62049 : 3D;
62050 : 3D;
62051 : 3D;
62052 : 1D;
62053 : 1D;
62054 : 1D;
62055 : 1D;
62056 : 1D;
62057 : 1D;
62058 : 1D;
62059 : 1D;
62060 : 1D;
62061 : 1D;
62062 : 1D;
62063 : 3D;
62064 : 3D;
62065 : 3D;
62066 : 3D;
62067 : 3D;
62068 : 3D;
62069 : 3D;
62070 : 3D;
62071 : 3D;
62072 : 3D;
62073 : 10;
62074 : 10;
62075 : 10;
62076 : 10;
62077 : 10;
62078 : 10;
62079 : 10;
62080 : 14;
62081 : 14;
62082 : 14;
62083 : 14;
62084 : 14;
62085 : 14;
62086 : 14;
62087 : 14;
62088 : 14;
62089 : 14;
62090 : 1D;
62091 : 1D;
62092 : 1D;
62093 : 1D;
62094 : 1D;
62095 : 1D;
62096 : 1D;
62097 : 1D;
62098 : 1D;
62099 : 1D;
62100 : 3D;
62101 : 3D;
62102 : 3D;
62103 : 3D;
62104 : 3D;
62105 : 3D;
62106 : 3D;
62107 : 3D;
62108 : 3D;
62109 : 3D;
62110 : 1D;
62111 : 1D;
62112 : 1D;
62113 : 1D;
62114 : 1D;
62115 : 1D;
62116 : 1D;
62117 : 1D;
62118 : 1D;
62119 : 1D;
62120 : 3D;
62121 : 3D;
62122 : 3D;
62123 : 3D;
62124 : 3D;
62125 : 3D;
62126 : 3D;
62127 : 3D;
62128 : 3D;
62129 : 3D;
62130 : 1D;
62131 : 1D;
62132 : 1D;
62133 : 1D;
62134 : 1D;
62135 : 1D;
62136 : 1D;
62137 : 1D;
62138 : 1D;
62139 : 1D;
62140 : 3D;
62141 : 3D;
62142 : 3D;
62143 : 3D;
62144 : 3D;
62145 : 3D;
62146 : 3D;
62147 : 3D;
62148 : 3D;
62149 : 3D;
62150 : 1D;
62151 : 1D;
62152 : 1D;
62153 : 1D;
62154 : 1D;
62155 : 1D;
62156 : 1D;
62157 : 1D;
62158 : 1D;
62159 : 1D;
62160 : 1D;
62161 : 3D;
62162 : 3D;
62163 : 3D;
62164 : 3D;
62165 : 3D;
62166 : 3D;
62167 : 3D;
62168 : 3D;
62169 : 3D;
62170 : 3D;
62171 : 1D;
62172 : 1D;
62173 : 1D;
62174 : 1D;
62175 : 1D;
62176 : 1D;
62177 : 1D;
62178 : 1D;
62179 : 1D;
62180 : 1D;
62181 : 3D;
62182 : 3D;
62183 : 3D;
62184 : 3D;
62185 : 3D;
62186 : 3D;
62187 : 3D;
62188 : 3D;
62189 : 3D;
62190 : 3D;
62191 : 1D;
62192 : 1D;
62193 : 1D;
62194 : 1D;
62195 : 1D;
62196 : 1D;
62197 : 1D;
62198 : 1D;
62199 : 1D;
62200 : 1D;
62201 : 3D;
62202 : 3D;
62203 : 3D;
62204 : 3D;
62205 : 3D;
62206 : 3D;
62207 : 3D;
62208 : 3D;
62209 : 3D;
62210 : 3D;
62211 : 1D;
62212 : 1D;
62213 : 1D;
62214 : 1D;
62215 : 1D;
62216 : 1D;
62217 : 1D;
62218 : 1D;
62219 : 1D;
62220 : 1D;
62221 : 3D;
62222 : 3D;
62223 : 3D;
62224 : 3D;
62225 : 3D;
62226 : 3D;
62227 : 3D;
62228 : 3D;
62229 : 3D;
62230 : 3D;
62231 : 1D;
62232 : 1D;
62233 : 1D;
62234 : 1D;
62235 : 1D;
62236 : 1D;
62237 : 1D;
62238 : 1D;
62239 : 1D;
62240 : 1D;
62241 : 3D;
62242 : 3D;
62243 : 3D;
62244 : 3D;
62245 : 3D;
62246 : 3D;
62247 : 3D;
62248 : 3D;
62249 : 3D;
62250 : 3D;
62251 : 1D;
62252 : 1D;
62253 : 1D;
62254 : 1D;
62255 : 1D;
62256 : 1D;
62257 : 1D;
62258 : 1D;
62259 : 1D;
62260 : 1D;
62261 : 3D;
62262 : 3D;
62263 : 3D;
62264 : 3D;
62265 : 3D;
62266 : 3D;
62267 : 3D;
62268 : 3D;
62269 : 3D;
62270 : 3D;
62271 : 3D;
62272 : 1D;
62273 : 1D;
62274 : 1D;
62275 : 1D;
62276 : 1D;
62277 : 1D;
62278 : 1D;
62279 : 1D;
62280 : 1D;
62281 : 1D;
62282 : 3D;
62283 : 3D;
62284 : 3D;
62285 : 3D;
62286 : 3D;
62287 : 3D;
62288 : 3D;
62289 : 3D;
62290 : 3D;
62291 : 3D;
62292 : 1D;
62293 : 1D;
62294 : 1D;
62295 : 1D;
62296 : 1D;
62297 : 1D;
62298 : 1D;
62299 : 1D;
62300 : 1D;
62301 : 1D;
62302 : 3D;
62303 : 3D;
62304 : 3D;
62305 : 3D;
62306 : 3D;
62307 : 3D;
62308 : 3D;
62309 : 3D;
62310 : 3D;
62311 : 3D;
62312 : 1D;
62313 : 1D;
62314 : 1D;
62315 : 1D;
62316 : 1D;
62317 : 1D;
62318 : 1D;
62319 : 1D;
62320 : 1D;
62321 : 1D;
62322 : 3D;
62323 : 3D;
62324 : 3D;
62325 : 3D;
62326 : 3D;
62327 : 3D;
62328 : 3D;
62329 : 3D;
62330 : 3D;
62331 : 3D;
62332 : 1D;
62333 : 1D;
62334 : 1D;
62335 : 1D;
62336 : 1D;
62337 : 1D;
62338 : 1D;
62339 : 1D;
62340 : 1D;
62341 : 1D;
62342 : 3D;
62343 : 3D;
62344 : 3D;
62345 : 3D;
62346 : 3D;
62347 : 3D;
62348 : 3D;
62349 : 3D;
62350 : 3D;
62351 : 3D;
62352 : 1D;
62353 : 1D;
62354 : 1D;
62355 : 1D;
62356 : 1D;
62357 : 1D;
62358 : 1D;
62359 : 1D;
62360 : 1D;
62361 : 1D;
62362 : 3D;
62363 : 3D;
62364 : 3D;
62365 : 3D;
62366 : 3D;
62367 : 3D;
62368 : 3D;
62369 : 3D;
62370 : 3D;
62371 : 3D;
62372 : 1D;
62373 : 1D;
62374 : 1D;
62375 : 1D;
62376 : 1D;
62377 : 1D;
62378 : 1D;
62379 : 1D;
62380 : 1D;
62381 : 1D;
62382 : 1D;
62383 : 3D;
62384 : 3D;
62385 : 3D;
62386 : 3D;
62387 : 3D;
62388 : 3D;
62389 : 3D;
62390 : 3D;
62391 : 3D;
62392 : 3D;
62393 : 10;
62394 : 10;
62395 : 10;
62396 : 10;
62397 : 10;
62398 : 10;
62399 : 10;
62400 : 14;
62401 : 14;
62402 : 14;
62403 : 14;
62404 : 14;
62405 : 14;
62406 : 14;
62407 : 14;
62408 : 14;
62409 : 14;
62410 : 1D;
62411 : 1D;
62412 : 1D;
62413 : 1D;
62414 : 1D;
62415 : 1D;
62416 : 1D;
62417 : 1D;
62418 : 1D;
62419 : 1D;
62420 : 3D;
62421 : 3D;
62422 : 3D;
62423 : 3D;
62424 : 3D;
62425 : 3D;
62426 : 3D;
62427 : 3D;
62428 : 3D;
62429 : 3D;
62430 : 1D;
62431 : 1D;
62432 : 1D;
62433 : 1D;
62434 : 1D;
62435 : 1D;
62436 : 1D;
62437 : 1D;
62438 : 1D;
62439 : 1D;
62440 : 3D;
62441 : 3D;
62442 : 3D;
62443 : 3D;
62444 : 3D;
62445 : 3D;
62446 : 3D;
62447 : 3D;
62448 : 3D;
62449 : 3D;
62450 : 1D;
62451 : 1D;
62452 : 1D;
62453 : 1D;
62454 : 1D;
62455 : 1D;
62456 : 1D;
62457 : 1D;
62458 : 1D;
62459 : 1D;
62460 : 3D;
62461 : 3D;
62462 : 3D;
62463 : 3D;
62464 : 3D;
62465 : 3D;
62466 : 3D;
62467 : 3D;
62468 : 3D;
62469 : 3D;
62470 : 1D;
62471 : 1D;
62472 : 1D;
62473 : 1D;
62474 : 1D;
62475 : 1D;
62476 : 1D;
62477 : 1D;
62478 : 1D;
62479 : 1D;
62480 : 1D;
62481 : 3D;
62482 : 3D;
62483 : 3D;
62484 : 3D;
62485 : 3D;
62486 : 3D;
62487 : 3D;
62488 : 3D;
62489 : 3D;
62490 : 3D;
62491 : 1D;
62492 : 1D;
62493 : 1D;
62494 : 1D;
62495 : 1D;
62496 : 1D;
62497 : 1D;
62498 : 1D;
62499 : 1D;
62500 : 1D;
62501 : 3D;
62502 : 3D;
62503 : 3D;
62504 : 3D;
62505 : 3D;
62506 : 3D;
62507 : 3D;
62508 : 3D;
62509 : 3D;
62510 : 3D;
62511 : 1D;
62512 : 1D;
62513 : 1D;
62514 : 1D;
62515 : 1D;
62516 : 1D;
62517 : 1D;
62518 : 1D;
62519 : 1D;
62520 : 1D;
62521 : 3D;
62522 : 3D;
62523 : 3D;
62524 : 3D;
62525 : 3D;
62526 : 3D;
62527 : 3D;
62528 : 3D;
62529 : 3D;
62530 : 3D;
62531 : 1D;
62532 : 1D;
62533 : 1D;
62534 : 1D;
62535 : 1D;
62536 : 1D;
62537 : 1D;
62538 : 1D;
62539 : 1D;
62540 : 1D;
62541 : 3D;
62542 : 3D;
62543 : 3D;
62544 : 3D;
62545 : 3D;
62546 : 3D;
62547 : 3D;
62548 : 3D;
62549 : 3D;
62550 : 3D;
62551 : 1D;
62552 : 1D;
62553 : 1D;
62554 : 1D;
62555 : 1D;
62556 : 1D;
62557 : 1D;
62558 : 1D;
62559 : 1D;
62560 : 1D;
62561 : 3D;
62562 : 3D;
62563 : 3D;
62564 : 3D;
62565 : 3D;
62566 : 3D;
62567 : 3D;
62568 : 3D;
62569 : 3D;
62570 : 3D;
62571 : 1D;
62572 : 1D;
62573 : 1D;
62574 : 1D;
62575 : 1D;
62576 : 1D;
62577 : 1D;
62578 : 1D;
62579 : 1D;
62580 : 1D;
62581 : 3D;
62582 : 3D;
62583 : 3D;
62584 : 3D;
62585 : 3D;
62586 : 3D;
62587 : 3D;
62588 : 3D;
62589 : 3D;
62590 : 3D;
62591 : 3D;
62592 : 1D;
62593 : 1D;
62594 : 1D;
62595 : 1D;
62596 : 1D;
62597 : 1D;
62598 : 1D;
62599 : 1D;
62600 : 1D;
62601 : 1D;
62602 : 3D;
62603 : 3D;
62604 : 3D;
62605 : 3D;
62606 : 3D;
62607 : 3D;
62608 : 3D;
62609 : 3D;
62610 : 3D;
62611 : 3D;
62612 : 1D;
62613 : 1D;
62614 : 1D;
62615 : 1D;
62616 : 1D;
62617 : 1D;
62618 : 1D;
62619 : 1D;
62620 : 1D;
62621 : 1D;
62622 : 3D;
62623 : 3D;
62624 : 3D;
62625 : 3D;
62626 : 3D;
62627 : 3D;
62628 : 3D;
62629 : 3D;
62630 : 3D;
62631 : 3D;
62632 : 1D;
62633 : 1D;
62634 : 1D;
62635 : 1D;
62636 : 1D;
62637 : 1D;
62638 : 1D;
62639 : 1D;
62640 : 1D;
62641 : 1D;
62642 : 3D;
62643 : 3D;
62644 : 3D;
62645 : 3D;
62646 : 3D;
62647 : 3D;
62648 : 3D;
62649 : 3D;
62650 : 3D;
62651 : 3D;
62652 : 1D;
62653 : 1D;
62654 : 1D;
62655 : 1D;
62656 : 1D;
62657 : 1D;
62658 : 1D;
62659 : 1D;
62660 : 1D;
62661 : 1D;
62662 : 3D;
62663 : 3D;
62664 : 3D;
62665 : 3D;
62666 : 3D;
62667 : 3D;
62668 : 3D;
62669 : 3D;
62670 : 3D;
62671 : 3D;
62672 : 1D;
62673 : 1D;
62674 : 1D;
62675 : 1D;
62676 : 1D;
62677 : 1D;
62678 : 1D;
62679 : 1D;
62680 : 1D;
62681 : 1D;
62682 : 3D;
62683 : 3D;
62684 : 3D;
62685 : 3D;
62686 : 3D;
62687 : 3D;
62688 : 3D;
62689 : 3D;
62690 : 3D;
62691 : 3D;
62692 : 1D;
62693 : 1D;
62694 : 1D;
62695 : 1D;
62696 : 1D;
62697 : 1D;
62698 : 1D;
62699 : 1D;
62700 : 1D;
62701 : 1D;
62702 : 1D;
62703 : 3D;
62704 : 3D;
62705 : 3D;
62706 : 3D;
62707 : 3D;
62708 : 3D;
62709 : 3D;
62710 : 3D;
62711 : 3D;
62712 : 3D;
62713 : 10;
62714 : 10;
62715 : 10;
62716 : 10;
62717 : 10;
62718 : 10;
62719 : 10;
62720 : 14;
62721 : 14;
62722 : 14;
62723 : 14;
62724 : 14;
62725 : 14;
62726 : 14;
62727 : 14;
62728 : 14;
62729 : 14;
62730 : 1D;
62731 : 1D;
62732 : 1D;
62733 : 1D;
62734 : 1D;
62735 : 1D;
62736 : 1D;
62737 : 1D;
62738 : 1D;
62739 : 1D;
62740 : 3D;
62741 : 3D;
62742 : 3D;
62743 : 3D;
62744 : 3D;
62745 : 3D;
62746 : 3D;
62747 : 3D;
62748 : 3D;
62749 : 3D;
62750 : 1D;
62751 : 1D;
62752 : 1D;
62753 : 1D;
62754 : 1D;
62755 : 1D;
62756 : 1D;
62757 : 1D;
62758 : 1D;
62759 : 1D;
62760 : 3D;
62761 : 3D;
62762 : 3D;
62763 : 3D;
62764 : 3D;
62765 : 3D;
62766 : 3D;
62767 : 3D;
62768 : 3D;
62769 : 3D;
62770 : 1D;
62771 : 1D;
62772 : 1D;
62773 : 1D;
62774 : 1D;
62775 : 1D;
62776 : 1D;
62777 : 1D;
62778 : 1D;
62779 : 1D;
62780 : 3D;
62781 : 3D;
62782 : 3D;
62783 : 3D;
62784 : 3D;
62785 : 3D;
62786 : 3D;
62787 : 3D;
62788 : 3D;
62789 : 3D;
62790 : 1D;
62791 : 1D;
62792 : 1D;
62793 : 1D;
62794 : 1D;
62795 : 1D;
62796 : 1D;
62797 : 1D;
62798 : 1D;
62799 : 1D;
62800 : 1D;
62801 : 3D;
62802 : 3D;
62803 : 3D;
62804 : 3D;
62805 : 3D;
62806 : 3D;
62807 : 3D;
62808 : 3D;
62809 : 3D;
62810 : 3D;
62811 : 1D;
62812 : 1D;
62813 : 1D;
62814 : 1D;
62815 : 1D;
62816 : 1D;
62817 : 1D;
62818 : 1D;
62819 : 1D;
62820 : 1D;
62821 : 3D;
62822 : 3D;
62823 : 3D;
62824 : 3D;
62825 : 3D;
62826 : 3D;
62827 : 3D;
62828 : 3D;
62829 : 3D;
62830 : 3D;
62831 : 1D;
62832 : 1D;
62833 : 1D;
62834 : 1D;
62835 : 1D;
62836 : 1D;
62837 : 1D;
62838 : 1D;
62839 : 1D;
62840 : 1D;
62841 : 3D;
62842 : 3D;
62843 : 3D;
62844 : 3D;
62845 : 3D;
62846 : 3D;
62847 : 3D;
62848 : 3D;
62849 : 3D;
62850 : 3D;
62851 : 1D;
62852 : 1D;
62853 : 1D;
62854 : 1D;
62855 : 1D;
62856 : 1D;
62857 : 1D;
62858 : 1D;
62859 : 1D;
62860 : 1D;
62861 : 3D;
62862 : 3D;
62863 : 3D;
62864 : 3D;
62865 : 3D;
62866 : 3D;
62867 : 3D;
62868 : 3D;
62869 : 3D;
62870 : 3D;
62871 : 1D;
62872 : 1D;
62873 : 1D;
62874 : 1D;
62875 : 1D;
62876 : 1D;
62877 : 1D;
62878 : 1D;
62879 : 1D;
62880 : 1D;
62881 : 3D;
62882 : 3D;
62883 : 3D;
62884 : 3D;
62885 : 3D;
62886 : 3D;
62887 : 3D;
62888 : 3D;
62889 : 3D;
62890 : 3D;
62891 : 1D;
62892 : 1D;
62893 : 1D;
62894 : 1D;
62895 : 1D;
62896 : 1D;
62897 : 1D;
62898 : 1D;
62899 : 1D;
62900 : 1D;
62901 : 3D;
62902 : 3D;
62903 : 3D;
62904 : 3D;
62905 : 3D;
62906 : 3D;
62907 : 3D;
62908 : 3D;
62909 : 3D;
62910 : 3D;
62911 : 3D;
62912 : 1D;
62913 : 1D;
62914 : 1D;
62915 : 1D;
62916 : 1D;
62917 : 1D;
62918 : 1D;
62919 : 1D;
62920 : 1D;
62921 : 1D;
62922 : 3D;
62923 : 3D;
62924 : 3D;
62925 : 3D;
62926 : 3D;
62927 : 3D;
62928 : 3D;
62929 : 3D;
62930 : 3D;
62931 : 3D;
62932 : 1D;
62933 : 1D;
62934 : 1D;
62935 : 1D;
62936 : 1D;
62937 : 1D;
62938 : 1D;
62939 : 1D;
62940 : 1D;
62941 : 1D;
62942 : 3D;
62943 : 3D;
62944 : 3D;
62945 : 3D;
62946 : 3D;
62947 : 3D;
62948 : 3D;
62949 : 3D;
62950 : 3D;
62951 : 3D;
62952 : 1D;
62953 : 1D;
62954 : 1D;
62955 : 1D;
62956 : 1D;
62957 : 1D;
62958 : 1D;
62959 : 1D;
62960 : 1D;
62961 : 1D;
62962 : 3D;
62963 : 3D;
62964 : 3D;
62965 : 3D;
62966 : 3D;
62967 : 3D;
62968 : 3D;
62969 : 3D;
62970 : 3D;
62971 : 3D;
62972 : 1D;
62973 : 1D;
62974 : 1D;
62975 : 1D;
62976 : 1D;
62977 : 1D;
62978 : 1D;
62979 : 1D;
62980 : 1D;
62981 : 1D;
62982 : 3D;
62983 : 3D;
62984 : 3D;
62985 : 3D;
62986 : 3D;
62987 : 3D;
62988 : 3D;
62989 : 3D;
62990 : 3D;
62991 : 3D;
62992 : 1D;
62993 : 1D;
62994 : 1D;
62995 : 1D;
62996 : 1D;
62997 : 1D;
62998 : 1D;
62999 : 1D;
63000 : 1D;
63001 : 1D;
63002 : 3D;
63003 : 3D;
63004 : 3D;
63005 : 3D;
63006 : 3D;
63007 : 3D;
63008 : 3D;
63009 : 3D;
63010 : 3D;
63011 : 3D;
63012 : 1D;
63013 : 1D;
63014 : 1D;
63015 : 1D;
63016 : 1D;
63017 : 1D;
63018 : 1D;
63019 : 1D;
63020 : 1D;
63021 : 1D;
63022 : 1D;
63023 : 3D;
63024 : 3D;
63025 : 3D;
63026 : 3D;
63027 : 3D;
63028 : 3D;
63029 : 3D;
63030 : 3D;
63031 : 3D;
63032 : 3D;
63033 : 10;
63034 : 10;
63035 : 10;
63036 : 10;
63037 : 10;
63038 : 10;
63039 : 10;
63040 : 14;
63041 : 14;
63042 : 14;
63043 : 14;
63044 : 14;
63045 : 14;
63046 : 14;
63047 : 14;
63048 : 14;
63049 : 14;
63050 : 1D;
63051 : 1D;
63052 : 1D;
63053 : 1D;
63054 : 1D;
63055 : 1D;
63056 : 1D;
63057 : 1D;
63058 : 1D;
63059 : 1D;
63060 : 3D;
63061 : 3D;
63062 : 3D;
63063 : 3D;
63064 : 3D;
63065 : 3D;
63066 : 3D;
63067 : 3D;
63068 : 3D;
63069 : 3D;
63070 : 1D;
63071 : 1D;
63072 : 1D;
63073 : 1D;
63074 : 1D;
63075 : 1D;
63076 : 1D;
63077 : 1D;
63078 : 1D;
63079 : 1D;
63080 : 3D;
63081 : 3D;
63082 : 3D;
63083 : 3D;
63084 : 3D;
63085 : 3D;
63086 : 3D;
63087 : 3D;
63088 : 3D;
63089 : 3D;
63090 : 1D;
63091 : 1D;
63092 : 1D;
63093 : 1D;
63094 : 1D;
63095 : 1D;
63096 : 1D;
63097 : 1D;
63098 : 1D;
63099 : 1D;
63100 : 3D;
63101 : 3D;
63102 : 3D;
63103 : 3D;
63104 : 3D;
63105 : 3D;
63106 : 3D;
63107 : 3D;
63108 : 3D;
63109 : 3D;
63110 : 1D;
63111 : 1D;
63112 : 1D;
63113 : 1D;
63114 : 1D;
63115 : 1D;
63116 : 1D;
63117 : 1D;
63118 : 1D;
63119 : 1D;
63120 : 1D;
63121 : 3D;
63122 : 3D;
63123 : 3D;
63124 : 3D;
63125 : 3D;
63126 : 3D;
63127 : 3D;
63128 : 3D;
63129 : 3D;
63130 : 3D;
63131 : 1D;
63132 : 1D;
63133 : 1D;
63134 : 1D;
63135 : 1D;
63136 : 1D;
63137 : 1D;
63138 : 1D;
63139 : 1D;
63140 : 1D;
63141 : 3D;
63142 : 3D;
63143 : 3D;
63144 : 3D;
63145 : 3D;
63146 : 3D;
63147 : 3D;
63148 : 3D;
63149 : 3D;
63150 : 3D;
63151 : 1D;
63152 : 1D;
63153 : 1D;
63154 : 1D;
63155 : 1D;
63156 : 1D;
63157 : 1D;
63158 : 1D;
63159 : 1D;
63160 : 1D;
63161 : 3D;
63162 : 3D;
63163 : 3D;
63164 : 3D;
63165 : 3D;
63166 : 3D;
63167 : 3D;
63168 : 3D;
63169 : 3D;
63170 : 3D;
63171 : 1D;
63172 : 1D;
63173 : 1D;
63174 : 1D;
63175 : 1D;
63176 : 1D;
63177 : 1D;
63178 : 1D;
63179 : 1D;
63180 : 1D;
63181 : 3D;
63182 : 3D;
63183 : 3D;
63184 : 3D;
63185 : 3D;
63186 : 3D;
63187 : 3D;
63188 : 3D;
63189 : 3D;
63190 : 3D;
63191 : 1D;
63192 : 1D;
63193 : 1D;
63194 : 1D;
63195 : 1D;
63196 : 1D;
63197 : 1D;
63198 : 1D;
63199 : 1D;
63200 : 1D;
63201 : 3D;
63202 : 3D;
63203 : 3D;
63204 : 3D;
63205 : 3D;
63206 : 3D;
63207 : 3D;
63208 : 3D;
63209 : 3D;
63210 : 3D;
63211 : 1D;
63212 : 1D;
63213 : 1D;
63214 : 1D;
63215 : 1D;
63216 : 1D;
63217 : 1D;
63218 : 1D;
63219 : 1D;
63220 : 1D;
63221 : 3D;
63222 : 3D;
63223 : 3D;
63224 : 3D;
63225 : 3D;
63226 : 3D;
63227 : 3D;
63228 : 3D;
63229 : 3D;
63230 : 3D;
63231 : 3D;
63232 : 1D;
63233 : 1D;
63234 : 1D;
63235 : 1D;
63236 : 1D;
63237 : 1D;
63238 : 1D;
63239 : 1D;
63240 : 1D;
63241 : 1D;
63242 : 3D;
63243 : 3D;
63244 : 3D;
63245 : 3D;
63246 : 3D;
63247 : 3D;
63248 : 3D;
63249 : 3D;
63250 : 3D;
63251 : 3D;
63252 : 1D;
63253 : 1D;
63254 : 1D;
63255 : 1D;
63256 : 1D;
63257 : 1D;
63258 : 1D;
63259 : 1D;
63260 : 1D;
63261 : 1D;
63262 : 3D;
63263 : 3D;
63264 : 3D;
63265 : 3D;
63266 : 3D;
63267 : 3D;
63268 : 3D;
63269 : 3D;
63270 : 3D;
63271 : 3D;
63272 : 1D;
63273 : 1D;
63274 : 1D;
63275 : 1D;
63276 : 1D;
63277 : 1D;
63278 : 1D;
63279 : 1D;
63280 : 1D;
63281 : 1D;
63282 : 3D;
63283 : 3D;
63284 : 3D;
63285 : 3D;
63286 : 3D;
63287 : 3D;
63288 : 3D;
63289 : 3D;
63290 : 3D;
63291 : 3D;
63292 : 1D;
63293 : 1D;
63294 : 1D;
63295 : 1D;
63296 : 1D;
63297 : 1D;
63298 : 1D;
63299 : 1D;
63300 : 1D;
63301 : 1D;
63302 : 3D;
63303 : 3D;
63304 : 3D;
63305 : 3D;
63306 : 3D;
63307 : 3D;
63308 : 3D;
63309 : 3D;
63310 : 3D;
63311 : 3D;
63312 : 1D;
63313 : 1D;
63314 : 1D;
63315 : 1D;
63316 : 1D;
63317 : 1D;
63318 : 1D;
63319 : 1D;
63320 : 1D;
63321 : 1D;
63322 : 3D;
63323 : 3D;
63324 : 3D;
63325 : 3D;
63326 : 3D;
63327 : 3D;
63328 : 3D;
63329 : 3D;
63330 : 3D;
63331 : 3D;
63332 : 1D;
63333 : 1D;
63334 : 1D;
63335 : 1D;
63336 : 1D;
63337 : 1D;
63338 : 1D;
63339 : 1D;
63340 : 1D;
63341 : 1D;
63342 : 1D;
63343 : 3D;
63344 : 3D;
63345 : 3D;
63346 : 3D;
63347 : 3D;
63348 : 3D;
63349 : 3D;
63350 : 3D;
63351 : 3D;
63352 : 3D;
63353 : 10;
63354 : 10;
63355 : 10;
63356 : 10;
63357 : 10;
63358 : 10;
63359 : 10;
63360 : 14;
63361 : 14;
63362 : 14;
63363 : 14;
63364 : 14;
63365 : 14;
63366 : 14;
63367 : 14;
63368 : 14;
63369 : 14;
63370 : 1D;
63371 : 1D;
63372 : 1D;
63373 : 1D;
63374 : 1D;
63375 : 1D;
63376 : 1D;
63377 : 1D;
63378 : 1D;
63379 : 1D;
63380 : 3D;
63381 : 3D;
63382 : 3D;
63383 : 3D;
63384 : 3D;
63385 : 3D;
63386 : 3D;
63387 : 3D;
63388 : 3D;
63389 : 3D;
63390 : 1D;
63391 : 1D;
63392 : 1D;
63393 : 1D;
63394 : 1D;
63395 : 1D;
63396 : 1D;
63397 : 1D;
63398 : 1D;
63399 : 1D;
63400 : 3D;
63401 : 3D;
63402 : 3D;
63403 : 3D;
63404 : 3D;
63405 : 3D;
63406 : 3D;
63407 : 3D;
63408 : 3D;
63409 : 3D;
63410 : 1D;
63411 : 1D;
63412 : 1D;
63413 : 1D;
63414 : 1D;
63415 : 1D;
63416 : 1D;
63417 : 1D;
63418 : 1D;
63419 : 1D;
63420 : 3D;
63421 : 3D;
63422 : 3D;
63423 : 3D;
63424 : 3D;
63425 : 3D;
63426 : 3D;
63427 : 3D;
63428 : 3D;
63429 : 3D;
63430 : 1D;
63431 : 1D;
63432 : 1D;
63433 : 1D;
63434 : 1D;
63435 : 1D;
63436 : 1D;
63437 : 1D;
63438 : 1D;
63439 : 1D;
63440 : 1D;
63441 : 3D;
63442 : 3D;
63443 : 3D;
63444 : 3D;
63445 : 3D;
63446 : 3D;
63447 : 3D;
63448 : 3D;
63449 : 3D;
63450 : 3D;
63451 : 1D;
63452 : 1D;
63453 : 1D;
63454 : 1D;
63455 : 1D;
63456 : 1D;
63457 : 1D;
63458 : 1D;
63459 : 1D;
63460 : 1D;
63461 : 3D;
63462 : 3D;
63463 : 3D;
63464 : 3D;
63465 : 3D;
63466 : 3D;
63467 : 3D;
63468 : 3D;
63469 : 3D;
63470 : 3D;
63471 : 1D;
63472 : 1D;
63473 : 1D;
63474 : 1D;
63475 : 1D;
63476 : 1D;
63477 : 1D;
63478 : 1D;
63479 : 1D;
63480 : 1D;
63481 : 3D;
63482 : 3D;
63483 : 3D;
63484 : 3D;
63485 : 3D;
63486 : 3D;
63487 : 3D;
63488 : 3D;
63489 : 3D;
63490 : 3D;
63491 : 1D;
63492 : 1D;
63493 : 1D;
63494 : 1D;
63495 : 1D;
63496 : 1D;
63497 : 1D;
63498 : 1D;
63499 : 1D;
63500 : 1D;
63501 : 3D;
63502 : 3D;
63503 : 3D;
63504 : 3D;
63505 : 3D;
63506 : 3D;
63507 : 3D;
63508 : 3D;
63509 : 3D;
63510 : 3D;
63511 : 1D;
63512 : 1D;
63513 : 1D;
63514 : 1D;
63515 : 1D;
63516 : 1D;
63517 : 1D;
63518 : 1D;
63519 : 1D;
63520 : 1D;
63521 : 3D;
63522 : 3D;
63523 : 3D;
63524 : 3D;
63525 : 3D;
63526 : 3D;
63527 : 3D;
63528 : 3D;
63529 : 3D;
63530 : 3D;
63531 : 1D;
63532 : 1D;
63533 : 1D;
63534 : 1D;
63535 : 1D;
63536 : 1D;
63537 : 1D;
63538 : 1D;
63539 : 1D;
63540 : 1D;
63541 : 3D;
63542 : 3D;
63543 : 3D;
63544 : 3D;
63545 : 3D;
63546 : 3D;
63547 : 3D;
63548 : 3D;
63549 : 3D;
63550 : 3D;
63551 : 3D;
63552 : 1D;
63553 : 1D;
63554 : 1D;
63555 : 1D;
63556 : 1D;
63557 : 1D;
63558 : 1D;
63559 : 1D;
63560 : 1D;
63561 : 1D;
63562 : 3D;
63563 : 3D;
63564 : 3D;
63565 : 3D;
63566 : 3D;
63567 : 3D;
63568 : 3D;
63569 : 3D;
63570 : 3D;
63571 : 3D;
63572 : 1D;
63573 : 1D;
63574 : 1D;
63575 : 1D;
63576 : 1D;
63577 : 1D;
63578 : 1D;
63579 : 1D;
63580 : 1D;
63581 : 1D;
63582 : 3D;
63583 : 3D;
63584 : 3D;
63585 : 3D;
63586 : 3D;
63587 : 3D;
63588 : 3D;
63589 : 3D;
63590 : 3D;
63591 : 3D;
63592 : 1D;
63593 : 1D;
63594 : 1D;
63595 : 1D;
63596 : 1D;
63597 : 1D;
63598 : 1D;
63599 : 1D;
63600 : 1D;
63601 : 1D;
63602 : 3D;
63603 : 3D;
63604 : 3D;
63605 : 3D;
63606 : 3D;
63607 : 3D;
63608 : 3D;
63609 : 3D;
63610 : 3D;
63611 : 3D;
63612 : 1D;
63613 : 1D;
63614 : 1D;
63615 : 1D;
63616 : 1D;
63617 : 1D;
63618 : 1D;
63619 : 1D;
63620 : 1D;
63621 : 1D;
63622 : 3D;
63623 : 3D;
63624 : 3D;
63625 : 3D;
63626 : 3D;
63627 : 3D;
63628 : 3D;
63629 : 3D;
63630 : 3D;
63631 : 3D;
63632 : 1D;
63633 : 1D;
63634 : 1D;
63635 : 1D;
63636 : 1D;
63637 : 1D;
63638 : 1D;
63639 : 1D;
63640 : 1D;
63641 : 1D;
63642 : 3D;
63643 : 3D;
63644 : 3D;
63645 : 3D;
63646 : 3D;
63647 : 3D;
63648 : 3D;
63649 : 3D;
63650 : 3D;
63651 : 3D;
63652 : 1D;
63653 : 1D;
63654 : 1D;
63655 : 1D;
63656 : 1D;
63657 : 1D;
63658 : 1D;
63659 : 1D;
63660 : 1D;
63661 : 1D;
63662 : 1D;
63663 : 3D;
63664 : 3D;
63665 : 3D;
63666 : 3D;
63667 : 3D;
63668 : 3D;
63669 : 3D;
63670 : 3D;
63671 : 3D;
63672 : 3D;
63673 : 10;
63674 : 10;
63675 : 10;
63676 : 10;
63677 : 10;
63678 : 10;
63679 : 10;
63680 : 14;
63681 : 14;
63682 : 14;
63683 : 14;
63684 : 14;
63685 : 14;
63686 : 14;
63687 : 14;
63688 : 14;
63689 : 14;
63690 : 1D;
63691 : 1D;
63692 : 1D;
63693 : 1D;
63694 : 1D;
63695 : 1D;
63696 : 1D;
63697 : 1D;
63698 : 1D;
63699 : 1D;
63700 : 3D;
63701 : 3D;
63702 : 3D;
63703 : 3D;
63704 : 3D;
63705 : 3D;
63706 : 3D;
63707 : 3D;
63708 : 3D;
63709 : 3D;
63710 : 1D;
63711 : 1D;
63712 : 1D;
63713 : 1D;
63714 : 1D;
63715 : 1D;
63716 : 1D;
63717 : 1D;
63718 : 1D;
63719 : 1D;
63720 : 3D;
63721 : 3D;
63722 : 3D;
63723 : 3D;
63724 : 3D;
63725 : 3D;
63726 : 3D;
63727 : 3D;
63728 : 3D;
63729 : 3D;
63730 : 1D;
63731 : 1D;
63732 : 1D;
63733 : 1D;
63734 : 1D;
63735 : 1D;
63736 : 1D;
63737 : 1D;
63738 : 1D;
63739 : 1D;
63740 : 3D;
63741 : 3D;
63742 : 3D;
63743 : 3D;
63744 : 3D;
63745 : 3D;
63746 : 3D;
63747 : 3D;
63748 : 3D;
63749 : 3D;
63750 : 1D;
63751 : 1D;
63752 : 1D;
63753 : 1D;
63754 : 1D;
63755 : 1D;
63756 : 1D;
63757 : 1D;
63758 : 1D;
63759 : 1D;
63760 : 1D;
63761 : 3D;
63762 : 3D;
63763 : 3D;
63764 : 3D;
63765 : 3D;
63766 : 3D;
63767 : 3D;
63768 : 3D;
63769 : 3D;
63770 : 3D;
63771 : 1D;
63772 : 1D;
63773 : 1D;
63774 : 1D;
63775 : 1D;
63776 : 1D;
63777 : 1D;
63778 : 1D;
63779 : 1D;
63780 : 1D;
63781 : 3D;
63782 : 3D;
63783 : 3D;
63784 : 3D;
63785 : 3D;
63786 : 3D;
63787 : 3D;
63788 : 3D;
63789 : 3D;
63790 : 3D;
63791 : 1D;
63792 : 1D;
63793 : 1D;
63794 : 1D;
63795 : 1D;
63796 : 1D;
63797 : 1D;
63798 : 1D;
63799 : 1D;
63800 : 1D;
63801 : 3D;
63802 : 3D;
63803 : 3D;
63804 : 3D;
63805 : 3D;
63806 : 3D;
63807 : 3D;
63808 : 3D;
63809 : 3D;
63810 : 3D;
63811 : 1D;
63812 : 1D;
63813 : 1D;
63814 : 1D;
63815 : 1D;
63816 : 1D;
63817 : 1D;
63818 : 1D;
63819 : 1D;
63820 : 1D;
63821 : 3D;
63822 : 3D;
63823 : 3D;
63824 : 3D;
63825 : 3D;
63826 : 3D;
63827 : 3D;
63828 : 3D;
63829 : 3D;
63830 : 3D;
63831 : 1D;
63832 : 1D;
63833 : 1D;
63834 : 1D;
63835 : 1D;
63836 : 1D;
63837 : 1D;
63838 : 1D;
63839 : 1D;
63840 : 1D;
63841 : 3D;
63842 : 3D;
63843 : 3D;
63844 : 3D;
63845 : 3D;
63846 : 3D;
63847 : 3D;
63848 : 3D;
63849 : 3D;
63850 : 3D;
63851 : 1D;
63852 : 1D;
63853 : 1D;
63854 : 1D;
63855 : 1D;
63856 : 1D;
63857 : 1D;
63858 : 1D;
63859 : 1D;
63860 : 1D;
63861 : 3D;
63862 : 3D;
63863 : 3D;
63864 : 3D;
63865 : 3D;
63866 : 3D;
63867 : 3D;
63868 : 3D;
63869 : 3D;
63870 : 3D;
63871 : 3D;
63872 : 1D;
63873 : 1D;
63874 : 1D;
63875 : 1D;
63876 : 1D;
63877 : 1D;
63878 : 1D;
63879 : 1D;
63880 : 1D;
63881 : 1D;
63882 : 3D;
63883 : 3D;
63884 : 3D;
63885 : 3D;
63886 : 3D;
63887 : 3D;
63888 : 3D;
63889 : 3D;
63890 : 3D;
63891 : 3D;
63892 : 1D;
63893 : 1D;
63894 : 1D;
63895 : 1D;
63896 : 1D;
63897 : 1D;
63898 : 1D;
63899 : 1D;
63900 : 1D;
63901 : 1D;
63902 : 3D;
63903 : 3D;
63904 : 3D;
63905 : 3D;
63906 : 3D;
63907 : 3D;
63908 : 3D;
63909 : 3D;
63910 : 3D;
63911 : 3D;
63912 : 1D;
63913 : 1D;
63914 : 1D;
63915 : 1D;
63916 : 1D;
63917 : 1D;
63918 : 1D;
63919 : 1D;
63920 : 1D;
63921 : 1D;
63922 : 3D;
63923 : 3D;
63924 : 3D;
63925 : 3D;
63926 : 3D;
63927 : 3D;
63928 : 3D;
63929 : 3D;
63930 : 3D;
63931 : 3D;
63932 : 1D;
63933 : 1D;
63934 : 1D;
63935 : 1D;
63936 : 1D;
63937 : 1D;
63938 : 1D;
63939 : 1D;
63940 : 1D;
63941 : 1D;
63942 : 3D;
63943 : 3D;
63944 : 3D;
63945 : 3D;
63946 : 3D;
63947 : 3D;
63948 : 3D;
63949 : 3D;
63950 : 3D;
63951 : 3D;
63952 : 1D;
63953 : 1D;
63954 : 1D;
63955 : 1D;
63956 : 1D;
63957 : 1D;
63958 : 1D;
63959 : 1D;
63960 : 1D;
63961 : 1D;
63962 : 3D;
63963 : 3D;
63964 : 3D;
63965 : 3D;
63966 : 3D;
63967 : 3D;
63968 : 3D;
63969 : 3D;
63970 : 3D;
63971 : 3D;
63972 : 1D;
63973 : 1D;
63974 : 1D;
63975 : 1D;
63976 : 1D;
63977 : 1D;
63978 : 1D;
63979 : 1D;
63980 : 1D;
63981 : 1D;
63982 : 1D;
63983 : 3D;
63984 : 3D;
63985 : 3D;
63986 : 3D;
63987 : 3D;
63988 : 3D;
63989 : 3D;
63990 : 3D;
63991 : 3D;
63992 : 3D;
63993 : 10;
63994 : 10;
63995 : 10;
63996 : 10;
63997 : 10;
63998 : 10;
63999 : 10;
64000 : 14;
64001 : 14;
64002 : 14;
64003 : 14;
64004 : 14;
64005 : 14;
64006 : 14;
64007 : 14;
64008 : 14;
64009 : 14;
64010 : 1D;
64011 : 1D;
64012 : 1D;
64013 : 1D;
64014 : 1D;
64015 : 1D;
64016 : 1D;
64017 : 1D;
64018 : 1D;
64019 : 1D;
64020 : 3D;
64021 : 3D;
64022 : 3D;
64023 : 3D;
64024 : 3D;
64025 : 3D;
64026 : 3D;
64027 : 3D;
64028 : 3D;
64029 : 3D;
64030 : 1D;
64031 : 1D;
64032 : 1D;
64033 : 1D;
64034 : 1D;
64035 : 1D;
64036 : 1D;
64037 : 1D;
64038 : 1D;
64039 : 1D;
64040 : 3D;
64041 : 3D;
64042 : 3D;
64043 : 3D;
64044 : 3D;
64045 : 3D;
64046 : 3D;
64047 : 3D;
64048 : 3D;
64049 : 3D;
64050 : 1D;
64051 : 1D;
64052 : 1D;
64053 : 1D;
64054 : 1D;
64055 : 1D;
64056 : 1D;
64057 : 1D;
64058 : 1D;
64059 : 1D;
64060 : 3D;
64061 : 3D;
64062 : 3D;
64063 : 3D;
64064 : 3D;
64065 : 3D;
64066 : 3D;
64067 : 3D;
64068 : 3D;
64069 : 3D;
64070 : 1D;
64071 : 1D;
64072 : 1D;
64073 : 1D;
64074 : 1D;
64075 : 1D;
64076 : 1D;
64077 : 1D;
64078 : 1D;
64079 : 1D;
64080 : 1D;
64081 : 3D;
64082 : 3D;
64083 : 3D;
64084 : 3D;
64085 : 3D;
64086 : 3D;
64087 : 3D;
64088 : 3D;
64089 : 3D;
64090 : 3D;
64091 : 1D;
64092 : 1D;
64093 : 1D;
64094 : 1D;
64095 : 1D;
64096 : 1D;
64097 : 1D;
64098 : 1D;
64099 : 1D;
64100 : 1D;
64101 : 3D;
64102 : 3D;
64103 : 3D;
64104 : 3D;
64105 : 3D;
64106 : 3D;
64107 : 3D;
64108 : 3D;
64109 : 3D;
64110 : 3D;
64111 : 1D;
64112 : 1D;
64113 : 1D;
64114 : 1D;
64115 : 1D;
64116 : 1D;
64117 : 1D;
64118 : 1D;
64119 : 1D;
64120 : 1D;
64121 : 3D;
64122 : 3D;
64123 : 3D;
64124 : 3D;
64125 : 3D;
64126 : 3D;
64127 : 3D;
64128 : 3D;
64129 : 3D;
64130 : 3D;
64131 : 1D;
64132 : 1D;
64133 : 1D;
64134 : 1D;
64135 : 1D;
64136 : 1D;
64137 : 1D;
64138 : 1D;
64139 : 1D;
64140 : 1D;
64141 : 3D;
64142 : 3D;
64143 : 3D;
64144 : 3D;
64145 : 3D;
64146 : 3D;
64147 : 3D;
64148 : 3D;
64149 : 3D;
64150 : 3D;
64151 : 1D;
64152 : 1D;
64153 : 1D;
64154 : 1D;
64155 : 1D;
64156 : 1D;
64157 : 1D;
64158 : 1D;
64159 : 1D;
64160 : 1D;
64161 : 3D;
64162 : 3D;
64163 : 3D;
64164 : 3D;
64165 : 3D;
64166 : 3D;
64167 : 3D;
64168 : 3D;
64169 : 3D;
64170 : 3D;
64171 : 1D;
64172 : 1D;
64173 : 1D;
64174 : 1D;
64175 : 1D;
64176 : 1D;
64177 : 1D;
64178 : 1D;
64179 : 1D;
64180 : 1D;
64181 : 3D;
64182 : 3D;
64183 : 3D;
64184 : 3D;
64185 : 3D;
64186 : 3D;
64187 : 3D;
64188 : 3D;
64189 : 3D;
64190 : 3D;
64191 : 3D;
64192 : 1D;
64193 : 1D;
64194 : 1D;
64195 : 1D;
64196 : 1D;
64197 : 1D;
64198 : 1D;
64199 : 1D;
64200 : 1D;
64201 : 1D;
64202 : 3D;
64203 : 3D;
64204 : 3D;
64205 : 3D;
64206 : 3D;
64207 : 3D;
64208 : 3D;
64209 : 3D;
64210 : 3D;
64211 : 3D;
64212 : 1D;
64213 : 1D;
64214 : 1D;
64215 : 1D;
64216 : 1D;
64217 : 1D;
64218 : 1D;
64219 : 1D;
64220 : 1D;
64221 : 1D;
64222 : 3D;
64223 : 3D;
64224 : 3D;
64225 : 3D;
64226 : 3D;
64227 : 3D;
64228 : 3D;
64229 : 3D;
64230 : 3D;
64231 : 3D;
64232 : 1D;
64233 : 1D;
64234 : 1D;
64235 : 1D;
64236 : 1D;
64237 : 1D;
64238 : 1D;
64239 : 1D;
64240 : 1D;
64241 : 1D;
64242 : 3D;
64243 : 3D;
64244 : 3D;
64245 : 3D;
64246 : 3D;
64247 : 3D;
64248 : 3D;
64249 : 3D;
64250 : 3D;
64251 : 3D;
64252 : 1D;
64253 : 1D;
64254 : 1D;
64255 : 1D;
64256 : 1D;
64257 : 1D;
64258 : 1D;
64259 : 1D;
64260 : 1D;
64261 : 1D;
64262 : 3D;
64263 : 3D;
64264 : 3D;
64265 : 3D;
64266 : 3D;
64267 : 3D;
64268 : 3D;
64269 : 3D;
64270 : 3D;
64271 : 3D;
64272 : 1D;
64273 : 1D;
64274 : 1D;
64275 : 1D;
64276 : 1D;
64277 : 1D;
64278 : 1D;
64279 : 1D;
64280 : 1D;
64281 : 1D;
64282 : 3D;
64283 : 3D;
64284 : 3D;
64285 : 3D;
64286 : 3D;
64287 : 3D;
64288 : 3D;
64289 : 3D;
64290 : 3D;
64291 : 3D;
64292 : 1D;
64293 : 1D;
64294 : 1D;
64295 : 1D;
64296 : 1D;
64297 : 1D;
64298 : 1D;
64299 : 1D;
64300 : 1D;
64301 : 1D;
64302 : 1D;
64303 : 3D;
64304 : 3D;
64305 : 3D;
64306 : 3D;
64307 : 3D;
64308 : 3D;
64309 : 3D;
64310 : 3D;
64311 : 3D;
64312 : 3D;
64313 : 10;
64314 : 10;
64315 : 10;
64316 : 10;
64317 : 10;
64318 : 10;
64319 : 10;
64320 : 10;
64321 : 10;
64322 : 10;
64323 : 10;
64324 : 10;
64325 : 10;
64326 : 10;
64327 : 10;
64328 : 10;
64329 : 10;
64330 : 3D;
64331 : 3D;
64332 : 3D;
64333 : 3D;
64334 : 3D;
64335 : 3D;
64336 : 3D;
64337 : 3D;
64338 : 3D;
64339 : 3D;
64340 : 1D;
64341 : 1D;
64342 : 1D;
64343 : 1D;
64344 : 1D;
64345 : 1D;
64346 : 1D;
64347 : 1D;
64348 : 1D;
64349 : 1D;
64350 : 3D;
64351 : 3D;
64352 : 3D;
64353 : 3D;
64354 : 3D;
64355 : 3D;
64356 : 3D;
64357 : 3D;
64358 : 3D;
64359 : 3D;
64360 : 1D;
64361 : 1D;
64362 : 1D;
64363 : 1D;
64364 : 1D;
64365 : 1D;
64366 : 1D;
64367 : 1D;
64368 : 1D;
64369 : 1D;
64370 : 3D;
64371 : 3D;
64372 : 3D;
64373 : 3D;
64374 : 3D;
64375 : 3D;
64376 : 3D;
64377 : 3D;
64378 : 3D;
64379 : 3D;
64380 : 1D;
64381 : 1D;
64382 : 1D;
64383 : 1D;
64384 : 1D;
64385 : 1D;
64386 : 1D;
64387 : 1D;
64388 : 1D;
64389 : 1D;
64390 : 3D;
64391 : 3D;
64392 : 3D;
64393 : 3D;
64394 : 3D;
64395 : 3D;
64396 : 3D;
64397 : 3D;
64398 : 3D;
64399 : 3D;
64400 : 3D;
64401 : 1D;
64402 : 1D;
64403 : 1D;
64404 : 1D;
64405 : 1D;
64406 : 1D;
64407 : 1D;
64408 : 1D;
64409 : 1D;
64410 : 1D;
64411 : 3D;
64412 : 3D;
64413 : 3D;
64414 : 3D;
64415 : 3D;
64416 : 3D;
64417 : 3D;
64418 : 3D;
64419 : 3D;
64420 : 3D;
64421 : 1D;
64422 : 1D;
64423 : 1D;
64424 : 1D;
64425 : 1D;
64426 : 1D;
64427 : 1D;
64428 : 1D;
64429 : 1D;
64430 : 1D;
64431 : 3D;
64432 : 3D;
64433 : 3D;
64434 : 3D;
64435 : 3D;
64436 : 3D;
64437 : 3D;
64438 : 3D;
64439 : 3D;
64440 : 3D;
64441 : 1D;
64442 : 1D;
64443 : 1D;
64444 : 1D;
64445 : 1D;
64446 : 1D;
64447 : 1D;
64448 : 1D;
64449 : 1D;
64450 : 1D;
64451 : 3D;
64452 : 3D;
64453 : 3D;
64454 : 3D;
64455 : 3D;
64456 : 3D;
64457 : 3D;
64458 : 3D;
64459 : 3D;
64460 : 3D;
64461 : 1D;
64462 : 1D;
64463 : 1D;
64464 : 1D;
64465 : 1D;
64466 : 1D;
64467 : 1D;
64468 : 1D;
64469 : 1D;
64470 : 1D;
64471 : 3D;
64472 : 3D;
64473 : 3D;
64474 : 3D;
64475 : 3D;
64476 : 3D;
64477 : 3D;
64478 : 3D;
64479 : 3D;
64480 : 3D;
64481 : 1D;
64482 : 1D;
64483 : 1D;
64484 : 1D;
64485 : 1D;
64486 : 1D;
64487 : 1D;
64488 : 1D;
64489 : 1D;
64490 : 1D;
64491 : 3D;
64492 : 3D;
64493 : 3D;
64494 : 3D;
64495 : 3D;
64496 : 3D;
64497 : 3D;
64498 : 3D;
64499 : 3D;
64500 : 3D;
64501 : 1D;
64502 : 1D;
64503 : 1D;
64504 : 1D;
64505 : 1D;
64506 : 1D;
64507 : 1D;
64508 : 1D;
64509 : 1D;
64510 : 1D;
64511 : 1D;
64512 : 3D;
64513 : 3D;
64514 : 3D;
64515 : 3D;
64516 : 3D;
64517 : 3D;
64518 : 3D;
64519 : 3D;
64520 : 3D;
64521 : 3D;
64522 : 1D;
64523 : 1D;
64524 : 1D;
64525 : 1D;
64526 : 1D;
64527 : 1D;
64528 : 1D;
64529 : 1D;
64530 : 1D;
64531 : 1D;
64532 : 3D;
64533 : 3D;
64534 : 3D;
64535 : 3D;
64536 : 3D;
64537 : 3D;
64538 : 3D;
64539 : 3D;
64540 : 3D;
64541 : 3D;
64542 : 1D;
64543 : 1D;
64544 : 1D;
64545 : 1D;
64546 : 1D;
64547 : 1D;
64548 : 1D;
64549 : 1D;
64550 : 1D;
64551 : 1D;
64552 : 3D;
64553 : 3D;
64554 : 3D;
64555 : 3D;
64556 : 3D;
64557 : 3D;
64558 : 3D;
64559 : 3D;
64560 : 3D;
64561 : 3D;
64562 : 1D;
64563 : 1D;
64564 : 1D;
64565 : 1D;
64566 : 1D;
64567 : 1D;
64568 : 1D;
64569 : 1D;
64570 : 1D;
64571 : 1D;
64572 : 3D;
64573 : 3D;
64574 : 3D;
64575 : 3D;
64576 : 3D;
64577 : 3D;
64578 : 3D;
64579 : 3D;
64580 : 3D;
64581 : 3D;
64582 : 1D;
64583 : 1D;
64584 : 1D;
64585 : 1D;
64586 : 1D;
64587 : 1D;
64588 : 1D;
64589 : 1D;
64590 : 1D;
64591 : 1D;
64592 : 3D;
64593 : 3D;
64594 : 3D;
64595 : 3D;
64596 : 3D;
64597 : 3D;
64598 : 3D;
64599 : 3D;
64600 : 3D;
64601 : 3D;
64602 : 1D;
64603 : 1D;
64604 : 1D;
64605 : 1D;
64606 : 1D;
64607 : 1D;
64608 : 1D;
64609 : 1D;
64610 : 1D;
64611 : 1D;
64612 : 3D;
64613 : 3D;
64614 : 3D;
64615 : 3D;
64616 : 3D;
64617 : 3D;
64618 : 3D;
64619 : 3D;
64620 : 3D;
64621 : 3D;
64622 : 3D;
64623 : 1D;
64624 : 1D;
64625 : 1D;
64626 : 1D;
64627 : 1D;
64628 : 1D;
64629 : 1D;
64630 : 1D;
64631 : 1D;
64632 : 1D;
64633 : 14;
64634 : 14;
64635 : 14;
64636 : 14;
64637 : 14;
64638 : 14;
64639 : 14;
64640 : 10;
64641 : 10;
64642 : 10;
64643 : 10;
64644 : 10;
64645 : 10;
64646 : 10;
64647 : 10;
64648 : 10;
64649 : 10;
64650 : 3D;
64651 : 3D;
64652 : 3D;
64653 : 3D;
64654 : 3D;
64655 : 3D;
64656 : 3D;
64657 : 3D;
64658 : 3D;
64659 : 3D;
64660 : 1D;
64661 : 1D;
64662 : 1D;
64663 : 1D;
64664 : 1D;
64665 : 1D;
64666 : 1D;
64667 : 1D;
64668 : 1D;
64669 : 1D;
64670 : 3D;
64671 : 3D;
64672 : 3D;
64673 : 3D;
64674 : 3D;
64675 : 3D;
64676 : 3D;
64677 : 3D;
64678 : 3D;
64679 : 3D;
64680 : 1D;
64681 : 1D;
64682 : 1D;
64683 : 1D;
64684 : 1D;
64685 : 1D;
64686 : 1D;
64687 : 1D;
64688 : 1D;
64689 : 1D;
64690 : 3D;
64691 : 3D;
64692 : 3D;
64693 : 3D;
64694 : 3D;
64695 : 3D;
64696 : 3D;
64697 : 3D;
64698 : 3D;
64699 : 3D;
64700 : 1D;
64701 : 1D;
64702 : 1D;
64703 : 1D;
64704 : 1D;
64705 : 1D;
64706 : 1D;
64707 : 1D;
64708 : 1D;
64709 : 1D;
64710 : 3D;
64711 : 3D;
64712 : 3D;
64713 : 3D;
64714 : 3D;
64715 : 3D;
64716 : 3D;
64717 : 3D;
64718 : 3D;
64719 : 3D;
64720 : 3D;
64721 : 1D;
64722 : 1D;
64723 : 1D;
64724 : 1D;
64725 : 1D;
64726 : 1D;
64727 : 1D;
64728 : 1D;
64729 : 1D;
64730 : 1D;
64731 : 3D;
64732 : 3D;
64733 : 3D;
64734 : 3D;
64735 : 3D;
64736 : 3D;
64737 : 3D;
64738 : 3D;
64739 : 3D;
64740 : 3D;
64741 : 1D;
64742 : 1D;
64743 : 1D;
64744 : 1D;
64745 : 1D;
64746 : 1D;
64747 : 1D;
64748 : 1D;
64749 : 1D;
64750 : 1D;
64751 : 3D;
64752 : 3D;
64753 : 3D;
64754 : 3D;
64755 : 3D;
64756 : 3D;
64757 : 3D;
64758 : 3D;
64759 : 3D;
64760 : 3D;
64761 : 1D;
64762 : 1D;
64763 : 1D;
64764 : 1D;
64765 : 1D;
64766 : 1D;
64767 : 1D;
64768 : 1D;
64769 : 1D;
64770 : 1D;
64771 : 3D;
64772 : 3D;
64773 : 3D;
64774 : 3D;
64775 : 3D;
64776 : 3D;
64777 : 3D;
64778 : 3D;
64779 : 3D;
64780 : 3D;
64781 : 1D;
64782 : 1D;
64783 : 1D;
64784 : 1D;
64785 : 1D;
64786 : 1D;
64787 : 1D;
64788 : 1D;
64789 : 1D;
64790 : 1D;
64791 : 3D;
64792 : 3D;
64793 : 3D;
64794 : 3D;
64795 : 3D;
64796 : 3D;
64797 : 3D;
64798 : 3D;
64799 : 3D;
64800 : 3D;
64801 : 1D;
64802 : 1D;
64803 : 1D;
64804 : 1D;
64805 : 1D;
64806 : 1D;
64807 : 1D;
64808 : 1D;
64809 : 1D;
64810 : 1D;
64811 : 3D;
64812 : 3D;
64813 : 3D;
64814 : 3D;
64815 : 3D;
64816 : 3D;
64817 : 3D;
64818 : 3D;
64819 : 3D;
64820 : 3D;
64821 : 1D;
64822 : 1D;
64823 : 1D;
64824 : 1D;
64825 : 1D;
64826 : 1D;
64827 : 1D;
64828 : 1D;
64829 : 1D;
64830 : 1D;
64831 : 1D;
64832 : 3D;
64833 : 3D;
64834 : 3D;
64835 : 3D;
64836 : 3D;
64837 : 3D;
64838 : 3D;
64839 : 3D;
64840 : 3D;
64841 : 3D;
64842 : 1D;
64843 : 1D;
64844 : 1D;
64845 : 1D;
64846 : 1D;
64847 : 1D;
64848 : 1D;
64849 : 1D;
64850 : 1D;
64851 : 1D;
64852 : 3D;
64853 : 3D;
64854 : 3D;
64855 : 3D;
64856 : 3D;
64857 : 3D;
64858 : 3D;
64859 : 3D;
64860 : 3D;
64861 : 3D;
64862 : 1D;
64863 : 1D;
64864 : 1D;
64865 : 1D;
64866 : 1D;
64867 : 1D;
64868 : 1D;
64869 : 1D;
64870 : 1D;
64871 : 1D;
64872 : 3D;
64873 : 3D;
64874 : 3D;
64875 : 3D;
64876 : 3D;
64877 : 3D;
64878 : 3D;
64879 : 3D;
64880 : 3D;
64881 : 3D;
64882 : 1D;
64883 : 1D;
64884 : 1D;
64885 : 1D;
64886 : 1D;
64887 : 1D;
64888 : 1D;
64889 : 1D;
64890 : 1D;
64891 : 1D;
64892 : 3D;
64893 : 3D;
64894 : 3D;
64895 : 3D;
64896 : 3D;
64897 : 3D;
64898 : 3D;
64899 : 3D;
64900 : 3D;
64901 : 3D;
64902 : 1D;
64903 : 1D;
64904 : 1D;
64905 : 1D;
64906 : 1D;
64907 : 1D;
64908 : 1D;
64909 : 1D;
64910 : 1D;
64911 : 1D;
64912 : 3D;
64913 : 3D;
64914 : 3D;
64915 : 3D;
64916 : 3D;
64917 : 3D;
64918 : 3D;
64919 : 3D;
64920 : 3D;
64921 : 3D;
64922 : 1D;
64923 : 1D;
64924 : 1D;
64925 : 1D;
64926 : 1D;
64927 : 1D;
64928 : 1D;
64929 : 1D;
64930 : 1D;
64931 : 1D;
64932 : 3D;
64933 : 3D;
64934 : 3D;
64935 : 3D;
64936 : 3D;
64937 : 3D;
64938 : 3D;
64939 : 3D;
64940 : 3D;
64941 : 3D;
64942 : 3D;
64943 : 1D;
64944 : 1D;
64945 : 1D;
64946 : 1D;
64947 : 1D;
64948 : 1D;
64949 : 1D;
64950 : 1D;
64951 : 1D;
64952 : 1D;
64953 : 14;
64954 : 14;
64955 : 14;
64956 : 14;
64957 : 14;
64958 : 14;
64959 : 14;
64960 : 10;
64961 : 10;
64962 : 10;
64963 : 10;
64964 : 10;
64965 : 10;
64966 : 10;
64967 : 10;
64968 : 10;
64969 : 10;
64970 : 3D;
64971 : 3D;
64972 : 3D;
64973 : 3D;
64974 : 3D;
64975 : 3D;
64976 : 3D;
64977 : 3D;
64978 : 3D;
64979 : 3D;
64980 : 1D;
64981 : 1D;
64982 : 1D;
64983 : 1D;
64984 : 1D;
64985 : 1D;
64986 : 1D;
64987 : 1D;
64988 : 1D;
64989 : 1D;
64990 : 3D;
64991 : 3D;
64992 : 3D;
64993 : 3D;
64994 : 3D;
64995 : 3D;
64996 : 3D;
64997 : 3D;
64998 : 3D;
64999 : 3D;
65000 : 1D;
65001 : 1D;
65002 : 1D;
65003 : 1D;
65004 : 1D;
65005 : 1D;
65006 : 1D;
65007 : 1D;
65008 : 1D;
65009 : 1D;
65010 : 3D;
65011 : 3D;
65012 : 3D;
65013 : 3D;
65014 : 3D;
65015 : 3D;
65016 : 3D;
65017 : 3D;
65018 : 3D;
65019 : 3D;
65020 : 1D;
65021 : 1D;
65022 : 1D;
65023 : 1D;
65024 : 1D;
65025 : 1D;
65026 : 1D;
65027 : 1D;
65028 : 1D;
65029 : 1D;
65030 : 3D;
65031 : 3D;
65032 : 3D;
65033 : 3D;
65034 : 3D;
65035 : 3D;
65036 : 3D;
65037 : 3D;
65038 : 3D;
65039 : 3D;
65040 : 3D;
65041 : 1D;
65042 : 1D;
65043 : 1D;
65044 : 1D;
65045 : 1D;
65046 : 1D;
65047 : 1D;
65048 : 1D;
65049 : 1D;
65050 : 1D;
65051 : 3D;
65052 : 3D;
65053 : 3D;
65054 : 3D;
65055 : 3D;
65056 : 3D;
65057 : 3D;
65058 : 3D;
65059 : 3D;
65060 : 3D;
65061 : 1D;
65062 : 1D;
65063 : 1D;
65064 : 1D;
65065 : 1D;
65066 : 1D;
65067 : 1D;
65068 : 1D;
65069 : 1D;
65070 : 1D;
65071 : 3D;
65072 : 3D;
65073 : 3D;
65074 : 3D;
65075 : 3D;
65076 : 3D;
65077 : 3D;
65078 : 3D;
65079 : 3D;
65080 : 3D;
65081 : 1D;
65082 : 1D;
65083 : 1D;
65084 : 1D;
65085 : 1D;
65086 : 1D;
65087 : 1D;
65088 : 1D;
65089 : 1D;
65090 : 1D;
65091 : 3D;
65092 : 3D;
65093 : 3D;
65094 : 3D;
65095 : 3D;
65096 : 3D;
65097 : 3D;
65098 : 3D;
65099 : 3D;
65100 : 3D;
65101 : 1D;
65102 : 1D;
65103 : 1D;
65104 : 1D;
65105 : 1D;
65106 : 1D;
65107 : 1D;
65108 : 1D;
65109 : 1D;
65110 : 1D;
65111 : 3D;
65112 : 3D;
65113 : 3D;
65114 : 3D;
65115 : 3D;
65116 : 3D;
65117 : 3D;
65118 : 3D;
65119 : 3D;
65120 : 3D;
65121 : 1D;
65122 : 1D;
65123 : 1D;
65124 : 1D;
65125 : 1D;
65126 : 1D;
65127 : 1D;
65128 : 1D;
65129 : 1D;
65130 : 1D;
65131 : 3D;
65132 : 3D;
65133 : 3D;
65134 : 3D;
65135 : 3D;
65136 : 3D;
65137 : 3D;
65138 : 3D;
65139 : 3D;
65140 : 3D;
65141 : 1D;
65142 : 1D;
65143 : 1D;
65144 : 1D;
65145 : 1D;
65146 : 1D;
65147 : 1D;
65148 : 1D;
65149 : 1D;
65150 : 1D;
65151 : 1D;
65152 : 3D;
65153 : 3D;
65154 : 3D;
65155 : 3D;
65156 : 3D;
65157 : 3D;
65158 : 3D;
65159 : 3D;
65160 : 3D;
65161 : 3D;
65162 : 1D;
65163 : 1D;
65164 : 1D;
65165 : 1D;
65166 : 1D;
65167 : 1D;
65168 : 1D;
65169 : 1D;
65170 : 1D;
65171 : 1D;
65172 : 3D;
65173 : 3D;
65174 : 3D;
65175 : 3D;
65176 : 3D;
65177 : 3D;
65178 : 3D;
65179 : 3D;
65180 : 3D;
65181 : 3D;
65182 : 1D;
65183 : 1D;
65184 : 1D;
65185 : 1D;
65186 : 1D;
65187 : 1D;
65188 : 1D;
65189 : 1D;
65190 : 1D;
65191 : 1D;
65192 : 3D;
65193 : 3D;
65194 : 3D;
65195 : 3D;
65196 : 3D;
65197 : 3D;
65198 : 3D;
65199 : 3D;
65200 : 3D;
65201 : 3D;
65202 : 1D;
65203 : 1D;
65204 : 1D;
65205 : 1D;
65206 : 1D;
65207 : 1D;
65208 : 1D;
65209 : 1D;
65210 : 1D;
65211 : 1D;
65212 : 3D;
65213 : 3D;
65214 : 3D;
65215 : 3D;
65216 : 3D;
65217 : 3D;
65218 : 3D;
65219 : 3D;
65220 : 3D;
65221 : 3D;
65222 : 1D;
65223 : 1D;
65224 : 1D;
65225 : 1D;
65226 : 1D;
65227 : 1D;
65228 : 1D;
65229 : 1D;
65230 : 1D;
65231 : 1D;
65232 : 3D;
65233 : 3D;
65234 : 3D;
65235 : 3D;
65236 : 3D;
65237 : 3D;
65238 : 3D;
65239 : 3D;
65240 : 3D;
65241 : 3D;
65242 : 1D;
65243 : 1D;
65244 : 1D;
65245 : 1D;
65246 : 1D;
65247 : 1D;
65248 : 1D;
65249 : 1D;
65250 : 1D;
65251 : 1D;
65252 : 3D;
65253 : 3D;
65254 : 3D;
65255 : 3D;
65256 : 3D;
65257 : 3D;
65258 : 3D;
65259 : 3D;
65260 : 3D;
65261 : 3D;
65262 : 3D;
65263 : 1D;
65264 : 1D;
65265 : 1D;
65266 : 1D;
65267 : 1D;
65268 : 1D;
65269 : 1D;
65270 : 1D;
65271 : 1D;
65272 : 1D;
65273 : 14;
65274 : 14;
65275 : 14;
65276 : 14;
65277 : 14;
65278 : 14;
65279 : 14;
65280 : 10;
65281 : 10;
65282 : 10;
65283 : 10;
65284 : 10;
65285 : 10;
65286 : 10;
65287 : 10;
65288 : 10;
65289 : 10;
65290 : 3D;
65291 : 3D;
65292 : 3D;
65293 : 3D;
65294 : 3D;
65295 : 3D;
65296 : 3D;
65297 : 3D;
65298 : 3D;
65299 : 3D;
65300 : 1D;
65301 : 1D;
65302 : 1D;
65303 : 1D;
65304 : 1D;
65305 : 1D;
65306 : 1D;
65307 : 1D;
65308 : 1D;
65309 : 1D;
65310 : 3D;
65311 : 3D;
65312 : 3D;
65313 : 3D;
65314 : 3D;
65315 : 3D;
65316 : 3D;
65317 : 3D;
65318 : 3D;
65319 : 3D;
65320 : 1D;
65321 : 1D;
65322 : 1D;
65323 : 1D;
65324 : 1D;
65325 : 1D;
65326 : 1D;
65327 : 1D;
65328 : 1D;
65329 : 1D;
65330 : 3D;
65331 : 3D;
65332 : 3D;
65333 : 3D;
65334 : 3D;
65335 : 3D;
65336 : 3D;
65337 : 3D;
65338 : 3D;
65339 : 3D;
65340 : 1D;
65341 : 1D;
65342 : 1D;
65343 : 1D;
65344 : 1D;
65345 : 1D;
65346 : 1D;
65347 : 1D;
65348 : 1D;
65349 : 1D;
65350 : 3D;
65351 : 3D;
65352 : 3D;
65353 : 3D;
65354 : 3D;
65355 : 3D;
65356 : 3D;
65357 : 3D;
65358 : 3D;
65359 : 3D;
65360 : 3D;
65361 : 1D;
65362 : 1D;
65363 : 1D;
65364 : 1D;
65365 : 1D;
65366 : 1D;
65367 : 1D;
65368 : 1D;
65369 : 1D;
65370 : 1D;
65371 : 3D;
65372 : 3D;
65373 : 3D;
65374 : 3D;
65375 : 3D;
65376 : 3D;
65377 : 3D;
65378 : 3D;
65379 : 3D;
65380 : 3D;
65381 : 1D;
65382 : 1D;
65383 : 1D;
65384 : 1D;
65385 : 1D;
65386 : 1D;
65387 : 1D;
65388 : 1D;
65389 : 1D;
65390 : 1D;
65391 : 3D;
65392 : 3D;
65393 : 3D;
65394 : 3D;
65395 : 3D;
65396 : 3D;
65397 : 3D;
65398 : 3D;
65399 : 3D;
65400 : 3D;
65401 : 1D;
65402 : 1D;
65403 : 1D;
65404 : 1D;
65405 : 1D;
65406 : 1D;
65407 : 1D;
65408 : 1D;
65409 : 1D;
65410 : 1D;
65411 : 3D;
65412 : 3D;
65413 : 3D;
65414 : 3D;
65415 : 3D;
65416 : 3D;
65417 : 3D;
65418 : 3D;
65419 : 3D;
65420 : 3D;
65421 : 1D;
65422 : 1D;
65423 : 1D;
65424 : 1D;
65425 : 1D;
65426 : 1D;
65427 : 1D;
65428 : 1D;
65429 : 1D;
65430 : 1D;
65431 : 3D;
65432 : 3D;
65433 : 3D;
65434 : 3D;
65435 : 3D;
65436 : 3D;
65437 : 3D;
65438 : 3D;
65439 : 3D;
65440 : 3D;
65441 : 1D;
65442 : 1D;
65443 : 1D;
65444 : 1D;
65445 : 1D;
65446 : 1D;
65447 : 1D;
65448 : 1D;
65449 : 1D;
65450 : 1D;
65451 : 3D;
65452 : 3D;
65453 : 3D;
65454 : 3D;
65455 : 3D;
65456 : 3D;
65457 : 3D;
65458 : 3D;
65459 : 3D;
65460 : 3D;
65461 : 1D;
65462 : 1D;
65463 : 1D;
65464 : 1D;
65465 : 1D;
65466 : 1D;
65467 : 1D;
65468 : 1D;
65469 : 1D;
65470 : 1D;
65471 : 1D;
65472 : 3D;
65473 : 3D;
65474 : 3D;
65475 : 3D;
65476 : 3D;
65477 : 3D;
65478 : 3D;
65479 : 3D;
65480 : 3D;
65481 : 3D;
65482 : 1D;
65483 : 1D;
65484 : 1D;
65485 : 1D;
65486 : 1D;
65487 : 1D;
65488 : 1D;
65489 : 1D;
65490 : 1D;
65491 : 1D;
65492 : 3D;
65493 : 3D;
65494 : 3D;
65495 : 3D;
65496 : 3D;
65497 : 3D;
65498 : 3D;
65499 : 3D;
65500 : 3D;
65501 : 3D;
65502 : 1D;
65503 : 1D;
65504 : 1D;
65505 : 1D;
65506 : 1D;
65507 : 1D;
65508 : 1D;
65509 : 1D;
65510 : 1D;
65511 : 1D;
65512 : 3D;
65513 : 3D;
65514 : 3D;
65515 : 3D;
65516 : 3D;
65517 : 3D;
65518 : 3D;
65519 : 3D;
65520 : 3D;
65521 : 3D;
65522 : 1D;
65523 : 1D;
65524 : 1D;
65525 : 1D;
65526 : 1D;
65527 : 1D;
65528 : 1D;
65529 : 1D;
65530 : 1D;
65531 : 1D;
65532 : 3D;
65533 : 3D;
65534 : 3D;
65535 : 3D;
65536 : 3D;
65537 : 3D;
65538 : 3D;
65539 : 3D;
65540 : 3D;
65541 : 3D;
65542 : 1D;
65543 : 1D;
65544 : 1D;
65545 : 1D;
65546 : 1D;
65547 : 1D;
65548 : 1D;
65549 : 1D;
65550 : 1D;
65551 : 1D;
65552 : 3D;
65553 : 3D;
65554 : 3D;
65555 : 3D;
65556 : 3D;
65557 : 3D;
65558 : 3D;
65559 : 3D;
65560 : 3D;
65561 : 3D;
65562 : 1D;
65563 : 1D;
65564 : 1D;
65565 : 1D;
65566 : 1D;
65567 : 1D;
65568 : 1D;
65569 : 1D;
65570 : 1D;
65571 : 1D;
65572 : 3D;
65573 : 3D;
65574 : 3D;
65575 : 3D;
65576 : 3D;
65577 : 3D;
65578 : 3D;
65579 : 3D;
65580 : 3D;
65581 : 3D;
65582 : 3D;
65583 : 1D;
65584 : 1D;
65585 : 1D;
65586 : 1D;
65587 : 1D;
65588 : 1D;
65589 : 1D;
65590 : 1D;
65591 : 1D;
65592 : 1D;
65593 : 14;
65594 : 14;
65595 : 14;
65596 : 14;
65597 : 14;
65598 : 14;
65599 : 14;
65600 : 10;
65601 : 10;
65602 : 10;
65603 : 10;
65604 : 10;
65605 : 10;
65606 : 10;
65607 : 10;
65608 : 10;
65609 : 10;
65610 : 3D;
65611 : 3D;
65612 : 3D;
65613 : 3D;
65614 : 3D;
65615 : 3D;
65616 : 3D;
65617 : 3D;
65618 : 3D;
65619 : 3D;
65620 : 1D;
65621 : 1D;
65622 : 1D;
65623 : 1D;
65624 : 1D;
65625 : 1D;
65626 : 1D;
65627 : 1D;
65628 : 1D;
65629 : 1D;
65630 : 3D;
65631 : 3D;
65632 : 3D;
65633 : 3D;
65634 : 3D;
65635 : 3D;
65636 : 3D;
65637 : 3D;
65638 : 3D;
65639 : 3D;
65640 : 1D;
65641 : 1D;
65642 : 1D;
65643 : 1D;
65644 : 1D;
65645 : 1D;
65646 : 1D;
65647 : 1D;
65648 : 1D;
65649 : 1D;
65650 : 3D;
65651 : 3D;
65652 : 3D;
65653 : 3D;
65654 : 3D;
65655 : 3D;
65656 : 3D;
65657 : 3D;
65658 : 3D;
65659 : 3D;
65660 : 1D;
65661 : 1D;
65662 : 1D;
65663 : 1D;
65664 : 1D;
65665 : 1D;
65666 : 1D;
65667 : 1D;
65668 : 1D;
65669 : 1D;
65670 : 3D;
65671 : 3D;
65672 : 3D;
65673 : 3D;
65674 : 3D;
65675 : 3D;
65676 : 3D;
65677 : 3D;
65678 : 3D;
65679 : 3D;
65680 : 3D;
65681 : 1D;
65682 : 1D;
65683 : 1D;
65684 : 1D;
65685 : 1D;
65686 : 1D;
65687 : 1D;
65688 : 1D;
65689 : 1D;
65690 : 1D;
65691 : 3D;
65692 : 3D;
65693 : 3D;
65694 : 3D;
65695 : 3D;
65696 : 3D;
65697 : 3D;
65698 : 3D;
65699 : 3D;
65700 : 3D;
65701 : 1D;
65702 : 1D;
65703 : 1D;
65704 : 1D;
65705 : 1D;
65706 : 1D;
65707 : 1D;
65708 : 1D;
65709 : 1D;
65710 : 1D;
65711 : 3D;
65712 : 3D;
65713 : 3D;
65714 : 3D;
65715 : 3D;
65716 : 3D;
65717 : 3D;
65718 : 3D;
65719 : 3D;
65720 : 3D;
65721 : 1D;
65722 : 1D;
65723 : 1D;
65724 : 1D;
65725 : 1D;
65726 : 1D;
65727 : 1D;
65728 : 1D;
65729 : 1D;
65730 : 1D;
65731 : 3D;
65732 : 3D;
65733 : 3D;
65734 : 3D;
65735 : 3D;
65736 : 3D;
65737 : 3D;
65738 : 3D;
65739 : 3D;
65740 : 3D;
65741 : 1D;
65742 : 1D;
65743 : 1D;
65744 : 1D;
65745 : 1D;
65746 : 1D;
65747 : 1D;
65748 : 1D;
65749 : 1D;
65750 : 1D;
65751 : 3D;
65752 : 3D;
65753 : 3D;
65754 : 3D;
65755 : 3D;
65756 : 3D;
65757 : 3D;
65758 : 3D;
65759 : 3D;
65760 : 3D;
65761 : 1D;
65762 : 1D;
65763 : 1D;
65764 : 1D;
65765 : 1D;
65766 : 1D;
65767 : 1D;
65768 : 1D;
65769 : 1D;
65770 : 1D;
65771 : 3D;
65772 : 3D;
65773 : 3D;
65774 : 3D;
65775 : 3D;
65776 : 3D;
65777 : 3D;
65778 : 3D;
65779 : 3D;
65780 : 3D;
65781 : 1D;
65782 : 1D;
65783 : 1D;
65784 : 1D;
65785 : 1D;
65786 : 1D;
65787 : 1D;
65788 : 1D;
65789 : 1D;
65790 : 1D;
65791 : 1D;
65792 : 3D;
65793 : 3D;
65794 : 3D;
65795 : 3D;
65796 : 3D;
65797 : 3D;
65798 : 3D;
65799 : 3D;
65800 : 3D;
65801 : 3D;
65802 : 1D;
65803 : 1D;
65804 : 1D;
65805 : 1D;
65806 : 1D;
65807 : 1D;
65808 : 1D;
65809 : 1D;
65810 : 1D;
65811 : 1D;
65812 : 3D;
65813 : 3D;
65814 : 3D;
65815 : 3D;
65816 : 3D;
65817 : 3D;
65818 : 3D;
65819 : 3D;
65820 : 3D;
65821 : 3D;
65822 : 1D;
65823 : 1D;
65824 : 1D;
65825 : 1D;
65826 : 1D;
65827 : 1D;
65828 : 1D;
65829 : 1D;
65830 : 1D;
65831 : 1D;
65832 : 3D;
65833 : 3D;
65834 : 3D;
65835 : 3D;
65836 : 3D;
65837 : 3D;
65838 : 3D;
65839 : 3D;
65840 : 3D;
65841 : 3D;
65842 : 1D;
65843 : 1D;
65844 : 1D;
65845 : 1D;
65846 : 1D;
65847 : 1D;
65848 : 1D;
65849 : 1D;
65850 : 1D;
65851 : 1D;
65852 : 3D;
65853 : 3D;
65854 : 3D;
65855 : 3D;
65856 : 3D;
65857 : 3D;
65858 : 3D;
65859 : 3D;
65860 : 3D;
65861 : 3D;
65862 : 1D;
65863 : 1D;
65864 : 1D;
65865 : 1D;
65866 : 1D;
65867 : 1D;
65868 : 1D;
65869 : 1D;
65870 : 1D;
65871 : 1D;
65872 : 3D;
65873 : 3D;
65874 : 3D;
65875 : 3D;
65876 : 3D;
65877 : 3D;
65878 : 3D;
65879 : 3D;
65880 : 3D;
65881 : 3D;
65882 : 1D;
65883 : 1D;
65884 : 1D;
65885 : 1D;
65886 : 1D;
65887 : 1D;
65888 : 1D;
65889 : 1D;
65890 : 1D;
65891 : 1D;
65892 : 3D;
65893 : 3D;
65894 : 3D;
65895 : 3D;
65896 : 3D;
65897 : 3D;
65898 : 3D;
65899 : 3D;
65900 : 3D;
65901 : 3D;
65902 : 3D;
65903 : 1D;
65904 : 1D;
65905 : 1D;
65906 : 1D;
65907 : 1D;
65908 : 1D;
65909 : 1D;
65910 : 1D;
65911 : 1D;
65912 : 1D;
65913 : 14;
65914 : 14;
65915 : 14;
65916 : 14;
65917 : 14;
65918 : 14;
65919 : 14;
65920 : 10;
65921 : 10;
65922 : 10;
65923 : 10;
65924 : 10;
65925 : 10;
65926 : 10;
65927 : 10;
65928 : 10;
65929 : 10;
65930 : 3D;
65931 : 3D;
65932 : 3D;
65933 : 3D;
65934 : 3D;
65935 : 3D;
65936 : 3D;
65937 : 3D;
65938 : 3D;
65939 : 3D;
65940 : 1D;
65941 : 1D;
65942 : 1D;
65943 : 1D;
65944 : 1D;
65945 : 1D;
65946 : 1D;
65947 : 1D;
65948 : 1D;
65949 : 1D;
65950 : 3D;
65951 : 3D;
65952 : 3D;
65953 : 3D;
65954 : 3D;
65955 : 3D;
65956 : 3D;
65957 : 3D;
65958 : 3D;
65959 : 3D;
65960 : 1D;
65961 : 1D;
65962 : 1D;
65963 : 1D;
65964 : 1D;
65965 : 1D;
65966 : 1D;
65967 : 1D;
65968 : 1D;
65969 : 1D;
65970 : 3D;
65971 : 3D;
65972 : 3D;
65973 : 3D;
65974 : 3D;
65975 : 3D;
65976 : 3D;
65977 : 3D;
65978 : 3D;
65979 : 3D;
65980 : 1D;
65981 : 1D;
65982 : 1D;
65983 : 1D;
65984 : 1D;
65985 : 1D;
65986 : 1D;
65987 : 1D;
65988 : 1D;
65989 : 1D;
65990 : 3D;
65991 : 3D;
65992 : 3D;
65993 : 3D;
65994 : 3D;
65995 : 3D;
65996 : 3D;
65997 : 3D;
65998 : 3D;
65999 : 3D;
66000 : 3D;
66001 : 1D;
66002 : 1D;
66003 : 1D;
66004 : 1D;
66005 : 1D;
66006 : 1D;
66007 : 1D;
66008 : 1D;
66009 : 1D;
66010 : 1D;
66011 : 3D;
66012 : 3D;
66013 : 3D;
66014 : 3D;
66015 : 3D;
66016 : 3D;
66017 : 3D;
66018 : 3D;
66019 : 3D;
66020 : 3D;
66021 : 1D;
66022 : 1D;
66023 : 1D;
66024 : 1D;
66025 : 1D;
66026 : 1D;
66027 : 1D;
66028 : 1D;
66029 : 1D;
66030 : 1D;
66031 : 3D;
66032 : 3D;
66033 : 3D;
66034 : 3D;
66035 : 3D;
66036 : 3D;
66037 : 3D;
66038 : 3D;
66039 : 3D;
66040 : 3D;
66041 : 1D;
66042 : 1D;
66043 : 1D;
66044 : 1D;
66045 : 1D;
66046 : 1D;
66047 : 1D;
66048 : 1D;
66049 : 1D;
66050 : 1D;
66051 : 3D;
66052 : 3D;
66053 : 3D;
66054 : 3D;
66055 : 3D;
66056 : 3D;
66057 : 3D;
66058 : 3D;
66059 : 3D;
66060 : 3D;
66061 : 1D;
66062 : 1D;
66063 : 1D;
66064 : 1D;
66065 : 1D;
66066 : 1D;
66067 : 1D;
66068 : 1D;
66069 : 1D;
66070 : 1D;
66071 : 3D;
66072 : 3D;
66073 : 3D;
66074 : 3D;
66075 : 3D;
66076 : 3D;
66077 : 3D;
66078 : 3D;
66079 : 3D;
66080 : 3D;
66081 : 1D;
66082 : 1D;
66083 : 1D;
66084 : 1D;
66085 : 1D;
66086 : 1D;
66087 : 1D;
66088 : 1D;
66089 : 1D;
66090 : 1D;
66091 : 3D;
66092 : 3D;
66093 : 3D;
66094 : 3D;
66095 : 3D;
66096 : 3D;
66097 : 3D;
66098 : 3D;
66099 : 3D;
66100 : 3D;
66101 : 1D;
66102 : 1D;
66103 : 1D;
66104 : 1D;
66105 : 1D;
66106 : 1D;
66107 : 1D;
66108 : 1D;
66109 : 1D;
66110 : 1D;
66111 : 1D;
66112 : 3D;
66113 : 3D;
66114 : 3D;
66115 : 3D;
66116 : 3D;
66117 : 3D;
66118 : 3D;
66119 : 3D;
66120 : 3D;
66121 : 3D;
66122 : 1D;
66123 : 1D;
66124 : 1D;
66125 : 1D;
66126 : 1D;
66127 : 1D;
66128 : 1D;
66129 : 1D;
66130 : 1D;
66131 : 1D;
66132 : 3D;
66133 : 3D;
66134 : 3D;
66135 : 3D;
66136 : 3D;
66137 : 3D;
66138 : 3D;
66139 : 3D;
66140 : 3D;
66141 : 3D;
66142 : 1D;
66143 : 1D;
66144 : 1D;
66145 : 1D;
66146 : 1D;
66147 : 1D;
66148 : 1D;
66149 : 1D;
66150 : 1D;
66151 : 1D;
66152 : 3D;
66153 : 3D;
66154 : 3D;
66155 : 3D;
66156 : 3D;
66157 : 3D;
66158 : 3D;
66159 : 3D;
66160 : 3D;
66161 : 3D;
66162 : 1D;
66163 : 1D;
66164 : 1D;
66165 : 1D;
66166 : 1D;
66167 : 1D;
66168 : 1D;
66169 : 1D;
66170 : 1D;
66171 : 1D;
66172 : 3D;
66173 : 3D;
66174 : 3D;
66175 : 3D;
66176 : 3D;
66177 : 3D;
66178 : 3D;
66179 : 3D;
66180 : 3D;
66181 : 3D;
66182 : 1D;
66183 : 1D;
66184 : 1D;
66185 : 1D;
66186 : 1D;
66187 : 1D;
66188 : 1D;
66189 : 1D;
66190 : 1D;
66191 : 1D;
66192 : 3D;
66193 : 3D;
66194 : 3D;
66195 : 3D;
66196 : 3D;
66197 : 3D;
66198 : 3D;
66199 : 3D;
66200 : 3D;
66201 : 3D;
66202 : 1D;
66203 : 1D;
66204 : 1D;
66205 : 1D;
66206 : 1D;
66207 : 1D;
66208 : 1D;
66209 : 1D;
66210 : 1D;
66211 : 1D;
66212 : 3D;
66213 : 3D;
66214 : 3D;
66215 : 3D;
66216 : 3D;
66217 : 3D;
66218 : 3D;
66219 : 3D;
66220 : 3D;
66221 : 3D;
66222 : 3D;
66223 : 1D;
66224 : 1D;
66225 : 1D;
66226 : 1D;
66227 : 1D;
66228 : 1D;
66229 : 1D;
66230 : 1D;
66231 : 1D;
66232 : 1D;
66233 : 14;
66234 : 14;
66235 : 14;
66236 : 14;
66237 : 14;
66238 : 14;
66239 : 14;
66240 : 10;
66241 : 10;
66242 : 10;
66243 : 10;
66244 : 10;
66245 : 10;
66246 : 10;
66247 : 10;
66248 : 10;
66249 : 10;
66250 : 3D;
66251 : 3D;
66252 : 3D;
66253 : 3D;
66254 : 3D;
66255 : 3D;
66256 : 3D;
66257 : 3D;
66258 : 3D;
66259 : 3D;
66260 : 1D;
66261 : 1D;
66262 : 1D;
66263 : 1D;
66264 : 1D;
66265 : 1D;
66266 : 1D;
66267 : 1D;
66268 : 1D;
66269 : 1D;
66270 : 3D;
66271 : 3D;
66272 : 3D;
66273 : 3D;
66274 : 3D;
66275 : 3D;
66276 : 3D;
66277 : 3D;
66278 : 3D;
66279 : 3D;
66280 : 1D;
66281 : 1D;
66282 : 1D;
66283 : 1D;
66284 : 1D;
66285 : 1D;
66286 : 1D;
66287 : 1D;
66288 : 1D;
66289 : 1D;
66290 : 3D;
66291 : 3D;
66292 : 3D;
66293 : 3D;
66294 : 3D;
66295 : 3D;
66296 : 3D;
66297 : 3D;
66298 : 3D;
66299 : 3D;
66300 : 1D;
66301 : 1D;
66302 : 1D;
66303 : 1D;
66304 : 1D;
66305 : 1D;
66306 : 1D;
66307 : 1D;
66308 : 1D;
66309 : 1D;
66310 : 3D;
66311 : 3D;
66312 : 3D;
66313 : 3D;
66314 : 3D;
66315 : 3D;
66316 : 3D;
66317 : 3D;
66318 : 3D;
66319 : 3D;
66320 : 3D;
66321 : 1D;
66322 : 1D;
66323 : 1D;
66324 : 1D;
66325 : 1D;
66326 : 1D;
66327 : 1D;
66328 : 1D;
66329 : 1D;
66330 : 1D;
66331 : 3D;
66332 : 3D;
66333 : 3D;
66334 : 3D;
66335 : 3D;
66336 : 3D;
66337 : 3D;
66338 : 3D;
66339 : 3D;
66340 : 3D;
66341 : 1D;
66342 : 1D;
66343 : 1D;
66344 : 1D;
66345 : 1D;
66346 : 1D;
66347 : 1D;
66348 : 1D;
66349 : 1D;
66350 : 1D;
66351 : 3D;
66352 : 3D;
66353 : 3D;
66354 : 3D;
66355 : 3D;
66356 : 3D;
66357 : 3D;
66358 : 3D;
66359 : 3D;
66360 : 3D;
66361 : 1D;
66362 : 1D;
66363 : 1D;
66364 : 1D;
66365 : 1D;
66366 : 1D;
66367 : 1D;
66368 : 1D;
66369 : 1D;
66370 : 1D;
66371 : 3D;
66372 : 3D;
66373 : 3D;
66374 : 3D;
66375 : 3D;
66376 : 3D;
66377 : 3D;
66378 : 3D;
66379 : 3D;
66380 : 3D;
66381 : 1D;
66382 : 1D;
66383 : 1D;
66384 : 1D;
66385 : 1D;
66386 : 1D;
66387 : 1D;
66388 : 1D;
66389 : 1D;
66390 : 1D;
66391 : 3D;
66392 : 3D;
66393 : 3D;
66394 : 3D;
66395 : 3D;
66396 : 3D;
66397 : 3D;
66398 : 3D;
66399 : 3D;
66400 : 3D;
66401 : 1D;
66402 : 1D;
66403 : 1D;
66404 : 1D;
66405 : 1D;
66406 : 1D;
66407 : 1D;
66408 : 1D;
66409 : 1D;
66410 : 1D;
66411 : 3D;
66412 : 3D;
66413 : 3D;
66414 : 3D;
66415 : 3D;
66416 : 3D;
66417 : 3D;
66418 : 3D;
66419 : 3D;
66420 : 3D;
66421 : 1D;
66422 : 1D;
66423 : 1D;
66424 : 1D;
66425 : 1D;
66426 : 1D;
66427 : 1D;
66428 : 1D;
66429 : 1D;
66430 : 1D;
66431 : 1D;
66432 : 3D;
66433 : 3D;
66434 : 3D;
66435 : 3D;
66436 : 3D;
66437 : 3D;
66438 : 3D;
66439 : 3D;
66440 : 3D;
66441 : 3D;
66442 : 1D;
66443 : 1D;
66444 : 1D;
66445 : 1D;
66446 : 1D;
66447 : 1D;
66448 : 1D;
66449 : 1D;
66450 : 1D;
66451 : 1D;
66452 : 3D;
66453 : 3D;
66454 : 3D;
66455 : 3D;
66456 : 3D;
66457 : 3D;
66458 : 3D;
66459 : 3D;
66460 : 3D;
66461 : 3D;
66462 : 1D;
66463 : 1D;
66464 : 1D;
66465 : 1D;
66466 : 1D;
66467 : 1D;
66468 : 1D;
66469 : 1D;
66470 : 1D;
66471 : 1D;
66472 : 3D;
66473 : 3D;
66474 : 3D;
66475 : 3D;
66476 : 3D;
66477 : 3D;
66478 : 3D;
66479 : 3D;
66480 : 3D;
66481 : 3D;
66482 : 1D;
66483 : 1D;
66484 : 1D;
66485 : 1D;
66486 : 1D;
66487 : 1D;
66488 : 1D;
66489 : 1D;
66490 : 1D;
66491 : 1D;
66492 : 3D;
66493 : 3D;
66494 : 3D;
66495 : 3D;
66496 : 3D;
66497 : 3D;
66498 : 3D;
66499 : 3D;
66500 : 3D;
66501 : 3D;
66502 : 1D;
66503 : 1D;
66504 : 1D;
66505 : 1D;
66506 : 1D;
66507 : 1D;
66508 : 1D;
66509 : 1D;
66510 : 1D;
66511 : 1D;
66512 : 3D;
66513 : 3D;
66514 : 3D;
66515 : 3D;
66516 : 3D;
66517 : 3D;
66518 : 3D;
66519 : 3D;
66520 : 3D;
66521 : 3D;
66522 : 1D;
66523 : 1D;
66524 : 1D;
66525 : 1D;
66526 : 1D;
66527 : 1D;
66528 : 1D;
66529 : 1D;
66530 : 1D;
66531 : 1D;
66532 : 3D;
66533 : 3D;
66534 : 3D;
66535 : 3D;
66536 : 3D;
66537 : 3D;
66538 : 3D;
66539 : 3D;
66540 : 3D;
66541 : 3D;
66542 : 3D;
66543 : 1D;
66544 : 1D;
66545 : 1D;
66546 : 1D;
66547 : 1D;
66548 : 1D;
66549 : 1D;
66550 : 1D;
66551 : 1D;
66552 : 1D;
66553 : 14;
66554 : 14;
66555 : 14;
66556 : 14;
66557 : 14;
66558 : 14;
66559 : 14;
66560 : 10;
66561 : 10;
66562 : 10;
66563 : 10;
66564 : 10;
66565 : 10;
66566 : 10;
66567 : 10;
66568 : 10;
66569 : 10;
66570 : 3D;
66571 : 3D;
66572 : 3D;
66573 : 3D;
66574 : 3D;
66575 : 3D;
66576 : 3D;
66577 : 3D;
66578 : 3D;
66579 : 3D;
66580 : 1D;
66581 : 1D;
66582 : 1D;
66583 : 1D;
66584 : 1D;
66585 : 1D;
66586 : 1D;
66587 : 1D;
66588 : 1D;
66589 : 1D;
66590 : 3D;
66591 : 3D;
66592 : 3D;
66593 : 3D;
66594 : 3D;
66595 : 3D;
66596 : 3D;
66597 : 3D;
66598 : 3D;
66599 : 3D;
66600 : 1D;
66601 : 1D;
66602 : 1D;
66603 : 1D;
66604 : 1D;
66605 : 1D;
66606 : 1D;
66607 : 1D;
66608 : 1D;
66609 : 1D;
66610 : 3D;
66611 : 3D;
66612 : 3D;
66613 : 3D;
66614 : 3D;
66615 : 3D;
66616 : 3D;
66617 : 3D;
66618 : 3D;
66619 : 3D;
66620 : 1D;
66621 : 1D;
66622 : 1D;
66623 : 1D;
66624 : 1D;
66625 : 1D;
66626 : 1D;
66627 : 1D;
66628 : 1D;
66629 : 1D;
66630 : 3D;
66631 : 3D;
66632 : 3D;
66633 : 3D;
66634 : 3D;
66635 : 3D;
66636 : 3D;
66637 : 3D;
66638 : 3D;
66639 : 3D;
66640 : 3D;
66641 : 1D;
66642 : 1D;
66643 : 1D;
66644 : 1D;
66645 : 1D;
66646 : 1D;
66647 : 1D;
66648 : 1D;
66649 : 1D;
66650 : 1D;
66651 : 3D;
66652 : 3D;
66653 : 3D;
66654 : 3D;
66655 : 3D;
66656 : 3D;
66657 : 3D;
66658 : 3D;
66659 : 3D;
66660 : 3D;
66661 : 1D;
66662 : 1D;
66663 : 1D;
66664 : 1D;
66665 : 1D;
66666 : 1D;
66667 : 1D;
66668 : 1D;
66669 : 1D;
66670 : 1D;
66671 : 3D;
66672 : 3D;
66673 : 3D;
66674 : 3D;
66675 : 3D;
66676 : 3D;
66677 : 3D;
66678 : 3D;
66679 : 3D;
66680 : 3D;
66681 : 1D;
66682 : 1D;
66683 : 1D;
66684 : 1D;
66685 : 1D;
66686 : 1D;
66687 : 1D;
66688 : 1D;
66689 : 1D;
66690 : 1D;
66691 : 3D;
66692 : 3D;
66693 : 3D;
66694 : 3D;
66695 : 3D;
66696 : 3D;
66697 : 3D;
66698 : 3D;
66699 : 3D;
66700 : 3D;
66701 : 1D;
66702 : 1D;
66703 : 1D;
66704 : 1D;
66705 : 1D;
66706 : 1D;
66707 : 1D;
66708 : 1D;
66709 : 1D;
66710 : 1D;
66711 : 3D;
66712 : 3D;
66713 : 3D;
66714 : 3D;
66715 : 3D;
66716 : 3D;
66717 : 3D;
66718 : 3D;
66719 : 3D;
66720 : 3D;
66721 : 1D;
66722 : 1D;
66723 : 1D;
66724 : 1D;
66725 : 1D;
66726 : 1D;
66727 : 1D;
66728 : 1D;
66729 : 1D;
66730 : 1D;
66731 : 3D;
66732 : 3D;
66733 : 3D;
66734 : 3D;
66735 : 3D;
66736 : 3D;
66737 : 3D;
66738 : 3D;
66739 : 3D;
66740 : 3D;
66741 : 1D;
66742 : 1D;
66743 : 1D;
66744 : 1D;
66745 : 1D;
66746 : 1D;
66747 : 1D;
66748 : 1D;
66749 : 1D;
66750 : 1D;
66751 : 1D;
66752 : 3D;
66753 : 3D;
66754 : 3D;
66755 : 3D;
66756 : 3D;
66757 : 3D;
66758 : 3D;
66759 : 3D;
66760 : 3D;
66761 : 3D;
66762 : 1D;
66763 : 1D;
66764 : 1D;
66765 : 1D;
66766 : 1D;
66767 : 1D;
66768 : 1D;
66769 : 1D;
66770 : 1D;
66771 : 1D;
66772 : 3D;
66773 : 3D;
66774 : 3D;
66775 : 3D;
66776 : 3D;
66777 : 3D;
66778 : 3D;
66779 : 3D;
66780 : 3D;
66781 : 3D;
66782 : 1D;
66783 : 1D;
66784 : 1D;
66785 : 1D;
66786 : 1D;
66787 : 1D;
66788 : 1D;
66789 : 1D;
66790 : 1D;
66791 : 1D;
66792 : 3D;
66793 : 3D;
66794 : 3D;
66795 : 3D;
66796 : 3D;
66797 : 3D;
66798 : 3D;
66799 : 3D;
66800 : 3D;
66801 : 3D;
66802 : 1D;
66803 : 1D;
66804 : 1D;
66805 : 1D;
66806 : 1D;
66807 : 1D;
66808 : 1D;
66809 : 1D;
66810 : 1D;
66811 : 1D;
66812 : 3D;
66813 : 3D;
66814 : 3D;
66815 : 3D;
66816 : 3D;
66817 : 3D;
66818 : 3D;
66819 : 3D;
66820 : 3D;
66821 : 3D;
66822 : 1D;
66823 : 1D;
66824 : 1D;
66825 : 1D;
66826 : 1D;
66827 : 1D;
66828 : 1D;
66829 : 1D;
66830 : 1D;
66831 : 1D;
66832 : 3D;
66833 : 3D;
66834 : 3D;
66835 : 3D;
66836 : 3D;
66837 : 3D;
66838 : 3D;
66839 : 3D;
66840 : 3D;
66841 : 3D;
66842 : 1D;
66843 : 1D;
66844 : 1D;
66845 : 1D;
66846 : 1D;
66847 : 1D;
66848 : 1D;
66849 : 1D;
66850 : 1D;
66851 : 1D;
66852 : 3D;
66853 : 3D;
66854 : 3D;
66855 : 3D;
66856 : 3D;
66857 : 3D;
66858 : 3D;
66859 : 3D;
66860 : 3D;
66861 : 3D;
66862 : 3D;
66863 : 1D;
66864 : 1D;
66865 : 1D;
66866 : 1D;
66867 : 1D;
66868 : 1D;
66869 : 1D;
66870 : 1D;
66871 : 1D;
66872 : 1D;
66873 : 14;
66874 : 14;
66875 : 14;
66876 : 14;
66877 : 14;
66878 : 14;
66879 : 14;
66880 : 10;
66881 : 10;
66882 : 10;
66883 : 10;
66884 : 10;
66885 : 10;
66886 : 10;
66887 : 10;
66888 : 10;
66889 : 10;
66890 : 3D;
66891 : 3D;
66892 : 3D;
66893 : 3D;
66894 : 3D;
66895 : 3D;
66896 : 3D;
66897 : 3D;
66898 : 3D;
66899 : 3D;
66900 : 1D;
66901 : 1D;
66902 : 1D;
66903 : 1D;
66904 : 1D;
66905 : 1D;
66906 : 1D;
66907 : 1D;
66908 : 1D;
66909 : 1D;
66910 : 3D;
66911 : 3D;
66912 : 3D;
66913 : 3D;
66914 : 3D;
66915 : 3D;
66916 : 3D;
66917 : 3D;
66918 : 3D;
66919 : 3D;
66920 : 1D;
66921 : 1D;
66922 : 1D;
66923 : 1D;
66924 : 1D;
66925 : 1D;
66926 : 1D;
66927 : 1D;
66928 : 1D;
66929 : 1D;
66930 : 3D;
66931 : 3D;
66932 : 3D;
66933 : 3D;
66934 : 3D;
66935 : 3D;
66936 : 3D;
66937 : 3D;
66938 : 3D;
66939 : 3D;
66940 : 1D;
66941 : 1D;
66942 : 1D;
66943 : 1D;
66944 : 1D;
66945 : 1D;
66946 : 1D;
66947 : 1D;
66948 : 1D;
66949 : 1D;
66950 : 3D;
66951 : 3D;
66952 : 3D;
66953 : 3D;
66954 : 3D;
66955 : 3D;
66956 : 3D;
66957 : 3D;
66958 : 3D;
66959 : 3D;
66960 : 3D;
66961 : 1D;
66962 : 1D;
66963 : 1D;
66964 : 1D;
66965 : 1D;
66966 : 1D;
66967 : 1D;
66968 : 1D;
66969 : 1D;
66970 : 1D;
66971 : 3D;
66972 : 3D;
66973 : 3D;
66974 : 3D;
66975 : 3D;
66976 : 3D;
66977 : 3D;
66978 : 3D;
66979 : 3D;
66980 : 3D;
66981 : 1D;
66982 : 1D;
66983 : 1D;
66984 : 1D;
66985 : 1D;
66986 : 1D;
66987 : 1D;
66988 : 1D;
66989 : 1D;
66990 : 1D;
66991 : 3D;
66992 : 3D;
66993 : 3D;
66994 : 3D;
66995 : 3D;
66996 : 3D;
66997 : 3D;
66998 : 3D;
66999 : 3D;
67000 : 3D;
67001 : 1D;
67002 : 1D;
67003 : 1D;
67004 : 1D;
67005 : 1D;
67006 : 1D;
67007 : 1D;
67008 : 1D;
67009 : 1D;
67010 : 1D;
67011 : 3D;
67012 : 3D;
67013 : 3D;
67014 : 3D;
67015 : 3D;
67016 : 3D;
67017 : 3D;
67018 : 3D;
67019 : 3D;
67020 : 3D;
67021 : 1D;
67022 : 1D;
67023 : 1D;
67024 : 1D;
67025 : 1D;
67026 : 1D;
67027 : 1D;
67028 : 1D;
67029 : 1D;
67030 : 1D;
67031 : 3D;
67032 : 3D;
67033 : 3D;
67034 : 3D;
67035 : 3D;
67036 : 3D;
67037 : 3D;
67038 : 3D;
67039 : 3D;
67040 : 3D;
67041 : 1D;
67042 : 1D;
67043 : 1D;
67044 : 1D;
67045 : 1D;
67046 : 1D;
67047 : 1D;
67048 : 1D;
67049 : 1D;
67050 : 1D;
67051 : 3D;
67052 : 3D;
67053 : 3D;
67054 : 3D;
67055 : 3D;
67056 : 3D;
67057 : 3D;
67058 : 3D;
67059 : 3D;
67060 : 3D;
67061 : 1D;
67062 : 1D;
67063 : 1D;
67064 : 1D;
67065 : 1D;
67066 : 1D;
67067 : 1D;
67068 : 1D;
67069 : 1D;
67070 : 1D;
67071 : 1D;
67072 : 3D;
67073 : 3D;
67074 : 3D;
67075 : 3D;
67076 : 3D;
67077 : 3D;
67078 : 3D;
67079 : 3D;
67080 : 3D;
67081 : 3D;
67082 : 1D;
67083 : 1D;
67084 : 1D;
67085 : 1D;
67086 : 1D;
67087 : 1D;
67088 : 1D;
67089 : 1D;
67090 : 1D;
67091 : 1D;
67092 : 3D;
67093 : 3D;
67094 : 3D;
67095 : 3D;
67096 : 3D;
67097 : 3D;
67098 : 3D;
67099 : 3D;
67100 : 3D;
67101 : 3D;
67102 : 1D;
67103 : 1D;
67104 : 1D;
67105 : 1D;
67106 : 1D;
67107 : 1D;
67108 : 1D;
67109 : 1D;
67110 : 1D;
67111 : 1D;
67112 : 3D;
67113 : 3D;
67114 : 3D;
67115 : 3D;
67116 : 3D;
67117 : 3D;
67118 : 3D;
67119 : 3D;
67120 : 3D;
67121 : 3D;
67122 : 1D;
67123 : 1D;
67124 : 1D;
67125 : 1D;
67126 : 1D;
67127 : 1D;
67128 : 1D;
67129 : 1D;
67130 : 1D;
67131 : 1D;
67132 : 3D;
67133 : 3D;
67134 : 3D;
67135 : 3D;
67136 : 3D;
67137 : 3D;
67138 : 3D;
67139 : 3D;
67140 : 3D;
67141 : 3D;
67142 : 1D;
67143 : 1D;
67144 : 1D;
67145 : 1D;
67146 : 1D;
67147 : 1D;
67148 : 1D;
67149 : 1D;
67150 : 1D;
67151 : 1D;
67152 : 3D;
67153 : 3D;
67154 : 3D;
67155 : 3D;
67156 : 3D;
67157 : 3D;
67158 : 3D;
67159 : 3D;
67160 : 3D;
67161 : 3D;
67162 : 1D;
67163 : 1D;
67164 : 1D;
67165 : 1D;
67166 : 1D;
67167 : 1D;
67168 : 1D;
67169 : 1D;
67170 : 1D;
67171 : 1D;
67172 : 3D;
67173 : 3D;
67174 : 3D;
67175 : 3D;
67176 : 3D;
67177 : 3D;
67178 : 3D;
67179 : 3D;
67180 : 3D;
67181 : 3D;
67182 : 3D;
67183 : 1D;
67184 : 1D;
67185 : 1D;
67186 : 1D;
67187 : 1D;
67188 : 1D;
67189 : 1D;
67190 : 1D;
67191 : 1D;
67192 : 1D;
67193 : 14;
67194 : 14;
67195 : 14;
67196 : 14;
67197 : 14;
67198 : 14;
67199 : 14;
67200 : 10;
67201 : 10;
67202 : 10;
67203 : 10;
67204 : 10;
67205 : 10;
67206 : 10;
67207 : 10;
67208 : 10;
67209 : 10;
67210 : 3D;
67211 : 3D;
67212 : 3D;
67213 : 3D;
67214 : 3D;
67215 : 3D;
67216 : 3D;
67217 : 3D;
67218 : 3D;
67219 : 3D;
67220 : 1D;
67221 : 1D;
67222 : 1D;
67223 : 1D;
67224 : 1D;
67225 : 1D;
67226 : 1D;
67227 : 1D;
67228 : 1D;
67229 : 1D;
67230 : 3D;
67231 : 3D;
67232 : 3D;
67233 : 3D;
67234 : 3D;
67235 : 3D;
67236 : 3D;
67237 : 3D;
67238 : 3D;
67239 : 3D;
67240 : 1D;
67241 : 1D;
67242 : 1D;
67243 : 1D;
67244 : 1D;
67245 : 1D;
67246 : 1D;
67247 : 1D;
67248 : 1D;
67249 : 1D;
67250 : 3D;
67251 : 3D;
67252 : 3D;
67253 : 3D;
67254 : 3D;
67255 : 3D;
67256 : 3D;
67257 : 3D;
67258 : 3D;
67259 : 3D;
67260 : 1D;
67261 : 1D;
67262 : 1D;
67263 : 1D;
67264 : 1D;
67265 : 1D;
67266 : 1D;
67267 : 1D;
67268 : 1D;
67269 : 1D;
67270 : 3D;
67271 : 3D;
67272 : 3D;
67273 : 3D;
67274 : 3D;
67275 : 3D;
67276 : 3D;
67277 : 3D;
67278 : 3D;
67279 : 3D;
67280 : 3D;
67281 : 1D;
67282 : 1D;
67283 : 1D;
67284 : 1D;
67285 : 1D;
67286 : 1D;
67287 : 1D;
67288 : 1D;
67289 : 1D;
67290 : 1D;
67291 : 3D;
67292 : 3D;
67293 : 3D;
67294 : 3D;
67295 : 3D;
67296 : 3D;
67297 : 3D;
67298 : 3D;
67299 : 3D;
67300 : 3D;
67301 : 1D;
67302 : 1D;
67303 : 1D;
67304 : 1D;
67305 : 1D;
67306 : 1D;
67307 : 1D;
67308 : 1D;
67309 : 1D;
67310 : 1D;
67311 : 3D;
67312 : 3D;
67313 : 3D;
67314 : 3D;
67315 : 3D;
67316 : 3D;
67317 : 3D;
67318 : 3D;
67319 : 3D;
67320 : 3D;
67321 : 1D;
67322 : 1D;
67323 : 1D;
67324 : 1D;
67325 : 1D;
67326 : 1D;
67327 : 1D;
67328 : 1D;
67329 : 1D;
67330 : 1D;
67331 : 3D;
67332 : 3D;
67333 : 3D;
67334 : 3D;
67335 : 3D;
67336 : 3D;
67337 : 3D;
67338 : 3D;
67339 : 3D;
67340 : 3D;
67341 : 1D;
67342 : 1D;
67343 : 1D;
67344 : 1D;
67345 : 1D;
67346 : 1D;
67347 : 1D;
67348 : 1D;
67349 : 1D;
67350 : 1D;
67351 : 3D;
67352 : 3D;
67353 : 3D;
67354 : 3D;
67355 : 3D;
67356 : 3D;
67357 : 3D;
67358 : 3D;
67359 : 3D;
67360 : 3D;
67361 : 1D;
67362 : 1D;
67363 : 1D;
67364 : 1D;
67365 : 1D;
67366 : 1D;
67367 : 1D;
67368 : 1D;
67369 : 1D;
67370 : 1D;
67371 : 3D;
67372 : 3D;
67373 : 3D;
67374 : 3D;
67375 : 3D;
67376 : 3D;
67377 : 3D;
67378 : 3D;
67379 : 3D;
67380 : 3D;
67381 : 1D;
67382 : 1D;
67383 : 1D;
67384 : 1D;
67385 : 1D;
67386 : 1D;
67387 : 1D;
67388 : 1D;
67389 : 1D;
67390 : 1D;
67391 : 1D;
67392 : 3D;
67393 : 3D;
67394 : 3D;
67395 : 3D;
67396 : 3D;
67397 : 3D;
67398 : 3D;
67399 : 3D;
67400 : 3D;
67401 : 3D;
67402 : 1D;
67403 : 1D;
67404 : 1D;
67405 : 1D;
67406 : 1D;
67407 : 1D;
67408 : 1D;
67409 : 1D;
67410 : 1D;
67411 : 1D;
67412 : 3D;
67413 : 3D;
67414 : 3D;
67415 : 3D;
67416 : 3D;
67417 : 3D;
67418 : 3D;
67419 : 3D;
67420 : 3D;
67421 : 3D;
67422 : 1D;
67423 : 1D;
67424 : 1D;
67425 : 1D;
67426 : 1D;
67427 : 1D;
67428 : 1D;
67429 : 1D;
67430 : 1D;
67431 : 1D;
67432 : 3D;
67433 : 3D;
67434 : 3D;
67435 : 3D;
67436 : 3D;
67437 : 3D;
67438 : 3D;
67439 : 3D;
67440 : 3D;
67441 : 3D;
67442 : 1D;
67443 : 1D;
67444 : 1D;
67445 : 1D;
67446 : 1D;
67447 : 1D;
67448 : 1D;
67449 : 1D;
67450 : 1D;
67451 : 1D;
67452 : 3D;
67453 : 3D;
67454 : 3D;
67455 : 3D;
67456 : 3D;
67457 : 3D;
67458 : 3D;
67459 : 3D;
67460 : 3D;
67461 : 3D;
67462 : 1D;
67463 : 1D;
67464 : 1D;
67465 : 1D;
67466 : 1D;
67467 : 1D;
67468 : 1D;
67469 : 1D;
67470 : 1D;
67471 : 1D;
67472 : 3D;
67473 : 3D;
67474 : 3D;
67475 : 3D;
67476 : 3D;
67477 : 3D;
67478 : 3D;
67479 : 3D;
67480 : 3D;
67481 : 3D;
67482 : 1D;
67483 : 1D;
67484 : 1D;
67485 : 1D;
67486 : 1D;
67487 : 1D;
67488 : 1D;
67489 : 1D;
67490 : 1D;
67491 : 1D;
67492 : 3D;
67493 : 3D;
67494 : 3D;
67495 : 3D;
67496 : 3D;
67497 : 3D;
67498 : 3D;
67499 : 3D;
67500 : 3D;
67501 : 3D;
67502 : 3D;
67503 : 1D;
67504 : 1D;
67505 : 1D;
67506 : 1D;
67507 : 1D;
67508 : 1D;
67509 : 1D;
67510 : 1D;
67511 : 1D;
67512 : 1D;
67513 : 14;
67514 : 14;
67515 : 14;
67516 : 14;
67517 : 14;
67518 : 14;
67519 : 14;
67520 : 14;
67521 : 14;
67522 : 14;
67523 : 14;
67524 : 14;
67525 : 14;
67526 : 14;
67527 : 14;
67528 : 14;
67529 : 14;
67530 : 1D;
67531 : 1D;
67532 : 1D;
67533 : 1D;
67534 : 1D;
67535 : 1D;
67536 : 1D;
67537 : 1D;
67538 : 1D;
67539 : 1D;
67540 : 3D;
67541 : 3D;
67542 : 3D;
67543 : 3D;
67544 : 3D;
67545 : 3D;
67546 : 3D;
67547 : 3D;
67548 : 3D;
67549 : 3D;
67550 : 1D;
67551 : 1D;
67552 : 1D;
67553 : 1D;
67554 : 1D;
67555 : 1D;
67556 : 1D;
67557 : 1D;
67558 : 1D;
67559 : 1D;
67560 : 3D;
67561 : 3D;
67562 : 3D;
67563 : 3D;
67564 : 3D;
67565 : 3D;
67566 : 3D;
67567 : 3D;
67568 : 3D;
67569 : 3D;
67570 : 1D;
67571 : 1D;
67572 : 1D;
67573 : 1D;
67574 : 1D;
67575 : 1D;
67576 : 1D;
67577 : 1D;
67578 : 1D;
67579 : 1D;
67580 : 3D;
67581 : 3D;
67582 : 3D;
67583 : 3D;
67584 : 3D;
67585 : 3D;
67586 : 3D;
67587 : 3D;
67588 : 3D;
67589 : 3D;
67590 : 1D;
67591 : 1D;
67592 : 1D;
67593 : 1D;
67594 : 1D;
67595 : 1D;
67596 : 1D;
67597 : 1D;
67598 : 1D;
67599 : 1D;
67600 : 1D;
67601 : 3D;
67602 : 3D;
67603 : 3D;
67604 : 3D;
67605 : 3D;
67606 : 3D;
67607 : 3D;
67608 : 3D;
67609 : 3D;
67610 : 3D;
67611 : 1D;
67612 : 1D;
67613 : 1D;
67614 : 1D;
67615 : 1D;
67616 : 1D;
67617 : 1D;
67618 : 1D;
67619 : 1D;
67620 : 1D;
67621 : 3D;
67622 : 3D;
67623 : 3D;
67624 : 3D;
67625 : 3D;
67626 : 3D;
67627 : 3D;
67628 : 3D;
67629 : 3D;
67630 : 3D;
67631 : 1D;
67632 : 1D;
67633 : 1D;
67634 : 1D;
67635 : 1D;
67636 : 1D;
67637 : 1D;
67638 : 1D;
67639 : 1D;
67640 : 1D;
67641 : 3D;
67642 : 3D;
67643 : 3D;
67644 : 3D;
67645 : 3D;
67646 : 3D;
67647 : 3D;
67648 : 3D;
67649 : 3D;
67650 : 3D;
67651 : 1D;
67652 : 1D;
67653 : 1D;
67654 : 1D;
67655 : 1D;
67656 : 1D;
67657 : 1D;
67658 : 1D;
67659 : 1D;
67660 : 1D;
67661 : 3D;
67662 : 3D;
67663 : 3D;
67664 : 3D;
67665 : 3D;
67666 : 3D;
67667 : 3D;
67668 : 3D;
67669 : 3D;
67670 : 3D;
67671 : 1D;
67672 : 1D;
67673 : 1D;
67674 : 1D;
67675 : 1D;
67676 : 1D;
67677 : 1D;
67678 : 1D;
67679 : 1D;
67680 : 1D;
67681 : 3D;
67682 : 3D;
67683 : 3D;
67684 : 3D;
67685 : 3D;
67686 : 3D;
67687 : 3D;
67688 : 3D;
67689 : 3D;
67690 : 3D;
67691 : 1D;
67692 : 1D;
67693 : 1D;
67694 : 1D;
67695 : 1D;
67696 : 1D;
67697 : 1D;
67698 : 1D;
67699 : 1D;
67700 : 1D;
67701 : 3D;
67702 : 3D;
67703 : 3D;
67704 : 3D;
67705 : 3D;
67706 : 3D;
67707 : 3D;
67708 : 3D;
67709 : 3D;
67710 : 3D;
67711 : 3D;
67712 : 1D;
67713 : 1D;
67714 : 1D;
67715 : 1D;
67716 : 1D;
67717 : 1D;
67718 : 1D;
67719 : 1D;
67720 : 1D;
67721 : 1D;
67722 : 3D;
67723 : 3D;
67724 : 3D;
67725 : 3D;
67726 : 3D;
67727 : 3D;
67728 : 3D;
67729 : 3D;
67730 : 3D;
67731 : 3D;
67732 : 1D;
67733 : 1D;
67734 : 1D;
67735 : 1D;
67736 : 1D;
67737 : 1D;
67738 : 1D;
67739 : 1D;
67740 : 1D;
67741 : 1D;
67742 : 3D;
67743 : 3D;
67744 : 3D;
67745 : 3D;
67746 : 3D;
67747 : 3D;
67748 : 3D;
67749 : 3D;
67750 : 3D;
67751 : 3D;
67752 : 1D;
67753 : 1D;
67754 : 1D;
67755 : 1D;
67756 : 1D;
67757 : 1D;
67758 : 1D;
67759 : 1D;
67760 : 1D;
67761 : 1D;
67762 : 3D;
67763 : 3D;
67764 : 3D;
67765 : 3D;
67766 : 3D;
67767 : 3D;
67768 : 3D;
67769 : 3D;
67770 : 3D;
67771 : 3D;
67772 : 1D;
67773 : 1D;
67774 : 1D;
67775 : 1D;
67776 : 1D;
67777 : 1D;
67778 : 1D;
67779 : 1D;
67780 : 1D;
67781 : 1D;
67782 : 3D;
67783 : 3D;
67784 : 3D;
67785 : 3D;
67786 : 3D;
67787 : 3D;
67788 : 3D;
67789 : 3D;
67790 : 3D;
67791 : 3D;
67792 : 1D;
67793 : 1D;
67794 : 1D;
67795 : 1D;
67796 : 1D;
67797 : 1D;
67798 : 1D;
67799 : 1D;
67800 : 1D;
67801 : 1D;
67802 : 3D;
67803 : 3D;
67804 : 3D;
67805 : 3D;
67806 : 3D;
67807 : 3D;
67808 : 3D;
67809 : 3D;
67810 : 3D;
67811 : 3D;
67812 : 1D;
67813 : 1D;
67814 : 1D;
67815 : 1D;
67816 : 1D;
67817 : 1D;
67818 : 1D;
67819 : 1D;
67820 : 1D;
67821 : 1D;
67822 : 1D;
67823 : 3D;
67824 : 3D;
67825 : 3D;
67826 : 3D;
67827 : 3D;
67828 : 3D;
67829 : 3D;
67830 : 3D;
67831 : 3D;
67832 : 3D;
67833 : 10;
67834 : 10;
67835 : 10;
67836 : 10;
67837 : 10;
67838 : 10;
67839 : 10;
67840 : 14;
67841 : 14;
67842 : 14;
67843 : 14;
67844 : 14;
67845 : 14;
67846 : 14;
67847 : 14;
67848 : 14;
67849 : 14;
67850 : 1D;
67851 : 1D;
67852 : 1D;
67853 : 1D;
67854 : 1D;
67855 : 1D;
67856 : 1D;
67857 : 1D;
67858 : 1D;
67859 : 1D;
67860 : 3D;
67861 : 3D;
67862 : 3D;
67863 : 3D;
67864 : 3D;
67865 : 3D;
67866 : 3D;
67867 : 3D;
67868 : 3D;
67869 : 3D;
67870 : 1D;
67871 : 1D;
67872 : 1D;
67873 : 1D;
67874 : 1D;
67875 : 1D;
67876 : 1D;
67877 : 1D;
67878 : 1D;
67879 : 1D;
67880 : 3D;
67881 : 3D;
67882 : 3D;
67883 : 3D;
67884 : 3D;
67885 : 3D;
67886 : 3D;
67887 : 3D;
67888 : 3D;
67889 : 3D;
67890 : 1D;
67891 : 1D;
67892 : 1D;
67893 : 1D;
67894 : 1D;
67895 : 1D;
67896 : 1D;
67897 : 1D;
67898 : 1D;
67899 : 1D;
67900 : 3D;
67901 : 3D;
67902 : 3D;
67903 : 3D;
67904 : 3D;
67905 : 3D;
67906 : 3D;
67907 : 3D;
67908 : 3D;
67909 : 3D;
67910 : 1D;
67911 : 1D;
67912 : 1D;
67913 : 1D;
67914 : 1D;
67915 : 1D;
67916 : 1D;
67917 : 1D;
67918 : 1D;
67919 : 1D;
67920 : 1D;
67921 : 3D;
67922 : 3D;
67923 : 3D;
67924 : 3D;
67925 : 3D;
67926 : 3D;
67927 : 3D;
67928 : 3D;
67929 : 3D;
67930 : 3D;
67931 : 1D;
67932 : 1D;
67933 : 1D;
67934 : 1D;
67935 : 1D;
67936 : 1D;
67937 : 1D;
67938 : 1D;
67939 : 1D;
67940 : 1D;
67941 : 3D;
67942 : 3D;
67943 : 3D;
67944 : 3D;
67945 : 3D;
67946 : 3D;
67947 : 3D;
67948 : 3D;
67949 : 3D;
67950 : 3D;
67951 : 1D;
67952 : 1D;
67953 : 1D;
67954 : 1D;
67955 : 1D;
67956 : 1D;
67957 : 1D;
67958 : 1D;
67959 : 1D;
67960 : 1D;
67961 : 3D;
67962 : 3D;
67963 : 3D;
67964 : 3D;
67965 : 3D;
67966 : 3D;
67967 : 3D;
67968 : 3D;
67969 : 3D;
67970 : 3D;
67971 : 1D;
67972 : 1D;
67973 : 1D;
67974 : 1D;
67975 : 1D;
67976 : 1D;
67977 : 1D;
67978 : 1D;
67979 : 1D;
67980 : 1D;
67981 : 3D;
67982 : 3D;
67983 : 3D;
67984 : 3D;
67985 : 3D;
67986 : 3D;
67987 : 3D;
67988 : 3D;
67989 : 3D;
67990 : 3D;
67991 : 1D;
67992 : 1D;
67993 : 1D;
67994 : 1D;
67995 : 1D;
67996 : 1D;
67997 : 1D;
67998 : 1D;
67999 : 1D;
68000 : 1D;
68001 : 3D;
68002 : 3D;
68003 : 3D;
68004 : 3D;
68005 : 3D;
68006 : 3D;
68007 : 3D;
68008 : 3D;
68009 : 3D;
68010 : 3D;
68011 : 1D;
68012 : 1D;
68013 : 1D;
68014 : 1D;
68015 : 1D;
68016 : 1D;
68017 : 1D;
68018 : 1D;
68019 : 1D;
68020 : 1D;
68021 : 3D;
68022 : 3D;
68023 : 3D;
68024 : 3D;
68025 : 3D;
68026 : 3D;
68027 : 3D;
68028 : 3D;
68029 : 3D;
68030 : 3D;
68031 : 3D;
68032 : 1D;
68033 : 1D;
68034 : 1D;
68035 : 1D;
68036 : 1D;
68037 : 1D;
68038 : 1D;
68039 : 1D;
68040 : 1D;
68041 : 1D;
68042 : 3D;
68043 : 3D;
68044 : 3D;
68045 : 3D;
68046 : 3D;
68047 : 3D;
68048 : 3D;
68049 : 3D;
68050 : 3D;
68051 : 3D;
68052 : 1D;
68053 : 1D;
68054 : 1D;
68055 : 1D;
68056 : 1D;
68057 : 1D;
68058 : 1D;
68059 : 1D;
68060 : 1D;
68061 : 1D;
68062 : 3D;
68063 : 3D;
68064 : 3D;
68065 : 3D;
68066 : 3D;
68067 : 3D;
68068 : 3D;
68069 : 3D;
68070 : 3D;
68071 : 3D;
68072 : 1D;
68073 : 1D;
68074 : 1D;
68075 : 1D;
68076 : 1D;
68077 : 1D;
68078 : 1D;
68079 : 1D;
68080 : 1D;
68081 : 1D;
68082 : 3D;
68083 : 3D;
68084 : 3D;
68085 : 3D;
68086 : 3D;
68087 : 3D;
68088 : 3D;
68089 : 3D;
68090 : 3D;
68091 : 3D;
68092 : 1D;
68093 : 1D;
68094 : 1D;
68095 : 1D;
68096 : 1D;
68097 : 1D;
68098 : 1D;
68099 : 1D;
68100 : 1D;
68101 : 1D;
68102 : 3D;
68103 : 3D;
68104 : 3D;
68105 : 3D;
68106 : 3D;
68107 : 3D;
68108 : 3D;
68109 : 3D;
68110 : 3D;
68111 : 3D;
68112 : 1D;
68113 : 1D;
68114 : 1D;
68115 : 1D;
68116 : 1D;
68117 : 1D;
68118 : 1D;
68119 : 1D;
68120 : 1D;
68121 : 1D;
68122 : 3D;
68123 : 3D;
68124 : 3D;
68125 : 3D;
68126 : 3D;
68127 : 3D;
68128 : 3D;
68129 : 3D;
68130 : 3D;
68131 : 3D;
68132 : 1D;
68133 : 1D;
68134 : 1D;
68135 : 1D;
68136 : 1D;
68137 : 1D;
68138 : 1D;
68139 : 1D;
68140 : 1D;
68141 : 1D;
68142 : 1D;
68143 : 3D;
68144 : 3D;
68145 : 3D;
68146 : 3D;
68147 : 3D;
68148 : 3D;
68149 : 3D;
68150 : 3D;
68151 : 3D;
68152 : 3D;
68153 : 10;
68154 : 10;
68155 : 10;
68156 : 10;
68157 : 10;
68158 : 10;
68159 : 10;
68160 : 14;
68161 : 14;
68162 : 14;
68163 : 14;
68164 : 14;
68165 : 14;
68166 : 14;
68167 : 14;
68168 : 14;
68169 : 14;
68170 : 1D;
68171 : 1D;
68172 : 1D;
68173 : 1D;
68174 : 1D;
68175 : 1D;
68176 : 1D;
68177 : 1D;
68178 : 1D;
68179 : 1D;
68180 : 3D;
68181 : 3D;
68182 : 3D;
68183 : 3D;
68184 : 3D;
68185 : 3D;
68186 : 3D;
68187 : 3D;
68188 : 3D;
68189 : 3D;
68190 : 1D;
68191 : 1D;
68192 : 1D;
68193 : 1D;
68194 : 1D;
68195 : 1D;
68196 : 1D;
68197 : 1D;
68198 : 1D;
68199 : 1D;
68200 : 3D;
68201 : 3D;
68202 : 3D;
68203 : 3D;
68204 : 3D;
68205 : 3D;
68206 : 3D;
68207 : 3D;
68208 : 3D;
68209 : 3D;
68210 : 1D;
68211 : 1D;
68212 : 1D;
68213 : 1D;
68214 : 1D;
68215 : 1D;
68216 : 1D;
68217 : 1D;
68218 : 1D;
68219 : 1D;
68220 : 3D;
68221 : 3D;
68222 : 3D;
68223 : 3D;
68224 : 3D;
68225 : 3D;
68226 : 3D;
68227 : 3D;
68228 : 3D;
68229 : 3D;
68230 : 1D;
68231 : 1D;
68232 : 1D;
68233 : 1D;
68234 : 1D;
68235 : 1D;
68236 : 1D;
68237 : 1D;
68238 : 1D;
68239 : 1D;
68240 : 1D;
68241 : 3D;
68242 : 3D;
68243 : 3D;
68244 : 3D;
68245 : 3D;
68246 : 3D;
68247 : 3D;
68248 : 3D;
68249 : 3D;
68250 : 3D;
68251 : 1D;
68252 : 1D;
68253 : 1D;
68254 : 1D;
68255 : 1D;
68256 : 1D;
68257 : 1D;
68258 : 1D;
68259 : 1D;
68260 : 1D;
68261 : 3D;
68262 : 3D;
68263 : 3D;
68264 : 3D;
68265 : 3D;
68266 : 3D;
68267 : 3D;
68268 : 3D;
68269 : 3D;
68270 : 3D;
68271 : 1D;
68272 : 1D;
68273 : 1D;
68274 : 1D;
68275 : 1D;
68276 : 1D;
68277 : 1D;
68278 : 1D;
68279 : 1D;
68280 : 1D;
68281 : 3D;
68282 : 3D;
68283 : 3D;
68284 : 3D;
68285 : 3D;
68286 : 3D;
68287 : 3D;
68288 : 3D;
68289 : 3D;
68290 : 3D;
68291 : 1D;
68292 : 1D;
68293 : 1D;
68294 : 1D;
68295 : 1D;
68296 : 1D;
68297 : 1D;
68298 : 1D;
68299 : 1D;
68300 : 1D;
68301 : 3D;
68302 : 3D;
68303 : 3D;
68304 : 3D;
68305 : 3D;
68306 : 3D;
68307 : 3D;
68308 : 3D;
68309 : 3D;
68310 : 3D;
68311 : 1D;
68312 : 1D;
68313 : 1D;
68314 : 1D;
68315 : 1D;
68316 : 1D;
68317 : 1D;
68318 : 1D;
68319 : 1D;
68320 : 1D;
68321 : 3D;
68322 : 3D;
68323 : 3D;
68324 : 3D;
68325 : 3D;
68326 : 3D;
68327 : 3D;
68328 : 3D;
68329 : 3D;
68330 : 3D;
68331 : 1D;
68332 : 1D;
68333 : 1D;
68334 : 1D;
68335 : 1D;
68336 : 1D;
68337 : 1D;
68338 : 1D;
68339 : 1D;
68340 : 1D;
68341 : 3D;
68342 : 3D;
68343 : 3D;
68344 : 3D;
68345 : 3D;
68346 : 3D;
68347 : 3D;
68348 : 3D;
68349 : 3D;
68350 : 3D;
68351 : 3D;
68352 : 1D;
68353 : 1D;
68354 : 1D;
68355 : 1D;
68356 : 1D;
68357 : 1D;
68358 : 1D;
68359 : 1D;
68360 : 1D;
68361 : 1D;
68362 : 3D;
68363 : 3D;
68364 : 3D;
68365 : 3D;
68366 : 3D;
68367 : 3D;
68368 : 3D;
68369 : 3D;
68370 : 3D;
68371 : 3D;
68372 : 1D;
68373 : 1D;
68374 : 1D;
68375 : 1D;
68376 : 1D;
68377 : 1D;
68378 : 1D;
68379 : 1D;
68380 : 1D;
68381 : 1D;
68382 : 3D;
68383 : 3D;
68384 : 3D;
68385 : 3D;
68386 : 3D;
68387 : 3D;
68388 : 3D;
68389 : 3D;
68390 : 3D;
68391 : 3D;
68392 : 1D;
68393 : 1D;
68394 : 1D;
68395 : 1D;
68396 : 1D;
68397 : 1D;
68398 : 1D;
68399 : 1D;
68400 : 1D;
68401 : 1D;
68402 : 3D;
68403 : 3D;
68404 : 3D;
68405 : 3D;
68406 : 3D;
68407 : 3D;
68408 : 3D;
68409 : 3D;
68410 : 3D;
68411 : 3D;
68412 : 1D;
68413 : 1D;
68414 : 1D;
68415 : 1D;
68416 : 1D;
68417 : 1D;
68418 : 1D;
68419 : 1D;
68420 : 1D;
68421 : 1D;
68422 : 3D;
68423 : 3D;
68424 : 3D;
68425 : 3D;
68426 : 3D;
68427 : 3D;
68428 : 3D;
68429 : 3D;
68430 : 3D;
68431 : 3D;
68432 : 1D;
68433 : 1D;
68434 : 1D;
68435 : 1D;
68436 : 1D;
68437 : 1D;
68438 : 1D;
68439 : 1D;
68440 : 1D;
68441 : 1D;
68442 : 3D;
68443 : 3D;
68444 : 3D;
68445 : 3D;
68446 : 3D;
68447 : 3D;
68448 : 3D;
68449 : 3D;
68450 : 3D;
68451 : 3D;
68452 : 1D;
68453 : 1D;
68454 : 1D;
68455 : 1D;
68456 : 1D;
68457 : 1D;
68458 : 1D;
68459 : 1D;
68460 : 1D;
68461 : 1D;
68462 : 1D;
68463 : 3D;
68464 : 3D;
68465 : 3D;
68466 : 3D;
68467 : 3D;
68468 : 3D;
68469 : 3D;
68470 : 3D;
68471 : 3D;
68472 : 3D;
68473 : 10;
68474 : 10;
68475 : 10;
68476 : 10;
68477 : 10;
68478 : 10;
68479 : 10;
68480 : 14;
68481 : 14;
68482 : 14;
68483 : 14;
68484 : 14;
68485 : 14;
68486 : 14;
68487 : 14;
68488 : 14;
68489 : 14;
68490 : 1D;
68491 : 1D;
68492 : 1D;
68493 : 1D;
68494 : 1D;
68495 : 1D;
68496 : 1D;
68497 : 1D;
68498 : 1D;
68499 : 1D;
68500 : 3D;
68501 : 3D;
68502 : 3D;
68503 : 3D;
68504 : 3D;
68505 : 3D;
68506 : 3D;
68507 : 3D;
68508 : 3D;
68509 : 3D;
68510 : 1D;
68511 : 1D;
68512 : 1D;
68513 : 1D;
68514 : 1D;
68515 : 1D;
68516 : 1D;
68517 : 1D;
68518 : 1D;
68519 : 1D;
68520 : 3D;
68521 : 3D;
68522 : 3D;
68523 : 3D;
68524 : 3D;
68525 : 3D;
68526 : 3D;
68527 : 3D;
68528 : 3D;
68529 : 3D;
68530 : 1D;
68531 : 1D;
68532 : 1D;
68533 : 1D;
68534 : 1D;
68535 : 1D;
68536 : 1D;
68537 : 1D;
68538 : 1D;
68539 : 1D;
68540 : 3D;
68541 : 3D;
68542 : 3D;
68543 : 3D;
68544 : 3D;
68545 : 3D;
68546 : 3D;
68547 : 3D;
68548 : 3D;
68549 : 3D;
68550 : 1D;
68551 : 1D;
68552 : 1D;
68553 : 1D;
68554 : 1D;
68555 : 1D;
68556 : 1D;
68557 : 1D;
68558 : 1D;
68559 : 1D;
68560 : 1D;
68561 : 3D;
68562 : 3D;
68563 : 3D;
68564 : 3D;
68565 : 3D;
68566 : 3D;
68567 : 3D;
68568 : 3D;
68569 : 3D;
68570 : 3D;
68571 : 1D;
68572 : 1D;
68573 : 1D;
68574 : 1D;
68575 : 1D;
68576 : 1D;
68577 : 1D;
68578 : 1D;
68579 : 1D;
68580 : 1D;
68581 : 3D;
68582 : 3D;
68583 : 3D;
68584 : 3D;
68585 : 3D;
68586 : 3D;
68587 : 3D;
68588 : 3D;
68589 : 3D;
68590 : 3D;
68591 : 1D;
68592 : 1D;
68593 : 1D;
68594 : 1D;
68595 : 1D;
68596 : 1D;
68597 : 1D;
68598 : 1D;
68599 : 1D;
68600 : 1D;
68601 : 3D;
68602 : 3D;
68603 : 3D;
68604 : 3D;
68605 : 3D;
68606 : 3D;
68607 : 3D;
68608 : 3D;
68609 : 3D;
68610 : 3D;
68611 : 1D;
68612 : 1D;
68613 : 1D;
68614 : 1D;
68615 : 1D;
68616 : 1D;
68617 : 1D;
68618 : 1D;
68619 : 1D;
68620 : 1D;
68621 : 3D;
68622 : 3D;
68623 : 3D;
68624 : 3D;
68625 : 3D;
68626 : 3D;
68627 : 3D;
68628 : 3D;
68629 : 3D;
68630 : 3D;
68631 : 1D;
68632 : 1D;
68633 : 1D;
68634 : 1D;
68635 : 1D;
68636 : 1D;
68637 : 1D;
68638 : 1D;
68639 : 1D;
68640 : 1D;
68641 : 3D;
68642 : 3D;
68643 : 3D;
68644 : 3D;
68645 : 3D;
68646 : 3D;
68647 : 3D;
68648 : 3D;
68649 : 3D;
68650 : 3D;
68651 : 1D;
68652 : 1D;
68653 : 1D;
68654 : 1D;
68655 : 1D;
68656 : 1D;
68657 : 1D;
68658 : 1D;
68659 : 1D;
68660 : 1D;
68661 : 3D;
68662 : 3D;
68663 : 3D;
68664 : 3D;
68665 : 3D;
68666 : 3D;
68667 : 3D;
68668 : 3D;
68669 : 3D;
68670 : 3D;
68671 : 3D;
68672 : 1D;
68673 : 1D;
68674 : 1D;
68675 : 1D;
68676 : 1D;
68677 : 1D;
68678 : 1D;
68679 : 1D;
68680 : 1D;
68681 : 1D;
68682 : 3D;
68683 : 3D;
68684 : 3D;
68685 : 3D;
68686 : 3D;
68687 : 3D;
68688 : 3D;
68689 : 3D;
68690 : 3D;
68691 : 3D;
68692 : 1D;
68693 : 1D;
68694 : 1D;
68695 : 1D;
68696 : 1D;
68697 : 1D;
68698 : 1D;
68699 : 1D;
68700 : 1D;
68701 : 1D;
68702 : 3D;
68703 : 3D;
68704 : 3D;
68705 : 3D;
68706 : 3D;
68707 : 3D;
68708 : 3D;
68709 : 3D;
68710 : 3D;
68711 : 3D;
68712 : 1D;
68713 : 1D;
68714 : 1D;
68715 : 1D;
68716 : 1D;
68717 : 1D;
68718 : 1D;
68719 : 1D;
68720 : 1D;
68721 : 1D;
68722 : 3D;
68723 : 3D;
68724 : 3D;
68725 : 3D;
68726 : 3D;
68727 : 3D;
68728 : 3D;
68729 : 3D;
68730 : 3D;
68731 : 3D;
68732 : 1D;
68733 : 1D;
68734 : 1D;
68735 : 1D;
68736 : 1D;
68737 : 1D;
68738 : 1D;
68739 : 1D;
68740 : 1D;
68741 : 1D;
68742 : 3D;
68743 : 3D;
68744 : 3D;
68745 : 3D;
68746 : 3D;
68747 : 3D;
68748 : 3D;
68749 : 3D;
68750 : 3D;
68751 : 3D;
68752 : 1D;
68753 : 1D;
68754 : 1D;
68755 : 1D;
68756 : 1D;
68757 : 1D;
68758 : 1D;
68759 : 1D;
68760 : 1D;
68761 : 1D;
68762 : 3D;
68763 : 3D;
68764 : 3D;
68765 : 3D;
68766 : 3D;
68767 : 3D;
68768 : 3D;
68769 : 3D;
68770 : 3D;
68771 : 3D;
68772 : 1D;
68773 : 1D;
68774 : 1D;
68775 : 1D;
68776 : 1D;
68777 : 1D;
68778 : 1D;
68779 : 1D;
68780 : 1D;
68781 : 1D;
68782 : 1D;
68783 : 3D;
68784 : 3D;
68785 : 3D;
68786 : 3D;
68787 : 3D;
68788 : 3D;
68789 : 3D;
68790 : 3D;
68791 : 3D;
68792 : 3D;
68793 : 10;
68794 : 10;
68795 : 10;
68796 : 10;
68797 : 10;
68798 : 10;
68799 : 10;
68800 : 14;
68801 : 14;
68802 : 14;
68803 : 14;
68804 : 14;
68805 : 14;
68806 : 14;
68807 : 14;
68808 : 14;
68809 : 14;
68810 : 1D;
68811 : 1D;
68812 : 1D;
68813 : 1D;
68814 : 1D;
68815 : 1D;
68816 : 1D;
68817 : 1D;
68818 : 1D;
68819 : 1D;
68820 : 3D;
68821 : 3D;
68822 : 3D;
68823 : 3D;
68824 : 3D;
68825 : 3D;
68826 : 3D;
68827 : 3D;
68828 : 3D;
68829 : 3D;
68830 : 1D;
68831 : 1D;
68832 : 1D;
68833 : 1D;
68834 : 1D;
68835 : 1D;
68836 : 1D;
68837 : 1D;
68838 : 1D;
68839 : 1D;
68840 : 3D;
68841 : 3D;
68842 : 3D;
68843 : 3D;
68844 : 3D;
68845 : 3D;
68846 : 3D;
68847 : 3D;
68848 : 3D;
68849 : 3D;
68850 : 1D;
68851 : 1D;
68852 : 1D;
68853 : 1D;
68854 : 1D;
68855 : 1D;
68856 : 1D;
68857 : 1D;
68858 : 1D;
68859 : 1D;
68860 : 3D;
68861 : 3D;
68862 : 3D;
68863 : 3D;
68864 : 3D;
68865 : 3D;
68866 : 3D;
68867 : 3D;
68868 : 3D;
68869 : 3D;
68870 : 1D;
68871 : 1D;
68872 : 1D;
68873 : 1D;
68874 : 1D;
68875 : 1D;
68876 : 1D;
68877 : 1D;
68878 : 1D;
68879 : 1D;
68880 : 1D;
68881 : 3D;
68882 : 3D;
68883 : 3D;
68884 : 3D;
68885 : 3D;
68886 : 3D;
68887 : 3D;
68888 : 3D;
68889 : 3D;
68890 : 3D;
68891 : 1D;
68892 : 1D;
68893 : 1D;
68894 : 1D;
68895 : 1D;
68896 : 1D;
68897 : 1D;
68898 : 1D;
68899 : 1D;
68900 : 1D;
68901 : 3D;
68902 : 3D;
68903 : 3D;
68904 : 3D;
68905 : 3D;
68906 : 3D;
68907 : 3D;
68908 : 3D;
68909 : 3D;
68910 : 3D;
68911 : 1D;
68912 : 1D;
68913 : 1D;
68914 : 1D;
68915 : 1D;
68916 : 1D;
68917 : 1D;
68918 : 1D;
68919 : 1D;
68920 : 1D;
68921 : 3D;
68922 : 3D;
68923 : 3D;
68924 : 3D;
68925 : 3D;
68926 : 3D;
68927 : 3D;
68928 : 3D;
68929 : 3D;
68930 : 3D;
68931 : 1D;
68932 : 1D;
68933 : 1D;
68934 : 1D;
68935 : 1D;
68936 : 1D;
68937 : 1D;
68938 : 1D;
68939 : 1D;
68940 : 1D;
68941 : 3D;
68942 : 3D;
68943 : 3D;
68944 : 3D;
68945 : 3D;
68946 : 3D;
68947 : 3D;
68948 : 3D;
68949 : 3D;
68950 : 3D;
68951 : 1D;
68952 : 1D;
68953 : 1D;
68954 : 1D;
68955 : 1D;
68956 : 1D;
68957 : 1D;
68958 : 1D;
68959 : 1D;
68960 : 1D;
68961 : 3D;
68962 : 3D;
68963 : 3D;
68964 : 3D;
68965 : 3D;
68966 : 3D;
68967 : 3D;
68968 : 3D;
68969 : 3D;
68970 : 3D;
68971 : 1D;
68972 : 1D;
68973 : 1D;
68974 : 1D;
68975 : 1D;
68976 : 1D;
68977 : 1D;
68978 : 1D;
68979 : 1D;
68980 : 1D;
68981 : 3D;
68982 : 3D;
68983 : 3D;
68984 : 3D;
68985 : 3D;
68986 : 3D;
68987 : 3D;
68988 : 3D;
68989 : 3D;
68990 : 3D;
68991 : 3D;
68992 : 1D;
68993 : 1D;
68994 : 1D;
68995 : 1D;
68996 : 1D;
68997 : 1D;
68998 : 1D;
68999 : 1D;
69000 : 1D;
69001 : 1D;
69002 : 3D;
69003 : 3D;
69004 : 3D;
69005 : 3D;
69006 : 3D;
69007 : 3D;
69008 : 3D;
69009 : 3D;
69010 : 3D;
69011 : 3D;
69012 : 1D;
69013 : 1D;
69014 : 1D;
69015 : 1D;
69016 : 1D;
69017 : 1D;
69018 : 1D;
69019 : 1D;
69020 : 1D;
69021 : 1D;
69022 : 3D;
69023 : 3D;
69024 : 3D;
69025 : 3D;
69026 : 3D;
69027 : 3D;
69028 : 3D;
69029 : 3D;
69030 : 3D;
69031 : 3D;
69032 : 1D;
69033 : 1D;
69034 : 1D;
69035 : 1D;
69036 : 1D;
69037 : 1D;
69038 : 1D;
69039 : 1D;
69040 : 1D;
69041 : 1D;
69042 : 3D;
69043 : 3D;
69044 : 3D;
69045 : 3D;
69046 : 3D;
69047 : 3D;
69048 : 3D;
69049 : 3D;
69050 : 3D;
69051 : 3D;
69052 : 1D;
69053 : 1D;
69054 : 1D;
69055 : 1D;
69056 : 1D;
69057 : 1D;
69058 : 1D;
69059 : 1D;
69060 : 1D;
69061 : 1D;
69062 : 3D;
69063 : 3D;
69064 : 3D;
69065 : 3D;
69066 : 3D;
69067 : 3D;
69068 : 3D;
69069 : 3D;
69070 : 3D;
69071 : 3D;
69072 : 1D;
69073 : 1D;
69074 : 1D;
69075 : 1D;
69076 : 1D;
69077 : 1D;
69078 : 1D;
69079 : 1D;
69080 : 1D;
69081 : 1D;
69082 : 3D;
69083 : 3D;
69084 : 3D;
69085 : 3D;
69086 : 3D;
69087 : 3D;
69088 : 3D;
69089 : 3D;
69090 : 3D;
69091 : 3D;
69092 : 1D;
69093 : 1D;
69094 : 1D;
69095 : 1D;
69096 : 1D;
69097 : 1D;
69098 : 1D;
69099 : 1D;
69100 : 1D;
69101 : 1D;
69102 : 1D;
69103 : 3D;
69104 : 3D;
69105 : 3D;
69106 : 3D;
69107 : 3D;
69108 : 3D;
69109 : 3D;
69110 : 3D;
69111 : 3D;
69112 : 3D;
69113 : 10;
69114 : 10;
69115 : 10;
69116 : 10;
69117 : 10;
69118 : 10;
69119 : 10;
69120 : 14;
69121 : 14;
69122 : 14;
69123 : 14;
69124 : 14;
69125 : 14;
69126 : 14;
69127 : 14;
69128 : 14;
69129 : 14;
69130 : 1D;
69131 : 1D;
69132 : 1D;
69133 : 1D;
69134 : 1D;
69135 : 1D;
69136 : 1D;
69137 : 1D;
69138 : 1D;
69139 : 1D;
69140 : 3D;
69141 : 3D;
69142 : 3D;
69143 : 3D;
69144 : 3D;
69145 : 3D;
69146 : 3D;
69147 : 3D;
69148 : 3D;
69149 : 3D;
69150 : 1D;
69151 : 1D;
69152 : 1D;
69153 : 1D;
69154 : 1D;
69155 : 1D;
69156 : 1D;
69157 : 1D;
69158 : 1D;
69159 : 1D;
69160 : 3D;
69161 : 3D;
69162 : 3D;
69163 : 3D;
69164 : 3D;
69165 : 3D;
69166 : 3D;
69167 : 3D;
69168 : 3D;
69169 : 3D;
69170 : 1D;
69171 : 1D;
69172 : 1D;
69173 : 1D;
69174 : 1D;
69175 : 1D;
69176 : 1D;
69177 : 1D;
69178 : 1D;
69179 : 1D;
69180 : 3D;
69181 : 3D;
69182 : 3D;
69183 : 3D;
69184 : 3D;
69185 : 3D;
69186 : 3D;
69187 : 3D;
69188 : 3D;
69189 : 3D;
69190 : 1D;
69191 : 1D;
69192 : 1D;
69193 : 1D;
69194 : 1D;
69195 : 1D;
69196 : 1D;
69197 : 1D;
69198 : 1D;
69199 : 1D;
69200 : 1D;
69201 : 3D;
69202 : 3D;
69203 : 3D;
69204 : 3D;
69205 : 3D;
69206 : 3D;
69207 : 3D;
69208 : 3D;
69209 : 3D;
69210 : 3D;
69211 : 1D;
69212 : 1D;
69213 : 1D;
69214 : 1D;
69215 : 1D;
69216 : 1D;
69217 : 1D;
69218 : 1D;
69219 : 1D;
69220 : 1D;
69221 : 3D;
69222 : 3D;
69223 : 3D;
69224 : 3D;
69225 : 3D;
69226 : 3D;
69227 : 3D;
69228 : 3D;
69229 : 3D;
69230 : 3D;
69231 : 1D;
69232 : 1D;
69233 : 1D;
69234 : 1D;
69235 : 1D;
69236 : 1D;
69237 : 1D;
69238 : 1D;
69239 : 1D;
69240 : 1D;
69241 : 3D;
69242 : 3D;
69243 : 3D;
69244 : 3D;
69245 : 3D;
69246 : 3D;
69247 : 3D;
69248 : 3D;
69249 : 3D;
69250 : 3D;
69251 : 1D;
69252 : 1D;
69253 : 1D;
69254 : 1D;
69255 : 1D;
69256 : 1D;
69257 : 1D;
69258 : 1D;
69259 : 1D;
69260 : 1D;
69261 : 3D;
69262 : 3D;
69263 : 3D;
69264 : 3D;
69265 : 3D;
69266 : 3D;
69267 : 3D;
69268 : 3D;
69269 : 3D;
69270 : 3D;
69271 : 1D;
69272 : 1D;
69273 : 1D;
69274 : 1D;
69275 : 1D;
69276 : 1D;
69277 : 1D;
69278 : 1D;
69279 : 1D;
69280 : 1D;
69281 : 3D;
69282 : 3D;
69283 : 3D;
69284 : 3D;
69285 : 3D;
69286 : 3D;
69287 : 3D;
69288 : 3D;
69289 : 3D;
69290 : 3D;
69291 : 1D;
69292 : 1D;
69293 : 1D;
69294 : 1D;
69295 : 1D;
69296 : 1D;
69297 : 1D;
69298 : 1D;
69299 : 1D;
69300 : 1D;
69301 : 3D;
69302 : 3D;
69303 : 3D;
69304 : 3D;
69305 : 3D;
69306 : 3D;
69307 : 3D;
69308 : 3D;
69309 : 3D;
69310 : 3D;
69311 : 3D;
69312 : 1D;
69313 : 1D;
69314 : 1D;
69315 : 1D;
69316 : 1D;
69317 : 1D;
69318 : 1D;
69319 : 1D;
69320 : 1D;
69321 : 1D;
69322 : 3D;
69323 : 3D;
69324 : 3D;
69325 : 3D;
69326 : 3D;
69327 : 3D;
69328 : 3D;
69329 : 3D;
69330 : 3D;
69331 : 3D;
69332 : 1D;
69333 : 1D;
69334 : 1D;
69335 : 1D;
69336 : 1D;
69337 : 1D;
69338 : 1D;
69339 : 1D;
69340 : 1D;
69341 : 1D;
69342 : 3D;
69343 : 3D;
69344 : 3D;
69345 : 3D;
69346 : 3D;
69347 : 3D;
69348 : 3D;
69349 : 3D;
69350 : 3D;
69351 : 3D;
69352 : 1D;
69353 : 1D;
69354 : 1D;
69355 : 1D;
69356 : 1D;
69357 : 1D;
69358 : 1D;
69359 : 1D;
69360 : 1D;
69361 : 1D;
69362 : 3D;
69363 : 3D;
69364 : 3D;
69365 : 3D;
69366 : 3D;
69367 : 3D;
69368 : 3D;
69369 : 3D;
69370 : 3D;
69371 : 3D;
69372 : 1D;
69373 : 1D;
69374 : 1D;
69375 : 1D;
69376 : 1D;
69377 : 1D;
69378 : 1D;
69379 : 1D;
69380 : 1D;
69381 : 1D;
69382 : 3D;
69383 : 3D;
69384 : 3D;
69385 : 3D;
69386 : 3D;
69387 : 3D;
69388 : 3D;
69389 : 3D;
69390 : 3D;
69391 : 3D;
69392 : 1D;
69393 : 1D;
69394 : 1D;
69395 : 1D;
69396 : 1D;
69397 : 1D;
69398 : 1D;
69399 : 1D;
69400 : 1D;
69401 : 1D;
69402 : 3D;
69403 : 3D;
69404 : 3D;
69405 : 3D;
69406 : 3D;
69407 : 3D;
69408 : 3D;
69409 : 3D;
69410 : 3D;
69411 : 3D;
69412 : 1D;
69413 : 1D;
69414 : 1D;
69415 : 1D;
69416 : 1D;
69417 : 1D;
69418 : 1D;
69419 : 1D;
69420 : 1D;
69421 : 1D;
69422 : 1D;
69423 : 3D;
69424 : 3D;
69425 : 3D;
69426 : 3D;
69427 : 3D;
69428 : 3D;
69429 : 3D;
69430 : 3D;
69431 : 3D;
69432 : 3D;
69433 : 10;
69434 : 10;
69435 : 10;
69436 : 10;
69437 : 10;
69438 : 10;
69439 : 10;
69440 : 14;
69441 : 14;
69442 : 14;
69443 : 14;
69444 : 14;
69445 : 14;
69446 : 14;
69447 : 14;
69448 : 14;
69449 : 14;
69450 : 1D;
69451 : 1D;
69452 : 1D;
69453 : 1D;
69454 : 1D;
69455 : 1D;
69456 : 1D;
69457 : 1D;
69458 : 1D;
69459 : 1D;
69460 : 3D;
69461 : 3D;
69462 : 3D;
69463 : 3D;
69464 : 3D;
69465 : 3D;
69466 : 3D;
69467 : 3D;
69468 : 3D;
69469 : 3D;
69470 : 1D;
69471 : 1D;
69472 : 1D;
69473 : 1D;
69474 : 1D;
69475 : 1D;
69476 : 1D;
69477 : 1D;
69478 : 1D;
69479 : 1D;
69480 : 3D;
69481 : 3D;
69482 : 3D;
69483 : 3D;
69484 : 3D;
69485 : 3D;
69486 : 3D;
69487 : 3D;
69488 : 3D;
69489 : 3D;
69490 : 1D;
69491 : 1D;
69492 : 1D;
69493 : 1D;
69494 : 1D;
69495 : 1D;
69496 : 1D;
69497 : 1D;
69498 : 1D;
69499 : 1D;
69500 : 3D;
69501 : 3D;
69502 : 3D;
69503 : 3D;
69504 : 3D;
69505 : 3D;
69506 : 3D;
69507 : 3D;
69508 : 3D;
69509 : 3D;
69510 : 1D;
69511 : 1D;
69512 : 1D;
69513 : 1D;
69514 : 1D;
69515 : 1D;
69516 : 1D;
69517 : 1D;
69518 : 1D;
69519 : 1D;
69520 : 1D;
69521 : 3D;
69522 : 3D;
69523 : 3D;
69524 : 3D;
69525 : 3D;
69526 : 3D;
69527 : 3D;
69528 : 3D;
69529 : 3D;
69530 : 3D;
69531 : 1D;
69532 : 1D;
69533 : 1D;
69534 : 1D;
69535 : 1D;
69536 : 1D;
69537 : 1D;
69538 : 1D;
69539 : 1D;
69540 : 1D;
69541 : 3D;
69542 : 3D;
69543 : 3D;
69544 : 3D;
69545 : 3D;
69546 : 3D;
69547 : 3D;
69548 : 3D;
69549 : 3D;
69550 : 3D;
69551 : 1D;
69552 : 1D;
69553 : 1D;
69554 : 1D;
69555 : 1D;
69556 : 1D;
69557 : 1D;
69558 : 1D;
69559 : 1D;
69560 : 1D;
69561 : 3D;
69562 : 3D;
69563 : 3D;
69564 : 3D;
69565 : 3D;
69566 : 3D;
69567 : 3D;
69568 : 3D;
69569 : 3D;
69570 : 3D;
69571 : 1D;
69572 : 1D;
69573 : 1D;
69574 : 1D;
69575 : 1D;
69576 : 1D;
69577 : 1D;
69578 : 1D;
69579 : 1D;
69580 : 1D;
69581 : 3D;
69582 : 3D;
69583 : 3D;
69584 : 3D;
69585 : 3D;
69586 : 3D;
69587 : 3D;
69588 : 3D;
69589 : 3D;
69590 : 3D;
69591 : 1D;
69592 : 1D;
69593 : 1D;
69594 : 1D;
69595 : 1D;
69596 : 1D;
69597 : 1D;
69598 : 1D;
69599 : 1D;
69600 : 1D;
69601 : 3D;
69602 : 3D;
69603 : 3D;
69604 : 3D;
69605 : 3D;
69606 : 3D;
69607 : 3D;
69608 : 3D;
69609 : 3D;
69610 : 3D;
69611 : 1D;
69612 : 1D;
69613 : 1D;
69614 : 1D;
69615 : 1D;
69616 : 1D;
69617 : 1D;
69618 : 1D;
69619 : 1D;
69620 : 1D;
69621 : 3D;
69622 : 3D;
69623 : 3D;
69624 : 3D;
69625 : 3D;
69626 : 3D;
69627 : 3D;
69628 : 3D;
69629 : 3D;
69630 : 3D;
69631 : 3D;
69632 : 1D;
69633 : 1D;
69634 : 1D;
69635 : 1D;
69636 : 1D;
69637 : 1D;
69638 : 1D;
69639 : 1D;
69640 : 1D;
69641 : 1D;
69642 : 3D;
69643 : 3D;
69644 : 3D;
69645 : 3D;
69646 : 3D;
69647 : 3D;
69648 : 3D;
69649 : 3D;
69650 : 3D;
69651 : 3D;
69652 : 1D;
69653 : 1D;
69654 : 1D;
69655 : 1D;
69656 : 1D;
69657 : 1D;
69658 : 1D;
69659 : 1D;
69660 : 1D;
69661 : 1D;
69662 : 3D;
69663 : 3D;
69664 : 3D;
69665 : 3D;
69666 : 3D;
69667 : 3D;
69668 : 3D;
69669 : 3D;
69670 : 3D;
69671 : 3D;
69672 : 1D;
69673 : 1D;
69674 : 1D;
69675 : 1D;
69676 : 1D;
69677 : 1D;
69678 : 1D;
69679 : 1D;
69680 : 1D;
69681 : 1D;
69682 : 3D;
69683 : 3D;
69684 : 3D;
69685 : 3D;
69686 : 3D;
69687 : 3D;
69688 : 3D;
69689 : 3D;
69690 : 3D;
69691 : 3D;
69692 : 1D;
69693 : 1D;
69694 : 1D;
69695 : 1D;
69696 : 1D;
69697 : 1D;
69698 : 1D;
69699 : 1D;
69700 : 1D;
69701 : 1D;
69702 : 3D;
69703 : 3D;
69704 : 3D;
69705 : 3D;
69706 : 3D;
69707 : 3D;
69708 : 3D;
69709 : 3D;
69710 : 3D;
69711 : 3D;
69712 : 1D;
69713 : 1D;
69714 : 1D;
69715 : 1D;
69716 : 1D;
69717 : 1D;
69718 : 1D;
69719 : 1D;
69720 : 1D;
69721 : 1D;
69722 : 3D;
69723 : 3D;
69724 : 3D;
69725 : 3D;
69726 : 3D;
69727 : 3D;
69728 : 3D;
69729 : 3D;
69730 : 3D;
69731 : 3D;
69732 : 1D;
69733 : 1D;
69734 : 1D;
69735 : 1D;
69736 : 1D;
69737 : 1D;
69738 : 1D;
69739 : 1D;
69740 : 1D;
69741 : 1D;
69742 : 1D;
69743 : 3D;
69744 : 3D;
69745 : 3D;
69746 : 3D;
69747 : 3D;
69748 : 3D;
69749 : 3D;
69750 : 3D;
69751 : 3D;
69752 : 3D;
69753 : 10;
69754 : 10;
69755 : 10;
69756 : 10;
69757 : 10;
69758 : 10;
69759 : 10;
69760 : 14;
69761 : 14;
69762 : 14;
69763 : 14;
69764 : 14;
69765 : 14;
69766 : 14;
69767 : 14;
69768 : 14;
69769 : 14;
69770 : 1D;
69771 : 1D;
69772 : 1D;
69773 : 1D;
69774 : 1D;
69775 : 1D;
69776 : 1D;
69777 : 1D;
69778 : 1D;
69779 : 1D;
69780 : 3D;
69781 : 3D;
69782 : 3D;
69783 : 3D;
69784 : 3D;
69785 : 3D;
69786 : 3D;
69787 : 3D;
69788 : 3D;
69789 : 3D;
69790 : 1D;
69791 : 1D;
69792 : 1D;
69793 : 1D;
69794 : 1D;
69795 : 1D;
69796 : 1D;
69797 : 1D;
69798 : 1D;
69799 : 1D;
69800 : 3D;
69801 : 3D;
69802 : 3D;
69803 : 3D;
69804 : 3D;
69805 : 3D;
69806 : 3D;
69807 : 3D;
69808 : 3D;
69809 : 3D;
69810 : 1D;
69811 : 1D;
69812 : 1D;
69813 : 1D;
69814 : 1D;
69815 : 1D;
69816 : 1D;
69817 : 1D;
69818 : 1D;
69819 : 1D;
69820 : 3D;
69821 : 3D;
69822 : 3D;
69823 : 3D;
69824 : 3D;
69825 : 3D;
69826 : 3D;
69827 : 3D;
69828 : 3D;
69829 : 3D;
69830 : 1D;
69831 : 1D;
69832 : 1D;
69833 : 1D;
69834 : 1D;
69835 : 1D;
69836 : 1D;
69837 : 1D;
69838 : 1D;
69839 : 1D;
69840 : 1D;
69841 : 3D;
69842 : 3D;
69843 : 3D;
69844 : 3D;
69845 : 3D;
69846 : 3D;
69847 : 3D;
69848 : 3D;
69849 : 3D;
69850 : 3D;
69851 : 1D;
69852 : 1D;
69853 : 1D;
69854 : 1D;
69855 : 1D;
69856 : 1D;
69857 : 1D;
69858 : 1D;
69859 : 1D;
69860 : 1D;
69861 : 3D;
69862 : 3D;
69863 : 3D;
69864 : 3D;
69865 : 3D;
69866 : 3D;
69867 : 3D;
69868 : 3D;
69869 : 3D;
69870 : 3D;
69871 : 1D;
69872 : 1D;
69873 : 1D;
69874 : 1D;
69875 : 1D;
69876 : 1D;
69877 : 1D;
69878 : 1D;
69879 : 1D;
69880 : 1D;
69881 : 3D;
69882 : 3D;
69883 : 3D;
69884 : 3D;
69885 : 3D;
69886 : 3D;
69887 : 3D;
69888 : 3D;
69889 : 3D;
69890 : 3D;
69891 : 1D;
69892 : 1D;
69893 : 1D;
69894 : 1D;
69895 : 1D;
69896 : 1D;
69897 : 1D;
69898 : 1D;
69899 : 1D;
69900 : 1D;
69901 : 3D;
69902 : 3D;
69903 : 3D;
69904 : 3D;
69905 : 3D;
69906 : 3D;
69907 : 3D;
69908 : 3D;
69909 : 3D;
69910 : 3D;
69911 : 1D;
69912 : 1D;
69913 : 1D;
69914 : 1D;
69915 : 1D;
69916 : 1D;
69917 : 1D;
69918 : 1D;
69919 : 1D;
69920 : 1D;
69921 : 3D;
69922 : 3D;
69923 : 3D;
69924 : 3D;
69925 : 3D;
69926 : 3D;
69927 : 3D;
69928 : 3D;
69929 : 3D;
69930 : 3D;
69931 : 1D;
69932 : 1D;
69933 : 1D;
69934 : 1D;
69935 : 1D;
69936 : 1D;
69937 : 1D;
69938 : 1D;
69939 : 1D;
69940 : 1D;
69941 : 3D;
69942 : 3D;
69943 : 3D;
69944 : 3D;
69945 : 3D;
69946 : 3D;
69947 : 3D;
69948 : 3D;
69949 : 3D;
69950 : 3D;
69951 : 3D;
69952 : 1D;
69953 : 1D;
69954 : 1D;
69955 : 1D;
69956 : 1D;
69957 : 1D;
69958 : 1D;
69959 : 1D;
69960 : 1D;
69961 : 1D;
69962 : 3D;
69963 : 3D;
69964 : 3D;
69965 : 3D;
69966 : 3D;
69967 : 3D;
69968 : 3D;
69969 : 3D;
69970 : 3D;
69971 : 3D;
69972 : 1D;
69973 : 1D;
69974 : 1D;
69975 : 1D;
69976 : 1D;
69977 : 1D;
69978 : 1D;
69979 : 1D;
69980 : 1D;
69981 : 1D;
69982 : 3D;
69983 : 3D;
69984 : 3D;
69985 : 3D;
69986 : 3D;
69987 : 3D;
69988 : 3D;
69989 : 3D;
69990 : 3D;
69991 : 3D;
69992 : 1D;
69993 : 1D;
69994 : 1D;
69995 : 1D;
69996 : 1D;
69997 : 1D;
69998 : 1D;
69999 : 1D;
70000 : 1D;
70001 : 1D;
70002 : 3D;
70003 : 3D;
70004 : 3D;
70005 : 3D;
70006 : 3D;
70007 : 3D;
70008 : 3D;
70009 : 3D;
70010 : 3D;
70011 : 3D;
70012 : 1D;
70013 : 1D;
70014 : 1D;
70015 : 1D;
70016 : 1D;
70017 : 1D;
70018 : 1D;
70019 : 1D;
70020 : 1D;
70021 : 1D;
70022 : 3D;
70023 : 3D;
70024 : 3D;
70025 : 3D;
70026 : 3D;
70027 : 3D;
70028 : 3D;
70029 : 3D;
70030 : 3D;
70031 : 3D;
70032 : 1D;
70033 : 1D;
70034 : 1D;
70035 : 1D;
70036 : 1D;
70037 : 1D;
70038 : 1D;
70039 : 1D;
70040 : 1D;
70041 : 1D;
70042 : 3D;
70043 : 3D;
70044 : 3D;
70045 : 3D;
70046 : 3D;
70047 : 3D;
70048 : 3D;
70049 : 3D;
70050 : 3D;
70051 : 3D;
70052 : 1D;
70053 : 1D;
70054 : 1D;
70055 : 1D;
70056 : 1D;
70057 : 1D;
70058 : 1D;
70059 : 1D;
70060 : 1D;
70061 : 1D;
70062 : 1D;
70063 : 3D;
70064 : 3D;
70065 : 3D;
70066 : 3D;
70067 : 3D;
70068 : 3D;
70069 : 3D;
70070 : 3D;
70071 : 3D;
70072 : 3D;
70073 : 10;
70074 : 10;
70075 : 10;
70076 : 10;
70077 : 10;
70078 : 10;
70079 : 10;
70080 : 14;
70081 : 14;
70082 : 14;
70083 : 14;
70084 : 14;
70085 : 14;
70086 : 14;
70087 : 14;
70088 : 14;
70089 : 14;
70090 : 1D;
70091 : 1D;
70092 : 1D;
70093 : 1D;
70094 : 1D;
70095 : 1D;
70096 : 1D;
70097 : 1D;
70098 : 1D;
70099 : 1D;
70100 : 3D;
70101 : 3D;
70102 : 3D;
70103 : 3D;
70104 : 3D;
70105 : 3D;
70106 : 3D;
70107 : 3D;
70108 : 3D;
70109 : 3D;
70110 : 1D;
70111 : 1D;
70112 : 1D;
70113 : 1D;
70114 : 1D;
70115 : 1D;
70116 : 1D;
70117 : 1D;
70118 : 1D;
70119 : 1D;
70120 : 3D;
70121 : 3D;
70122 : 3D;
70123 : 3D;
70124 : 3D;
70125 : 3D;
70126 : 3D;
70127 : 3D;
70128 : 3D;
70129 : 3D;
70130 : 1D;
70131 : 1D;
70132 : 1D;
70133 : 1D;
70134 : 1D;
70135 : 1D;
70136 : 1D;
70137 : 1D;
70138 : 1D;
70139 : 1D;
70140 : 3D;
70141 : 3D;
70142 : 3D;
70143 : 3D;
70144 : 3D;
70145 : 3D;
70146 : 3D;
70147 : 3D;
70148 : 3D;
70149 : 3D;
70150 : 1D;
70151 : 1D;
70152 : 1D;
70153 : 1D;
70154 : 1D;
70155 : 1D;
70156 : 1D;
70157 : 1D;
70158 : 1D;
70159 : 1D;
70160 : 1D;
70161 : 3D;
70162 : 3D;
70163 : 3D;
70164 : 3D;
70165 : 3D;
70166 : 3D;
70167 : 3D;
70168 : 3D;
70169 : 3D;
70170 : 3D;
70171 : 1D;
70172 : 1D;
70173 : 1D;
70174 : 1D;
70175 : 1D;
70176 : 1D;
70177 : 1D;
70178 : 1D;
70179 : 1D;
70180 : 1D;
70181 : 3D;
70182 : 3D;
70183 : 3D;
70184 : 3D;
70185 : 3D;
70186 : 3D;
70187 : 3D;
70188 : 3D;
70189 : 3D;
70190 : 3D;
70191 : 1D;
70192 : 1D;
70193 : 1D;
70194 : 1D;
70195 : 1D;
70196 : 1D;
70197 : 1D;
70198 : 1D;
70199 : 1D;
70200 : 1D;
70201 : 3D;
70202 : 3D;
70203 : 3D;
70204 : 3D;
70205 : 3D;
70206 : 3D;
70207 : 3D;
70208 : 3D;
70209 : 3D;
70210 : 3D;
70211 : 1D;
70212 : 1D;
70213 : 1D;
70214 : 1D;
70215 : 1D;
70216 : 1D;
70217 : 1D;
70218 : 1D;
70219 : 1D;
70220 : 1D;
70221 : 3D;
70222 : 3D;
70223 : 3D;
70224 : 3D;
70225 : 3D;
70226 : 3D;
70227 : 3D;
70228 : 3D;
70229 : 3D;
70230 : 3D;
70231 : 1D;
70232 : 1D;
70233 : 1D;
70234 : 1D;
70235 : 1D;
70236 : 1D;
70237 : 1D;
70238 : 1D;
70239 : 1D;
70240 : 1D;
70241 : 3D;
70242 : 3D;
70243 : 3D;
70244 : 3D;
70245 : 3D;
70246 : 3D;
70247 : 3D;
70248 : 3D;
70249 : 3D;
70250 : 3D;
70251 : 1D;
70252 : 1D;
70253 : 1D;
70254 : 1D;
70255 : 1D;
70256 : 1D;
70257 : 1D;
70258 : 1D;
70259 : 1D;
70260 : 1D;
70261 : 3D;
70262 : 3D;
70263 : 3D;
70264 : 3D;
70265 : 3D;
70266 : 3D;
70267 : 3D;
70268 : 3D;
70269 : 3D;
70270 : 3D;
70271 : 3D;
70272 : 1D;
70273 : 1D;
70274 : 1D;
70275 : 1D;
70276 : 1D;
70277 : 1D;
70278 : 1D;
70279 : 1D;
70280 : 1D;
70281 : 1D;
70282 : 3D;
70283 : 3D;
70284 : 3D;
70285 : 3D;
70286 : 3D;
70287 : 3D;
70288 : 3D;
70289 : 3D;
70290 : 3D;
70291 : 3D;
70292 : 1D;
70293 : 1D;
70294 : 1D;
70295 : 1D;
70296 : 1D;
70297 : 1D;
70298 : 1D;
70299 : 1D;
70300 : 1D;
70301 : 1D;
70302 : 3D;
70303 : 3D;
70304 : 3D;
70305 : 3D;
70306 : 3D;
70307 : 3D;
70308 : 3D;
70309 : 3D;
70310 : 3D;
70311 : 3D;
70312 : 1D;
70313 : 1D;
70314 : 1D;
70315 : 1D;
70316 : 1D;
70317 : 1D;
70318 : 1D;
70319 : 1D;
70320 : 1D;
70321 : 1D;
70322 : 3D;
70323 : 3D;
70324 : 3D;
70325 : 3D;
70326 : 3D;
70327 : 3D;
70328 : 3D;
70329 : 3D;
70330 : 3D;
70331 : 3D;
70332 : 1D;
70333 : 1D;
70334 : 1D;
70335 : 1D;
70336 : 1D;
70337 : 1D;
70338 : 1D;
70339 : 1D;
70340 : 1D;
70341 : 1D;
70342 : 3D;
70343 : 3D;
70344 : 3D;
70345 : 3D;
70346 : 3D;
70347 : 3D;
70348 : 3D;
70349 : 3D;
70350 : 3D;
70351 : 3D;
70352 : 1D;
70353 : 1D;
70354 : 1D;
70355 : 1D;
70356 : 1D;
70357 : 1D;
70358 : 1D;
70359 : 1D;
70360 : 1D;
70361 : 1D;
70362 : 3D;
70363 : 3D;
70364 : 3D;
70365 : 3D;
70366 : 3D;
70367 : 3D;
70368 : 3D;
70369 : 3D;
70370 : 3D;
70371 : 3D;
70372 : 1D;
70373 : 1D;
70374 : 1D;
70375 : 1D;
70376 : 1D;
70377 : 1D;
70378 : 1D;
70379 : 1D;
70380 : 1D;
70381 : 1D;
70382 : 1D;
70383 : 3D;
70384 : 3D;
70385 : 3D;
70386 : 3D;
70387 : 3D;
70388 : 3D;
70389 : 3D;
70390 : 3D;
70391 : 3D;
70392 : 3D;
70393 : 10;
70394 : 10;
70395 : 10;
70396 : 10;
70397 : 10;
70398 : 10;
70399 : 10;
70400 : 14;
70401 : 14;
70402 : 14;
70403 : 14;
70404 : 14;
70405 : 14;
70406 : 14;
70407 : 14;
70408 : 14;
70409 : 14;
70410 : 1D;
70411 : 1D;
70412 : 1D;
70413 : 1D;
70414 : 1D;
70415 : 1D;
70416 : 1D;
70417 : 1D;
70418 : 1D;
70419 : 1D;
70420 : 3D;
70421 : 3D;
70422 : 3D;
70423 : 3D;
70424 : 3D;
70425 : 3D;
70426 : 3D;
70427 : 3D;
70428 : 3D;
70429 : 3D;
70430 : 1D;
70431 : 1D;
70432 : 1D;
70433 : 1D;
70434 : 1D;
70435 : 1D;
70436 : 1D;
70437 : 1D;
70438 : 1D;
70439 : 1D;
70440 : 3D;
70441 : 3D;
70442 : 3D;
70443 : 3D;
70444 : 3D;
70445 : 3D;
70446 : 3D;
70447 : 3D;
70448 : 3D;
70449 : 3D;
70450 : 1D;
70451 : 1D;
70452 : 1D;
70453 : 1D;
70454 : 1D;
70455 : 1D;
70456 : 1D;
70457 : 1D;
70458 : 1D;
70459 : 1D;
70460 : 3D;
70461 : 3D;
70462 : 3D;
70463 : 3D;
70464 : 3D;
70465 : 3D;
70466 : 3D;
70467 : 3D;
70468 : 3D;
70469 : 3D;
70470 : 1D;
70471 : 1D;
70472 : 1D;
70473 : 1D;
70474 : 1D;
70475 : 1D;
70476 : 1D;
70477 : 1D;
70478 : 1D;
70479 : 1D;
70480 : 1D;
70481 : 3D;
70482 : 3D;
70483 : 3D;
70484 : 3D;
70485 : 3D;
70486 : 3D;
70487 : 3D;
70488 : 3D;
70489 : 3D;
70490 : 3D;
70491 : 1D;
70492 : 1D;
70493 : 1D;
70494 : 1D;
70495 : 1D;
70496 : 1D;
70497 : 1D;
70498 : 1D;
70499 : 1D;
70500 : 1D;
70501 : 3D;
70502 : 3D;
70503 : 3D;
70504 : 3D;
70505 : 3D;
70506 : 3D;
70507 : 3D;
70508 : 3D;
70509 : 3D;
70510 : 3D;
70511 : 1D;
70512 : 1D;
70513 : 1D;
70514 : 1D;
70515 : 1D;
70516 : 1D;
70517 : 1D;
70518 : 1D;
70519 : 1D;
70520 : 1D;
70521 : 3D;
70522 : 3D;
70523 : 3D;
70524 : 3D;
70525 : 3D;
70526 : 3D;
70527 : 3D;
70528 : 3D;
70529 : 3D;
70530 : 3D;
70531 : 1D;
70532 : 1D;
70533 : 1D;
70534 : 1D;
70535 : 1D;
70536 : 1D;
70537 : 1D;
70538 : 1D;
70539 : 1D;
70540 : 1D;
70541 : 3D;
70542 : 3D;
70543 : 3D;
70544 : 3D;
70545 : 3D;
70546 : 3D;
70547 : 3D;
70548 : 3D;
70549 : 3D;
70550 : 3D;
70551 : 1D;
70552 : 1D;
70553 : 1D;
70554 : 1D;
70555 : 1D;
70556 : 1D;
70557 : 1D;
70558 : 1D;
70559 : 1D;
70560 : 1D;
70561 : 3D;
70562 : 3D;
70563 : 3D;
70564 : 3D;
70565 : 3D;
70566 : 3D;
70567 : 3D;
70568 : 3D;
70569 : 3D;
70570 : 3D;
70571 : 1D;
70572 : 1D;
70573 : 1D;
70574 : 1D;
70575 : 1D;
70576 : 1D;
70577 : 1D;
70578 : 1D;
70579 : 1D;
70580 : 1D;
70581 : 3D;
70582 : 3D;
70583 : 3D;
70584 : 3D;
70585 : 3D;
70586 : 3D;
70587 : 3D;
70588 : 3D;
70589 : 3D;
70590 : 3D;
70591 : 3D;
70592 : 1D;
70593 : 1D;
70594 : 1D;
70595 : 1D;
70596 : 1D;
70597 : 1D;
70598 : 1D;
70599 : 1D;
70600 : 1D;
70601 : 1D;
70602 : 3D;
70603 : 3D;
70604 : 3D;
70605 : 3D;
70606 : 3D;
70607 : 3D;
70608 : 3D;
70609 : 3D;
70610 : 3D;
70611 : 3D;
70612 : 1D;
70613 : 1D;
70614 : 1D;
70615 : 1D;
70616 : 1D;
70617 : 1D;
70618 : 1D;
70619 : 1D;
70620 : 1D;
70621 : 1D;
70622 : 3D;
70623 : 3D;
70624 : 3D;
70625 : 3D;
70626 : 3D;
70627 : 3D;
70628 : 3D;
70629 : 3D;
70630 : 3D;
70631 : 3D;
70632 : 1D;
70633 : 1D;
70634 : 1D;
70635 : 1D;
70636 : 1D;
70637 : 1D;
70638 : 1D;
70639 : 1D;
70640 : 1D;
70641 : 1D;
70642 : 3D;
70643 : 3D;
70644 : 3D;
70645 : 3D;
70646 : 3D;
70647 : 3D;
70648 : 3D;
70649 : 3D;
70650 : 3D;
70651 : 3D;
70652 : 1D;
70653 : 1D;
70654 : 1D;
70655 : 1D;
70656 : 1D;
70657 : 1D;
70658 : 1D;
70659 : 1D;
70660 : 1D;
70661 : 1D;
70662 : 3D;
70663 : 3D;
70664 : 3D;
70665 : 3D;
70666 : 3D;
70667 : 3D;
70668 : 3D;
70669 : 3D;
70670 : 3D;
70671 : 3D;
70672 : 1D;
70673 : 1D;
70674 : 1D;
70675 : 1D;
70676 : 1D;
70677 : 1D;
70678 : 1D;
70679 : 1D;
70680 : 1D;
70681 : 1D;
70682 : 3D;
70683 : 3D;
70684 : 3D;
70685 : 3D;
70686 : 3D;
70687 : 3D;
70688 : 3D;
70689 : 3D;
70690 : 3D;
70691 : 3D;
70692 : 1D;
70693 : 1D;
70694 : 1D;
70695 : 1D;
70696 : 1D;
70697 : 1D;
70698 : 1D;
70699 : 1D;
70700 : 1D;
70701 : 1D;
70702 : 1D;
70703 : 3D;
70704 : 3D;
70705 : 3D;
70706 : 3D;
70707 : 3D;
70708 : 3D;
70709 : 3D;
70710 : 3D;
70711 : 3D;
70712 : 3D;
70713 : 10;
70714 : 10;
70715 : 10;
70716 : 10;
70717 : 10;
70718 : 10;
70719 : 10;
70720 : 10;
70721 : 10;
70722 : 10;
70723 : 10;
70724 : 10;
70725 : 10;
70726 : 10;
70727 : 10;
70728 : 10;
70729 : 10;
70730 : 3D;
70731 : 3D;
70732 : 3D;
70733 : 3D;
70734 : 3D;
70735 : 3D;
70736 : 3D;
70737 : 3D;
70738 : 3D;
70739 : 3D;
70740 : 1D;
70741 : 1D;
70742 : 1D;
70743 : 1D;
70744 : 1D;
70745 : 1D;
70746 : 1D;
70747 : 1D;
70748 : 1D;
70749 : 1D;
70750 : 3D;
70751 : 3D;
70752 : 3D;
70753 : 3D;
70754 : 3D;
70755 : 3D;
70756 : 3D;
70757 : 3D;
70758 : 3D;
70759 : 3D;
70760 : 1D;
70761 : 1D;
70762 : 1D;
70763 : 1D;
70764 : 1D;
70765 : 1D;
70766 : 1D;
70767 : 1D;
70768 : 1D;
70769 : 1D;
70770 : 3D;
70771 : 3D;
70772 : 3D;
70773 : 3D;
70774 : 3D;
70775 : 3D;
70776 : 3D;
70777 : 3D;
70778 : 3D;
70779 : 3D;
70780 : 1D;
70781 : 1D;
70782 : 1D;
70783 : 1D;
70784 : 1D;
70785 : 1D;
70786 : 1D;
70787 : 1D;
70788 : 1D;
70789 : 1D;
70790 : 3D;
70791 : 3D;
70792 : 3D;
70793 : 3D;
70794 : 3D;
70795 : 3D;
70796 : 3D;
70797 : 3D;
70798 : 3D;
70799 : 3D;
70800 : 3D;
70801 : 1D;
70802 : 1D;
70803 : 1D;
70804 : 1D;
70805 : 1D;
70806 : 1D;
70807 : 1D;
70808 : 1D;
70809 : 1D;
70810 : 1D;
70811 : 3D;
70812 : 3D;
70813 : 3D;
70814 : 3D;
70815 : 3D;
70816 : 3D;
70817 : 3D;
70818 : 3D;
70819 : 3D;
70820 : 3D;
70821 : 1D;
70822 : 1D;
70823 : 1D;
70824 : 1D;
70825 : 1D;
70826 : 1D;
70827 : 1D;
70828 : 1D;
70829 : 1D;
70830 : 1D;
70831 : 3D;
70832 : 3D;
70833 : 3D;
70834 : 3D;
70835 : 3D;
70836 : 3D;
70837 : 3D;
70838 : 3D;
70839 : 3D;
70840 : 3D;
70841 : 1D;
70842 : 1D;
70843 : 1D;
70844 : 1D;
70845 : 1D;
70846 : 1D;
70847 : 1D;
70848 : 1D;
70849 : 1D;
70850 : 1D;
70851 : 3D;
70852 : 3D;
70853 : 3D;
70854 : 3D;
70855 : 3D;
70856 : 3D;
70857 : 3D;
70858 : 3D;
70859 : 3D;
70860 : 3D;
70861 : 1D;
70862 : 1D;
70863 : 1D;
70864 : 1D;
70865 : 1D;
70866 : 1D;
70867 : 1D;
70868 : 1D;
70869 : 1D;
70870 : 1D;
70871 : 3D;
70872 : 3D;
70873 : 3D;
70874 : 3D;
70875 : 3D;
70876 : 3D;
70877 : 3D;
70878 : 3D;
70879 : 3D;
70880 : 3D;
70881 : 1D;
70882 : 1D;
70883 : 1D;
70884 : 1D;
70885 : 1D;
70886 : 1D;
70887 : 1D;
70888 : 1D;
70889 : 1D;
70890 : 1D;
70891 : 3D;
70892 : 3D;
70893 : 3D;
70894 : 3D;
70895 : 3D;
70896 : 3D;
70897 : 3D;
70898 : 3D;
70899 : 3D;
70900 : 3D;
70901 : 1D;
70902 : 1D;
70903 : 1D;
70904 : 1D;
70905 : 1D;
70906 : 1D;
70907 : 1D;
70908 : 1D;
70909 : 1D;
70910 : 1D;
70911 : 1D;
70912 : 3D;
70913 : 3D;
70914 : 3D;
70915 : 3D;
70916 : 3D;
70917 : 3D;
70918 : 3D;
70919 : 3D;
70920 : 3D;
70921 : 3D;
70922 : 1D;
70923 : 1D;
70924 : 1D;
70925 : 1D;
70926 : 1D;
70927 : 1D;
70928 : 1D;
70929 : 1D;
70930 : 1D;
70931 : 1D;
70932 : 3D;
70933 : 3D;
70934 : 3D;
70935 : 3D;
70936 : 3D;
70937 : 3D;
70938 : 3D;
70939 : 3D;
70940 : 3D;
70941 : 3D;
70942 : 1D;
70943 : 1D;
70944 : 1D;
70945 : 1D;
70946 : 1D;
70947 : 1D;
70948 : 1D;
70949 : 1D;
70950 : 1D;
70951 : 1D;
70952 : 3D;
70953 : 3D;
70954 : 3D;
70955 : 3D;
70956 : 3D;
70957 : 3D;
70958 : 3D;
70959 : 3D;
70960 : 3D;
70961 : 3D;
70962 : 1D;
70963 : 1D;
70964 : 1D;
70965 : 1D;
70966 : 1D;
70967 : 1D;
70968 : 1D;
70969 : 1D;
70970 : 1D;
70971 : 1D;
70972 : 3D;
70973 : 3D;
70974 : 3D;
70975 : 3D;
70976 : 3D;
70977 : 3D;
70978 : 3D;
70979 : 3D;
70980 : 3D;
70981 : 3D;
70982 : 1D;
70983 : 1D;
70984 : 1D;
70985 : 1D;
70986 : 1D;
70987 : 1D;
70988 : 1D;
70989 : 1D;
70990 : 1D;
70991 : 1D;
70992 : 3D;
70993 : 3D;
70994 : 3D;
70995 : 3D;
70996 : 3D;
70997 : 3D;
70998 : 3D;
70999 : 3D;
71000 : 3D;
71001 : 3D;
71002 : 1D;
71003 : 1D;
71004 : 1D;
71005 : 1D;
71006 : 1D;
71007 : 1D;
71008 : 1D;
71009 : 1D;
71010 : 1D;
71011 : 1D;
71012 : 3D;
71013 : 3D;
71014 : 3D;
71015 : 3D;
71016 : 3D;
71017 : 3D;
71018 : 3D;
71019 : 3D;
71020 : 3D;
71021 : 3D;
71022 : 3D;
71023 : 1D;
71024 : 1D;
71025 : 1D;
71026 : 1D;
71027 : 1D;
71028 : 1D;
71029 : 1D;
71030 : 1D;
71031 : 1D;
71032 : 1D;
71033 : 14;
71034 : 14;
71035 : 14;
71036 : 14;
71037 : 14;
71038 : 14;
71039 : 14;
71040 : 10;
71041 : 10;
71042 : 10;
71043 : 10;
71044 : 10;
71045 : 10;
71046 : 10;
71047 : 10;
71048 : 10;
71049 : 10;
71050 : 3D;
71051 : 3D;
71052 : 3D;
71053 : 3D;
71054 : 3D;
71055 : 3D;
71056 : 3D;
71057 : 3D;
71058 : 3D;
71059 : 3D;
71060 : 1D;
71061 : 1D;
71062 : 1D;
71063 : 1D;
71064 : 1D;
71065 : 1D;
71066 : 1D;
71067 : 1D;
71068 : 1D;
71069 : 1D;
71070 : 3D;
71071 : 3D;
71072 : 3D;
71073 : 3D;
71074 : 3D;
71075 : 3D;
71076 : 3D;
71077 : 3D;
71078 : 3D;
71079 : 3D;
71080 : 1D;
71081 : 1D;
71082 : 1D;
71083 : 1D;
71084 : 1D;
71085 : 1D;
71086 : 1D;
71087 : 1D;
71088 : 1D;
71089 : 1D;
71090 : 3D;
71091 : 3D;
71092 : 3D;
71093 : 3D;
71094 : 3D;
71095 : 3D;
71096 : 3D;
71097 : 3D;
71098 : 3D;
71099 : 3D;
71100 : 1D;
71101 : 1D;
71102 : 1D;
71103 : 1D;
71104 : 1D;
71105 : 1D;
71106 : 1D;
71107 : 1D;
71108 : 1D;
71109 : 1D;
71110 : 3D;
71111 : 3D;
71112 : 3D;
71113 : 3D;
71114 : 3D;
71115 : 3D;
71116 : 3D;
71117 : 3D;
71118 : 3D;
71119 : 3D;
71120 : 3D;
71121 : 1D;
71122 : 1D;
71123 : 1D;
71124 : 1D;
71125 : 1D;
71126 : 1D;
71127 : 1D;
71128 : 1D;
71129 : 1D;
71130 : 1D;
71131 : 3D;
71132 : 3D;
71133 : 3D;
71134 : 3D;
71135 : 3D;
71136 : 3D;
71137 : 3D;
71138 : 3D;
71139 : 3D;
71140 : 3D;
71141 : 1D;
71142 : 1D;
71143 : 1D;
71144 : 1D;
71145 : 1D;
71146 : 1D;
71147 : 1D;
71148 : 1D;
71149 : 1D;
71150 : 1D;
71151 : 3D;
71152 : 3D;
71153 : 3D;
71154 : 3D;
71155 : 3D;
71156 : 3D;
71157 : 3D;
71158 : 3D;
71159 : 3D;
71160 : 3D;
71161 : 1D;
71162 : 1D;
71163 : 1D;
71164 : 1D;
71165 : 1D;
71166 : 1D;
71167 : 1D;
71168 : 1D;
71169 : 1D;
71170 : 1D;
71171 : 3D;
71172 : 3D;
71173 : 3D;
71174 : 3D;
71175 : 3D;
71176 : 3D;
71177 : 3D;
71178 : 3D;
71179 : 3D;
71180 : 3D;
71181 : 1D;
71182 : 1D;
71183 : 1D;
71184 : 1D;
71185 : 1D;
71186 : 1D;
71187 : 1D;
71188 : 1D;
71189 : 1D;
71190 : 1D;
71191 : 3D;
71192 : 3D;
71193 : 3D;
71194 : 3D;
71195 : 3D;
71196 : 3D;
71197 : 3D;
71198 : 3D;
71199 : 3D;
71200 : 3D;
71201 : 1D;
71202 : 1D;
71203 : 1D;
71204 : 1D;
71205 : 1D;
71206 : 1D;
71207 : 1D;
71208 : 1D;
71209 : 1D;
71210 : 1D;
71211 : 3D;
71212 : 3D;
71213 : 3D;
71214 : 3D;
71215 : 3D;
71216 : 3D;
71217 : 3D;
71218 : 3D;
71219 : 3D;
71220 : 3D;
71221 : 1D;
71222 : 1D;
71223 : 1D;
71224 : 1D;
71225 : 1D;
71226 : 1D;
71227 : 1D;
71228 : 1D;
71229 : 1D;
71230 : 1D;
71231 : 1D;
71232 : 3D;
71233 : 3D;
71234 : 3D;
71235 : 3D;
71236 : 3D;
71237 : 3D;
71238 : 3D;
71239 : 3D;
71240 : 3D;
71241 : 3D;
71242 : 1D;
71243 : 1D;
71244 : 1D;
71245 : 1D;
71246 : 1D;
71247 : 1D;
71248 : 1D;
71249 : 1D;
71250 : 1D;
71251 : 1D;
71252 : 3D;
71253 : 3D;
71254 : 3D;
71255 : 3D;
71256 : 3D;
71257 : 3D;
71258 : 3D;
71259 : 3D;
71260 : 3D;
71261 : 3D;
71262 : 1D;
71263 : 1D;
71264 : 1D;
71265 : 1D;
71266 : 1D;
71267 : 1D;
71268 : 1D;
71269 : 1D;
71270 : 1D;
71271 : 1D;
71272 : 3D;
71273 : 3D;
71274 : 3D;
71275 : 3D;
71276 : 3D;
71277 : 3D;
71278 : 3D;
71279 : 3D;
71280 : 3D;
71281 : 3D;
71282 : 1D;
71283 : 1D;
71284 : 1D;
71285 : 1D;
71286 : 1D;
71287 : 1D;
71288 : 1D;
71289 : 1D;
71290 : 1D;
71291 : 1D;
71292 : 3D;
71293 : 3D;
71294 : 3D;
71295 : 3D;
71296 : 3D;
71297 : 3D;
71298 : 3D;
71299 : 3D;
71300 : 3D;
71301 : 3D;
71302 : 1D;
71303 : 1D;
71304 : 1D;
71305 : 1D;
71306 : 1D;
71307 : 1D;
71308 : 1D;
71309 : 1D;
71310 : 1D;
71311 : 1D;
71312 : 3D;
71313 : 3D;
71314 : 3D;
71315 : 3D;
71316 : 3D;
71317 : 3D;
71318 : 3D;
71319 : 3D;
71320 : 3D;
71321 : 3D;
71322 : 1D;
71323 : 1D;
71324 : 1D;
71325 : 1D;
71326 : 1D;
71327 : 1D;
71328 : 1D;
71329 : 1D;
71330 : 1D;
71331 : 1D;
71332 : 3D;
71333 : 3D;
71334 : 3D;
71335 : 3D;
71336 : 3D;
71337 : 3D;
71338 : 3D;
71339 : 3D;
71340 : 3D;
71341 : 3D;
71342 : 3D;
71343 : 1D;
71344 : 1D;
71345 : 1D;
71346 : 1D;
71347 : 1D;
71348 : 1D;
71349 : 1D;
71350 : 1D;
71351 : 1D;
71352 : 1D;
71353 : 14;
71354 : 14;
71355 : 14;
71356 : 14;
71357 : 14;
71358 : 14;
71359 : 14;
71360 : 10;
71361 : 10;
71362 : 10;
71363 : 10;
71364 : 10;
71365 : 10;
71366 : 10;
71367 : 10;
71368 : 10;
71369 : 10;
71370 : 3D;
71371 : 3D;
71372 : 3D;
71373 : 3D;
71374 : 3D;
71375 : 3D;
71376 : 3D;
71377 : 3D;
71378 : 3D;
71379 : 3D;
71380 : 1D;
71381 : 1D;
71382 : 1D;
71383 : 1D;
71384 : 1D;
71385 : 1D;
71386 : 1D;
71387 : 1D;
71388 : 1D;
71389 : 1D;
71390 : 3D;
71391 : 3D;
71392 : 3D;
71393 : 3D;
71394 : 3D;
71395 : 3D;
71396 : 3D;
71397 : 3D;
71398 : 3D;
71399 : 3D;
71400 : 1D;
71401 : 1D;
71402 : 1D;
71403 : 1D;
71404 : 1D;
71405 : 1D;
71406 : 1D;
71407 : 1D;
71408 : 1D;
71409 : 1D;
71410 : 3D;
71411 : 3D;
71412 : 3D;
71413 : 3D;
71414 : 3D;
71415 : 3D;
71416 : 3D;
71417 : 3D;
71418 : 3D;
71419 : 3D;
71420 : 1D;
71421 : 1D;
71422 : 1D;
71423 : 1D;
71424 : 1D;
71425 : 1D;
71426 : 1D;
71427 : 1D;
71428 : 1D;
71429 : 1D;
71430 : 3D;
71431 : 3D;
71432 : 3D;
71433 : 3D;
71434 : 3D;
71435 : 3D;
71436 : 3D;
71437 : 3D;
71438 : 3D;
71439 : 3D;
71440 : 3D;
71441 : 1D;
71442 : 1D;
71443 : 1D;
71444 : 1D;
71445 : 1D;
71446 : 1D;
71447 : 1D;
71448 : 1D;
71449 : 1D;
71450 : 1D;
71451 : 3D;
71452 : 3D;
71453 : 3D;
71454 : 3D;
71455 : 3D;
71456 : 3D;
71457 : 3D;
71458 : 3D;
71459 : 3D;
71460 : 3D;
71461 : 1D;
71462 : 1D;
71463 : 1D;
71464 : 1D;
71465 : 1D;
71466 : 1D;
71467 : 1D;
71468 : 1D;
71469 : 1D;
71470 : 1D;
71471 : 3D;
71472 : 3D;
71473 : 3D;
71474 : 3D;
71475 : 3D;
71476 : 3D;
71477 : 3D;
71478 : 3D;
71479 : 3D;
71480 : 3D;
71481 : 1D;
71482 : 1D;
71483 : 1D;
71484 : 1D;
71485 : 1D;
71486 : 1D;
71487 : 1D;
71488 : 1D;
71489 : 1D;
71490 : 1D;
71491 : 3D;
71492 : 3D;
71493 : 3D;
71494 : 3D;
71495 : 3D;
71496 : 3D;
71497 : 3D;
71498 : 3D;
71499 : 3D;
71500 : 3D;
71501 : 1D;
71502 : 1D;
71503 : 1D;
71504 : 1D;
71505 : 1D;
71506 : 1D;
71507 : 1D;
71508 : 1D;
71509 : 1D;
71510 : 1D;
71511 : 3D;
71512 : 3D;
71513 : 3D;
71514 : 3D;
71515 : 3D;
71516 : 3D;
71517 : 3D;
71518 : 3D;
71519 : 3D;
71520 : 3D;
71521 : 1D;
71522 : 1D;
71523 : 1D;
71524 : 1D;
71525 : 1D;
71526 : 1D;
71527 : 1D;
71528 : 1D;
71529 : 1D;
71530 : 1D;
71531 : 3D;
71532 : 3D;
71533 : 3D;
71534 : 3D;
71535 : 3D;
71536 : 3D;
71537 : 3D;
71538 : 3D;
71539 : 3D;
71540 : 3D;
71541 : 1D;
71542 : 1D;
71543 : 1D;
71544 : 1D;
71545 : 1D;
71546 : 1D;
71547 : 1D;
71548 : 1D;
71549 : 1D;
71550 : 1D;
71551 : 1D;
71552 : 3D;
71553 : 3D;
71554 : 3D;
71555 : 3D;
71556 : 3D;
71557 : 3D;
71558 : 3D;
71559 : 3D;
71560 : 3D;
71561 : 3D;
71562 : 1D;
71563 : 1D;
71564 : 1D;
71565 : 1D;
71566 : 1D;
71567 : 1D;
71568 : 1D;
71569 : 1D;
71570 : 1D;
71571 : 1D;
71572 : 3D;
71573 : 3D;
71574 : 3D;
71575 : 3D;
71576 : 3D;
71577 : 3D;
71578 : 3D;
71579 : 3D;
71580 : 3D;
71581 : 3D;
71582 : 1D;
71583 : 1D;
71584 : 1D;
71585 : 1D;
71586 : 1D;
71587 : 1D;
71588 : 1D;
71589 : 1D;
71590 : 1D;
71591 : 1D;
71592 : 3D;
71593 : 3D;
71594 : 3D;
71595 : 3D;
71596 : 3D;
71597 : 3D;
71598 : 3D;
71599 : 3D;
71600 : 3D;
71601 : 3D;
71602 : 1D;
71603 : 1D;
71604 : 1D;
71605 : 1D;
71606 : 1D;
71607 : 1D;
71608 : 1D;
71609 : 1D;
71610 : 1D;
71611 : 1D;
71612 : 3D;
71613 : 3D;
71614 : 3D;
71615 : 3D;
71616 : 3D;
71617 : 3D;
71618 : 3D;
71619 : 3D;
71620 : 3D;
71621 : 3D;
71622 : 1D;
71623 : 1D;
71624 : 1D;
71625 : 1D;
71626 : 1D;
71627 : 1D;
71628 : 1D;
71629 : 1D;
71630 : 1D;
71631 : 1D;
71632 : 3D;
71633 : 3D;
71634 : 3D;
71635 : 3D;
71636 : 3D;
71637 : 3D;
71638 : 3D;
71639 : 3D;
71640 : 3D;
71641 : 3D;
71642 : 1D;
71643 : 1D;
71644 : 1D;
71645 : 1D;
71646 : 1D;
71647 : 1D;
71648 : 1D;
71649 : 1D;
71650 : 1D;
71651 : 1D;
71652 : 3D;
71653 : 3D;
71654 : 3D;
71655 : 3D;
71656 : 3D;
71657 : 3D;
71658 : 3D;
71659 : 3D;
71660 : 3D;
71661 : 3D;
71662 : 3D;
71663 : 1D;
71664 : 1D;
71665 : 1D;
71666 : 1D;
71667 : 1D;
71668 : 1D;
71669 : 1D;
71670 : 1D;
71671 : 1D;
71672 : 1D;
71673 : 14;
71674 : 14;
71675 : 14;
71676 : 14;
71677 : 14;
71678 : 14;
71679 : 14;
71680 : 10;
71681 : 10;
71682 : 10;
71683 : 10;
71684 : 10;
71685 : 10;
71686 : 10;
71687 : 10;
71688 : 10;
71689 : 10;
71690 : 3D;
71691 : 3D;
71692 : 3D;
71693 : 3D;
71694 : 3D;
71695 : 3D;
71696 : 3D;
71697 : 3D;
71698 : 3D;
71699 : 3D;
71700 : 1D;
71701 : 1D;
71702 : 1D;
71703 : 1D;
71704 : 1D;
71705 : 1D;
71706 : 1D;
71707 : 1D;
71708 : 1D;
71709 : 1D;
71710 : 3D;
71711 : 3D;
71712 : 3D;
71713 : 3D;
71714 : 3D;
71715 : 3D;
71716 : 3D;
71717 : 3D;
71718 : 3D;
71719 : 3D;
71720 : 1D;
71721 : 1D;
71722 : 1D;
71723 : 1D;
71724 : 1D;
71725 : 1D;
71726 : 1D;
71727 : 1D;
71728 : 1D;
71729 : 1D;
71730 : 3D;
71731 : 3D;
71732 : 3D;
71733 : 3D;
71734 : 3D;
71735 : 3D;
71736 : 3D;
71737 : 3D;
71738 : 3D;
71739 : 3D;
71740 : 1D;
71741 : 1D;
71742 : 1D;
71743 : 1D;
71744 : 1D;
71745 : 1D;
71746 : 1D;
71747 : 1D;
71748 : 1D;
71749 : 1D;
71750 : 3D;
71751 : 3D;
71752 : 3D;
71753 : 3D;
71754 : 3D;
71755 : 3D;
71756 : 3D;
71757 : 3D;
71758 : 3D;
71759 : 3D;
71760 : 3D;
71761 : 1D;
71762 : 1D;
71763 : 1D;
71764 : 1D;
71765 : 1D;
71766 : 1D;
71767 : 1D;
71768 : 1D;
71769 : 1D;
71770 : 1D;
71771 : 3D;
71772 : 3D;
71773 : 3D;
71774 : 3D;
71775 : 3D;
71776 : 3D;
71777 : 3D;
71778 : 3D;
71779 : 3D;
71780 : 3D;
71781 : 1D;
71782 : 1D;
71783 : 1D;
71784 : 1D;
71785 : 1D;
71786 : 1D;
71787 : 1D;
71788 : 1D;
71789 : 1D;
71790 : 1D;
71791 : 3D;
71792 : 3D;
71793 : 3D;
71794 : 3D;
71795 : 3D;
71796 : 3D;
71797 : 3D;
71798 : 3D;
71799 : 3D;
71800 : 3D;
71801 : 1D;
71802 : 1D;
71803 : 1D;
71804 : 1D;
71805 : 1D;
71806 : 1D;
71807 : 1D;
71808 : 1D;
71809 : 1D;
71810 : 1D;
71811 : 3D;
71812 : 3D;
71813 : 3D;
71814 : 3D;
71815 : 3D;
71816 : 3D;
71817 : 3D;
71818 : 3D;
71819 : 3D;
71820 : 3D;
71821 : 1D;
71822 : 1D;
71823 : 1D;
71824 : 1D;
71825 : 1D;
71826 : 1D;
71827 : 1D;
71828 : 1D;
71829 : 1D;
71830 : 1D;
71831 : 3D;
71832 : 3D;
71833 : 3D;
71834 : 3D;
71835 : 3D;
71836 : 3D;
71837 : 3D;
71838 : 3D;
71839 : 3D;
71840 : 3D;
71841 : 1D;
71842 : 1D;
71843 : 1D;
71844 : 1D;
71845 : 1D;
71846 : 1D;
71847 : 1D;
71848 : 1D;
71849 : 1D;
71850 : 1D;
71851 : 3D;
71852 : 3D;
71853 : 3D;
71854 : 3D;
71855 : 3D;
71856 : 3D;
71857 : 3D;
71858 : 3D;
71859 : 3D;
71860 : 3D;
71861 : 1D;
71862 : 1D;
71863 : 1D;
71864 : 1D;
71865 : 1D;
71866 : 1D;
71867 : 1D;
71868 : 1D;
71869 : 1D;
71870 : 1D;
71871 : 1D;
71872 : 3D;
71873 : 3D;
71874 : 3D;
71875 : 3D;
71876 : 3D;
71877 : 3D;
71878 : 3D;
71879 : 3D;
71880 : 3D;
71881 : 3D;
71882 : 1D;
71883 : 1D;
71884 : 1D;
71885 : 1D;
71886 : 1D;
71887 : 1D;
71888 : 1D;
71889 : 1D;
71890 : 1D;
71891 : 1D;
71892 : 3D;
71893 : 3D;
71894 : 3D;
71895 : 3D;
71896 : 3D;
71897 : 3D;
71898 : 3D;
71899 : 3D;
71900 : 3D;
71901 : 3D;
71902 : 1D;
71903 : 1D;
71904 : 1D;
71905 : 1D;
71906 : 1D;
71907 : 1D;
71908 : 1D;
71909 : 1D;
71910 : 1D;
71911 : 1D;
71912 : 3D;
71913 : 3D;
71914 : 3D;
71915 : 3D;
71916 : 3D;
71917 : 3D;
71918 : 3D;
71919 : 3D;
71920 : 3D;
71921 : 3D;
71922 : 1D;
71923 : 1D;
71924 : 1D;
71925 : 1D;
71926 : 1D;
71927 : 1D;
71928 : 1D;
71929 : 1D;
71930 : 1D;
71931 : 1D;
71932 : 3D;
71933 : 3D;
71934 : 3D;
71935 : 3D;
71936 : 3D;
71937 : 3D;
71938 : 3D;
71939 : 3D;
71940 : 3D;
71941 : 3D;
71942 : 1D;
71943 : 1D;
71944 : 1D;
71945 : 1D;
71946 : 1D;
71947 : 1D;
71948 : 1D;
71949 : 1D;
71950 : 1D;
71951 : 1D;
71952 : 3D;
71953 : 3D;
71954 : 3D;
71955 : 3D;
71956 : 3D;
71957 : 3D;
71958 : 3D;
71959 : 3D;
71960 : 3D;
71961 : 3D;
71962 : 1D;
71963 : 1D;
71964 : 1D;
71965 : 1D;
71966 : 1D;
71967 : 1D;
71968 : 1D;
71969 : 1D;
71970 : 1D;
71971 : 1D;
71972 : 3D;
71973 : 3D;
71974 : 3D;
71975 : 3D;
71976 : 3D;
71977 : 3D;
71978 : 3D;
71979 : 3D;
71980 : 3D;
71981 : 3D;
71982 : 3D;
71983 : 1D;
71984 : 1D;
71985 : 1D;
71986 : 1D;
71987 : 1D;
71988 : 1D;
71989 : 1D;
71990 : 1D;
71991 : 1D;
71992 : 1D;
71993 : 14;
71994 : 14;
71995 : 14;
71996 : 14;
71997 : 14;
71998 : 14;
71999 : 14;
72000 : 10;
72001 : 10;
72002 : 10;
72003 : 10;
72004 : 10;
72005 : 10;
72006 : 10;
72007 : 10;
72008 : 10;
72009 : 10;
72010 : 3D;
72011 : 3D;
72012 : 3D;
72013 : 3D;
72014 : 3D;
72015 : 3D;
72016 : 3D;
72017 : 3D;
72018 : 3D;
72019 : 3D;
72020 : 1D;
72021 : 1D;
72022 : 1D;
72023 : 1D;
72024 : 1D;
72025 : 1D;
72026 : 1D;
72027 : 1D;
72028 : 1D;
72029 : 1D;
72030 : 3D;
72031 : 3D;
72032 : 3D;
72033 : 3D;
72034 : 3D;
72035 : 3D;
72036 : 3D;
72037 : 3D;
72038 : 3D;
72039 : 3D;
72040 : 1D;
72041 : 1D;
72042 : 1D;
72043 : 1D;
72044 : 1D;
72045 : 1D;
72046 : 1D;
72047 : 1D;
72048 : 1D;
72049 : 1D;
72050 : 3D;
72051 : 3D;
72052 : 3D;
72053 : 3D;
72054 : 3D;
72055 : 3D;
72056 : 3D;
72057 : 3D;
72058 : 3D;
72059 : 3D;
72060 : 1D;
72061 : 1D;
72062 : 1D;
72063 : 1D;
72064 : 1D;
72065 : 1D;
72066 : 1D;
72067 : 1D;
72068 : 1D;
72069 : 1D;
72070 : 3D;
72071 : 3D;
72072 : 3D;
72073 : 3D;
72074 : 3D;
72075 : 3D;
72076 : 3D;
72077 : 3D;
72078 : 3D;
72079 : 3D;
72080 : 3D;
72081 : 1D;
72082 : 1D;
72083 : 1D;
72084 : 1D;
72085 : 1D;
72086 : 1D;
72087 : 1D;
72088 : 1D;
72089 : 1D;
72090 : 1D;
72091 : 3D;
72092 : 3D;
72093 : 3D;
72094 : 3D;
72095 : 3D;
72096 : 3D;
72097 : 3D;
72098 : 3D;
72099 : 3D;
72100 : 3D;
72101 : 1D;
72102 : 1D;
72103 : 1D;
72104 : 1D;
72105 : 1D;
72106 : 1D;
72107 : 1D;
72108 : 1D;
72109 : 1D;
72110 : 1D;
72111 : 3D;
72112 : 3D;
72113 : 3D;
72114 : 3D;
72115 : 3D;
72116 : 3D;
72117 : 3D;
72118 : 3D;
72119 : 3D;
72120 : 3D;
72121 : 1D;
72122 : 1D;
72123 : 1D;
72124 : 1D;
72125 : 1D;
72126 : 1D;
72127 : 1D;
72128 : 1D;
72129 : 1D;
72130 : 1D;
72131 : 3D;
72132 : 3D;
72133 : 3D;
72134 : 3D;
72135 : 3D;
72136 : 3D;
72137 : 3D;
72138 : 3D;
72139 : 3D;
72140 : 3D;
72141 : 1D;
72142 : 1D;
72143 : 1D;
72144 : 1D;
72145 : 1D;
72146 : 1D;
72147 : 1D;
72148 : 1D;
72149 : 1D;
72150 : 1D;
72151 : 3D;
72152 : 3D;
72153 : 3D;
72154 : 3D;
72155 : 3D;
72156 : 3D;
72157 : 3D;
72158 : 3D;
72159 : 3D;
72160 : 3D;
72161 : 1D;
72162 : 1D;
72163 : 1D;
72164 : 1D;
72165 : 1D;
72166 : 1D;
72167 : 1D;
72168 : 1D;
72169 : 1D;
72170 : 1D;
72171 : 3D;
72172 : 3D;
72173 : 3D;
72174 : 3D;
72175 : 3D;
72176 : 3D;
72177 : 3D;
72178 : 3D;
72179 : 3D;
72180 : 3D;
72181 : 1D;
72182 : 1D;
72183 : 1D;
72184 : 1D;
72185 : 1D;
72186 : 1D;
72187 : 1D;
72188 : 1D;
72189 : 1D;
72190 : 1D;
72191 : 1D;
72192 : 3D;
72193 : 3D;
72194 : 3D;
72195 : 3D;
72196 : 3D;
72197 : 3D;
72198 : 3D;
72199 : 3D;
72200 : 3D;
72201 : 3D;
72202 : 1D;
72203 : 1D;
72204 : 1D;
72205 : 1D;
72206 : 1D;
72207 : 1D;
72208 : 1D;
72209 : 1D;
72210 : 1D;
72211 : 1D;
72212 : 3D;
72213 : 3D;
72214 : 3D;
72215 : 3D;
72216 : 3D;
72217 : 3D;
72218 : 3D;
72219 : 3D;
72220 : 3D;
72221 : 3D;
72222 : 1D;
72223 : 1D;
72224 : 1D;
72225 : 1D;
72226 : 1D;
72227 : 1D;
72228 : 1D;
72229 : 1D;
72230 : 1D;
72231 : 1D;
72232 : 3D;
72233 : 3D;
72234 : 3D;
72235 : 3D;
72236 : 3D;
72237 : 3D;
72238 : 3D;
72239 : 3D;
72240 : 3D;
72241 : 3D;
72242 : 1D;
72243 : 1D;
72244 : 1D;
72245 : 1D;
72246 : 1D;
72247 : 1D;
72248 : 1D;
72249 : 1D;
72250 : 1D;
72251 : 1D;
72252 : 3D;
72253 : 3D;
72254 : 3D;
72255 : 3D;
72256 : 3D;
72257 : 3D;
72258 : 3D;
72259 : 3D;
72260 : 3D;
72261 : 3D;
72262 : 1D;
72263 : 1D;
72264 : 1D;
72265 : 1D;
72266 : 1D;
72267 : 1D;
72268 : 1D;
72269 : 1D;
72270 : 1D;
72271 : 1D;
72272 : 3D;
72273 : 3D;
72274 : 3D;
72275 : 3D;
72276 : 3D;
72277 : 3D;
72278 : 3D;
72279 : 3D;
72280 : 3D;
72281 : 3D;
72282 : 1D;
72283 : 1D;
72284 : 1D;
72285 : 1D;
72286 : 1D;
72287 : 1D;
72288 : 1D;
72289 : 1D;
72290 : 1D;
72291 : 1D;
72292 : 3D;
72293 : 3D;
72294 : 3D;
72295 : 3D;
72296 : 3D;
72297 : 3D;
72298 : 3D;
72299 : 3D;
72300 : 3D;
72301 : 3D;
72302 : 3D;
72303 : 1D;
72304 : 1D;
72305 : 1D;
72306 : 1D;
72307 : 1D;
72308 : 1D;
72309 : 1D;
72310 : 1D;
72311 : 1D;
72312 : 1D;
72313 : 14;
72314 : 14;
72315 : 14;
72316 : 14;
72317 : 14;
72318 : 14;
72319 : 14;
72320 : 10;
72321 : 10;
72322 : 10;
72323 : 10;
72324 : 10;
72325 : 10;
72326 : 10;
72327 : 10;
72328 : 10;
72329 : 10;
72330 : 3D;
72331 : 3D;
72332 : 3D;
72333 : 3D;
72334 : 3D;
72335 : 3D;
72336 : 3D;
72337 : 3D;
72338 : 3D;
72339 : 3D;
72340 : 1D;
72341 : 1D;
72342 : 1D;
72343 : 1D;
72344 : 1D;
72345 : 1D;
72346 : 1D;
72347 : 1D;
72348 : 1D;
72349 : 1D;
72350 : 3D;
72351 : 3D;
72352 : 3D;
72353 : 3D;
72354 : 3D;
72355 : 3D;
72356 : 3D;
72357 : 3D;
72358 : 3D;
72359 : 3D;
72360 : 1D;
72361 : 1D;
72362 : 1D;
72363 : 1D;
72364 : 1D;
72365 : 1D;
72366 : 1D;
72367 : 1D;
72368 : 1D;
72369 : 1D;
72370 : 3D;
72371 : 3D;
72372 : 3D;
72373 : 3D;
72374 : 3D;
72375 : 3D;
72376 : 3D;
72377 : 3D;
72378 : 3D;
72379 : 3D;
72380 : 1D;
72381 : 1D;
72382 : 1D;
72383 : 1D;
72384 : 1D;
72385 : 1D;
72386 : 1D;
72387 : 1D;
72388 : 1D;
72389 : 1D;
72390 : 3D;
72391 : 3D;
72392 : 3D;
72393 : 3D;
72394 : 3D;
72395 : 3D;
72396 : 3D;
72397 : 3D;
72398 : 3D;
72399 : 3D;
72400 : 3D;
72401 : 1D;
72402 : 1D;
72403 : 1D;
72404 : 1D;
72405 : 1D;
72406 : 1D;
72407 : 1D;
72408 : 1D;
72409 : 1D;
72410 : 1D;
72411 : 3D;
72412 : 3D;
72413 : 3D;
72414 : 3D;
72415 : 3D;
72416 : 3D;
72417 : 3D;
72418 : 3D;
72419 : 3D;
72420 : 3D;
72421 : 1D;
72422 : 1D;
72423 : 1D;
72424 : 1D;
72425 : 1D;
72426 : 1D;
72427 : 1D;
72428 : 1D;
72429 : 1D;
72430 : 1D;
72431 : 3D;
72432 : 3D;
72433 : 3D;
72434 : 3D;
72435 : 3D;
72436 : 3D;
72437 : 3D;
72438 : 3D;
72439 : 3D;
72440 : 3D;
72441 : 1D;
72442 : 1D;
72443 : 1D;
72444 : 1D;
72445 : 1D;
72446 : 1D;
72447 : 1D;
72448 : 1D;
72449 : 1D;
72450 : 1D;
72451 : 3D;
72452 : 3D;
72453 : 3D;
72454 : 3D;
72455 : 3D;
72456 : 3D;
72457 : 3D;
72458 : 3D;
72459 : 3D;
72460 : 3D;
72461 : 1D;
72462 : 1D;
72463 : 1D;
72464 : 1D;
72465 : 1D;
72466 : 1D;
72467 : 1D;
72468 : 1D;
72469 : 1D;
72470 : 1D;
72471 : 3D;
72472 : 3D;
72473 : 3D;
72474 : 3D;
72475 : 3D;
72476 : 3D;
72477 : 3D;
72478 : 3D;
72479 : 3D;
72480 : 3D;
72481 : 1D;
72482 : 1D;
72483 : 1D;
72484 : 1D;
72485 : 1D;
72486 : 1D;
72487 : 1D;
72488 : 1D;
72489 : 1D;
72490 : 1D;
72491 : 3D;
72492 : 3D;
72493 : 3D;
72494 : 3D;
72495 : 3D;
72496 : 3D;
72497 : 3D;
72498 : 3D;
72499 : 3D;
72500 : 3D;
72501 : 1D;
72502 : 1D;
72503 : 1D;
72504 : 1D;
72505 : 1D;
72506 : 1D;
72507 : 1D;
72508 : 1D;
72509 : 1D;
72510 : 1D;
72511 : 1D;
72512 : 3D;
72513 : 3D;
72514 : 3D;
72515 : 3D;
72516 : 3D;
72517 : 3D;
72518 : 3D;
72519 : 3D;
72520 : 3D;
72521 : 3D;
72522 : 1D;
72523 : 1D;
72524 : 1D;
72525 : 1D;
72526 : 1D;
72527 : 1D;
72528 : 1D;
72529 : 1D;
72530 : 1D;
72531 : 1D;
72532 : 3D;
72533 : 3D;
72534 : 3D;
72535 : 3D;
72536 : 3D;
72537 : 3D;
72538 : 3D;
72539 : 3D;
72540 : 3D;
72541 : 3D;
72542 : 1D;
72543 : 1D;
72544 : 1D;
72545 : 1D;
72546 : 1D;
72547 : 1D;
72548 : 1D;
72549 : 1D;
72550 : 1D;
72551 : 1D;
72552 : 3D;
72553 : 3D;
72554 : 3D;
72555 : 3D;
72556 : 3D;
72557 : 3D;
72558 : 3D;
72559 : 3D;
72560 : 3D;
72561 : 3D;
72562 : 1D;
72563 : 1D;
72564 : 1D;
72565 : 1D;
72566 : 1D;
72567 : 1D;
72568 : 1D;
72569 : 1D;
72570 : 1D;
72571 : 1D;
72572 : 3D;
72573 : 3D;
72574 : 3D;
72575 : 3D;
72576 : 3D;
72577 : 3D;
72578 : 3D;
72579 : 3D;
72580 : 3D;
72581 : 3D;
72582 : 1D;
72583 : 1D;
72584 : 1D;
72585 : 1D;
72586 : 1D;
72587 : 1D;
72588 : 1D;
72589 : 1D;
72590 : 1D;
72591 : 1D;
72592 : 3D;
72593 : 3D;
72594 : 3D;
72595 : 3D;
72596 : 3D;
72597 : 3D;
72598 : 3D;
72599 : 3D;
72600 : 3D;
72601 : 3D;
72602 : 1D;
72603 : 1D;
72604 : 1D;
72605 : 1D;
72606 : 1D;
72607 : 1D;
72608 : 1D;
72609 : 1D;
72610 : 1D;
72611 : 1D;
72612 : 3D;
72613 : 3D;
72614 : 3D;
72615 : 3D;
72616 : 3D;
72617 : 3D;
72618 : 3D;
72619 : 3D;
72620 : 3D;
72621 : 3D;
72622 : 3D;
72623 : 1D;
72624 : 1D;
72625 : 1D;
72626 : 1D;
72627 : 1D;
72628 : 1D;
72629 : 1D;
72630 : 1D;
72631 : 1D;
72632 : 1D;
72633 : 14;
72634 : 14;
72635 : 14;
72636 : 14;
72637 : 14;
72638 : 14;
72639 : 14;
72640 : 10;
72641 : 10;
72642 : 10;
72643 : 10;
72644 : 10;
72645 : 10;
72646 : 10;
72647 : 10;
72648 : 10;
72649 : 10;
72650 : 3D;
72651 : 3D;
72652 : 3D;
72653 : 3D;
72654 : 3D;
72655 : 3D;
72656 : 3D;
72657 : 3D;
72658 : 3D;
72659 : 3D;
72660 : 1D;
72661 : 1D;
72662 : 1D;
72663 : 1D;
72664 : 1D;
72665 : 1D;
72666 : 1D;
72667 : 1D;
72668 : 1D;
72669 : 1D;
72670 : 3D;
72671 : 3D;
72672 : 3D;
72673 : 3D;
72674 : 3D;
72675 : 3D;
72676 : 3D;
72677 : 3D;
72678 : 3D;
72679 : 3D;
72680 : 1D;
72681 : 1D;
72682 : 1D;
72683 : 1D;
72684 : 1D;
72685 : 1D;
72686 : 1D;
72687 : 1D;
72688 : 1D;
72689 : 1D;
72690 : 3D;
72691 : 3D;
72692 : 3D;
72693 : 3D;
72694 : 3D;
72695 : 3D;
72696 : 3D;
72697 : 3D;
72698 : 3D;
72699 : 3D;
72700 : 1D;
72701 : 1D;
72702 : 1D;
72703 : 1D;
72704 : 1D;
72705 : 1D;
72706 : 1D;
72707 : 1D;
72708 : 1D;
72709 : 1D;
72710 : 3D;
72711 : 3D;
72712 : 3D;
72713 : 3D;
72714 : 3D;
72715 : 3D;
72716 : 3D;
72717 : 3D;
72718 : 3D;
72719 : 3D;
72720 : 3D;
72721 : 1D;
72722 : 1D;
72723 : 1D;
72724 : 1D;
72725 : 1D;
72726 : 1D;
72727 : 1D;
72728 : 1D;
72729 : 1D;
72730 : 1D;
72731 : 3D;
72732 : 3D;
72733 : 3D;
72734 : 3D;
72735 : 3D;
72736 : 3D;
72737 : 3D;
72738 : 3D;
72739 : 3D;
72740 : 3D;
72741 : 1D;
72742 : 1D;
72743 : 1D;
72744 : 1D;
72745 : 1D;
72746 : 1D;
72747 : 1D;
72748 : 1D;
72749 : 1D;
72750 : 1D;
72751 : 3D;
72752 : 3D;
72753 : 3D;
72754 : 3D;
72755 : 3D;
72756 : 3D;
72757 : 3D;
72758 : 3D;
72759 : 3D;
72760 : 3D;
72761 : 1D;
72762 : 1D;
72763 : 1D;
72764 : 1D;
72765 : 1D;
72766 : 1D;
72767 : 1D;
72768 : 1D;
72769 : 1D;
72770 : 1D;
72771 : 3D;
72772 : 3D;
72773 : 3D;
72774 : 3D;
72775 : 3D;
72776 : 3D;
72777 : 3D;
72778 : 3D;
72779 : 3D;
72780 : 3D;
72781 : 1D;
72782 : 1D;
72783 : 1D;
72784 : 1D;
72785 : 1D;
72786 : 1D;
72787 : 1D;
72788 : 1D;
72789 : 1D;
72790 : 1D;
72791 : 3D;
72792 : 3D;
72793 : 3D;
72794 : 3D;
72795 : 3D;
72796 : 3D;
72797 : 3D;
72798 : 3D;
72799 : 3D;
72800 : 3D;
72801 : 1D;
72802 : 1D;
72803 : 1D;
72804 : 1D;
72805 : 1D;
72806 : 1D;
72807 : 1D;
72808 : 1D;
72809 : 1D;
72810 : 1D;
72811 : 3D;
72812 : 3D;
72813 : 3D;
72814 : 3D;
72815 : 3D;
72816 : 3D;
72817 : 3D;
72818 : 3D;
72819 : 3D;
72820 : 3D;
72821 : 1D;
72822 : 1D;
72823 : 1D;
72824 : 1D;
72825 : 1D;
72826 : 1D;
72827 : 1D;
72828 : 1D;
72829 : 1D;
72830 : 1D;
72831 : 1D;
72832 : 3D;
72833 : 3D;
72834 : 3D;
72835 : 3D;
72836 : 3D;
72837 : 3D;
72838 : 3D;
72839 : 3D;
72840 : 3D;
72841 : 3D;
72842 : 1D;
72843 : 1D;
72844 : 1D;
72845 : 1D;
72846 : 1D;
72847 : 1D;
72848 : 1D;
72849 : 1D;
72850 : 1D;
72851 : 1D;
72852 : 3D;
72853 : 3D;
72854 : 3D;
72855 : 3D;
72856 : 3D;
72857 : 3D;
72858 : 3D;
72859 : 3D;
72860 : 3D;
72861 : 3D;
72862 : 1D;
72863 : 1D;
72864 : 1D;
72865 : 1D;
72866 : 1D;
72867 : 1D;
72868 : 1D;
72869 : 1D;
72870 : 1D;
72871 : 1D;
72872 : 3D;
72873 : 3D;
72874 : 3D;
72875 : 3D;
72876 : 3D;
72877 : 3D;
72878 : 3D;
72879 : 3D;
72880 : 3D;
72881 : 3D;
72882 : 1D;
72883 : 1D;
72884 : 1D;
72885 : 1D;
72886 : 1D;
72887 : 1D;
72888 : 1D;
72889 : 1D;
72890 : 1D;
72891 : 1D;
72892 : 3D;
72893 : 3D;
72894 : 3D;
72895 : 3D;
72896 : 3D;
72897 : 3D;
72898 : 3D;
72899 : 3D;
72900 : 3D;
72901 : 3D;
72902 : 1D;
72903 : 1D;
72904 : 1D;
72905 : 1D;
72906 : 1D;
72907 : 1D;
72908 : 1D;
72909 : 1D;
72910 : 1D;
72911 : 1D;
72912 : 3D;
72913 : 3D;
72914 : 3D;
72915 : 3D;
72916 : 3D;
72917 : 3D;
72918 : 3D;
72919 : 3D;
72920 : 3D;
72921 : 3D;
72922 : 1D;
72923 : 1D;
72924 : 1D;
72925 : 1D;
72926 : 1D;
72927 : 1D;
72928 : 1D;
72929 : 1D;
72930 : 1D;
72931 : 1D;
72932 : 3D;
72933 : 3D;
72934 : 3D;
72935 : 3D;
72936 : 3D;
72937 : 3D;
72938 : 3D;
72939 : 3D;
72940 : 3D;
72941 : 3D;
72942 : 3D;
72943 : 1D;
72944 : 1D;
72945 : 1D;
72946 : 1D;
72947 : 1D;
72948 : 1D;
72949 : 1D;
72950 : 1D;
72951 : 1D;
72952 : 1D;
72953 : 14;
72954 : 14;
72955 : 14;
72956 : 14;
72957 : 14;
72958 : 14;
72959 : 14;
72960 : 10;
72961 : 10;
72962 : 10;
72963 : 10;
72964 : 10;
72965 : 10;
72966 : 10;
72967 : 10;
72968 : 10;
72969 : 10;
72970 : 3D;
72971 : 3D;
72972 : 3D;
72973 : 3D;
72974 : 3D;
72975 : 3D;
72976 : 3D;
72977 : 3D;
72978 : 3D;
72979 : 3D;
72980 : 1D;
72981 : 1D;
72982 : 1D;
72983 : 1D;
72984 : 1D;
72985 : 1D;
72986 : 1D;
72987 : 1D;
72988 : 1D;
72989 : 1D;
72990 : 3D;
72991 : 3D;
72992 : 3D;
72993 : 3D;
72994 : 3D;
72995 : 3D;
72996 : 3D;
72997 : 3D;
72998 : 3D;
72999 : 3D;
73000 : 1D;
73001 : 1D;
73002 : 1D;
73003 : 1D;
73004 : 1D;
73005 : 1D;
73006 : 1D;
73007 : 1D;
73008 : 1D;
73009 : 1D;
73010 : 3D;
73011 : 3D;
73012 : 3D;
73013 : 3D;
73014 : 3D;
73015 : 3D;
73016 : 3D;
73017 : 3D;
73018 : 3D;
73019 : 3D;
73020 : 1D;
73021 : 1D;
73022 : 1D;
73023 : 1D;
73024 : 1D;
73025 : 1D;
73026 : 1D;
73027 : 1D;
73028 : 1D;
73029 : 1D;
73030 : 3D;
73031 : 3D;
73032 : 3D;
73033 : 3D;
73034 : 3D;
73035 : 3D;
73036 : 3D;
73037 : 3D;
73038 : 3D;
73039 : 3D;
73040 : 3D;
73041 : 1D;
73042 : 1D;
73043 : 1D;
73044 : 1D;
73045 : 1D;
73046 : 1D;
73047 : 1D;
73048 : 1D;
73049 : 1D;
73050 : 1D;
73051 : 3D;
73052 : 3D;
73053 : 3D;
73054 : 3D;
73055 : 3D;
73056 : 3D;
73057 : 3D;
73058 : 3D;
73059 : 3D;
73060 : 3D;
73061 : 1D;
73062 : 1D;
73063 : 1D;
73064 : 1D;
73065 : 1D;
73066 : 1D;
73067 : 1D;
73068 : 1D;
73069 : 1D;
73070 : 1D;
73071 : 3D;
73072 : 3D;
73073 : 3D;
73074 : 3D;
73075 : 3D;
73076 : 3D;
73077 : 3D;
73078 : 3D;
73079 : 3D;
73080 : 3D;
73081 : 1D;
73082 : 1D;
73083 : 1D;
73084 : 1D;
73085 : 1D;
73086 : 1D;
73087 : 1D;
73088 : 1D;
73089 : 1D;
73090 : 1D;
73091 : 3D;
73092 : 3D;
73093 : 3D;
73094 : 3D;
73095 : 3D;
73096 : 3D;
73097 : 3D;
73098 : 3D;
73099 : 3D;
73100 : 3D;
73101 : 1D;
73102 : 1D;
73103 : 1D;
73104 : 1D;
73105 : 1D;
73106 : 1D;
73107 : 1D;
73108 : 1D;
73109 : 1D;
73110 : 1D;
73111 : 3D;
73112 : 3D;
73113 : 3D;
73114 : 3D;
73115 : 3D;
73116 : 3D;
73117 : 3D;
73118 : 3D;
73119 : 3D;
73120 : 3D;
73121 : 1D;
73122 : 1D;
73123 : 1D;
73124 : 1D;
73125 : 1D;
73126 : 1D;
73127 : 1D;
73128 : 1D;
73129 : 1D;
73130 : 1D;
73131 : 3D;
73132 : 3D;
73133 : 3D;
73134 : 3D;
73135 : 3D;
73136 : 3D;
73137 : 3D;
73138 : 3D;
73139 : 3D;
73140 : 3D;
73141 : 1D;
73142 : 1D;
73143 : 1D;
73144 : 1D;
73145 : 1D;
73146 : 1D;
73147 : 1D;
73148 : 1D;
73149 : 1D;
73150 : 1D;
73151 : 1D;
73152 : 3D;
73153 : 3D;
73154 : 3D;
73155 : 3D;
73156 : 3D;
73157 : 3D;
73158 : 3D;
73159 : 3D;
73160 : 3D;
73161 : 3D;
73162 : 1D;
73163 : 1D;
73164 : 1D;
73165 : 1D;
73166 : 1D;
73167 : 1D;
73168 : 1D;
73169 : 1D;
73170 : 1D;
73171 : 1D;
73172 : 3D;
73173 : 3D;
73174 : 3D;
73175 : 3D;
73176 : 3D;
73177 : 3D;
73178 : 3D;
73179 : 3D;
73180 : 3D;
73181 : 3D;
73182 : 1D;
73183 : 1D;
73184 : 1D;
73185 : 1D;
73186 : 1D;
73187 : 1D;
73188 : 1D;
73189 : 1D;
73190 : 1D;
73191 : 1D;
73192 : 3D;
73193 : 3D;
73194 : 3D;
73195 : 3D;
73196 : 3D;
73197 : 3D;
73198 : 3D;
73199 : 3D;
73200 : 3D;
73201 : 3D;
73202 : 1D;
73203 : 1D;
73204 : 1D;
73205 : 1D;
73206 : 1D;
73207 : 1D;
73208 : 1D;
73209 : 1D;
73210 : 1D;
73211 : 1D;
73212 : 3D;
73213 : 3D;
73214 : 3D;
73215 : 3D;
73216 : 3D;
73217 : 3D;
73218 : 3D;
73219 : 3D;
73220 : 3D;
73221 : 3D;
73222 : 1D;
73223 : 1D;
73224 : 1D;
73225 : 1D;
73226 : 1D;
73227 : 1D;
73228 : 1D;
73229 : 1D;
73230 : 1D;
73231 : 1D;
73232 : 3D;
73233 : 3D;
73234 : 3D;
73235 : 3D;
73236 : 3D;
73237 : 3D;
73238 : 3D;
73239 : 3D;
73240 : 3D;
73241 : 3D;
73242 : 1D;
73243 : 1D;
73244 : 1D;
73245 : 1D;
73246 : 1D;
73247 : 1D;
73248 : 1D;
73249 : 1D;
73250 : 1D;
73251 : 1D;
73252 : 3D;
73253 : 3D;
73254 : 3D;
73255 : 3D;
73256 : 3D;
73257 : 3D;
73258 : 3D;
73259 : 3D;
73260 : 3D;
73261 : 3D;
73262 : 3D;
73263 : 1D;
73264 : 1D;
73265 : 1D;
73266 : 1D;
73267 : 1D;
73268 : 1D;
73269 : 1D;
73270 : 1D;
73271 : 1D;
73272 : 1D;
73273 : 14;
73274 : 14;
73275 : 14;
73276 : 14;
73277 : 14;
73278 : 14;
73279 : 14;
73280 : 10;
73281 : 10;
73282 : 10;
73283 : 10;
73284 : 10;
73285 : 10;
73286 : 10;
73287 : 10;
73288 : 10;
73289 : 10;
73290 : 3D;
73291 : 3D;
73292 : 3D;
73293 : 3D;
73294 : 3D;
73295 : 3D;
73296 : 3D;
73297 : 3D;
73298 : 3D;
73299 : 3D;
73300 : 1D;
73301 : 1D;
73302 : 1D;
73303 : 1D;
73304 : 1D;
73305 : 1D;
73306 : 1D;
73307 : 1D;
73308 : 1D;
73309 : 1D;
73310 : 3D;
73311 : 3D;
73312 : 3D;
73313 : 3D;
73314 : 3D;
73315 : 3D;
73316 : 3D;
73317 : 3D;
73318 : 3D;
73319 : 3D;
73320 : 1D;
73321 : 1D;
73322 : 1D;
73323 : 1D;
73324 : 1D;
73325 : 1D;
73326 : 1D;
73327 : 1D;
73328 : 1D;
73329 : 1D;
73330 : 3D;
73331 : 3D;
73332 : 3D;
73333 : 3D;
73334 : 3D;
73335 : 3D;
73336 : 3D;
73337 : 3D;
73338 : 3D;
73339 : 3D;
73340 : 1D;
73341 : 1D;
73342 : 1D;
73343 : 1D;
73344 : 1D;
73345 : 1D;
73346 : 1D;
73347 : 1D;
73348 : 1D;
73349 : 1D;
73350 : 3D;
73351 : 3D;
73352 : 3D;
73353 : 3D;
73354 : 3D;
73355 : 3D;
73356 : 3D;
73357 : 3D;
73358 : 3D;
73359 : 3D;
73360 : 3D;
73361 : 1D;
73362 : 1D;
73363 : 1D;
73364 : 1D;
73365 : 1D;
73366 : 1D;
73367 : 1D;
73368 : 1D;
73369 : 1D;
73370 : 1D;
73371 : 3D;
73372 : 3D;
73373 : 3D;
73374 : 3D;
73375 : 3D;
73376 : 3D;
73377 : 3D;
73378 : 3D;
73379 : 3D;
73380 : 3D;
73381 : 1D;
73382 : 1D;
73383 : 1D;
73384 : 1D;
73385 : 1D;
73386 : 1D;
73387 : 1D;
73388 : 1D;
73389 : 1D;
73390 : 1D;
73391 : 3D;
73392 : 3D;
73393 : 3D;
73394 : 3D;
73395 : 3D;
73396 : 3D;
73397 : 3D;
73398 : 3D;
73399 : 3D;
73400 : 3D;
73401 : 1D;
73402 : 1D;
73403 : 1D;
73404 : 1D;
73405 : 1D;
73406 : 1D;
73407 : 1D;
73408 : 1D;
73409 : 1D;
73410 : 1D;
73411 : 3D;
73412 : 3D;
73413 : 3D;
73414 : 3D;
73415 : 3D;
73416 : 3D;
73417 : 3D;
73418 : 3D;
73419 : 3D;
73420 : 3D;
73421 : 1D;
73422 : 1D;
73423 : 1D;
73424 : 1D;
73425 : 1D;
73426 : 1D;
73427 : 1D;
73428 : 1D;
73429 : 1D;
73430 : 1D;
73431 : 3D;
73432 : 3D;
73433 : 3D;
73434 : 3D;
73435 : 3D;
73436 : 3D;
73437 : 3D;
73438 : 3D;
73439 : 3D;
73440 : 3D;
73441 : 1D;
73442 : 1D;
73443 : 1D;
73444 : 1D;
73445 : 1D;
73446 : 1D;
73447 : 1D;
73448 : 1D;
73449 : 1D;
73450 : 1D;
73451 : 3D;
73452 : 3D;
73453 : 3D;
73454 : 3D;
73455 : 3D;
73456 : 3D;
73457 : 3D;
73458 : 3D;
73459 : 3D;
73460 : 3D;
73461 : 1D;
73462 : 1D;
73463 : 1D;
73464 : 1D;
73465 : 1D;
73466 : 1D;
73467 : 1D;
73468 : 1D;
73469 : 1D;
73470 : 1D;
73471 : 1D;
73472 : 3D;
73473 : 3D;
73474 : 3D;
73475 : 3D;
73476 : 3D;
73477 : 3D;
73478 : 3D;
73479 : 3D;
73480 : 3D;
73481 : 3D;
73482 : 1D;
73483 : 1D;
73484 : 1D;
73485 : 1D;
73486 : 1D;
73487 : 1D;
73488 : 1D;
73489 : 1D;
73490 : 1D;
73491 : 1D;
73492 : 3D;
73493 : 3D;
73494 : 3D;
73495 : 3D;
73496 : 3D;
73497 : 3D;
73498 : 3D;
73499 : 3D;
73500 : 3D;
73501 : 3D;
73502 : 1D;
73503 : 1D;
73504 : 1D;
73505 : 1D;
73506 : 1D;
73507 : 1D;
73508 : 1D;
73509 : 1D;
73510 : 1D;
73511 : 1D;
73512 : 3D;
73513 : 3D;
73514 : 3D;
73515 : 3D;
73516 : 3D;
73517 : 3D;
73518 : 3D;
73519 : 3D;
73520 : 3D;
73521 : 3D;
73522 : 1D;
73523 : 1D;
73524 : 1D;
73525 : 1D;
73526 : 1D;
73527 : 1D;
73528 : 1D;
73529 : 1D;
73530 : 1D;
73531 : 1D;
73532 : 3D;
73533 : 3D;
73534 : 3D;
73535 : 3D;
73536 : 3D;
73537 : 3D;
73538 : 3D;
73539 : 3D;
73540 : 3D;
73541 : 3D;
73542 : 1D;
73543 : 1D;
73544 : 1D;
73545 : 1D;
73546 : 1D;
73547 : 1D;
73548 : 1D;
73549 : 1D;
73550 : 1D;
73551 : 1D;
73552 : 3D;
73553 : 3D;
73554 : 3D;
73555 : 3D;
73556 : 3D;
73557 : 3D;
73558 : 3D;
73559 : 3D;
73560 : 3D;
73561 : 3D;
73562 : 1D;
73563 : 1D;
73564 : 1D;
73565 : 1D;
73566 : 1D;
73567 : 1D;
73568 : 1D;
73569 : 1D;
73570 : 1D;
73571 : 1D;
73572 : 3D;
73573 : 3D;
73574 : 3D;
73575 : 3D;
73576 : 3D;
73577 : 3D;
73578 : 3D;
73579 : 3D;
73580 : 3D;
73581 : 3D;
73582 : 3D;
73583 : 1D;
73584 : 1D;
73585 : 1D;
73586 : 1D;
73587 : 1D;
73588 : 1D;
73589 : 1D;
73590 : 1D;
73591 : 1D;
73592 : 1D;
73593 : 14;
73594 : 14;
73595 : 14;
73596 : 14;
73597 : 14;
73598 : 14;
73599 : 14;
73600 : 10;
73601 : 10;
73602 : 10;
73603 : 10;
73604 : 10;
73605 : 10;
73606 : 10;
73607 : 10;
73608 : 10;
73609 : 10;
73610 : 3D;
73611 : 3D;
73612 : 3D;
73613 : 3D;
73614 : 3D;
73615 : 3D;
73616 : 3D;
73617 : 3D;
73618 : 3D;
73619 : 3D;
73620 : 1D;
73621 : 1D;
73622 : 1D;
73623 : 1D;
73624 : 1D;
73625 : 1D;
73626 : 1D;
73627 : 1D;
73628 : 1D;
73629 : 1D;
73630 : 3D;
73631 : 3D;
73632 : 3D;
73633 : 3D;
73634 : 3D;
73635 : 3D;
73636 : 3D;
73637 : 3D;
73638 : 3D;
73639 : 3D;
73640 : 1D;
73641 : 1D;
73642 : 1D;
73643 : 1D;
73644 : 1D;
73645 : 1D;
73646 : 1D;
73647 : 1D;
73648 : 1D;
73649 : 1D;
73650 : 3D;
73651 : 3D;
73652 : 3D;
73653 : 3D;
73654 : 3D;
73655 : 3D;
73656 : 3D;
73657 : 3D;
73658 : 3D;
73659 : 3D;
73660 : 1D;
73661 : 1D;
73662 : 1D;
73663 : 1D;
73664 : 1D;
73665 : 1D;
73666 : 1D;
73667 : 1D;
73668 : 1D;
73669 : 1D;
73670 : 3D;
73671 : 3D;
73672 : 3D;
73673 : 3D;
73674 : 3D;
73675 : 3D;
73676 : 3D;
73677 : 3D;
73678 : 3D;
73679 : 3D;
73680 : 3D;
73681 : 1D;
73682 : 1D;
73683 : 1D;
73684 : 1D;
73685 : 1D;
73686 : 1D;
73687 : 1D;
73688 : 1D;
73689 : 1D;
73690 : 1D;
73691 : 3D;
73692 : 3D;
73693 : 3D;
73694 : 3D;
73695 : 3D;
73696 : 3D;
73697 : 3D;
73698 : 3D;
73699 : 3D;
73700 : 3D;
73701 : 1D;
73702 : 1D;
73703 : 1D;
73704 : 1D;
73705 : 1D;
73706 : 1D;
73707 : 1D;
73708 : 1D;
73709 : 1D;
73710 : 1D;
73711 : 3D;
73712 : 3D;
73713 : 3D;
73714 : 3D;
73715 : 3D;
73716 : 3D;
73717 : 3D;
73718 : 3D;
73719 : 3D;
73720 : 3D;
73721 : 1D;
73722 : 1D;
73723 : 1D;
73724 : 1D;
73725 : 1D;
73726 : 1D;
73727 : 1D;
73728 : 1D;
73729 : 1D;
73730 : 1D;
73731 : 3D;
73732 : 3D;
73733 : 3D;
73734 : 3D;
73735 : 3D;
73736 : 3D;
73737 : 3D;
73738 : 3D;
73739 : 3D;
73740 : 3D;
73741 : 1D;
73742 : 1D;
73743 : 1D;
73744 : 1D;
73745 : 1D;
73746 : 1D;
73747 : 1D;
73748 : 1D;
73749 : 1D;
73750 : 1D;
73751 : 3D;
73752 : 3D;
73753 : 3D;
73754 : 3D;
73755 : 3D;
73756 : 3D;
73757 : 3D;
73758 : 3D;
73759 : 3D;
73760 : 3D;
73761 : 1D;
73762 : 1D;
73763 : 1D;
73764 : 1D;
73765 : 1D;
73766 : 1D;
73767 : 1D;
73768 : 1D;
73769 : 1D;
73770 : 1D;
73771 : 3D;
73772 : 3D;
73773 : 3D;
73774 : 3D;
73775 : 3D;
73776 : 3D;
73777 : 3D;
73778 : 3D;
73779 : 3D;
73780 : 3D;
73781 : 1D;
73782 : 1D;
73783 : 1D;
73784 : 1D;
73785 : 1D;
73786 : 1D;
73787 : 1D;
73788 : 1D;
73789 : 1D;
73790 : 1D;
73791 : 1D;
73792 : 3D;
73793 : 3D;
73794 : 3D;
73795 : 3D;
73796 : 3D;
73797 : 3D;
73798 : 3D;
73799 : 3D;
73800 : 3D;
73801 : 3D;
73802 : 1D;
73803 : 1D;
73804 : 1D;
73805 : 1D;
73806 : 1D;
73807 : 1D;
73808 : 1D;
73809 : 1D;
73810 : 1D;
73811 : 1D;
73812 : 3D;
73813 : 3D;
73814 : 3D;
73815 : 3D;
73816 : 3D;
73817 : 3D;
73818 : 3D;
73819 : 3D;
73820 : 3D;
73821 : 3D;
73822 : 1D;
73823 : 1D;
73824 : 1D;
73825 : 1D;
73826 : 1D;
73827 : 1D;
73828 : 1D;
73829 : 1D;
73830 : 1D;
73831 : 1D;
73832 : 3D;
73833 : 3D;
73834 : 3D;
73835 : 3D;
73836 : 3D;
73837 : 3D;
73838 : 3D;
73839 : 3D;
73840 : 3D;
73841 : 3D;
73842 : 1D;
73843 : 1D;
73844 : 1D;
73845 : 1D;
73846 : 1D;
73847 : 1D;
73848 : 1D;
73849 : 1D;
73850 : 1D;
73851 : 1D;
73852 : 3D;
73853 : 3D;
73854 : 3D;
73855 : 3D;
73856 : 3D;
73857 : 3D;
73858 : 3D;
73859 : 3D;
73860 : 3D;
73861 : 3D;
73862 : 1D;
73863 : 1D;
73864 : 1D;
73865 : 1D;
73866 : 1D;
73867 : 1D;
73868 : 1D;
73869 : 1D;
73870 : 1D;
73871 : 1D;
73872 : 3D;
73873 : 3D;
73874 : 3D;
73875 : 3D;
73876 : 3D;
73877 : 3D;
73878 : 3D;
73879 : 3D;
73880 : 3D;
73881 : 3D;
73882 : 1D;
73883 : 1D;
73884 : 1D;
73885 : 1D;
73886 : 1D;
73887 : 1D;
73888 : 1D;
73889 : 1D;
73890 : 1D;
73891 : 1D;
73892 : 3D;
73893 : 3D;
73894 : 3D;
73895 : 3D;
73896 : 3D;
73897 : 3D;
73898 : 3D;
73899 : 3D;
73900 : 3D;
73901 : 3D;
73902 : 3D;
73903 : 1D;
73904 : 1D;
73905 : 1D;
73906 : 1D;
73907 : 1D;
73908 : 1D;
73909 : 1D;
73910 : 1D;
73911 : 1D;
73912 : 1D;
73913 : 14;
73914 : 14;
73915 : 14;
73916 : 14;
73917 : 14;
73918 : 14;
73919 : 14;
73920 : 14;
73921 : 14;
73922 : 14;
73923 : 14;
73924 : 14;
73925 : 14;
73926 : 14;
73927 : 14;
73928 : 14;
73929 : 14;
73930 : 10;
73931 : 10;
73932 : 10;
73933 : 10;
73934 : 10;
73935 : 10;
73936 : 10;
73937 : 10;
73938 : 10;
73939 : 10;
73940 : 14;
73941 : 14;
73942 : 14;
73943 : 14;
73944 : 14;
73945 : 14;
73946 : 14;
73947 : 14;
73948 : 14;
73949 : 14;
73950 : 10;
73951 : 10;
73952 : 10;
73953 : 10;
73954 : 10;
73955 : 10;
73956 : 10;
73957 : 10;
73958 : 10;
73959 : 10;
73960 : 14;
73961 : 14;
73962 : 14;
73963 : 14;
73964 : 14;
73965 : 14;
73966 : 14;
73967 : 14;
73968 : 14;
73969 : 14;
73970 : 10;
73971 : 10;
73972 : 10;
73973 : 10;
73974 : 10;
73975 : 10;
73976 : 10;
73977 : 10;
73978 : 10;
73979 : 10;
73980 : 14;
73981 : 14;
73982 : 14;
73983 : 14;
73984 : 14;
73985 : 14;
73986 : 14;
73987 : 14;
73988 : 14;
73989 : 14;
73990 : 10;
73991 : 10;
73992 : 10;
73993 : 10;
73994 : 10;
73995 : 10;
73996 : 10;
73997 : 10;
73998 : 10;
73999 : 10;
74000 : 10;
74001 : 14;
74002 : 14;
74003 : 14;
74004 : 14;
74005 : 14;
74006 : 14;
74007 : 14;
74008 : 14;
74009 : 14;
74010 : 14;
74011 : 10;
74012 : 10;
74013 : 10;
74014 : 10;
74015 : 10;
74016 : 10;
74017 : 10;
74018 : 10;
74019 : 10;
74020 : 10;
74021 : 14;
74022 : 14;
74023 : 14;
74024 : 14;
74025 : 14;
74026 : 14;
74027 : 14;
74028 : 14;
74029 : 14;
74030 : 14;
74031 : 10;
74032 : 10;
74033 : 10;
74034 : 10;
74035 : 10;
74036 : 10;
74037 : 10;
74038 : 10;
74039 : 10;
74040 : 10;
74041 : 14;
74042 : 14;
74043 : 14;
74044 : 14;
74045 : 14;
74046 : 14;
74047 : 14;
74048 : 14;
74049 : 14;
74050 : 14;
74051 : 10;
74052 : 10;
74053 : 10;
74054 : 10;
74055 : 10;
74056 : 10;
74057 : 10;
74058 : 10;
74059 : 10;
74060 : 10;
74061 : 14;
74062 : 14;
74063 : 14;
74064 : 14;
74065 : 14;
74066 : 14;
74067 : 14;
74068 : 14;
74069 : 14;
74070 : 14;
74071 : 10;
74072 : 10;
74073 : 10;
74074 : 10;
74075 : 10;
74076 : 10;
74077 : 10;
74078 : 10;
74079 : 10;
74080 : 10;
74081 : 14;
74082 : 14;
74083 : 14;
74084 : 14;
74085 : 14;
74086 : 14;
74087 : 14;
74088 : 14;
74089 : 14;
74090 : 14;
74091 : 10;
74092 : 10;
74093 : 10;
74094 : 10;
74095 : 10;
74096 : 10;
74097 : 10;
74098 : 10;
74099 : 10;
74100 : 10;
74101 : 14;
74102 : 14;
74103 : 14;
74104 : 14;
74105 : 14;
74106 : 14;
74107 : 14;
74108 : 14;
74109 : 14;
74110 : 14;
74111 : 14;
74112 : 10;
74113 : 10;
74114 : 10;
74115 : 10;
74116 : 10;
74117 : 10;
74118 : 10;
74119 : 10;
74120 : 10;
74121 : 10;
74122 : 14;
74123 : 14;
74124 : 14;
74125 : 14;
74126 : 14;
74127 : 14;
74128 : 14;
74129 : 14;
74130 : 14;
74131 : 14;
74132 : 10;
74133 : 10;
74134 : 10;
74135 : 10;
74136 : 10;
74137 : 10;
74138 : 10;
74139 : 10;
74140 : 10;
74141 : 10;
74142 : 14;
74143 : 14;
74144 : 14;
74145 : 14;
74146 : 14;
74147 : 14;
74148 : 14;
74149 : 14;
74150 : 14;
74151 : 14;
74152 : 10;
74153 : 10;
74154 : 10;
74155 : 10;
74156 : 10;
74157 : 10;
74158 : 10;
74159 : 10;
74160 : 10;
74161 : 10;
74162 : 14;
74163 : 14;
74164 : 14;
74165 : 14;
74166 : 14;
74167 : 14;
74168 : 14;
74169 : 14;
74170 : 14;
74171 : 14;
74172 : 10;
74173 : 10;
74174 : 10;
74175 : 10;
74176 : 10;
74177 : 10;
74178 : 10;
74179 : 10;
74180 : 10;
74181 : 10;
74182 : 14;
74183 : 14;
74184 : 14;
74185 : 14;
74186 : 14;
74187 : 14;
74188 : 14;
74189 : 14;
74190 : 14;
74191 : 14;
74192 : 10;
74193 : 10;
74194 : 10;
74195 : 10;
74196 : 10;
74197 : 10;
74198 : 10;
74199 : 10;
74200 : 10;
74201 : 10;
74202 : 14;
74203 : 14;
74204 : 14;
74205 : 14;
74206 : 14;
74207 : 14;
74208 : 14;
74209 : 14;
74210 : 14;
74211 : 14;
74212 : 10;
74213 : 10;
74214 : 10;
74215 : 10;
74216 : 10;
74217 : 10;
74218 : 10;
74219 : 10;
74220 : 10;
74221 : 10;
74222 : 10;
74223 : 14;
74224 : 14;
74225 : 14;
74226 : 14;
74227 : 14;
74228 : 14;
74229 : 14;
74230 : 14;
74231 : 14;
74232 : 14;
74233 : 10;
74234 : 10;
74235 : 10;
74236 : 10;
74237 : 10;
74238 : 10;
74239 : 10;
74240 : 14;
74241 : 14;
74242 : 14;
74243 : 14;
74244 : 14;
74245 : 14;
74246 : 14;
74247 : 14;
74248 : 14;
74249 : 14;
74250 : 10;
74251 : 10;
74252 : 10;
74253 : 10;
74254 : 10;
74255 : 10;
74256 : 10;
74257 : 10;
74258 : 10;
74259 : 10;
74260 : 14;
74261 : 14;
74262 : 14;
74263 : 14;
74264 : 14;
74265 : 14;
74266 : 14;
74267 : 14;
74268 : 14;
74269 : 14;
74270 : 10;
74271 : 10;
74272 : 10;
74273 : 10;
74274 : 10;
74275 : 10;
74276 : 10;
74277 : 10;
74278 : 10;
74279 : 10;
74280 : 14;
74281 : 14;
74282 : 14;
74283 : 14;
74284 : 14;
74285 : 14;
74286 : 14;
74287 : 14;
74288 : 14;
74289 : 14;
74290 : 10;
74291 : 10;
74292 : 10;
74293 : 10;
74294 : 10;
74295 : 10;
74296 : 10;
74297 : 10;
74298 : 10;
74299 : 10;
74300 : 14;
74301 : 14;
74302 : 14;
74303 : 14;
74304 : 14;
74305 : 14;
74306 : 14;
74307 : 14;
74308 : 14;
74309 : 14;
74310 : 10;
74311 : 10;
74312 : 10;
74313 : 10;
74314 : 10;
74315 : 10;
74316 : 10;
74317 : 10;
74318 : 10;
74319 : 10;
74320 : 10;
74321 : 14;
74322 : 14;
74323 : 14;
74324 : 14;
74325 : 14;
74326 : 14;
74327 : 14;
74328 : 14;
74329 : 14;
74330 : 14;
74331 : 10;
74332 : 10;
74333 : 10;
74334 : 10;
74335 : 10;
74336 : 10;
74337 : 10;
74338 : 10;
74339 : 10;
74340 : 10;
74341 : 14;
74342 : 14;
74343 : 14;
74344 : 14;
74345 : 14;
74346 : 14;
74347 : 14;
74348 : 14;
74349 : 14;
74350 : 14;
74351 : 10;
74352 : 10;
74353 : 10;
74354 : 10;
74355 : 10;
74356 : 10;
74357 : 10;
74358 : 10;
74359 : 10;
74360 : 10;
74361 : 14;
74362 : 14;
74363 : 14;
74364 : 14;
74365 : 14;
74366 : 14;
74367 : 14;
74368 : 14;
74369 : 14;
74370 : 14;
74371 : 10;
74372 : 10;
74373 : 10;
74374 : 10;
74375 : 10;
74376 : 10;
74377 : 10;
74378 : 10;
74379 : 10;
74380 : 10;
74381 : 14;
74382 : 14;
74383 : 14;
74384 : 14;
74385 : 14;
74386 : 14;
74387 : 14;
74388 : 14;
74389 : 14;
74390 : 14;
74391 : 10;
74392 : 10;
74393 : 10;
74394 : 10;
74395 : 10;
74396 : 10;
74397 : 10;
74398 : 10;
74399 : 10;
74400 : 10;
74401 : 14;
74402 : 14;
74403 : 14;
74404 : 14;
74405 : 14;
74406 : 14;
74407 : 14;
74408 : 14;
74409 : 14;
74410 : 14;
74411 : 10;
74412 : 10;
74413 : 10;
74414 : 10;
74415 : 10;
74416 : 10;
74417 : 10;
74418 : 10;
74419 : 10;
74420 : 10;
74421 : 14;
74422 : 14;
74423 : 14;
74424 : 14;
74425 : 14;
74426 : 14;
74427 : 14;
74428 : 14;
74429 : 14;
74430 : 14;
74431 : 14;
74432 : 10;
74433 : 10;
74434 : 10;
74435 : 10;
74436 : 10;
74437 : 10;
74438 : 10;
74439 : 10;
74440 : 10;
74441 : 10;
74442 : 14;
74443 : 14;
74444 : 14;
74445 : 14;
74446 : 14;
74447 : 14;
74448 : 14;
74449 : 14;
74450 : 14;
74451 : 14;
74452 : 10;
74453 : 10;
74454 : 10;
74455 : 10;
74456 : 10;
74457 : 10;
74458 : 10;
74459 : 10;
74460 : 10;
74461 : 10;
74462 : 14;
74463 : 14;
74464 : 14;
74465 : 14;
74466 : 14;
74467 : 14;
74468 : 14;
74469 : 14;
74470 : 14;
74471 : 14;
74472 : 10;
74473 : 10;
74474 : 10;
74475 : 10;
74476 : 10;
74477 : 10;
74478 : 10;
74479 : 10;
74480 : 10;
74481 : 10;
74482 : 14;
74483 : 14;
74484 : 14;
74485 : 14;
74486 : 14;
74487 : 14;
74488 : 14;
74489 : 14;
74490 : 14;
74491 : 14;
74492 : 10;
74493 : 10;
74494 : 10;
74495 : 10;
74496 : 10;
74497 : 10;
74498 : 10;
74499 : 10;
74500 : 10;
74501 : 10;
74502 : 14;
74503 : 14;
74504 : 14;
74505 : 14;
74506 : 14;
74507 : 14;
74508 : 14;
74509 : 14;
74510 : 14;
74511 : 14;
74512 : 10;
74513 : 10;
74514 : 10;
74515 : 10;
74516 : 10;
74517 : 10;
74518 : 10;
74519 : 10;
74520 : 10;
74521 : 10;
74522 : 14;
74523 : 14;
74524 : 14;
74525 : 14;
74526 : 14;
74527 : 14;
74528 : 14;
74529 : 14;
74530 : 14;
74531 : 14;
74532 : 10;
74533 : 10;
74534 : 10;
74535 : 10;
74536 : 10;
74537 : 10;
74538 : 10;
74539 : 10;
74540 : 10;
74541 : 10;
74542 : 10;
74543 : 14;
74544 : 14;
74545 : 14;
74546 : 14;
74547 : 14;
74548 : 14;
74549 : 14;
74550 : 14;
74551 : 14;
74552 : 14;
74553 : 10;
74554 : 10;
74555 : 10;
74556 : 10;
74557 : 10;
74558 : 10;
74559 : 10;
74560 : 14;
74561 : 14;
74562 : 14;
74563 : 14;
74564 : 14;
74565 : 14;
74566 : 14;
74567 : 14;
74568 : 14;
74569 : 14;
74570 : 10;
74571 : 10;
74572 : 10;
74573 : 10;
74574 : 10;
74575 : 10;
74576 : 10;
74577 : 10;
74578 : 10;
74579 : 10;
74580 : 14;
74581 : 14;
74582 : 14;
74583 : 14;
74584 : 14;
74585 : 14;
74586 : 14;
74587 : 14;
74588 : 14;
74589 : 14;
74590 : 10;
74591 : 10;
74592 : 10;
74593 : 10;
74594 : 10;
74595 : 10;
74596 : 10;
74597 : 10;
74598 : 10;
74599 : 10;
74600 : 14;
74601 : 14;
74602 : 14;
74603 : 14;
74604 : 14;
74605 : 14;
74606 : 14;
74607 : 14;
74608 : 14;
74609 : 14;
74610 : 10;
74611 : 10;
74612 : 10;
74613 : 10;
74614 : 10;
74615 : 10;
74616 : 10;
74617 : 10;
74618 : 10;
74619 : 10;
74620 : 14;
74621 : 14;
74622 : 14;
74623 : 14;
74624 : 14;
74625 : 14;
74626 : 14;
74627 : 14;
74628 : 14;
74629 : 14;
74630 : 10;
74631 : 10;
74632 : 10;
74633 : 10;
74634 : 10;
74635 : 10;
74636 : 10;
74637 : 10;
74638 : 10;
74639 : 10;
74640 : 10;
74641 : 14;
74642 : 14;
74643 : 14;
74644 : 14;
74645 : 14;
74646 : 14;
74647 : 14;
74648 : 14;
74649 : 14;
74650 : 14;
74651 : 10;
74652 : 10;
74653 : 10;
74654 : 10;
74655 : 10;
74656 : 10;
74657 : 10;
74658 : 10;
74659 : 10;
74660 : 10;
74661 : 14;
74662 : 14;
74663 : 14;
74664 : 14;
74665 : 14;
74666 : 14;
74667 : 14;
74668 : 14;
74669 : 14;
74670 : 14;
74671 : 10;
74672 : 10;
74673 : 10;
74674 : 10;
74675 : 10;
74676 : 10;
74677 : 10;
74678 : 10;
74679 : 10;
74680 : 10;
74681 : 14;
74682 : 14;
74683 : 14;
74684 : 14;
74685 : 14;
74686 : 14;
74687 : 14;
74688 : 14;
74689 : 14;
74690 : 14;
74691 : 10;
74692 : 10;
74693 : 10;
74694 : 10;
74695 : 10;
74696 : 10;
74697 : 10;
74698 : 10;
74699 : 10;
74700 : 10;
74701 : 14;
74702 : 14;
74703 : 14;
74704 : 14;
74705 : 14;
74706 : 14;
74707 : 14;
74708 : 14;
74709 : 14;
74710 : 14;
74711 : 10;
74712 : 10;
74713 : 10;
74714 : 10;
74715 : 10;
74716 : 10;
74717 : 10;
74718 : 10;
74719 : 10;
74720 : 10;
74721 : 14;
74722 : 14;
74723 : 14;
74724 : 14;
74725 : 14;
74726 : 14;
74727 : 14;
74728 : 14;
74729 : 14;
74730 : 14;
74731 : 10;
74732 : 10;
74733 : 10;
74734 : 10;
74735 : 10;
74736 : 10;
74737 : 10;
74738 : 10;
74739 : 10;
74740 : 10;
74741 : 14;
74742 : 14;
74743 : 14;
74744 : 14;
74745 : 14;
74746 : 14;
74747 : 14;
74748 : 14;
74749 : 14;
74750 : 14;
74751 : 14;
74752 : 10;
74753 : 10;
74754 : 10;
74755 : 10;
74756 : 10;
74757 : 10;
74758 : 10;
74759 : 10;
74760 : 10;
74761 : 10;
74762 : 14;
74763 : 14;
74764 : 14;
74765 : 14;
74766 : 14;
74767 : 14;
74768 : 14;
74769 : 14;
74770 : 14;
74771 : 14;
74772 : 10;
74773 : 10;
74774 : 10;
74775 : 10;
74776 : 10;
74777 : 10;
74778 : 10;
74779 : 10;
74780 : 10;
74781 : 10;
74782 : 14;
74783 : 14;
74784 : 14;
74785 : 14;
74786 : 14;
74787 : 14;
74788 : 14;
74789 : 14;
74790 : 14;
74791 : 14;
74792 : 10;
74793 : 10;
74794 : 10;
74795 : 10;
74796 : 10;
74797 : 10;
74798 : 10;
74799 : 10;
74800 : 10;
74801 : 10;
74802 : 14;
74803 : 14;
74804 : 14;
74805 : 14;
74806 : 14;
74807 : 14;
74808 : 14;
74809 : 14;
74810 : 14;
74811 : 14;
74812 : 10;
74813 : 10;
74814 : 10;
74815 : 10;
74816 : 10;
74817 : 10;
74818 : 10;
74819 : 10;
74820 : 10;
74821 : 10;
74822 : 14;
74823 : 14;
74824 : 14;
74825 : 14;
74826 : 14;
74827 : 14;
74828 : 14;
74829 : 14;
74830 : 14;
74831 : 14;
74832 : 10;
74833 : 10;
74834 : 10;
74835 : 10;
74836 : 10;
74837 : 10;
74838 : 10;
74839 : 10;
74840 : 10;
74841 : 10;
74842 : 14;
74843 : 14;
74844 : 14;
74845 : 14;
74846 : 14;
74847 : 14;
74848 : 14;
74849 : 14;
74850 : 14;
74851 : 14;
74852 : 10;
74853 : 10;
74854 : 10;
74855 : 10;
74856 : 10;
74857 : 10;
74858 : 10;
74859 : 10;
74860 : 10;
74861 : 10;
74862 : 10;
74863 : 14;
74864 : 14;
74865 : 14;
74866 : 14;
74867 : 14;
74868 : 14;
74869 : 14;
74870 : 14;
74871 : 14;
74872 : 14;
74873 : 10;
74874 : 10;
74875 : 10;
74876 : 10;
74877 : 10;
74878 : 10;
74879 : 10;
74880 : 14;
74881 : 14;
74882 : 14;
74883 : 14;
74884 : 14;
74885 : 14;
74886 : 14;
74887 : 14;
74888 : 14;
74889 : 14;
74890 : 10;
74891 : 10;
74892 : 10;
74893 : 10;
74894 : 10;
74895 : 10;
74896 : 10;
74897 : 10;
74898 : 10;
74899 : 10;
74900 : 14;
74901 : 14;
74902 : 14;
74903 : 14;
74904 : 14;
74905 : 14;
74906 : 14;
74907 : 14;
74908 : 14;
74909 : 14;
74910 : 10;
74911 : 10;
74912 : 10;
74913 : 10;
74914 : 10;
74915 : 10;
74916 : 10;
74917 : 10;
74918 : 10;
74919 : 10;
74920 : 14;
74921 : 14;
74922 : 14;
74923 : 14;
74924 : 14;
74925 : 14;
74926 : 14;
74927 : 14;
74928 : 14;
74929 : 14;
74930 : 10;
74931 : 10;
74932 : 10;
74933 : 10;
74934 : 10;
74935 : 10;
74936 : 10;
74937 : 10;
74938 : 10;
74939 : 10;
74940 : 14;
74941 : 14;
74942 : 14;
74943 : 14;
74944 : 14;
74945 : 14;
74946 : 14;
74947 : 14;
74948 : 14;
74949 : 14;
74950 : 10;
74951 : 10;
74952 : 10;
74953 : 10;
74954 : 10;
74955 : 10;
74956 : 10;
74957 : 10;
74958 : 10;
74959 : 10;
74960 : 10;
74961 : 14;
74962 : 14;
74963 : 14;
74964 : 14;
74965 : 14;
74966 : 14;
74967 : 14;
74968 : 14;
74969 : 14;
74970 : 14;
74971 : 10;
74972 : 10;
74973 : 10;
74974 : 10;
74975 : 10;
74976 : 10;
74977 : 10;
74978 : 10;
74979 : 10;
74980 : 10;
74981 : 14;
74982 : 14;
74983 : 14;
74984 : 14;
74985 : 14;
74986 : 14;
74987 : 14;
74988 : 14;
74989 : 14;
74990 : 14;
74991 : 10;
74992 : 10;
74993 : 10;
74994 : 10;
74995 : 10;
74996 : 10;
74997 : 10;
74998 : 10;
74999 : 10;
75000 : 10;
75001 : 14;
75002 : 14;
75003 : 14;
75004 : 14;
75005 : 14;
75006 : 14;
75007 : 14;
75008 : 14;
75009 : 14;
75010 : 14;
75011 : 10;
75012 : 10;
75013 : 10;
75014 : 10;
75015 : 10;
75016 : 10;
75017 : 10;
75018 : 10;
75019 : 10;
75020 : 10;
75021 : 14;
75022 : 14;
75023 : 14;
75024 : 14;
75025 : 14;
75026 : 14;
75027 : 14;
75028 : 14;
75029 : 14;
75030 : 14;
75031 : 10;
75032 : 10;
75033 : 10;
75034 : 10;
75035 : 10;
75036 : 10;
75037 : 10;
75038 : 10;
75039 : 10;
75040 : 10;
75041 : 14;
75042 : 14;
75043 : 14;
75044 : 14;
75045 : 14;
75046 : 14;
75047 : 14;
75048 : 14;
75049 : 14;
75050 : 14;
75051 : 10;
75052 : 10;
75053 : 10;
75054 : 10;
75055 : 10;
75056 : 10;
75057 : 10;
75058 : 10;
75059 : 10;
75060 : 10;
75061 : 14;
75062 : 14;
75063 : 14;
75064 : 14;
75065 : 14;
75066 : 14;
75067 : 14;
75068 : 14;
75069 : 14;
75070 : 14;
75071 : 14;
75072 : 10;
75073 : 10;
75074 : 10;
75075 : 10;
75076 : 10;
75077 : 10;
75078 : 10;
75079 : 10;
75080 : 10;
75081 : 10;
75082 : 14;
75083 : 14;
75084 : 14;
75085 : 14;
75086 : 14;
75087 : 14;
75088 : 14;
75089 : 14;
75090 : 14;
75091 : 14;
75092 : 10;
75093 : 10;
75094 : 10;
75095 : 10;
75096 : 10;
75097 : 10;
75098 : 10;
75099 : 10;
75100 : 10;
75101 : 10;
75102 : 14;
75103 : 14;
75104 : 14;
75105 : 14;
75106 : 14;
75107 : 14;
75108 : 14;
75109 : 14;
75110 : 14;
75111 : 14;
75112 : 10;
75113 : 10;
75114 : 10;
75115 : 10;
75116 : 10;
75117 : 10;
75118 : 10;
75119 : 10;
75120 : 10;
75121 : 10;
75122 : 14;
75123 : 14;
75124 : 14;
75125 : 14;
75126 : 14;
75127 : 14;
75128 : 14;
75129 : 14;
75130 : 14;
75131 : 14;
75132 : 10;
75133 : 10;
75134 : 10;
75135 : 10;
75136 : 10;
75137 : 10;
75138 : 10;
75139 : 10;
75140 : 10;
75141 : 10;
75142 : 14;
75143 : 14;
75144 : 14;
75145 : 14;
75146 : 14;
75147 : 14;
75148 : 14;
75149 : 14;
75150 : 14;
75151 : 14;
75152 : 10;
75153 : 10;
75154 : 10;
75155 : 10;
75156 : 10;
75157 : 10;
75158 : 10;
75159 : 10;
75160 : 10;
75161 : 10;
75162 : 14;
75163 : 14;
75164 : 14;
75165 : 14;
75166 : 14;
75167 : 14;
75168 : 14;
75169 : 14;
75170 : 14;
75171 : 14;
75172 : 10;
75173 : 10;
75174 : 10;
75175 : 10;
75176 : 10;
75177 : 10;
75178 : 10;
75179 : 10;
75180 : 10;
75181 : 10;
75182 : 10;
75183 : 14;
75184 : 14;
75185 : 14;
75186 : 14;
75187 : 14;
75188 : 14;
75189 : 14;
75190 : 14;
75191 : 14;
75192 : 14;
75193 : 10;
75194 : 10;
75195 : 10;
75196 : 10;
75197 : 10;
75198 : 10;
75199 : 10;
75200 : 14;
75201 : 14;
75202 : 14;
75203 : 14;
75204 : 14;
75205 : 14;
75206 : 14;
75207 : 14;
75208 : 14;
75209 : 14;
75210 : 10;
75211 : 10;
75212 : 10;
75213 : 10;
75214 : 10;
75215 : 10;
75216 : 10;
75217 : 10;
75218 : 10;
75219 : 10;
75220 : 14;
75221 : 14;
75222 : 14;
75223 : 14;
75224 : 14;
75225 : 14;
75226 : 14;
75227 : 14;
75228 : 14;
75229 : 14;
75230 : 10;
75231 : 10;
75232 : 10;
75233 : 10;
75234 : 10;
75235 : 10;
75236 : 10;
75237 : 10;
75238 : 10;
75239 : 10;
75240 : 14;
75241 : 14;
75242 : 14;
75243 : 14;
75244 : 14;
75245 : 14;
75246 : 14;
75247 : 14;
75248 : 14;
75249 : 14;
75250 : 10;
75251 : 10;
75252 : 10;
75253 : 10;
75254 : 10;
75255 : 10;
75256 : 10;
75257 : 10;
75258 : 10;
75259 : 10;
75260 : 14;
75261 : 14;
75262 : 14;
75263 : 14;
75264 : 14;
75265 : 14;
75266 : 14;
75267 : 14;
75268 : 14;
75269 : 14;
75270 : 10;
75271 : 10;
75272 : 10;
75273 : 10;
75274 : 10;
75275 : 10;
75276 : 10;
75277 : 10;
75278 : 10;
75279 : 10;
75280 : 10;
75281 : 14;
75282 : 14;
75283 : 14;
75284 : 14;
75285 : 14;
75286 : 14;
75287 : 14;
75288 : 14;
75289 : 14;
75290 : 14;
75291 : 10;
75292 : 10;
75293 : 10;
75294 : 10;
75295 : 10;
75296 : 10;
75297 : 10;
75298 : 10;
75299 : 10;
75300 : 10;
75301 : 14;
75302 : 14;
75303 : 14;
75304 : 14;
75305 : 14;
75306 : 14;
75307 : 14;
75308 : 14;
75309 : 14;
75310 : 14;
75311 : 10;
75312 : 10;
75313 : 10;
75314 : 10;
75315 : 10;
75316 : 10;
75317 : 10;
75318 : 10;
75319 : 10;
75320 : 10;
75321 : 14;
75322 : 14;
75323 : 14;
75324 : 14;
75325 : 14;
75326 : 14;
75327 : 14;
75328 : 14;
75329 : 14;
75330 : 14;
75331 : 10;
75332 : 10;
75333 : 10;
75334 : 10;
75335 : 10;
75336 : 10;
75337 : 10;
75338 : 10;
75339 : 10;
75340 : 10;
75341 : 14;
75342 : 14;
75343 : 14;
75344 : 14;
75345 : 14;
75346 : 14;
75347 : 14;
75348 : 14;
75349 : 14;
75350 : 14;
75351 : 10;
75352 : 10;
75353 : 10;
75354 : 10;
75355 : 10;
75356 : 10;
75357 : 10;
75358 : 10;
75359 : 10;
75360 : 10;
75361 : 14;
75362 : 14;
75363 : 14;
75364 : 14;
75365 : 14;
75366 : 14;
75367 : 14;
75368 : 14;
75369 : 14;
75370 : 14;
75371 : 10;
75372 : 10;
75373 : 10;
75374 : 10;
75375 : 10;
75376 : 10;
75377 : 10;
75378 : 10;
75379 : 10;
75380 : 10;
75381 : 14;
75382 : 14;
75383 : 14;
75384 : 14;
75385 : 14;
75386 : 14;
75387 : 14;
75388 : 14;
75389 : 14;
75390 : 14;
75391 : 14;
75392 : 10;
75393 : 10;
75394 : 10;
75395 : 10;
75396 : 10;
75397 : 10;
75398 : 10;
75399 : 10;
75400 : 10;
75401 : 10;
75402 : 14;
75403 : 14;
75404 : 14;
75405 : 14;
75406 : 14;
75407 : 14;
75408 : 14;
75409 : 14;
75410 : 14;
75411 : 14;
75412 : 10;
75413 : 10;
75414 : 10;
75415 : 10;
75416 : 10;
75417 : 10;
75418 : 10;
75419 : 10;
75420 : 10;
75421 : 10;
75422 : 14;
75423 : 14;
75424 : 14;
75425 : 14;
75426 : 14;
75427 : 14;
75428 : 14;
75429 : 14;
75430 : 14;
75431 : 14;
75432 : 10;
75433 : 10;
75434 : 10;
75435 : 10;
75436 : 10;
75437 : 10;
75438 : 10;
75439 : 10;
75440 : 10;
75441 : 10;
75442 : 14;
75443 : 14;
75444 : 14;
75445 : 14;
75446 : 14;
75447 : 14;
75448 : 14;
75449 : 14;
75450 : 14;
75451 : 14;
75452 : 10;
75453 : 10;
75454 : 10;
75455 : 10;
75456 : 10;
75457 : 10;
75458 : 10;
75459 : 10;
75460 : 10;
75461 : 10;
75462 : 14;
75463 : 14;
75464 : 14;
75465 : 14;
75466 : 14;
75467 : 14;
75468 : 14;
75469 : 14;
75470 : 14;
75471 : 14;
75472 : 10;
75473 : 10;
75474 : 10;
75475 : 10;
75476 : 10;
75477 : 10;
75478 : 10;
75479 : 10;
75480 : 10;
75481 : 10;
75482 : 14;
75483 : 14;
75484 : 14;
75485 : 14;
75486 : 14;
75487 : 14;
75488 : 14;
75489 : 14;
75490 : 14;
75491 : 14;
75492 : 10;
75493 : 10;
75494 : 10;
75495 : 10;
75496 : 10;
75497 : 10;
75498 : 10;
75499 : 10;
75500 : 10;
75501 : 10;
75502 : 10;
75503 : 14;
75504 : 14;
75505 : 14;
75506 : 14;
75507 : 14;
75508 : 14;
75509 : 14;
75510 : 14;
75511 : 14;
75512 : 14;
75513 : 10;
75514 : 10;
75515 : 10;
75516 : 10;
75517 : 10;
75518 : 10;
75519 : 10;
75520 : 14;
75521 : 14;
75522 : 14;
75523 : 14;
75524 : 14;
75525 : 14;
75526 : 14;
75527 : 14;
75528 : 14;
75529 : 14;
75530 : 10;
75531 : 10;
75532 : 10;
75533 : 10;
75534 : 10;
75535 : 10;
75536 : 10;
75537 : 10;
75538 : 10;
75539 : 10;
75540 : 14;
75541 : 14;
75542 : 14;
75543 : 14;
75544 : 14;
75545 : 14;
75546 : 14;
75547 : 14;
75548 : 14;
75549 : 14;
75550 : 10;
75551 : 10;
75552 : 10;
75553 : 10;
75554 : 10;
75555 : 10;
75556 : 10;
75557 : 10;
75558 : 10;
75559 : 10;
75560 : 14;
75561 : 14;
75562 : 14;
75563 : 14;
75564 : 14;
75565 : 14;
75566 : 14;
75567 : 14;
75568 : 14;
75569 : 14;
75570 : 10;
75571 : 10;
75572 : 10;
75573 : 10;
75574 : 10;
75575 : 10;
75576 : 10;
75577 : 10;
75578 : 10;
75579 : 10;
75580 : 14;
75581 : 14;
75582 : 14;
75583 : 14;
75584 : 14;
75585 : 14;
75586 : 14;
75587 : 14;
75588 : 14;
75589 : 14;
75590 : 10;
75591 : 10;
75592 : 10;
75593 : 10;
75594 : 10;
75595 : 10;
75596 : 10;
75597 : 10;
75598 : 10;
75599 : 10;
75600 : 10;
75601 : 14;
75602 : 14;
75603 : 14;
75604 : 14;
75605 : 14;
75606 : 14;
75607 : 14;
75608 : 14;
75609 : 14;
75610 : 14;
75611 : 10;
75612 : 10;
75613 : 10;
75614 : 10;
75615 : 10;
75616 : 10;
75617 : 10;
75618 : 10;
75619 : 10;
75620 : 10;
75621 : 14;
75622 : 14;
75623 : 14;
75624 : 14;
75625 : 14;
75626 : 14;
75627 : 14;
75628 : 14;
75629 : 14;
75630 : 14;
75631 : 10;
75632 : 10;
75633 : 10;
75634 : 10;
75635 : 10;
75636 : 10;
75637 : 10;
75638 : 10;
75639 : 10;
75640 : 10;
75641 : 14;
75642 : 14;
75643 : 14;
75644 : 14;
75645 : 14;
75646 : 14;
75647 : 14;
75648 : 14;
75649 : 14;
75650 : 14;
75651 : 10;
75652 : 10;
75653 : 10;
75654 : 10;
75655 : 10;
75656 : 10;
75657 : 10;
75658 : 10;
75659 : 10;
75660 : 10;
75661 : 14;
75662 : 14;
75663 : 14;
75664 : 14;
75665 : 14;
75666 : 14;
75667 : 14;
75668 : 14;
75669 : 14;
75670 : 14;
75671 : 10;
75672 : 10;
75673 : 10;
75674 : 10;
75675 : 10;
75676 : 10;
75677 : 10;
75678 : 10;
75679 : 10;
75680 : 10;
75681 : 14;
75682 : 14;
75683 : 14;
75684 : 14;
75685 : 14;
75686 : 14;
75687 : 14;
75688 : 14;
75689 : 14;
75690 : 14;
75691 : 10;
75692 : 10;
75693 : 10;
75694 : 10;
75695 : 10;
75696 : 10;
75697 : 10;
75698 : 10;
75699 : 10;
75700 : 10;
75701 : 14;
75702 : 14;
75703 : 14;
75704 : 14;
75705 : 14;
75706 : 14;
75707 : 14;
75708 : 14;
75709 : 14;
75710 : 14;
75711 : 14;
75712 : 10;
75713 : 10;
75714 : 10;
75715 : 10;
75716 : 10;
75717 : 10;
75718 : 10;
75719 : 10;
75720 : 10;
75721 : 10;
75722 : 14;
75723 : 14;
75724 : 14;
75725 : 14;
75726 : 14;
75727 : 14;
75728 : 14;
75729 : 14;
75730 : 14;
75731 : 14;
75732 : 10;
75733 : 10;
75734 : 10;
75735 : 10;
75736 : 10;
75737 : 10;
75738 : 10;
75739 : 10;
75740 : 10;
75741 : 10;
75742 : 14;
75743 : 14;
75744 : 14;
75745 : 14;
75746 : 14;
75747 : 14;
75748 : 14;
75749 : 14;
75750 : 14;
75751 : 14;
75752 : 10;
75753 : 10;
75754 : 10;
75755 : 10;
75756 : 10;
75757 : 10;
75758 : 10;
75759 : 10;
75760 : 10;
75761 : 10;
75762 : 14;
75763 : 14;
75764 : 14;
75765 : 14;
75766 : 14;
75767 : 14;
75768 : 14;
75769 : 14;
75770 : 14;
75771 : 14;
75772 : 10;
75773 : 10;
75774 : 10;
75775 : 10;
75776 : 10;
75777 : 10;
75778 : 10;
75779 : 10;
75780 : 10;
75781 : 10;
75782 : 14;
75783 : 14;
75784 : 14;
75785 : 14;
75786 : 14;
75787 : 14;
75788 : 14;
75789 : 14;
75790 : 14;
75791 : 14;
75792 : 10;
75793 : 10;
75794 : 10;
75795 : 10;
75796 : 10;
75797 : 10;
75798 : 10;
75799 : 10;
75800 : 10;
75801 : 10;
75802 : 14;
75803 : 14;
75804 : 14;
75805 : 14;
75806 : 14;
75807 : 14;
75808 : 14;
75809 : 14;
75810 : 14;
75811 : 14;
75812 : 10;
75813 : 10;
75814 : 10;
75815 : 10;
75816 : 10;
75817 : 10;
75818 : 10;
75819 : 10;
75820 : 10;
75821 : 10;
75822 : 10;
75823 : 14;
75824 : 14;
75825 : 14;
75826 : 14;
75827 : 14;
75828 : 14;
75829 : 14;
75830 : 14;
75831 : 14;
75832 : 14;
75833 : 10;
75834 : 10;
75835 : 10;
75836 : 10;
75837 : 10;
75838 : 10;
75839 : 10;
75840 : 14;
75841 : 14;
75842 : 14;
75843 : 14;
75844 : 14;
75845 : 14;
75846 : 14;
75847 : 14;
75848 : 14;
75849 : 14;
75850 : 10;
75851 : 10;
75852 : 10;
75853 : 10;
75854 : 10;
75855 : 10;
75856 : 10;
75857 : 10;
75858 : 10;
75859 : 10;
75860 : 14;
75861 : 14;
75862 : 14;
75863 : 14;
75864 : 14;
75865 : 14;
75866 : 14;
75867 : 14;
75868 : 14;
75869 : 14;
75870 : 10;
75871 : 10;
75872 : 10;
75873 : 10;
75874 : 10;
75875 : 10;
75876 : 10;
75877 : 10;
75878 : 10;
75879 : 10;
75880 : 14;
75881 : 14;
75882 : 14;
75883 : 14;
75884 : 14;
75885 : 14;
75886 : 14;
75887 : 14;
75888 : 14;
75889 : 14;
75890 : 10;
75891 : 10;
75892 : 10;
75893 : 10;
75894 : 10;
75895 : 10;
75896 : 10;
75897 : 10;
75898 : 10;
75899 : 10;
75900 : 14;
75901 : 14;
75902 : 14;
75903 : 14;
75904 : 14;
75905 : 14;
75906 : 14;
75907 : 14;
75908 : 14;
75909 : 14;
75910 : 10;
75911 : 10;
75912 : 10;
75913 : 10;
75914 : 10;
75915 : 10;
75916 : 10;
75917 : 10;
75918 : 10;
75919 : 10;
75920 : 10;
75921 : 14;
75922 : 14;
75923 : 14;
75924 : 14;
75925 : 14;
75926 : 14;
75927 : 14;
75928 : 14;
75929 : 14;
75930 : 14;
75931 : 10;
75932 : 10;
75933 : 10;
75934 : 10;
75935 : 10;
75936 : 10;
75937 : 10;
75938 : 10;
75939 : 10;
75940 : 10;
75941 : 14;
75942 : 14;
75943 : 14;
75944 : 14;
75945 : 14;
75946 : 14;
75947 : 14;
75948 : 14;
75949 : 14;
75950 : 14;
75951 : 10;
75952 : 10;
75953 : 10;
75954 : 10;
75955 : 10;
75956 : 10;
75957 : 10;
75958 : 10;
75959 : 10;
75960 : 10;
75961 : 14;
75962 : 14;
75963 : 14;
75964 : 14;
75965 : 14;
75966 : 14;
75967 : 14;
75968 : 14;
75969 : 14;
75970 : 14;
75971 : 10;
75972 : 10;
75973 : 10;
75974 : 10;
75975 : 10;
75976 : 10;
75977 : 10;
75978 : 10;
75979 : 10;
75980 : 10;
75981 : 14;
75982 : 14;
75983 : 14;
75984 : 14;
75985 : 14;
75986 : 14;
75987 : 14;
75988 : 14;
75989 : 14;
75990 : 14;
75991 : 10;
75992 : 10;
75993 : 10;
75994 : 10;
75995 : 10;
75996 : 10;
75997 : 10;
75998 : 10;
75999 : 10;
76000 : 10;
76001 : 14;
76002 : 14;
76003 : 14;
76004 : 14;
76005 : 14;
76006 : 14;
76007 : 14;
76008 : 14;
76009 : 14;
76010 : 14;
76011 : 10;
76012 : 10;
76013 : 10;
76014 : 10;
76015 : 10;
76016 : 10;
76017 : 10;
76018 : 10;
76019 : 10;
76020 : 10;
76021 : 14;
76022 : 14;
76023 : 14;
76024 : 14;
76025 : 14;
76026 : 14;
76027 : 14;
76028 : 14;
76029 : 14;
76030 : 14;
76031 : 14;
76032 : 10;
76033 : 10;
76034 : 10;
76035 : 10;
76036 : 10;
76037 : 10;
76038 : 10;
76039 : 10;
76040 : 10;
76041 : 10;
76042 : 14;
76043 : 14;
76044 : 14;
76045 : 14;
76046 : 14;
76047 : 14;
76048 : 14;
76049 : 14;
76050 : 14;
76051 : 14;
76052 : 10;
76053 : 10;
76054 : 10;
76055 : 10;
76056 : 10;
76057 : 10;
76058 : 10;
76059 : 10;
76060 : 10;
76061 : 10;
76062 : 14;
76063 : 14;
76064 : 14;
76065 : 14;
76066 : 14;
76067 : 14;
76068 : 14;
76069 : 14;
76070 : 14;
76071 : 14;
76072 : 10;
76073 : 10;
76074 : 10;
76075 : 10;
76076 : 10;
76077 : 10;
76078 : 10;
76079 : 10;
76080 : 10;
76081 : 10;
76082 : 14;
76083 : 14;
76084 : 14;
76085 : 14;
76086 : 14;
76087 : 14;
76088 : 14;
76089 : 14;
76090 : 14;
76091 : 14;
76092 : 10;
76093 : 10;
76094 : 10;
76095 : 10;
76096 : 10;
76097 : 10;
76098 : 10;
76099 : 10;
76100 : 10;
76101 : 10;
76102 : 14;
76103 : 14;
76104 : 14;
76105 : 14;
76106 : 14;
76107 : 14;
76108 : 14;
76109 : 14;
76110 : 14;
76111 : 14;
76112 : 10;
76113 : 10;
76114 : 10;
76115 : 10;
76116 : 10;
76117 : 10;
76118 : 10;
76119 : 10;
76120 : 10;
76121 : 10;
76122 : 14;
76123 : 14;
76124 : 14;
76125 : 14;
76126 : 14;
76127 : 14;
76128 : 14;
76129 : 14;
76130 : 14;
76131 : 14;
76132 : 10;
76133 : 10;
76134 : 10;
76135 : 10;
76136 : 10;
76137 : 10;
76138 : 10;
76139 : 10;
76140 : 10;
76141 : 10;
76142 : 10;
76143 : 14;
76144 : 14;
76145 : 14;
76146 : 14;
76147 : 14;
76148 : 14;
76149 : 14;
76150 : 14;
76151 : 14;
76152 : 14;
76153 : 10;
76154 : 10;
76155 : 10;
76156 : 10;
76157 : 10;
76158 : 10;
76159 : 10;
76160 : 14;
76161 : 14;
76162 : 14;
76163 : 14;
76164 : 14;
76165 : 14;
76166 : 14;
76167 : 14;
76168 : 14;
76169 : 14;
76170 : 10;
76171 : 10;
76172 : 10;
76173 : 10;
76174 : 10;
76175 : 10;
76176 : 10;
76177 : 10;
76178 : 10;
76179 : 10;
76180 : 14;
76181 : 14;
76182 : 14;
76183 : 14;
76184 : 14;
76185 : 14;
76186 : 14;
76187 : 14;
76188 : 14;
76189 : 14;
76190 : 10;
76191 : 10;
76192 : 10;
76193 : 10;
76194 : 10;
76195 : 10;
76196 : 10;
76197 : 10;
76198 : 10;
76199 : 10;
76200 : 14;
76201 : 14;
76202 : 14;
76203 : 14;
76204 : 14;
76205 : 14;
76206 : 14;
76207 : 14;
76208 : 14;
76209 : 14;
76210 : 10;
76211 : 10;
76212 : 10;
76213 : 10;
76214 : 10;
76215 : 10;
76216 : 10;
76217 : 10;
76218 : 10;
76219 : 10;
76220 : 14;
76221 : 14;
76222 : 14;
76223 : 14;
76224 : 14;
76225 : 14;
76226 : 14;
76227 : 14;
76228 : 14;
76229 : 14;
76230 : 10;
76231 : 10;
76232 : 10;
76233 : 10;
76234 : 10;
76235 : 10;
76236 : 10;
76237 : 10;
76238 : 10;
76239 : 10;
76240 : 10;
76241 : 14;
76242 : 14;
76243 : 14;
76244 : 14;
76245 : 14;
76246 : 14;
76247 : 14;
76248 : 14;
76249 : 14;
76250 : 14;
76251 : 10;
76252 : 10;
76253 : 10;
76254 : 10;
76255 : 10;
76256 : 10;
76257 : 10;
76258 : 10;
76259 : 10;
76260 : 10;
76261 : 14;
76262 : 14;
76263 : 14;
76264 : 14;
76265 : 14;
76266 : 14;
76267 : 14;
76268 : 14;
76269 : 14;
76270 : 14;
76271 : 10;
76272 : 10;
76273 : 10;
76274 : 10;
76275 : 10;
76276 : 10;
76277 : 10;
76278 : 10;
76279 : 10;
76280 : 10;
76281 : 14;
76282 : 14;
76283 : 14;
76284 : 14;
76285 : 14;
76286 : 14;
76287 : 14;
76288 : 14;
76289 : 14;
76290 : 14;
76291 : 10;
76292 : 10;
76293 : 10;
76294 : 10;
76295 : 10;
76296 : 10;
76297 : 10;
76298 : 10;
76299 : 10;
76300 : 10;
76301 : 14;
76302 : 14;
76303 : 14;
76304 : 14;
76305 : 14;
76306 : 14;
76307 : 14;
76308 : 14;
76309 : 14;
76310 : 14;
76311 : 10;
76312 : 10;
76313 : 10;
76314 : 10;
76315 : 10;
76316 : 10;
76317 : 10;
76318 : 10;
76319 : 10;
76320 : 10;
76321 : 14;
76322 : 14;
76323 : 14;
76324 : 14;
76325 : 14;
76326 : 14;
76327 : 14;
76328 : 14;
76329 : 14;
76330 : 14;
76331 : 10;
76332 : 10;
76333 : 10;
76334 : 10;
76335 : 10;
76336 : 10;
76337 : 10;
76338 : 10;
76339 : 10;
76340 : 10;
76341 : 14;
76342 : 14;
76343 : 14;
76344 : 14;
76345 : 14;
76346 : 14;
76347 : 14;
76348 : 14;
76349 : 14;
76350 : 14;
76351 : 14;
76352 : 10;
76353 : 10;
76354 : 10;
76355 : 10;
76356 : 10;
76357 : 10;
76358 : 10;
76359 : 10;
76360 : 10;
76361 : 10;
76362 : 14;
76363 : 14;
76364 : 14;
76365 : 14;
76366 : 14;
76367 : 14;
76368 : 14;
76369 : 14;
76370 : 14;
76371 : 14;
76372 : 10;
76373 : 10;
76374 : 10;
76375 : 10;
76376 : 10;
76377 : 10;
76378 : 10;
76379 : 10;
76380 : 10;
76381 : 10;
76382 : 14;
76383 : 14;
76384 : 14;
76385 : 14;
76386 : 14;
76387 : 14;
76388 : 14;
76389 : 14;
76390 : 14;
76391 : 14;
76392 : 10;
76393 : 10;
76394 : 10;
76395 : 10;
76396 : 10;
76397 : 10;
76398 : 10;
76399 : 10;
76400 : 10;
76401 : 10;
76402 : 14;
76403 : 14;
76404 : 14;
76405 : 14;
76406 : 14;
76407 : 14;
76408 : 14;
76409 : 14;
76410 : 14;
76411 : 14;
76412 : 10;
76413 : 10;
76414 : 10;
76415 : 10;
76416 : 10;
76417 : 10;
76418 : 10;
76419 : 10;
76420 : 10;
76421 : 10;
76422 : 14;
76423 : 14;
76424 : 14;
76425 : 14;
76426 : 14;
76427 : 14;
76428 : 14;
76429 : 14;
76430 : 14;
76431 : 14;
76432 : 10;
76433 : 10;
76434 : 10;
76435 : 10;
76436 : 10;
76437 : 10;
76438 : 10;
76439 : 10;
76440 : 10;
76441 : 10;
76442 : 14;
76443 : 14;
76444 : 14;
76445 : 14;
76446 : 14;
76447 : 14;
76448 : 14;
76449 : 14;
76450 : 14;
76451 : 14;
76452 : 10;
76453 : 10;
76454 : 10;
76455 : 10;
76456 : 10;
76457 : 10;
76458 : 10;
76459 : 10;
76460 : 10;
76461 : 10;
76462 : 10;
76463 : 14;
76464 : 14;
76465 : 14;
76466 : 14;
76467 : 14;
76468 : 14;
76469 : 14;
76470 : 14;
76471 : 14;
76472 : 14;
76473 : 10;
76474 : 10;
76475 : 10;
76476 : 10;
76477 : 10;
76478 : 10;
76479 : 10;
76480 : 14;
76481 : 14;
76482 : 14;
76483 : 14;
76484 : 14;
76485 : 14;
76486 : 14;
76487 : 14;
76488 : 14;
76489 : 14;
76490 : 10;
76491 : 10;
76492 : 10;
76493 : 10;
76494 : 10;
76495 : 10;
76496 : 10;
76497 : 10;
76498 : 10;
76499 : 10;
76500 : 14;
76501 : 14;
76502 : 14;
76503 : 14;
76504 : 14;
76505 : 14;
76506 : 14;
76507 : 14;
76508 : 14;
76509 : 14;
76510 : 10;
76511 : 10;
76512 : 10;
76513 : 10;
76514 : 10;
76515 : 10;
76516 : 10;
76517 : 10;
76518 : 10;
76519 : 10;
76520 : 14;
76521 : 14;
76522 : 14;
76523 : 14;
76524 : 14;
76525 : 14;
76526 : 14;
76527 : 14;
76528 : 14;
76529 : 14;
76530 : 10;
76531 : 10;
76532 : 10;
76533 : 10;
76534 : 10;
76535 : 10;
76536 : 10;
76537 : 10;
76538 : 10;
76539 : 10;
76540 : 14;
76541 : 14;
76542 : 14;
76543 : 14;
76544 : 14;
76545 : 14;
76546 : 14;
76547 : 14;
76548 : 14;
76549 : 14;
76550 : 10;
76551 : 10;
76552 : 10;
76553 : 10;
76554 : 10;
76555 : 10;
76556 : 10;
76557 : 10;
76558 : 10;
76559 : 10;
76560 : 10;
76561 : 14;
76562 : 14;
76563 : 14;
76564 : 14;
76565 : 14;
76566 : 14;
76567 : 14;
76568 : 14;
76569 : 14;
76570 : 14;
76571 : 10;
76572 : 10;
76573 : 10;
76574 : 10;
76575 : 10;
76576 : 10;
76577 : 10;
76578 : 10;
76579 : 10;
76580 : 10;
76581 : 14;
76582 : 14;
76583 : 14;
76584 : 14;
76585 : 14;
76586 : 14;
76587 : 14;
76588 : 14;
76589 : 14;
76590 : 14;
76591 : 10;
76592 : 10;
76593 : 10;
76594 : 10;
76595 : 10;
76596 : 10;
76597 : 10;
76598 : 10;
76599 : 10;
76600 : 10;
76601 : 14;
76602 : 14;
76603 : 14;
76604 : 14;
76605 : 14;
76606 : 14;
76607 : 14;
76608 : 14;
76609 : 14;
76610 : 14;
76611 : 10;
76612 : 10;
76613 : 10;
76614 : 10;
76615 : 10;
76616 : 10;
76617 : 10;
76618 : 10;
76619 : 10;
76620 : 10;
76621 : 14;
76622 : 14;
76623 : 14;
76624 : 14;
76625 : 14;
76626 : 14;
76627 : 14;
76628 : 14;
76629 : 14;
76630 : 14;
76631 : 10;
76632 : 10;
76633 : 10;
76634 : 10;
76635 : 10;
76636 : 10;
76637 : 10;
76638 : 10;
76639 : 10;
76640 : 10;
76641 : 14;
76642 : 14;
76643 : 14;
76644 : 14;
76645 : 14;
76646 : 14;
76647 : 14;
76648 : 14;
76649 : 14;
76650 : 14;
76651 : 10;
76652 : 10;
76653 : 10;
76654 : 10;
76655 : 10;
76656 : 10;
76657 : 10;
76658 : 10;
76659 : 10;
76660 : 10;
76661 : 14;
76662 : 14;
76663 : 14;
76664 : 14;
76665 : 14;
76666 : 14;
76667 : 14;
76668 : 14;
76669 : 14;
76670 : 14;
76671 : 14;
76672 : 10;
76673 : 10;
76674 : 10;
76675 : 10;
76676 : 10;
76677 : 10;
76678 : 10;
76679 : 10;
76680 : 10;
76681 : 10;
76682 : 14;
76683 : 14;
76684 : 14;
76685 : 14;
76686 : 14;
76687 : 14;
76688 : 14;
76689 : 14;
76690 : 14;
76691 : 14;
76692 : 10;
76693 : 10;
76694 : 10;
76695 : 10;
76696 : 10;
76697 : 10;
76698 : 10;
76699 : 10;
76700 : 10;
76701 : 10;
76702 : 14;
76703 : 14;
76704 : 14;
76705 : 14;
76706 : 14;
76707 : 14;
76708 : 14;
76709 : 14;
76710 : 14;
76711 : 14;
76712 : 10;
76713 : 10;
76714 : 10;
76715 : 10;
76716 : 10;
76717 : 10;
76718 : 10;
76719 : 10;
76720 : 10;
76721 : 10;
76722 : 14;
76723 : 14;
76724 : 14;
76725 : 14;
76726 : 14;
76727 : 14;
76728 : 14;
76729 : 14;
76730 : 14;
76731 : 14;
76732 : 10;
76733 : 10;
76734 : 10;
76735 : 10;
76736 : 10;
76737 : 10;
76738 : 10;
76739 : 10;
76740 : 10;
76741 : 10;
76742 : 14;
76743 : 14;
76744 : 14;
76745 : 14;
76746 : 14;
76747 : 14;
76748 : 14;
76749 : 14;
76750 : 14;
76751 : 14;
76752 : 10;
76753 : 10;
76754 : 10;
76755 : 10;
76756 : 10;
76757 : 10;
76758 : 10;
76759 : 10;
76760 : 10;
76761 : 10;
76762 : 14;
76763 : 14;
76764 : 14;
76765 : 14;
76766 : 14;
76767 : 14;
76768 : 14;
76769 : 14;
76770 : 14;
76771 : 14;
76772 : 10;
76773 : 10;
76774 : 10;
76775 : 10;
76776 : 10;
76777 : 10;
76778 : 10;
76779 : 10;
76780 : 10;
76781 : 10;
76782 : 10;
76783 : 14;
76784 : 14;
76785 : 14;
76786 : 14;
76787 : 14;
76788 : 14;
76789 : 14;
76790 : 14;
76791 : 14;
76792 : 14;
76793 : 10;
76794 : 10;
76795 : 10;
76796 : 10;
76797 : 10;
76798 : 10;
76799 : 10;
END;
